ISO-10303-21;
HEADER;
/* Generated by software containing ST-Developer
 * from STEP Tools, Inc. (www.steptools.com) 
 */

FILE_DESCRIPTION(
/* description */ (''),
/* implementation_level */ '2;1');

FILE_NAME(
/* name */ 'FIT0521.step',
/* time_stamp */ '2026-09-21T21:06:31+09:00',
/* author */ (''),
/* organization */ (''),
/* preprocessor_version */ 'ST-DEVELOPER v20.2',
/* originating_system */ 'Autodesk Translation Framework v15.15.0.0',
/* authorisation */ '');

FILE_SCHEMA (('AUTOMOTIVE_DESIGN { 1 0 10303 214 3 1 1 }'));
ENDSEC;

DATA;
#10=MECHANICAL_DESIGN_GEOMETRIC_PRESENTATION_REPRESENTATION('',(#13,#14,
#15),#5477);
#11=SHAPE_REPRESENTATION_RELATIONSHIP('SRR','None',#5484,#12);
#12=ADVANCED_BREP_SHAPE_REPRESENTATION('',(#16,#17,#18),#5476);
#13=STYLED_ITEM('',(#5493),#16);
#14=STYLED_ITEM('',(#5493),#17);
#15=STYLED_ITEM('',(#5493),#18);
#16=MANIFOLD_SOLID_BREP('\X2\30DC30C730A3\X0\1',#3203);
#17=MANIFOLD_SOLID_BREP('\X2\30DC30C730A3\X0\2',#3204);
#18=MANIFOLD_SOLID_BREP('\X2\30DC30C730A3\X0\2',#3205);
#19=SPHERICAL_SURFACE('',#3475,0.100000000000002);
#20=SPHERICAL_SURFACE('',#3478,0.100000000000002);
#21=SPHERICAL_SURFACE('',#3495,0.100000000000002);
#22=SPHERICAL_SURFACE('',#3497,0.100000000000002);
#23=SPHERICAL_SURFACE('',#3499,0.100000000000002);
#24=SPHERICAL_SURFACE('',#3501,0.100000000000002);
#25=SPHERICAL_SURFACE('',#3511,0.100000000000002);
#26=SPHERICAL_SURFACE('',#3513,0.100000000000002);
#27=B_SPLINE_CURVE_WITH_KNOTS('',3,(#4989,#4990,#4991,#4992,#4993,#4994,
#4995,#4996,#4997,#4998),.UNSPECIFIED.,.F.,.F.,(4,2,2,2,4),(-0.079926716096072,
-0.0767892766925388,-0.072688097012472,-0.0671351019426004,-0.0600339948116081),
 .UNSPECIFIED.);
#28=B_SPLINE_CURVE_WITH_KNOTS('',3,(#4999,#5000,#5001,#5002,#5003,#5004,
#5005,#5006,#5007,#5008),.UNSPECIFIED.,.F.,.F.,(4,2,2,2,4),(-0.0198927212844639,
-0.0127916141534716,-0.00723861908360004,-0.00313743940353317,0.),
 .UNSPECIFIED.);
#29=TOROIDAL_SURFACE('',#3288,2.35847491263389,0.106232814269837);
#30=TOROIDAL_SURFACE('',#3293,3.41360995272215,0.0815221256386077);
#31=TOROIDAL_SURFACE('',#3298,3.54513207836076,0.0499999999999998);
#32=TOROIDAL_SURFACE('',#3303,12.3,0.2);
#33=TOROIDAL_SURFACE('',#3314,12.4984584656223,0.00154153437767279);
#34=TOROIDAL_SURFACE('',#3325,12.4987295987982,0.00127040120182984);
#35=TOROIDAL_SURFACE('',#3330,12.4718026455595,0.0281973544405539);
#36=TOROIDAL_SURFACE('',#3340,6.71819284618088,0.281807153819119);
#37=TOROIDAL_SURFACE('',#3347,11.2009421962307,1.01486710267395);
#38=TOROIDAL_SURFACE('',#3350,6.77436027890036,0.225639721099637);
#39=TOROIDAL_SURFACE('',#3357,12.1685705279709,0.0472387709337259);
#40=TOROIDAL_SURFACE('',#3360,6.37276041097811,0.215270500649359);
#41=TOROIDAL_SURFACE('',#3371,5.5089395621286,0.0628588925028054);
#42=TOROIDAL_SURFACE('',#3516,12.1158092989046,0.100000000000004);
#43=TOROIDAL_SURFACE('',#3518,12.1158092989046,0.100000000000005);
#44=TOROIDAL_SURFACE('',#3540,1.29258891010096,0.15);
#45=TOROIDAL_SURFACE('',#3542,5.65,0.15);
#46=TOROIDAL_SURFACE('',#3544,5.35,0.15);
#47=TOROIDAL_SURFACE('',#3546,1.59258891010096,0.15);
#48=TOROIDAL_SURFACE('',#3548,0.849999999999999,0.150000000000001);
#49=CONICAL_SURFACE('',#3279,1.6,0.785398163397448);
#50=CONICAL_SURFACE('',#3366,5.46399007401099,0.774049790664844);
#51=(
BOUNDED_CURVE()
B_SPLINE_CURVE(2,(#4811,#4812,#4813),.UNSPECIFIED.,.F.,.F.)
B_SPLINE_CURVE_WITH_KNOTS((3,3),(-1.10129624900207,-0.78359940529635),
 .UNSPECIFIED.)
CURVE()
GEOMETRIC_REPRESENTATION_ITEM()
RATIONAL_B_SPLINE_CURVE((3.90322580645161,3.75953282590149,3.45714285714291))
REPRESENTATION_ITEM('')
);
#52=(
BOUNDED_CURVE()
B_SPLINE_CURVE(2,(#4815,#4816,#4817),.UNSPECIFIED.,.F.,.F.)
B_SPLINE_CURVE_WITH_KNOTS((3,3),(-1.9943134803068,-1.67661663660108),
 .UNSPECIFIED.)
CURVE()
GEOMETRIC_REPRESENTATION_ITEM()
RATIONAL_B_SPLINE_CURVE((3.45714285714291,3.75953282590149,3.90322580645161))
REPRESENTATION_ITEM('')
);
#53=FACE_BOUND('',#423,.T.);
#54=FACE_BOUND('',#424,.T.);
#55=FACE_BOUND('',#425,.T.);
#56=FACE_BOUND('',#444,.T.);
#57=FACE_BOUND('',#445,.T.);
#58=FACE_BOUND('',#446,.T.);
#59=FACE_BOUND('',#447,.T.);
#60=FACE_BOUND('',#460,.T.);
#61=FACE_BOUND('',#464,.T.);
#62=FACE_BOUND('',#469,.T.);
#63=FACE_BOUND('',#470,.T.);
#64=FACE_BOUND('',#471,.T.);
#65=FACE_BOUND('',#472,.T.);
#66=FACE_BOUND('',#473,.T.);
#67=FACE_BOUND('',#477,.T.);
#68=FACE_BOUND('',#480,.T.);
#69=FACE_BOUND('',#484,.T.);
#70=FACE_BOUND('',#487,.T.);
#71=FACE_BOUND('',#492,.T.);
#72=FACE_BOUND('',#494,.T.);
#73=FACE_BOUND('',#498,.T.);
#74=FACE_BOUND('',#504,.T.);
#75=FACE_BOUND('',#508,.T.);
#76=FACE_BOUND('',#513,.T.);
#77=FACE_BOUND('',#541,.T.);
#78=FACE_BOUND('',#542,.T.);
#79=FACE_BOUND('',#543,.T.);
#80=FACE_BOUND('',#544,.T.);
#81=FACE_BOUND('',#545,.T.);
#82=FACE_BOUND('',#546,.T.);
#83=FACE_BOUND('',#627,.T.);
#84=FACE_BOUND('',#631,.T.);
#85=FACE_BOUND('',#635,.T.);
#86=PLANE('',#3222);
#87=PLANE('',#3226);
#88=PLANE('',#3230);
#89=PLANE('',#3234);
#90=PLANE('',#3235);
#91=PLANE('',#3236);
#92=PLANE('',#3237);
#93=PLANE('',#3238);
#94=PLANE('',#3239);
#95=PLANE('',#3240);
#96=PLANE('',#3241);
#97=PLANE('',#3242);
#98=PLANE('',#3243);
#99=PLANE('',#3244);
#100=PLANE('',#3245);
#101=PLANE('',#3246);
#102=PLANE('',#3247);
#103=PLANE('',#3248);
#104=PLANE('',#3249);
#105=PLANE('',#3250);
#106=PLANE('',#3251);
#107=PLANE('',#3252);
#108=PLANE('',#3253);
#109=PLANE('',#3256);
#110=PLANE('',#3259);
#111=PLANE('',#3264);
#112=PLANE('',#3269);
#113=PLANE('',#3270);
#114=PLANE('',#3273);
#115=PLANE('',#3274);
#116=PLANE('',#3276);
#117=PLANE('',#3278);
#118=PLANE('',#3284);
#119=PLANE('',#3291);
#120=PLANE('',#3301);
#121=PLANE('',#3308);
#122=PLANE('',#3312);
#123=PLANE('',#3319);
#124=PLANE('',#3323);
#125=PLANE('',#3333);
#126=PLANE('',#3335);
#127=PLANE('',#3343);
#128=PLANE('',#3355);
#129=PLANE('',#3364);
#130=PLANE('',#3373);
#131=PLANE('',#3380);
#132=PLANE('',#3381);
#133=PLANE('',#3385);
#134=PLANE('',#3390);
#135=PLANE('',#3391);
#136=PLANE('',#3396);
#137=PLANE('',#3398);
#138=PLANE('',#3400);
#139=PLANE('',#3403);
#140=PLANE('',#3405);
#141=PLANE('',#3407);
#142=PLANE('',#3409);
#143=PLANE('',#3411);
#144=PLANE('',#3412);
#145=PLANE('',#3413);
#146=PLANE('',#3414);
#147=PLANE('',#3415);
#148=PLANE('',#3416);
#149=PLANE('',#3417);
#150=PLANE('',#3418);
#151=PLANE('',#3419);
#152=PLANE('',#3420);
#153=PLANE('',#3421);
#154=PLANE('',#3422);
#155=PLANE('',#3423);
#156=PLANE('',#3424);
#157=PLANE('',#3425);
#158=PLANE('',#3426);
#159=PLANE('',#3427);
#160=PLANE('',#3428);
#161=PLANE('',#3429);
#162=PLANE('',#3430);
#163=PLANE('',#3431);
#164=PLANE('',#3432);
#165=PLANE('',#3433);
#166=PLANE('',#3434);
#167=PLANE('',#3435);
#168=PLANE('',#3436);
#169=PLANE('',#3437);
#170=PLANE('',#3438);
#171=PLANE('',#3439);
#172=PLANE('',#3440);
#173=PLANE('',#3441);
#174=PLANE('',#3442);
#175=PLANE('',#3443);
#176=PLANE('',#3444);
#177=PLANE('',#3445);
#178=PLANE('',#3446);
#179=PLANE('',#3447);
#180=PLANE('',#3448);
#181=PLANE('',#3449);
#182=PLANE('',#3450);
#183=PLANE('',#3451);
#184=PLANE('',#3452);
#185=PLANE('',#3453);
#186=PLANE('',#3454);
#187=PLANE('',#3455);
#188=PLANE('',#3456);
#189=PLANE('',#3457);
#190=PLANE('',#3458);
#191=PLANE('',#3459);
#192=PLANE('',#3460);
#193=PLANE('',#3461);
#194=PLANE('',#3462);
#195=PLANE('',#3463);
#196=PLANE('',#3464);
#197=PLANE('',#3465);
#198=PLANE('',#3466);
#199=PLANE('',#3467);
#200=PLANE('',#3468);
#201=PLANE('',#3469);
#202=PLANE('',#3523);
#203=PLANE('',#3532);
#204=PLANE('',#3534);
#205=PLANE('',#3539);
#206=PLANE('',#3550);
#207=PLANE('',#3551);
#208=PLANE('',#3555);
#209=PLANE('',#3559);
#210=PLANE('',#3560);
#211=PLANE('',#3561);
#212=FACE_OUTER_BOUND('',#414,.T.);
#213=FACE_OUTER_BOUND('',#415,.T.);
#214=FACE_OUTER_BOUND('',#416,.T.);
#215=FACE_OUTER_BOUND('',#417,.T.);
#216=FACE_OUTER_BOUND('',#418,.T.);
#217=FACE_OUTER_BOUND('',#419,.T.);
#218=FACE_OUTER_BOUND('',#420,.T.);
#219=FACE_OUTER_BOUND('',#421,.T.);
#220=FACE_OUTER_BOUND('',#422,.T.);
#221=FACE_OUTER_BOUND('',#426,.T.);
#222=FACE_OUTER_BOUND('',#427,.T.);
#223=FACE_OUTER_BOUND('',#428,.T.);
#224=FACE_OUTER_BOUND('',#429,.T.);
#225=FACE_OUTER_BOUND('',#430,.T.);
#226=FACE_OUTER_BOUND('',#431,.T.);
#227=FACE_OUTER_BOUND('',#432,.T.);
#228=FACE_OUTER_BOUND('',#433,.T.);
#229=FACE_OUTER_BOUND('',#434,.T.);
#230=FACE_OUTER_BOUND('',#435,.T.);
#231=FACE_OUTER_BOUND('',#436,.T.);
#232=FACE_OUTER_BOUND('',#437,.T.);
#233=FACE_OUTER_BOUND('',#438,.T.);
#234=FACE_OUTER_BOUND('',#439,.T.);
#235=FACE_OUTER_BOUND('',#440,.T.);
#236=FACE_OUTER_BOUND('',#441,.T.);
#237=FACE_OUTER_BOUND('',#442,.T.);
#238=FACE_OUTER_BOUND('',#443,.T.);
#239=FACE_OUTER_BOUND('',#448,.T.);
#240=FACE_OUTER_BOUND('',#449,.T.);
#241=FACE_OUTER_BOUND('',#450,.T.);
#242=FACE_OUTER_BOUND('',#451,.T.);
#243=FACE_OUTER_BOUND('',#452,.T.);
#244=FACE_OUTER_BOUND('',#453,.T.);
#245=FACE_OUTER_BOUND('',#454,.T.);
#246=FACE_OUTER_BOUND('',#455,.T.);
#247=FACE_OUTER_BOUND('',#456,.T.);
#248=FACE_OUTER_BOUND('',#457,.T.);
#249=FACE_OUTER_BOUND('',#458,.T.);
#250=FACE_OUTER_BOUND('',#459,.T.);
#251=FACE_OUTER_BOUND('',#461,.T.);
#252=FACE_OUTER_BOUND('',#462,.T.);
#253=FACE_OUTER_BOUND('',#463,.T.);
#254=FACE_OUTER_BOUND('',#465,.T.);
#255=FACE_OUTER_BOUND('',#466,.T.);
#256=FACE_OUTER_BOUND('',#467,.T.);
#257=FACE_OUTER_BOUND('',#468,.T.);
#258=FACE_OUTER_BOUND('',#474,.T.);
#259=FACE_OUTER_BOUND('',#475,.T.);
#260=FACE_OUTER_BOUND('',#476,.T.);
#261=FACE_OUTER_BOUND('',#478,.T.);
#262=FACE_OUTER_BOUND('',#479,.T.);
#263=FACE_OUTER_BOUND('',#481,.T.);
#264=FACE_OUTER_BOUND('',#482,.T.);
#265=FACE_OUTER_BOUND('',#483,.T.);
#266=FACE_OUTER_BOUND('',#485,.T.);
#267=FACE_OUTER_BOUND('',#486,.T.);
#268=FACE_OUTER_BOUND('',#488,.T.);
#269=FACE_OUTER_BOUND('',#489,.T.);
#270=FACE_OUTER_BOUND('',#490,.T.);
#271=FACE_OUTER_BOUND('',#491,.T.);
#272=FACE_OUTER_BOUND('',#493,.T.);
#273=FACE_OUTER_BOUND('',#495,.T.);
#274=FACE_OUTER_BOUND('',#496,.T.);
#275=FACE_OUTER_BOUND('',#497,.T.);
#276=FACE_OUTER_BOUND('',#499,.T.);
#277=FACE_OUTER_BOUND('',#500,.T.);
#278=FACE_OUTER_BOUND('',#501,.T.);
#279=FACE_OUTER_BOUND('',#502,.T.);
#280=FACE_OUTER_BOUND('',#503,.T.);
#281=FACE_OUTER_BOUND('',#505,.T.);
#282=FACE_OUTER_BOUND('',#506,.T.);
#283=FACE_OUTER_BOUND('',#507,.T.);
#284=FACE_OUTER_BOUND('',#509,.T.);
#285=FACE_OUTER_BOUND('',#510,.T.);
#286=FACE_OUTER_BOUND('',#511,.T.);
#287=FACE_OUTER_BOUND('',#512,.T.);
#288=FACE_OUTER_BOUND('',#514,.T.);
#289=FACE_OUTER_BOUND('',#515,.T.);
#290=FACE_OUTER_BOUND('',#516,.T.);
#291=FACE_OUTER_BOUND('',#517,.T.);
#292=FACE_OUTER_BOUND('',#518,.T.);
#293=FACE_OUTER_BOUND('',#519,.T.);
#294=FACE_OUTER_BOUND('',#520,.T.);
#295=FACE_OUTER_BOUND('',#521,.T.);
#296=FACE_OUTER_BOUND('',#522,.T.);
#297=FACE_OUTER_BOUND('',#523,.T.);
#298=FACE_OUTER_BOUND('',#524,.T.);
#299=FACE_OUTER_BOUND('',#525,.T.);
#300=FACE_OUTER_BOUND('',#526,.T.);
#301=FACE_OUTER_BOUND('',#527,.T.);
#302=FACE_OUTER_BOUND('',#528,.T.);
#303=FACE_OUTER_BOUND('',#529,.T.);
#304=FACE_OUTER_BOUND('',#530,.T.);
#305=FACE_OUTER_BOUND('',#531,.T.);
#306=FACE_OUTER_BOUND('',#532,.T.);
#307=FACE_OUTER_BOUND('',#533,.T.);
#308=FACE_OUTER_BOUND('',#534,.T.);
#309=FACE_OUTER_BOUND('',#535,.T.);
#310=FACE_OUTER_BOUND('',#536,.T.);
#311=FACE_OUTER_BOUND('',#537,.T.);
#312=FACE_OUTER_BOUND('',#538,.T.);
#313=FACE_OUTER_BOUND('',#539,.T.);
#314=FACE_OUTER_BOUND('',#540,.T.);
#315=FACE_OUTER_BOUND('',#547,.T.);
#316=FACE_OUTER_BOUND('',#548,.T.);
#317=FACE_OUTER_BOUND('',#549,.T.);
#318=FACE_OUTER_BOUND('',#550,.T.);
#319=FACE_OUTER_BOUND('',#551,.T.);
#320=FACE_OUTER_BOUND('',#552,.T.);
#321=FACE_OUTER_BOUND('',#553,.T.);
#322=FACE_OUTER_BOUND('',#554,.T.);
#323=FACE_OUTER_BOUND('',#555,.T.);
#324=FACE_OUTER_BOUND('',#556,.T.);
#325=FACE_OUTER_BOUND('',#557,.T.);
#326=FACE_OUTER_BOUND('',#558,.T.);
#327=FACE_OUTER_BOUND('',#559,.T.);
#328=FACE_OUTER_BOUND('',#560,.T.);
#329=FACE_OUTER_BOUND('',#561,.T.);
#330=FACE_OUTER_BOUND('',#562,.T.);
#331=FACE_OUTER_BOUND('',#563,.T.);
#332=FACE_OUTER_BOUND('',#564,.T.);
#333=FACE_OUTER_BOUND('',#565,.T.);
#334=FACE_OUTER_BOUND('',#566,.T.);
#335=FACE_OUTER_BOUND('',#567,.T.);
#336=FACE_OUTER_BOUND('',#568,.T.);
#337=FACE_OUTER_BOUND('',#569,.T.);
#338=FACE_OUTER_BOUND('',#570,.T.);
#339=FACE_OUTER_BOUND('',#571,.T.);
#340=FACE_OUTER_BOUND('',#572,.T.);
#341=FACE_OUTER_BOUND('',#573,.T.);
#342=FACE_OUTER_BOUND('',#574,.T.);
#343=FACE_OUTER_BOUND('',#575,.T.);
#344=FACE_OUTER_BOUND('',#576,.T.);
#345=FACE_OUTER_BOUND('',#577,.T.);
#346=FACE_OUTER_BOUND('',#578,.T.);
#347=FACE_OUTER_BOUND('',#579,.T.);
#348=FACE_OUTER_BOUND('',#580,.T.);
#349=FACE_OUTER_BOUND('',#581,.T.);
#350=FACE_OUTER_BOUND('',#582,.T.);
#351=FACE_OUTER_BOUND('',#583,.T.);
#352=FACE_OUTER_BOUND('',#584,.T.);
#353=FACE_OUTER_BOUND('',#585,.T.);
#354=FACE_OUTER_BOUND('',#586,.T.);
#355=FACE_OUTER_BOUND('',#587,.T.);
#356=FACE_OUTER_BOUND('',#588,.T.);
#357=FACE_OUTER_BOUND('',#589,.T.);
#358=FACE_OUTER_BOUND('',#590,.T.);
#359=FACE_OUTER_BOUND('',#591,.T.);
#360=FACE_OUTER_BOUND('',#592,.T.);
#361=FACE_OUTER_BOUND('',#593,.T.);
#362=FACE_OUTER_BOUND('',#594,.T.);
#363=FACE_OUTER_BOUND('',#595,.T.);
#364=FACE_OUTER_BOUND('',#596,.T.);
#365=FACE_OUTER_BOUND('',#597,.T.);
#366=FACE_OUTER_BOUND('',#598,.T.);
#367=FACE_OUTER_BOUND('',#599,.T.);
#368=FACE_OUTER_BOUND('',#600,.T.);
#369=FACE_OUTER_BOUND('',#601,.T.);
#370=FACE_OUTER_BOUND('',#602,.T.);
#371=FACE_OUTER_BOUND('',#603,.T.);
#372=FACE_OUTER_BOUND('',#604,.T.);
#373=FACE_OUTER_BOUND('',#605,.T.);
#374=FACE_OUTER_BOUND('',#606,.T.);
#375=FACE_OUTER_BOUND('',#607,.T.);
#376=FACE_OUTER_BOUND('',#608,.T.);
#377=FACE_OUTER_BOUND('',#609,.T.);
#378=FACE_OUTER_BOUND('',#610,.T.);
#379=FACE_OUTER_BOUND('',#611,.T.);
#380=FACE_OUTER_BOUND('',#612,.T.);
#381=FACE_OUTER_BOUND('',#613,.T.);
#382=FACE_OUTER_BOUND('',#614,.T.);
#383=FACE_OUTER_BOUND('',#615,.T.);
#384=FACE_OUTER_BOUND('',#616,.T.);
#385=FACE_OUTER_BOUND('',#617,.T.);
#386=FACE_OUTER_BOUND('',#618,.T.);
#387=FACE_OUTER_BOUND('',#619,.T.);
#388=FACE_OUTER_BOUND('',#620,.T.);
#389=FACE_OUTER_BOUND('',#621,.T.);
#390=FACE_OUTER_BOUND('',#622,.T.);
#391=FACE_OUTER_BOUND('',#623,.T.);
#392=FACE_OUTER_BOUND('',#624,.T.);
#393=FACE_OUTER_BOUND('',#625,.T.);
#394=FACE_OUTER_BOUND('',#626,.T.);
#395=FACE_OUTER_BOUND('',#628,.T.);
#396=FACE_OUTER_BOUND('',#629,.T.);
#397=FACE_OUTER_BOUND('',#630,.T.);
#398=FACE_OUTER_BOUND('',#632,.T.);
#399=FACE_OUTER_BOUND('',#633,.T.);
#400=FACE_OUTER_BOUND('',#634,.T.);
#401=FACE_OUTER_BOUND('',#636,.T.);
#402=FACE_OUTER_BOUND('',#637,.T.);
#403=FACE_OUTER_BOUND('',#638,.T.);
#404=FACE_OUTER_BOUND('',#639,.T.);
#405=FACE_OUTER_BOUND('',#640,.T.);
#406=FACE_OUTER_BOUND('',#641,.T.);
#407=FACE_OUTER_BOUND('',#642,.T.);
#408=FACE_OUTER_BOUND('',#643,.T.);
#409=FACE_OUTER_BOUND('',#644,.T.);
#410=FACE_OUTER_BOUND('',#645,.T.);
#411=FACE_OUTER_BOUND('',#646,.T.);
#412=FACE_OUTER_BOUND('',#647,.T.);
#413=FACE_OUTER_BOUND('',#648,.T.);
#414=EDGE_LOOP('',(#2081,#2082,#2083,#2084));
#415=EDGE_LOOP('',(#2085));
#416=EDGE_LOOP('',(#2086,#2087,#2088,#2089));
#417=EDGE_LOOP('',(#2090));
#418=EDGE_LOOP('',(#2091,#2092,#2093,#2094));
#419=EDGE_LOOP('',(#2095));
#420=EDGE_LOOP('',(#2096,#2097,#2098,#2099));
#421=EDGE_LOOP('',(#2100));
#422=EDGE_LOOP('',(#2101,#2102,#2103,#2104));
#423=EDGE_LOOP('',(#2105,#2106,#2107,#2108));
#424=EDGE_LOOP('',(#2109,#2110,#2111,#2112));
#425=EDGE_LOOP('',(#2113,#2114,#2115,#2116));
#426=EDGE_LOOP('',(#2117,#2118,#2119,#2120));
#427=EDGE_LOOP('',(#2121,#2122,#2123,#2124));
#428=EDGE_LOOP('',(#2125,#2126,#2127,#2128));
#429=EDGE_LOOP('',(#2129,#2130,#2131,#2132));
#430=EDGE_LOOP('',(#2133,#2134,#2135,#2136));
#431=EDGE_LOOP('',(#2137,#2138,#2139,#2140));
#432=EDGE_LOOP('',(#2141,#2142,#2143,#2144));
#433=EDGE_LOOP('',(#2145,#2146,#2147,#2148));
#434=EDGE_LOOP('',(#2149,#2150,#2151,#2152));
#435=EDGE_LOOP('',(#2153,#2154,#2155,#2156));
#436=EDGE_LOOP('',(#2157,#2158,#2159,#2160));
#437=EDGE_LOOP('',(#2161,#2162,#2163,#2164));
#438=EDGE_LOOP('',(#2165,#2166,#2167,#2168));
#439=EDGE_LOOP('',(#2169,#2170,#2171,#2172));
#440=EDGE_LOOP('',(#2173,#2174,#2175,#2176));
#441=EDGE_LOOP('',(#2177,#2178,#2179,#2180));
#442=EDGE_LOOP('',(#2181,#2182,#2183,#2184));
#443=EDGE_LOOP('',(#2185,#2186));
#444=EDGE_LOOP('',(#2187,#2188,#2189,#2190));
#445=EDGE_LOOP('',(#2191,#2192,#2193,#2194));
#446=EDGE_LOOP('',(#2195,#2196,#2197,#2198));
#447=EDGE_LOOP('',(#2199));
#448=EDGE_LOOP('',(#2200,#2201,#2202,#2203,#2204,#2205,#2206,#2207,#2208,
#2209));
#449=EDGE_LOOP('',(#2210,#2211,#2212,#2213,#2214,#2215,#2216,#2217,#2218,
#2219,#2220,#2221));
#450=EDGE_LOOP('',(#2222,#2223,#2224,#2225,#2226,#2227,#2228,#2229,#2230,
#2231,#2232,#2233));
#451=EDGE_LOOP('',(#2234,#2235,#2236,#2237));
#452=EDGE_LOOP('',(#2238,#2239,#2240,#2241,#2242,#2243,#2244,#2245,#2246,
#2247));
#453=EDGE_LOOP('',(#2248,#2249,#2250,#2251,#2252,#2253));
#454=EDGE_LOOP('',(#2254,#2255));
#455=EDGE_LOOP('',(#2256,#2257));
#456=EDGE_LOOP('',(#2258,#2259,#2260,#2261,#2262,#2263));
#457=EDGE_LOOP('',(#2264,#2265,#2266,#2267,#2268));
#458=EDGE_LOOP('',(#2269,#2270,#2271,#2272,#2273,#2274,#2275,#2276));
#459=EDGE_LOOP('',(#2277));
#460=EDGE_LOOP('',(#2278));
#461=EDGE_LOOP('',(#2279,#2280,#2281,#2282));
#462=EDGE_LOOP('',(#2283,#2284,#2285,#2286));
#463=EDGE_LOOP('',(#2287));
#464=EDGE_LOOP('',(#2288));
#465=EDGE_LOOP('',(#2289,#2290,#2291,#2292));
#466=EDGE_LOOP('',(#2293,#2294,#2295,#2296));
#467=EDGE_LOOP('',(#2297,#2298,#2299,#2300));
#468=EDGE_LOOP('',(#2301));
#469=EDGE_LOOP('',(#2302));
#470=EDGE_LOOP('',(#2303));
#471=EDGE_LOOP('',(#2304));
#472=EDGE_LOOP('',(#2305));
#473=EDGE_LOOP('',(#2306));
#474=EDGE_LOOP('',(#2307,#2308,#2309,#2310));
#475=EDGE_LOOP('',(#2311,#2312,#2313,#2314));
#476=EDGE_LOOP('',(#2315));
#477=EDGE_LOOP('',(#2316));
#478=EDGE_LOOP('',(#2317,#2318,#2319,#2320));
#479=EDGE_LOOP('',(#2321));
#480=EDGE_LOOP('',(#2322));
#481=EDGE_LOOP('',(#2323,#2324,#2325,#2326));
#482=EDGE_LOOP('',(#2327,#2328,#2329,#2330));
#483=EDGE_LOOP('',(#2331));
#484=EDGE_LOOP('',(#2332));
#485=EDGE_LOOP('',(#2333,#2334,#2335,#2336));
#486=EDGE_LOOP('',(#2337));
#487=EDGE_LOOP('',(#2338));
#488=EDGE_LOOP('',(#2339,#2340,#2341,#2342));
#489=EDGE_LOOP('',(#2343,#2344,#2345,#2346));
#490=EDGE_LOOP('',(#2347,#2348,#2349,#2350));
#491=EDGE_LOOP('',(#2351));
#492=EDGE_LOOP('',(#2352));
#493=EDGE_LOOP('',(#2353));
#494=EDGE_LOOP('',(#2354));
#495=EDGE_LOOP('',(#2355,#2356,#2357,#2358));
#496=EDGE_LOOP('',(#2359,#2360,#2361,#2362));
#497=EDGE_LOOP('',(#2363));
#498=EDGE_LOOP('',(#2364));
#499=EDGE_LOOP('',(#2365,#2366,#2367,#2368));
#500=EDGE_LOOP('',(#2369,#2370,#2371,#2372));
#501=EDGE_LOOP('',(#2373,#2374,#2375,#2376));
#502=EDGE_LOOP('',(#2377,#2378,#2379,#2380));
#503=EDGE_LOOP('',(#2381));
#504=EDGE_LOOP('',(#2382));
#505=EDGE_LOOP('',(#2383,#2384,#2385,#2386));
#506=EDGE_LOOP('',(#2387,#2388,#2389,#2390,#2391));
#507=EDGE_LOOP('',(#2392));
#508=EDGE_LOOP('',(#2393));
#509=EDGE_LOOP('',(#2394,#2395,#2396,#2397,#2398,#2399));
#510=EDGE_LOOP('',(#2400,#2401,#2402,#2403));
#511=EDGE_LOOP('',(#2404,#2405,#2406,#2407,#2408));
#512=EDGE_LOOP('',(#2409));
#513=EDGE_LOOP('',(#2410));
#514=EDGE_LOOP('',(#2411,#2412,#2413,#2414,#2415,#2416,#2417,#2418));
#515=EDGE_LOOP('',(#2419,#2420,#2421,#2422,#2423,#2424,#2425,#2426,#2427,
#2428));
#516=EDGE_LOOP('',(#2429,#2430,#2431,#2432));
#517=EDGE_LOOP('',(#2433,#2434,#2435,#2436));
#518=EDGE_LOOP('',(#2437,#2438,#2439,#2440,#2441,#2442,#2443,#2444,#2445,
#2446,#2447,#2448,#2449,#2450));
#519=EDGE_LOOP('',(#2451,#2452,#2453,#2454,#2455,#2456,#2457));
#520=EDGE_LOOP('',(#2458,#2459,#2460,#2461,#2462,#2463,#2464,#2465,#2466,
#2467,#2468,#2469,#2470,#2471));
#521=EDGE_LOOP('',(#2472,#2473,#2474,#2475));
#522=EDGE_LOOP('',(#2476,#2477,#2478,#2479));
#523=EDGE_LOOP('',(#2480,#2481,#2482,#2483));
#524=EDGE_LOOP('',(#2484,#2485,#2486,#2487));
#525=EDGE_LOOP('',(#2488,#2489,#2490,#2491));
#526=EDGE_LOOP('',(#2492,#2493,#2494,#2495));
#527=EDGE_LOOP('',(#2496,#2497,#2498,#2499));
#528=EDGE_LOOP('',(#2500,#2501,#2502,#2503,#2504,#2505));
#529=EDGE_LOOP('',(#2506,#2507,#2508,#2509));
#530=EDGE_LOOP('',(#2510,#2511,#2512,#2513));
#531=EDGE_LOOP('',(#2514,#2515,#2516,#2517));
#532=EDGE_LOOP('',(#2518,#2519,#2520,#2521));
#533=EDGE_LOOP('',(#2522,#2523,#2524,#2525));
#534=EDGE_LOOP('',(#2526,#2527,#2528,#2529));
#535=EDGE_LOOP('',(#2530,#2531,#2532,#2533));
#536=EDGE_LOOP('',(#2534,#2535,#2536,#2537,#2538,#2539,#2540,#2541));
#537=EDGE_LOOP('',(#2542,#2543,#2544,#2545));
#538=EDGE_LOOP('',(#2546,#2547,#2548,#2549));
#539=EDGE_LOOP('',(#2550,#2551,#2552,#2553));
#540=EDGE_LOOP('',(#2554,#2555,#2556,#2557));
#541=EDGE_LOOP('',(#2558,#2559,#2560,#2561));
#542=EDGE_LOOP('',(#2562,#2563,#2564,#2565));
#543=EDGE_LOOP('',(#2566,#2567,#2568,#2569));
#544=EDGE_LOOP('',(#2570,#2571,#2572,#2573));
#545=EDGE_LOOP('',(#2574,#2575,#2576,#2577));
#546=EDGE_LOOP('',(#2578,#2579,#2580,#2581));
#547=EDGE_LOOP('',(#2582,#2583,#2584,#2585));
#548=EDGE_LOOP('',(#2586,#2587,#2588,#2589));
#549=EDGE_LOOP('',(#2590,#2591,#2592,#2593));
#550=EDGE_LOOP('',(#2594,#2595,#2596,#2597));
#551=EDGE_LOOP('',(#2598,#2599,#2600,#2601));
#552=EDGE_LOOP('',(#2602,#2603,#2604,#2605));
#553=EDGE_LOOP('',(#2606,#2607,#2608,#2609));
#554=EDGE_LOOP('',(#2610,#2611,#2612,#2613));
#555=EDGE_LOOP('',(#2614,#2615,#2616,#2617));
#556=EDGE_LOOP('',(#2618,#2619,#2620,#2621));
#557=EDGE_LOOP('',(#2622,#2623,#2624,#2625));
#558=EDGE_LOOP('',(#2626,#2627,#2628,#2629));
#559=EDGE_LOOP('',(#2630,#2631,#2632,#2633));
#560=EDGE_LOOP('',(#2634,#2635,#2636,#2637));
#561=EDGE_LOOP('',(#2638,#2639,#2640,#2641));
#562=EDGE_LOOP('',(#2642,#2643,#2644,#2645));
#563=EDGE_LOOP('',(#2646,#2647,#2648,#2649));
#564=EDGE_LOOP('',(#2650,#2651,#2652,#2653));
#565=EDGE_LOOP('',(#2654,#2655,#2656,#2657));
#566=EDGE_LOOP('',(#2658,#2659,#2660,#2661));
#567=EDGE_LOOP('',(#2662,#2663,#2664,#2665));
#568=EDGE_LOOP('',(#2666,#2667,#2668,#2669));
#569=EDGE_LOOP('',(#2670,#2671,#2672,#2673));
#570=EDGE_LOOP('',(#2674,#2675,#2676,#2677));
#571=EDGE_LOOP('',(#2678,#2679,#2680,#2681));
#572=EDGE_LOOP('',(#2682,#2683,#2684,#2685));
#573=EDGE_LOOP('',(#2686,#2687,#2688,#2689));
#574=EDGE_LOOP('',(#2690,#2691,#2692,#2693));
#575=EDGE_LOOP('',(#2694,#2695,#2696,#2697));
#576=EDGE_LOOP('',(#2698,#2699,#2700,#2701));
#577=EDGE_LOOP('',(#2702,#2703,#2704,#2705));
#578=EDGE_LOOP('',(#2706,#2707,#2708,#2709));
#579=EDGE_LOOP('',(#2710,#2711,#2712,#2713));
#580=EDGE_LOOP('',(#2714,#2715,#2716,#2717));
#581=EDGE_LOOP('',(#2718,#2719,#2720,#2721));
#582=EDGE_LOOP('',(#2722,#2723,#2724,#2725));
#583=EDGE_LOOP('',(#2726,#2727,#2728,#2729));
#584=EDGE_LOOP('',(#2730,#2731,#2732,#2733));
#585=EDGE_LOOP('',(#2734,#2735,#2736,#2737));
#586=EDGE_LOOP('',(#2738,#2739,#2740,#2741));
#587=EDGE_LOOP('',(#2742,#2743,#2744,#2745));
#588=EDGE_LOOP('',(#2746,#2747,#2748,#2749));
#589=EDGE_LOOP('',(#2750,#2751,#2752,#2753));
#590=EDGE_LOOP('',(#2754,#2755,#2756,#2757));
#591=EDGE_LOOP('',(#2758,#2759,#2760,#2761));
#592=EDGE_LOOP('',(#2762,#2763,#2764,#2765));
#593=EDGE_LOOP('',(#2766,#2767,#2768,#2769));
#594=EDGE_LOOP('',(#2770,#2771,#2772,#2773));
#595=EDGE_LOOP('',(#2774,#2775,#2776,#2777));
#596=EDGE_LOOP('',(#2778,#2779,#2780,#2781));
#597=EDGE_LOOP('',(#2782,#2783,#2784,#2785));
#598=EDGE_LOOP('',(#2786,#2787,#2788,#2789));
#599=EDGE_LOOP('',(#2790,#2791,#2792,#2793));
#600=EDGE_LOOP('',(#2794,#2795,#2796,#2797));
#601=EDGE_LOOP('',(#2798,#2799,#2800,#2801));
#602=EDGE_LOOP('',(#2802,#2803,#2804,#2805));
#603=EDGE_LOOP('',(#2806,#2807,#2808,#2809));
#604=EDGE_LOOP('',(#2810,#2811,#2812));
#605=EDGE_LOOP('',(#2813,#2814,#2815));
#606=EDGE_LOOP('',(#2816,#2817,#2818,#2819));
#607=EDGE_LOOP('',(#2820,#2821,#2822,#2823));
#608=EDGE_LOOP('',(#2824,#2825,#2826,#2827));
#609=EDGE_LOOP('',(#2828,#2829,#2830,#2831));
#610=EDGE_LOOP('',(#2832,#2833,#2834,#2835));
#611=EDGE_LOOP('',(#2836,#2837,#2838,#2839));
#612=EDGE_LOOP('',(#2840,#2841,#2842));
#613=EDGE_LOOP('',(#2843,#2844,#2845));
#614=EDGE_LOOP('',(#2846,#2847,#2848));
#615=EDGE_LOOP('',(#2849,#2850,#2851));
#616=EDGE_LOOP('',(#2852,#2853,#2854,#2855));
#617=EDGE_LOOP('',(#2856,#2857,#2858,#2859));
#618=EDGE_LOOP('',(#2860,#2861,#2862,#2863));
#619=EDGE_LOOP('',(#2864,#2865,#2866,#2867));
#620=EDGE_LOOP('',(#2868,#2869,#2870));
#621=EDGE_LOOP('',(#2871,#2872,#2873));
#622=EDGE_LOOP('',(#2874,#2875,#2876,#2877));
#623=EDGE_LOOP('',(#2878,#2879,#2880,#2881));
#624=EDGE_LOOP('',(#2882,#2883,#2884,#2885));
#625=EDGE_LOOP('',(#2886,#2887,#2888,#2889,#2890));
#626=EDGE_LOOP('',(#2891));
#627=EDGE_LOOP('',(#2892));
#628=EDGE_LOOP('',(#2893,#2894,#2895,#2896));
#629=EDGE_LOOP('',(#2897,#2898,#2899,#2900));
#630=EDGE_LOOP('',(#2901));
#631=EDGE_LOOP('',(#2902));
#632=EDGE_LOOP('',(#2903));
#633=EDGE_LOOP('',(#2904,#2905,#2906,#2907));
#634=EDGE_LOOP('',(#2908));
#635=EDGE_LOOP('',(#2909));
#636=EDGE_LOOP('',(#2910,#2911,#2912,#2913));
#637=EDGE_LOOP('',(#2914,#2915,#2916,#2917));
#638=EDGE_LOOP('',(#2918,#2919,#2920,#2921,#2922));
#639=EDGE_LOOP('',(#2923,#2924,#2925,#2926));
#640=EDGE_LOOP('',(#2927,#2928,#2929,#2930));
#641=EDGE_LOOP('',(#2931,#2932,#2933,#2934));
#642=EDGE_LOOP('',(#2935,#2936));
#643=EDGE_LOOP('',(#2937,#2938,#2939,#2940));
#644=EDGE_LOOP('',(#2941,#2942));
#645=EDGE_LOOP('',(#2943,#2944,#2945,#2946));
#646=EDGE_LOOP('',(#2947,#2948));
#647=EDGE_LOOP('',(#2949,#2950));
#648=EDGE_LOOP('',(#2951,#2952,#2953,#2954));
#649=LINE('',#4547,#941);
#650=LINE('',#4554,#942);
#651=LINE('',#4561,#943);
#652=LINE('',#4568,#944);
#653=LINE('',#4574,#945);
#654=LINE('',#4576,#946);
#655=LINE('',#4578,#947);
#656=LINE('',#4579,#948);
#657=LINE('',#4582,#949);
#658=LINE('',#4584,#950);
#659=LINE('',#4586,#951);
#660=LINE('',#4587,#952);
#661=LINE('',#4590,#953);
#662=LINE('',#4592,#954);
#663=LINE('',#4594,#955);
#664=LINE('',#4595,#956);
#665=LINE('',#4598,#957);
#666=LINE('',#4600,#958);
#667=LINE('',#4602,#959);
#668=LINE('',#4603,#960);
#669=LINE('',#4607,#961);
#670=LINE('',#4609,#962);
#671=LINE('',#4611,#963);
#672=LINE('',#4612,#964);
#673=LINE('',#4616,#965);
#674=LINE('',#4618,#966);
#675=LINE('',#4620,#967);
#676=LINE('',#4621,#968);
#677=LINE('',#4625,#969);
#678=LINE('',#4627,#970);
#679=LINE('',#4629,#971);
#680=LINE('',#4630,#972);
#681=LINE('',#4634,#973);
#682=LINE('',#4636,#974);
#683=LINE('',#4638,#975);
#684=LINE('',#4639,#976);
#685=LINE('',#4643,#977);
#686=LINE('',#4645,#978);
#687=LINE('',#4647,#979);
#688=LINE('',#4648,#980);
#689=LINE('',#4651,#981);
#690=LINE('',#4653,#982);
#691=LINE('',#4654,#983);
#692=LINE('',#4657,#984);
#693=LINE('',#4658,#985);
#694=LINE('',#4661,#986);
#695=LINE('',#4662,#987);
#696=LINE('',#4664,#988);
#697=LINE('',#4667,#989);
#698=LINE('',#4669,#990);
#699=LINE('',#4670,#991);
#700=LINE('',#4673,#992);
#701=LINE('',#4674,#993);
#702=LINE('',#4677,#994);
#703=LINE('',#4678,#995);
#704=LINE('',#4680,#996);
#705=LINE('',#4683,#997);
#706=LINE('',#4685,#998);
#707=LINE('',#4686,#999);
#708=LINE('',#4689,#1000);
#709=LINE('',#4690,#1001);
#710=LINE('',#4693,#1002);
#711=LINE('',#4694,#1003);
#712=LINE('',#4696,#1004);
#713=LINE('',#4700,#1005);
#714=LINE('',#4707,#1006);
#715=LINE('',#4709,#1007);
#716=LINE('',#4711,#1008);
#717=LINE('',#4713,#1009);
#718=LINE('',#4717,#1010);
#719=LINE('',#4721,#1011);
#720=LINE('',#4723,#1012);
#721=LINE('',#4724,#1013);
#722=LINE('',#4727,#1014);
#723=LINE('',#4729,#1015);
#724=LINE('',#4733,#1016);
#725=LINE('',#4737,#1017);
#726=LINE('',#4741,#1018);
#727=LINE('',#4745,#1019);
#728=LINE('',#4746,#1020);
#729=LINE('',#4749,#1021);
#730=LINE('',#4751,#1022);
#731=LINE('',#4753,#1023);
#732=LINE('',#4757,#1024);
#733=LINE('',#4761,#1025);
#734=LINE('',#4765,#1026);
#735=LINE('',#4768,#1027);
#736=LINE('',#4770,#1028);
#737=LINE('',#4771,#1029);
#738=LINE('',#4775,#1030);
#739=LINE('',#4777,#1031);
#740=LINE('',#4781,#1032);
#741=LINE('',#4785,#1033);
#742=LINE('',#4787,#1034);
#743=LINE('',#4789,#1035);
#744=LINE('',#4791,#1036);
#745=LINE('',#4792,#1037);
#746=LINE('',#4794,#1038);
#747=LINE('',#4796,#1039);
#748=LINE('',#4797,#1040);
#749=LINE('',#4802,#1041);
#750=LINE('',#4806,#1042);
#751=LINE('',#4810,#1043);
#752=LINE('',#4818,#1044);
#753=LINE('',#4825,#1045);
#754=LINE('',#4832,#1046);
#755=LINE('',#4847,#1047);
#756=LINE('',#4862,#1048);
#757=LINE('',#4869,#1049);
#758=LINE('',#4880,#1050);
#759=LINE('',#4887,#1051);
#760=LINE('',#4898,#1052);
#761=LINE('',#4914,#1053);
#762=LINE('',#4926,#1054);
#763=LINE('',#4937,#1055);
#764=LINE('',#4957,#1056);
#765=LINE('',#4963,#1057);
#766=LINE('',#4974,#1058);
#767=LINE('',#4978,#1059);
#768=LINE('',#4982,#1060);
#769=LINE('',#4987,#1061);
#770=LINE('',#4988,#1062);
#771=LINE('',#5010,#1063);
#772=LINE('',#5012,#1064);
#773=LINE('',#5013,#1065);
#774=LINE('',#5016,#1066);
#775=LINE('',#5018,#1067);
#776=LINE('',#5019,#1068);
#777=LINE('',#5026,#1069);
#778=LINE('',#5030,#1070);
#779=LINE('',#5031,#1071);
#780=LINE('',#5033,#1072);
#781=LINE('',#5037,#1073);
#782=LINE('',#5041,#1074);
#783=LINE('',#5045,#1075);
#784=LINE('',#5046,#1076);
#785=LINE('',#5050,#1077);
#786=LINE('',#5054,#1078);
#787=LINE('',#5058,#1079);
#788=LINE('',#5061,#1080);
#789=LINE('',#5064,#1081);
#790=LINE('',#5065,#1082);
#791=LINE('',#5067,#1083);
#792=LINE('',#5069,#1084);
#793=LINE('',#5071,#1085);
#794=LINE('',#5073,#1086);
#795=LINE('',#5076,#1087);
#796=LINE('',#5078,#1088);
#797=LINE('',#5079,#1089);
#798=LINE('',#5081,#1090);
#799=LINE('',#5083,#1091);
#800=LINE('',#5085,#1092);
#801=LINE('',#5087,#1093);
#802=LINE('',#5089,#1094);
#803=LINE('',#5091,#1095);
#804=LINE('',#5093,#1096);
#805=LINE('',#5096,#1097);
#806=LINE('',#5098,#1098);
#807=LINE('',#5099,#1099);
#808=LINE('',#5101,#1100);
#809=LINE('',#5105,#1101);
#810=LINE('',#5107,#1102);
#811=LINE('',#5109,#1103);
#812=LINE('',#5110,#1104);
#813=LINE('',#5113,#1105);
#814=LINE('',#5115,#1106);
#815=LINE('',#5117,#1107);
#816=LINE('',#5118,#1108);
#817=LINE('',#5121,#1109);
#818=LINE('',#5123,#1110);
#819=LINE('',#5125,#1111);
#820=LINE('',#5126,#1112);
#821=LINE('',#5129,#1113);
#822=LINE('',#5131,#1114);
#823=LINE('',#5133,#1115);
#824=LINE('',#5134,#1116);
#825=LINE('',#5137,#1117);
#826=LINE('',#5139,#1118);
#827=LINE('',#5141,#1119);
#828=LINE('',#5142,#1120);
#829=LINE('',#5145,#1121);
#830=LINE('',#5147,#1122);
#831=LINE('',#5149,#1123);
#832=LINE('',#5150,#1124);
#833=LINE('',#5154,#1125);
#834=LINE('',#5156,#1126);
#835=LINE('',#5158,#1127);
#836=LINE('',#5159,#1128);
#837=LINE('',#5162,#1129);
#838=LINE('',#5164,#1130);
#839=LINE('',#5165,#1131);
#840=LINE('',#5168,#1132);
#841=LINE('',#5169,#1133);
#842=LINE('',#5172,#1134);
#843=LINE('',#5173,#1135);
#844=LINE('',#5175,#1136);
#845=LINE('',#5177,#1137);
#846=LINE('',#5178,#1138);
#847=LINE('',#5180,#1139);
#848=LINE('',#5182,#1140);
#849=LINE('',#5187,#1141);
#850=LINE('',#5189,#1142);
#851=LINE('',#5191,#1143);
#852=LINE('',#5192,#1144);
#853=LINE('',#5195,#1145);
#854=LINE('',#5197,#1146);
#855=LINE('',#5198,#1147);
#856=LINE('',#5201,#1148);
#857=LINE('',#5202,#1149);
#858=LINE('',#5205,#1150);
#859=LINE('',#5206,#1151);
#860=LINE('',#5208,#1152);
#861=LINE('',#5210,#1153);
#862=LINE('',#5211,#1154);
#863=LINE('',#5213,#1155);
#864=LINE('',#5215,#1156);
#865=LINE('',#5220,#1157);
#866=LINE('',#5222,#1158);
#867=LINE('',#5224,#1159);
#868=LINE('',#5225,#1160);
#869=LINE('',#5228,#1161);
#870=LINE('',#5230,#1162);
#871=LINE('',#5231,#1163);
#872=LINE('',#5234,#1164);
#873=LINE('',#5235,#1165);
#874=LINE('',#5238,#1166);
#875=LINE('',#5239,#1167);
#876=LINE('',#5241,#1168);
#877=LINE('',#5243,#1169);
#878=LINE('',#5244,#1170);
#879=LINE('',#5246,#1171);
#880=LINE('',#5248,#1172);
#881=LINE('',#5253,#1173);
#882=LINE('',#5255,#1174);
#883=LINE('',#5257,#1175);
#884=LINE('',#5258,#1176);
#885=LINE('',#5261,#1177);
#886=LINE('',#5263,#1178);
#887=LINE('',#5264,#1179);
#888=LINE('',#5267,#1180);
#889=LINE('',#5268,#1181);
#890=LINE('',#5271,#1182);
#891=LINE('',#5272,#1183);
#892=LINE('',#5274,#1184);
#893=LINE('',#5276,#1185);
#894=LINE('',#5277,#1186);
#895=LINE('',#5279,#1187);
#896=LINE('',#5281,#1188);
#897=LINE('',#5286,#1189);
#898=LINE('',#5288,#1190);
#899=LINE('',#5290,#1191);
#900=LINE('',#5291,#1192);
#901=LINE('',#5294,#1193);
#902=LINE('',#5296,#1194);
#903=LINE('',#5297,#1195);
#904=LINE('',#5300,#1196);
#905=LINE('',#5301,#1197);
#906=LINE('',#5304,#1198);
#907=LINE('',#5305,#1199);
#908=LINE('',#5307,#1200);
#909=LINE('',#5309,#1201);
#910=LINE('',#5310,#1202);
#911=LINE('',#5312,#1203);
#912=LINE('',#5314,#1204);
#913=LINE('',#5319,#1205);
#914=LINE('',#5321,#1206);
#915=LINE('',#5323,#1207);
#916=LINE('',#5324,#1208);
#917=LINE('',#5327,#1209);
#918=LINE('',#5329,#1210);
#919=LINE('',#5330,#1211);
#920=LINE('',#5333,#1212);
#921=LINE('',#5334,#1213);
#922=LINE('',#5337,#1214);
#923=LINE('',#5338,#1215);
#924=LINE('',#5340,#1216);
#925=LINE('',#5342,#1217);
#926=LINE('',#5343,#1218);
#927=LINE('',#5345,#1219);
#928=LINE('',#5347,#1220);
#929=LINE('',#5403,#1221);
#930=LINE('',#5415,#1222);
#931=LINE('',#5421,#1223);
#932=LINE('',#5433,#1224);
#933=LINE('',#5449,#1225);
#934=LINE('',#5451,#1226);
#935=LINE('',#5453,#1227);
#936=LINE('',#5454,#1228);
#937=LINE('',#5463,#1229);
#938=LINE('',#5467,#1230);
#939=LINE('',#5470,#1231);
#940=LINE('',#5472,#1232);
#941=VECTOR('',#3568,1.2645);
#942=VECTOR('',#3577,1.2645);
#943=VECTOR('',#3586,1.2645);
#944=VECTOR('',#3595,1.2645);
#945=VECTOR('',#3602,1000.);
#946=VECTOR('',#3603,1000.);
#947=VECTOR('',#3604,1000.);
#948=VECTOR('',#3605,1000.);
#949=VECTOR('',#3606,1000.);
#950=VECTOR('',#3607,1000.);
#951=VECTOR('',#3608,1000.);
#952=VECTOR('',#3609,1000.);
#953=VECTOR('',#3610,1000.);
#954=VECTOR('',#3611,1000.);
#955=VECTOR('',#3612,1000.);
#956=VECTOR('',#3613,1000.);
#957=VECTOR('',#3614,1000.);
#958=VECTOR('',#3615,1000.);
#959=VECTOR('',#3616,1000.);
#960=VECTOR('',#3617,1000.);
#961=VECTOR('',#3620,1000.);
#962=VECTOR('',#3621,1000.);
#963=VECTOR('',#3622,1000.);
#964=VECTOR('',#3623,1000.);
#965=VECTOR('',#3626,1000.);
#966=VECTOR('',#3627,1000.);
#967=VECTOR('',#3628,1000.);
#968=VECTOR('',#3629,1000.);
#969=VECTOR('',#3632,1000.);
#970=VECTOR('',#3633,999.999999999999);
#971=VECTOR('',#3634,1000.);
#972=VECTOR('',#3635,1000.);
#973=VECTOR('',#3638,1000.);
#974=VECTOR('',#3639,1000.);
#975=VECTOR('',#3640,1000.);
#976=VECTOR('',#3641,1000.);
#977=VECTOR('',#3644,1000.);
#978=VECTOR('',#3645,999.999999999999);
#979=VECTOR('',#3646,1000.);
#980=VECTOR('',#3647,1000.);
#981=VECTOR('',#3650,1000.);
#982=VECTOR('',#3651,1000.);
#983=VECTOR('',#3652,1000.);
#984=VECTOR('',#3655,1000.);
#985=VECTOR('',#3656,1000.);
#986=VECTOR('',#3659,1000.);
#987=VECTOR('',#3660,1000.);
#988=VECTOR('',#3663,1000.);
#989=VECTOR('',#3666,1000.);
#990=VECTOR('',#3667,1000.);
#991=VECTOR('',#3668,1000.);
#992=VECTOR('',#3671,1000.);
#993=VECTOR('',#3672,1000.);
#994=VECTOR('',#3675,1000.);
#995=VECTOR('',#3676,1000.);
#996=VECTOR('',#3679,1000.);
#997=VECTOR('',#3682,1000.);
#998=VECTOR('',#3683,1000.);
#999=VECTOR('',#3684,1000.);
#1000=VECTOR('',#3687,1000.);
#1001=VECTOR('',#3688,1000.);
#1002=VECTOR('',#3691,1000.);
#1003=VECTOR('',#3692,1000.);
#1004=VECTOR('',#3695,1000.);
#1005=VECTOR('',#3698,1000.);
#1006=VECTOR('',#3705,1000.);
#1007=VECTOR('',#3706,1000.);
#1008=VECTOR('',#3707,1000.);
#1009=VECTOR('',#3708,1000.);
#1010=VECTOR('',#3711,1000.);
#1011=VECTOR('',#3714,1000.);
#1012=VECTOR('',#3715,1000.);
#1013=VECTOR('',#3716,1000.);
#1014=VECTOR('',#3719,1000.);
#1015=VECTOR('',#3720,1000.);
#1016=VECTOR('',#3723,1000.);
#1017=VECTOR('',#3726,1000.);
#1018=VECTOR('',#3729,1000.);
#1019=VECTOR('',#3732,1000.);
#1020=VECTOR('',#3733,1000.);
#1021=VECTOR('',#3736,1000.);
#1022=VECTOR('',#3737,1000.);
#1023=VECTOR('',#3738,1000.);
#1024=VECTOR('',#3741,1000.);
#1025=VECTOR('',#3744,1000.);
#1026=VECTOR('',#3747,1000.);
#1027=VECTOR('',#3750,1000.);
#1028=VECTOR('',#3753,1000.);
#1029=VECTOR('',#3754,1000.);
#1030=VECTOR('',#3757,1000.);
#1031=VECTOR('',#3758,1000.);
#1032=VECTOR('',#3761,1000.);
#1033=VECTOR('',#3764,1000.);
#1034=VECTOR('',#3765,1000.);
#1035=VECTOR('',#3766,1000.);
#1036=VECTOR('',#3767,1000.);
#1037=VECTOR('',#3768,1000.);
#1038=VECTOR('',#3771,1000.);
#1039=VECTOR('',#3772,1000.);
#1040=VECTOR('',#3773,1000.);
#1041=VECTOR('',#3778,1000.);
#1042=VECTOR('',#3781,1000.);
#1043=VECTOR('',#3786,1000.);
#1044=VECTOR('',#3787,1000.);
#1045=VECTOR('',#3796,2.);
#1046=VECTOR('',#3805,2.25224209836406);
#1047=VECTOR('',#3826,3.49513207836076);
#1048=VECTOR('',#3847,12.5);
#1049=VECTOR('',#3856,10.5967077766694);
#1050=VECTOR('',#3871,12.5);
#1051=VECTOR('',#3880,10.5967077766694);
#1052=VECTOR('',#3895,12.5);
#1053=VECTOR('',#3916,9.89579636879786);
#1054=VECTOR('',#3933,7.);
#1055=VECTOR('',#3948,12.2158092989046);
#1056=VECTOR('',#3975,5.46399007401099);
#1057=VECTOR('',#3982,8.97760625443429);
#1058=VECTOR('',#3997,12.2158092989046);
#1059=VECTOR('',#4000,1000.);
#1060=VECTOR('',#4003,1000.);
#1061=VECTOR('',#4008,1000.);
#1062=VECTOR('',#4009,1000.);
#1063=VECTOR('',#4010,1000.);
#1064=VECTOR('',#4011,1000.);
#1065=VECTOR('',#4012,1000.);
#1066=VECTOR('',#4015,1000.);
#1067=VECTOR('',#4016,1000.);
#1068=VECTOR('',#4017,1000.);
#1069=VECTOR('',#4026,1000.);
#1070=VECTOR('',#4029,1000.);
#1071=VECTOR('',#4030,1000.);
#1072=VECTOR('',#4031,1000.);
#1073=VECTOR('',#4034,1000.);
#1074=VECTOR('',#4037,1000.);
#1075=VECTOR('',#4042,1000.);
#1076=VECTOR('',#4043,1000.);
#1077=VECTOR('',#4046,1000.);
#1078=VECTOR('',#4049,1000.);
#1079=VECTOR('',#4052,1000.);
#1080=VECTOR('',#4055,1000.);
#1081=VECTOR('',#4060,1000.);
#1082=VECTOR('',#4061,1000.);
#1083=VECTOR('',#4064,1000.);
#1084=VECTOR('',#4067,1000.);
#1085=VECTOR('',#4070,1000.);
#1086=VECTOR('',#4073,1000.);
#1087=VECTOR('',#4078,1000.);
#1088=VECTOR('',#4081,1000.);
#1089=VECTOR('',#4082,1000.);
#1090=VECTOR('',#4085,1000.);
#1091=VECTOR('',#4088,1000.);
#1092=VECTOR('',#4091,1000.);
#1093=VECTOR('',#4094,1000.);
#1094=VECTOR('',#4097,1000.);
#1095=VECTOR('',#4100,1000.);
#1096=VECTOR('',#4103,1000.);
#1097=VECTOR('',#4108,1000.);
#1098=VECTOR('',#4111,1000.);
#1099=VECTOR('',#4112,1000.);
#1100=VECTOR('',#4115,1000.);
#1101=VECTOR('',#4118,1000.);
#1102=VECTOR('',#4119,1000.);
#1103=VECTOR('',#4120,1000.);
#1104=VECTOR('',#4121,1000.);
#1105=VECTOR('',#4122,1000.);
#1106=VECTOR('',#4123,1000.);
#1107=VECTOR('',#4124,1000.);
#1108=VECTOR('',#4125,1000.);
#1109=VECTOR('',#4126,1000.);
#1110=VECTOR('',#4127,1000.);
#1111=VECTOR('',#4128,1000.);
#1112=VECTOR('',#4129,1000.);
#1113=VECTOR('',#4130,1000.);
#1114=VECTOR('',#4131,1000.);
#1115=VECTOR('',#4132,1000.);
#1116=VECTOR('',#4133,1000.);
#1117=VECTOR('',#4134,1000.);
#1118=VECTOR('',#4135,1000.);
#1119=VECTOR('',#4136,1000.);
#1120=VECTOR('',#4137,1000.);
#1121=VECTOR('',#4138,1000.);
#1122=VECTOR('',#4139,1000.);
#1123=VECTOR('',#4140,1000.);
#1124=VECTOR('',#4141,1000.);
#1125=VECTOR('',#4144,1000.);
#1126=VECTOR('',#4145,1000.);
#1127=VECTOR('',#4146,1000.);
#1128=VECTOR('',#4147,1000.);
#1129=VECTOR('',#4150,1000.);
#1130=VECTOR('',#4151,1000.);
#1131=VECTOR('',#4152,1000.);
#1132=VECTOR('',#4155,1000.);
#1133=VECTOR('',#4156,1000.);
#1134=VECTOR('',#4159,1000.);
#1135=VECTOR('',#4160,1000.);
#1136=VECTOR('',#4163,1000.);
#1137=VECTOR('',#4166,1000.);
#1138=VECTOR('',#4167,1000.);
#1139=VECTOR('',#4170,1000.);
#1140=VECTOR('',#4173,1000.);
#1141=VECTOR('',#4178,1000.);
#1142=VECTOR('',#4179,1000.);
#1143=VECTOR('',#4180,1000.);
#1144=VECTOR('',#4181,1000.);
#1145=VECTOR('',#4184,1000.);
#1146=VECTOR('',#4185,1000.);
#1147=VECTOR('',#4186,1000.);
#1148=VECTOR('',#4189,1000.);
#1149=VECTOR('',#4190,1000.);
#1150=VECTOR('',#4193,1000.);
#1151=VECTOR('',#4194,1000.);
#1152=VECTOR('',#4197,1000.);
#1153=VECTOR('',#4200,1000.);
#1154=VECTOR('',#4201,1000.);
#1155=VECTOR('',#4204,1000.);
#1156=VECTOR('',#4207,1000.);
#1157=VECTOR('',#4212,1000.);
#1158=VECTOR('',#4213,1000.);
#1159=VECTOR('',#4214,1000.);
#1160=VECTOR('',#4215,1000.);
#1161=VECTOR('',#4218,1000.);
#1162=VECTOR('',#4219,1000.);
#1163=VECTOR('',#4220,1000.);
#1164=VECTOR('',#4223,1000.);
#1165=VECTOR('',#4224,1000.);
#1166=VECTOR('',#4227,1000.);
#1167=VECTOR('',#4228,1000.);
#1168=VECTOR('',#4231,1000.);
#1169=VECTOR('',#4234,1000.);
#1170=VECTOR('',#4235,1000.);
#1171=VECTOR('',#4238,1000.);
#1172=VECTOR('',#4241,1000.);
#1173=VECTOR('',#4246,1000.);
#1174=VECTOR('',#4247,1000.);
#1175=VECTOR('',#4248,1000.);
#1176=VECTOR('',#4249,1000.);
#1177=VECTOR('',#4252,1000.);
#1178=VECTOR('',#4253,1000.);
#1179=VECTOR('',#4254,1000.);
#1180=VECTOR('',#4257,1000.);
#1181=VECTOR('',#4258,1000.);
#1182=VECTOR('',#4261,1000.);
#1183=VECTOR('',#4262,1000.);
#1184=VECTOR('',#4265,1000.);
#1185=VECTOR('',#4268,1000.);
#1186=VECTOR('',#4269,1000.);
#1187=VECTOR('',#4272,1000.);
#1188=VECTOR('',#4275,1000.);
#1189=VECTOR('',#4280,1000.);
#1190=VECTOR('',#4281,1000.);
#1191=VECTOR('',#4282,1000.);
#1192=VECTOR('',#4283,1000.);
#1193=VECTOR('',#4286,1000.);
#1194=VECTOR('',#4287,1000.);
#1195=VECTOR('',#4288,1000.);
#1196=VECTOR('',#4291,1000.);
#1197=VECTOR('',#4292,1000.);
#1198=VECTOR('',#4295,1000.);
#1199=VECTOR('',#4296,1000.);
#1200=VECTOR('',#4299,1000.);
#1201=VECTOR('',#4302,1000.);
#1202=VECTOR('',#4303,1000.);
#1203=VECTOR('',#4306,1000.);
#1204=VECTOR('',#4309,1000.);
#1205=VECTOR('',#4314,1000.);
#1206=VECTOR('',#4315,1000.);
#1207=VECTOR('',#4316,1000.);
#1208=VECTOR('',#4317,1000.);
#1209=VECTOR('',#4320,1000.);
#1210=VECTOR('',#4321,1000.);
#1211=VECTOR('',#4322,1000.);
#1212=VECTOR('',#4325,1000.);
#1213=VECTOR('',#4326,1000.);
#1214=VECTOR('',#4329,1000.);
#1215=VECTOR('',#4330,1000.);
#1216=VECTOR('',#4333,1000.);
#1217=VECTOR('',#4336,1000.);
#1218=VECTOR('',#4337,1000.);
#1219=VECTOR('',#4340,1000.);
#1220=VECTOR('',#4343,1000.);
#1221=VECTOR('',#4448,5.5);
#1222=VECTOR('',#4463,1.11877109668593);
#1223=VECTOR('',#4470,1.44258891010096);
#1224=VECTOR('',#4485,1.);
#1225=VECTOR('',#4512,10.);
#1226=VECTOR('',#4513,10.);
#1227=VECTOR('',#4514,10.);
#1228=VECTOR('',#4515,10.);
#1229=VECTOR('',#4528,10.);
#1230=VECTOR('',#4531,10.);
#1231=VECTOR('',#4536,10.);
#1232=VECTOR('',#4539,10.);
#1233=CIRCLE('',#3220,1.2645);
#1234=CIRCLE('',#3221,1.2645);
#1235=CIRCLE('',#3224,1.2645);
#1236=CIRCLE('',#3225,1.2645);
#1237=CIRCLE('',#3228,1.2645);
#1238=CIRCLE('',#3229,1.2645);
#1239=CIRCLE('',#3232,1.2645);
#1240=CIRCLE('',#3233,1.2645);
#1241=CIRCLE('',#3254,12.1158092989046);
#1242=CIRCLE('',#3255,5.50893956212857);
#1243=CIRCLE('',#3257,0.0500000000000001);
#1244=CIRCLE('',#3258,0.0500000000000001);
#1245=CIRCLE('',#3260,0.254189209001012);
#1246=CIRCLE('',#3261,0.233448073492376);
#1247=CIRCLE('',#3262,0.207278700907019);
#1248=CIRCLE('',#3263,0.212952812412084);
#1249=CIRCLE('',#3265,0.212952812412084);
#1250=CIRCLE('',#3266,0.207278700907019);
#1251=CIRCLE('',#3267,0.233448073492376);
#1252=CIRCLE('',#3268,0.254189209001012);
#1253=CIRCLE('',#3271,0.0500000000000001);
#1254=CIRCLE('',#3272,0.0500000000000001);
#1255=CIRCLE('',#3275,1.6);
#1256=CIRCLE('',#3277,2.);
#1257=CIRCLE('',#3280,2.);
#1258=CIRCLE('',#3281,2.);
#1259=CIRCLE('',#3283,2.);
#1260=CIRCLE('',#3285,2.25224209836406);
#1261=CIRCLE('',#3287,2.25224209836406);
#1262=CIRCLE('',#3289,0.106232814269837);
#1263=CIRCLE('',#3290,2.35847491263389);
#1264=CIRCLE('',#3292,3.41360995272215);
#1265=CIRCLE('',#3294,0.0815221256386077);
#1266=CIRCLE('',#3295,3.49513207836076);
#1267=CIRCLE('',#3297,3.49513207836076);
#1268=CIRCLE('',#3299,0.0499999999999998);
#1269=CIRCLE('',#3300,3.54513207836076);
#1270=CIRCLE('',#3302,12.3);
#1271=CIRCLE('',#3304,0.2);
#1272=CIRCLE('',#3305,12.5);
#1273=CIRCLE('',#3307,12.5);
#1274=CIRCLE('',#3309,10.5967077766694);
#1275=CIRCLE('',#3311,10.5967077766694);
#1276=CIRCLE('',#3313,12.4984584656223);
#1277=CIRCLE('',#3315,0.00154153437767279);
#1278=CIRCLE('',#3316,12.5);
#1279=CIRCLE('',#3318,12.5);
#1280=CIRCLE('',#3320,10.5967077766695);
#1281=CIRCLE('',#3322,10.5967077766695);
#1282=CIRCLE('',#3324,12.4987295987982);
#1283=CIRCLE('',#3326,0.00127040120182984);
#1284=CIRCLE('',#3327,12.5);
#1285=CIRCLE('',#3329,12.5);
#1286=CIRCLE('',#3331,0.0281973544405539);
#1287=CIRCLE('',#3332,12.4718026455595);
#1288=CIRCLE('',#3334,9.89579636879786);
#1289=CIRCLE('',#3336,6.71819284618088);
#1290=CIRCLE('',#3337,5.65);
#1291=CIRCLE('',#3339,9.89579636879786);
#1292=CIRCLE('',#3341,7.);
#1293=CIRCLE('',#3342,0.281807153819119);
#1294=CIRCLE('',#3344,11.2009421962307);
#1295=CIRCLE('',#3346,7.);
#1296=CIRCLE('',#3348,1.01486710267395);
#1297=CIRCLE('',#3349,12.2158092989046);
#1298=CIRCLE('',#3351,6.77436027890036);
#1299=CIRCLE('',#3352,0.225639721099637);
#1300=CIRCLE('',#3354,12.2158092989046);
#1301=CIRCLE('',#3356,6.37276041097811);
#1302=CIRCLE('',#3358,0.0472387709337259);
#1303=CIRCLE('',#3359,12.1685705279709);
#1304=CIRCLE('',#3361,6.21882357840387);
#1305=CIRCLE('',#3362,6.21882357840387);
#1306=CIRCLE('',#3363,0.215270500649359);
#1307=CIRCLE('',#3365,8.97760625443429);
#1308=CIRCLE('',#3367,5.46399007401099);
#1309=CIRCLE('',#3368,5.46399007401099);
#1310=CIRCLE('',#3370,8.97760625443429);
#1311=CIRCLE('',#3372,0.0628588925028054);
#1312=CIRCLE('',#3374,12.1158092989046);
#1313=CIRCLE('',#3376,12.2158092989046);
#1314=CIRCLE('',#3377,12.2158092989046);
#1315=CIRCLE('',#3378,12.2158092989046);
#1316=CIRCLE('',#3379,12.2158092989046);
#1317=CIRCLE('',#3383,0.341568338056956);
#1318=CIRCLE('',#3384,0.341568338056956);
#1319=CIRCLE('',#3386,0.212952812412084);
#1320=CIRCLE('',#3387,0.254189209001012);
#1321=CIRCLE('',#3388,0.233448073492376);
#1322=CIRCLE('',#3389,0.207278700907019);
#1323=CIRCLE('',#3392,0.207278700907019);
#1324=CIRCLE('',#3393,0.233448073492376);
#1325=CIRCLE('',#3394,0.254189209001012);
#1326=CIRCLE('',#3395,0.212952812412084);
#1327=CIRCLE('',#3473,0.100000000000002);
#1328=CIRCLE('',#3474,0.100000000000002);
#1329=CIRCLE('',#3476,0.100000000000002);
#1330=CIRCLE('',#3477,0.100000000000002);
#1331=CIRCLE('',#3479,0.100000000000002);
#1332=CIRCLE('',#3480,0.100000000000002);
#1333=CIRCLE('',#3482,0.100000000000002);
#1334=CIRCLE('',#3484,0.100000000000002);
#1335=CIRCLE('',#3486,0.100000000000002);
#1336=CIRCLE('',#3487,0.100000000000002);
#1337=CIRCLE('',#3489,0.100000000000002);
#1338=CIRCLE('',#3491,0.100000000000002);
#1339=CIRCLE('',#3493,0.100000000000002);
#1340=CIRCLE('',#3494,0.100000000000002);
#1341=CIRCLE('',#3496,0.100000000000002);
#1342=CIRCLE('',#3498,0.100000000000002);
#1343=CIRCLE('',#3500,0.100000000000002);
#1344=CIRCLE('',#3502,0.100000000000002);
#1345=CIRCLE('',#3504,0.100000000000002);
#1346=CIRCLE('',#3506,0.100000000000002);
#1347=CIRCLE('',#3508,0.100000000000002);
#1348=CIRCLE('',#3510,0.100000000000002);
#1349=CIRCLE('',#3512,0.100000000000002);
#1350=CIRCLE('',#3514,0.100000000000002);
#1351=CIRCLE('',#3517,0.100000000000004);
#1352=CIRCLE('',#3520,5.5);
#1353=CIRCLE('',#3521,5.5);
#1354=CIRCLE('',#3522,5.5);
#1355=CIRCLE('',#3524,5.35);
#1356=CIRCLE('',#3525,1.59258891010096);
#1357=CIRCLE('',#3527,1.11877109668593);
#1358=CIRCLE('',#3528,1.11877109668593);
#1359=CIRCLE('',#3530,1.44258891010096);
#1360=CIRCLE('',#3531,1.44258891010096);
#1361=CIRCLE('',#3533,1.29258891010096);
#1362=CIRCLE('',#3535,0.849999999999999);
#1363=CIRCLE('',#3537,1.);
#1364=CIRCLE('',#3538,1.);
#1365=CIRCLE('',#3541,0.15);
#1366=CIRCLE('',#3543,0.15);
#1367=CIRCLE('',#3545,0.15);
#1368=CIRCLE('',#3547,0.15);
#1369=CIRCLE('',#3549,0.150000000000001);
#1370=CIRCLE('',#3552,2.);
#1371=CIRCLE('',#3554,2.);
#1372=CIRCLE('',#3557,2.);
#1373=CIRCLE('',#3558,2.);
#1374=VERTEX_POINT('',#4544);
#1375=VERTEX_POINT('',#4546);
#1376=VERTEX_POINT('',#4551);
#1377=VERTEX_POINT('',#4553);
#1378=VERTEX_POINT('',#4558);
#1379=VERTEX_POINT('',#4560);
#1380=VERTEX_POINT('',#4565);
#1381=VERTEX_POINT('',#4567);
#1382=VERTEX_POINT('',#4572);
#1383=VERTEX_POINT('',#4573);
#1384=VERTEX_POINT('',#4575);
#1385=VERTEX_POINT('',#4577);
#1386=VERTEX_POINT('',#4580);
#1387=VERTEX_POINT('',#4581);
#1388=VERTEX_POINT('',#4583);
#1389=VERTEX_POINT('',#4585);
#1390=VERTEX_POINT('',#4588);
#1391=VERTEX_POINT('',#4589);
#1392=VERTEX_POINT('',#4591);
#1393=VERTEX_POINT('',#4593);
#1394=VERTEX_POINT('',#4596);
#1395=VERTEX_POINT('',#4597);
#1396=VERTEX_POINT('',#4599);
#1397=VERTEX_POINT('',#4601);
#1398=VERTEX_POINT('',#4605);
#1399=VERTEX_POINT('',#4606);
#1400=VERTEX_POINT('',#4608);
#1401=VERTEX_POINT('',#4610);
#1402=VERTEX_POINT('',#4614);
#1403=VERTEX_POINT('',#4615);
#1404=VERTEX_POINT('',#4617);
#1405=VERTEX_POINT('',#4619);
#1406=VERTEX_POINT('',#4623);
#1407=VERTEX_POINT('',#4624);
#1408=VERTEX_POINT('',#4626);
#1409=VERTEX_POINT('',#4628);
#1410=VERTEX_POINT('',#4632);
#1411=VERTEX_POINT('',#4633);
#1412=VERTEX_POINT('',#4635);
#1413=VERTEX_POINT('',#4637);
#1414=VERTEX_POINT('',#4641);
#1415=VERTEX_POINT('',#4642);
#1416=VERTEX_POINT('',#4644);
#1417=VERTEX_POINT('',#4646);
#1418=VERTEX_POINT('',#4650);
#1419=VERTEX_POINT('',#4652);
#1420=VERTEX_POINT('',#4656);
#1421=VERTEX_POINT('',#4660);
#1422=VERTEX_POINT('',#4666);
#1423=VERTEX_POINT('',#4668);
#1424=VERTEX_POINT('',#4672);
#1425=VERTEX_POINT('',#4676);
#1426=VERTEX_POINT('',#4682);
#1427=VERTEX_POINT('',#4684);
#1428=VERTEX_POINT('',#4688);
#1429=VERTEX_POINT('',#4692);
#1430=VERTEX_POINT('',#4698);
#1431=VERTEX_POINT('',#4699);
#1432=VERTEX_POINT('',#4702);
#1433=VERTEX_POINT('',#4705);
#1434=VERTEX_POINT('',#4706);
#1435=VERTEX_POINT('',#4708);
#1436=VERTEX_POINT('',#4710);
#1437=VERTEX_POINT('',#4712);
#1438=VERTEX_POINT('',#4714);
#1439=VERTEX_POINT('',#4716);
#1440=VERTEX_POINT('',#4718);
#1441=VERTEX_POINT('',#4720);
#1442=VERTEX_POINT('',#4722);
#1443=VERTEX_POINT('',#4726);
#1444=VERTEX_POINT('',#4728);
#1445=VERTEX_POINT('',#4730);
#1446=VERTEX_POINT('',#4732);
#1447=VERTEX_POINT('',#4734);
#1448=VERTEX_POINT('',#4736);
#1449=VERTEX_POINT('',#4738);
#1450=VERTEX_POINT('',#4740);
#1451=VERTEX_POINT('',#4742);
#1452=VERTEX_POINT('',#4744);
#1453=VERTEX_POINT('',#4748);
#1454=VERTEX_POINT('',#4750);
#1455=VERTEX_POINT('',#4752);
#1456=VERTEX_POINT('',#4754);
#1457=VERTEX_POINT('',#4756);
#1458=VERTEX_POINT('',#4758);
#1459=VERTEX_POINT('',#4760);
#1460=VERTEX_POINT('',#4762);
#1461=VERTEX_POINT('',#4764);
#1462=VERTEX_POINT('',#4766);
#1463=VERTEX_POINT('',#4773);
#1464=VERTEX_POINT('',#4774);
#1465=VERTEX_POINT('',#4776);
#1466=VERTEX_POINT('',#4778);
#1467=VERTEX_POINT('',#4780);
#1468=VERTEX_POINT('',#4782);
#1469=VERTEX_POINT('',#4784);
#1470=VERTEX_POINT('',#4786);
#1471=VERTEX_POINT('',#4788);
#1472=VERTEX_POINT('',#4790);
#1473=VERTEX_POINT('',#4795);
#1474=VERTEX_POINT('',#4799);
#1475=VERTEX_POINT('',#4800);
#1476=VERTEX_POINT('',#4804);
#1477=VERTEX_POINT('',#4805);
#1478=VERTEX_POINT('',#4809);
#1479=VERTEX_POINT('',#4814);
#1480=VERTEX_POINT('',#4820);
#1481=VERTEX_POINT('',#4824);
#1482=VERTEX_POINT('',#4828);
#1483=VERTEX_POINT('',#4831);
#1484=VERTEX_POINT('',#4835);
#1485=VERTEX_POINT('',#4839);
#1486=VERTEX_POINT('',#4842);
#1487=VERTEX_POINT('',#4846);
#1488=VERTEX_POINT('',#4850);
#1489=VERTEX_POINT('',#4854);
#1490=VERTEX_POINT('',#4857);
#1491=VERTEX_POINT('',#4861);
#1492=VERTEX_POINT('',#4865);
#1493=VERTEX_POINT('',#4868);
#1494=VERTEX_POINT('',#4872);
#1495=VERTEX_POINT('',#4875);
#1496=VERTEX_POINT('',#4879);
#1497=VERTEX_POINT('',#4883);
#1498=VERTEX_POINT('',#4886);
#1499=VERTEX_POINT('',#4890);
#1500=VERTEX_POINT('',#4893);
#1501=VERTEX_POINT('',#4897);
#1502=VERTEX_POINT('',#4901);
#1503=VERTEX_POINT('',#4905);
#1504=VERTEX_POINT('',#4908);
#1505=VERTEX_POINT('',#4910);
#1506=VERTEX_POINT('',#4913);
#1507=VERTEX_POINT('',#4917);
#1508=VERTEX_POINT('',#4921);
#1509=VERTEX_POINT('',#4924);
#1510=VERTEX_POINT('',#4928);
#1511=VERTEX_POINT('',#4932);
#1512=VERTEX_POINT('',#4936);
#1513=VERTEX_POINT('',#4940);
#1514=VERTEX_POINT('',#4943);
#1515=VERTEX_POINT('',#4947);
#1516=VERTEX_POINT('',#4948);
#1517=VERTEX_POINT('',#4953);
#1518=VERTEX_POINT('',#4956);
#1519=VERTEX_POINT('',#4958);
#1520=VERTEX_POINT('',#4962);
#1521=VERTEX_POINT('',#4968);
#1522=VERTEX_POINT('',#4971);
#1523=VERTEX_POINT('',#4973);
#1524=VERTEX_POINT('',#4975);
#1525=VERTEX_POINT('',#4977);
#1526=VERTEX_POINT('',#4979);
#1527=VERTEX_POINT('',#4981);
#1528=VERTEX_POINT('',#4985);
#1529=VERTEX_POINT('',#4986);
#1530=VERTEX_POINT('',#5009);
#1531=VERTEX_POINT('',#5011);
#1532=VERTEX_POINT('',#5015);
#1533=VERTEX_POINT('',#5017);
#1534=VERTEX_POINT('',#5024);
#1535=VERTEX_POINT('',#5025);
#1536=VERTEX_POINT('',#5027);
#1537=VERTEX_POINT('',#5029);
#1538=VERTEX_POINT('',#5032);
#1539=VERTEX_POINT('',#5034);
#1540=VERTEX_POINT('',#5036);
#1541=VERTEX_POINT('',#5038);
#1542=VERTEX_POINT('',#5040);
#1543=VERTEX_POINT('',#5044);
#1544=VERTEX_POINT('',#5048);
#1545=VERTEX_POINT('',#5049);
#1546=VERTEX_POINT('',#5051);
#1547=VERTEX_POINT('',#5053);
#1548=VERTEX_POINT('',#5055);
#1549=VERTEX_POINT('',#5057);
#1550=VERTEX_POINT('',#5060);
#1551=VERTEX_POINT('',#5103);
#1552=VERTEX_POINT('',#5104);
#1553=VERTEX_POINT('',#5106);
#1554=VERTEX_POINT('',#5108);
#1555=VERTEX_POINT('',#5111);
#1556=VERTEX_POINT('',#5112);
#1557=VERTEX_POINT('',#5114);
#1558=VERTEX_POINT('',#5116);
#1559=VERTEX_POINT('',#5119);
#1560=VERTEX_POINT('',#5120);
#1561=VERTEX_POINT('',#5122);
#1562=VERTEX_POINT('',#5124);
#1563=VERTEX_POINT('',#5127);
#1564=VERTEX_POINT('',#5128);
#1565=VERTEX_POINT('',#5130);
#1566=VERTEX_POINT('',#5132);
#1567=VERTEX_POINT('',#5135);
#1568=VERTEX_POINT('',#5136);
#1569=VERTEX_POINT('',#5138);
#1570=VERTEX_POINT('',#5140);
#1571=VERTEX_POINT('',#5143);
#1572=VERTEX_POINT('',#5144);
#1573=VERTEX_POINT('',#5146);
#1574=VERTEX_POINT('',#5148);
#1575=VERTEX_POINT('',#5152);
#1576=VERTEX_POINT('',#5153);
#1577=VERTEX_POINT('',#5155);
#1578=VERTEX_POINT('',#5157);
#1579=VERTEX_POINT('',#5161);
#1580=VERTEX_POINT('',#5163);
#1581=VERTEX_POINT('',#5167);
#1582=VERTEX_POINT('',#5171);
#1583=VERTEX_POINT('',#5185);
#1584=VERTEX_POINT('',#5186);
#1585=VERTEX_POINT('',#5188);
#1586=VERTEX_POINT('',#5190);
#1587=VERTEX_POINT('',#5194);
#1588=VERTEX_POINT('',#5196);
#1589=VERTEX_POINT('',#5200);
#1590=VERTEX_POINT('',#5204);
#1591=VERTEX_POINT('',#5218);
#1592=VERTEX_POINT('',#5219);
#1593=VERTEX_POINT('',#5221);
#1594=VERTEX_POINT('',#5223);
#1595=VERTEX_POINT('',#5227);
#1596=VERTEX_POINT('',#5229);
#1597=VERTEX_POINT('',#5233);
#1598=VERTEX_POINT('',#5237);
#1599=VERTEX_POINT('',#5251);
#1600=VERTEX_POINT('',#5252);
#1601=VERTEX_POINT('',#5254);
#1602=VERTEX_POINT('',#5256);
#1603=VERTEX_POINT('',#5260);
#1604=VERTEX_POINT('',#5262);
#1605=VERTEX_POINT('',#5266);
#1606=VERTEX_POINT('',#5270);
#1607=VERTEX_POINT('',#5284);
#1608=VERTEX_POINT('',#5285);
#1609=VERTEX_POINT('',#5287);
#1610=VERTEX_POINT('',#5289);
#1611=VERTEX_POINT('',#5293);
#1612=VERTEX_POINT('',#5295);
#1613=VERTEX_POINT('',#5299);
#1614=VERTEX_POINT('',#5303);
#1615=VERTEX_POINT('',#5317);
#1616=VERTEX_POINT('',#5318);
#1617=VERTEX_POINT('',#5320);
#1618=VERTEX_POINT('',#5322);
#1619=VERTEX_POINT('',#5326);
#1620=VERTEX_POINT('',#5328);
#1621=VERTEX_POINT('',#5332);
#1622=VERTEX_POINT('',#5336);
#1623=VERTEX_POINT('',#5399);
#1624=VERTEX_POINT('',#5400);
#1625=VERTEX_POINT('',#5402);
#1626=VERTEX_POINT('',#5407);
#1627=VERTEX_POINT('',#5409);
#1628=VERTEX_POINT('',#5412);
#1629=VERTEX_POINT('',#5414);
#1630=VERTEX_POINT('',#5418);
#1631=VERTEX_POINT('',#5420);
#1632=VERTEX_POINT('',#5424);
#1633=VERTEX_POINT('',#5427);
#1634=VERTEX_POINT('',#5430);
#1635=VERTEX_POINT('',#5432);
#1636=VERTEX_POINT('',#5447);
#1637=VERTEX_POINT('',#5448);
#1638=VERTEX_POINT('',#5450);
#1639=VERTEX_POINT('',#5452);
#1640=VERTEX_POINT('',#5461);
#1641=VERTEX_POINT('',#5462);
#1642=VERTEX_POINT('',#5464);
#1643=VERTEX_POINT('',#5466);
#1644=EDGE_CURVE('',#1374,#1374,#1233,.T.);
#1645=EDGE_CURVE('',#1374,#1375,#649,.T.);
#1646=EDGE_CURVE('',#1375,#1375,#1234,.T.);
#1647=EDGE_CURVE('',#1376,#1376,#1235,.T.);
#1648=EDGE_CURVE('',#1376,#1377,#650,.T.);
#1649=EDGE_CURVE('',#1377,#1377,#1236,.T.);
#1650=EDGE_CURVE('',#1378,#1378,#1237,.T.);
#1651=EDGE_CURVE('',#1378,#1379,#651,.T.);
#1652=EDGE_CURVE('',#1379,#1379,#1238,.T.);
#1653=EDGE_CURVE('',#1380,#1380,#1239,.T.);
#1654=EDGE_CURVE('',#1380,#1381,#652,.T.);
#1655=EDGE_CURVE('',#1381,#1381,#1240,.T.);
#1656=EDGE_CURVE('',#1382,#1383,#653,.T.);
#1657=EDGE_CURVE('',#1383,#1384,#654,.T.);
#1658=EDGE_CURVE('',#1384,#1385,#655,.T.);
#1659=EDGE_CURVE('',#1385,#1382,#656,.T.);
#1660=EDGE_CURVE('',#1386,#1387,#657,.T.);
#1661=EDGE_CURVE('',#1388,#1386,#658,.T.);
#1662=EDGE_CURVE('',#1389,#1388,#659,.T.);
#1663=EDGE_CURVE('',#1387,#1389,#660,.T.);
#1664=EDGE_CURVE('',#1390,#1391,#661,.T.);
#1665=EDGE_CURVE('',#1392,#1390,#662,.T.);
#1666=EDGE_CURVE('',#1393,#1392,#663,.T.);
#1667=EDGE_CURVE('',#1391,#1393,#664,.T.);
#1668=EDGE_CURVE('',#1394,#1395,#665,.T.);
#1669=EDGE_CURVE('',#1395,#1396,#666,.T.);
#1670=EDGE_CURVE('',#1396,#1397,#667,.T.);
#1671=EDGE_CURVE('',#1397,#1394,#668,.T.);
#1672=EDGE_CURVE('',#1398,#1399,#669,.F.);
#1673=EDGE_CURVE('',#1399,#1400,#670,.F.);
#1674=EDGE_CURVE('',#1400,#1401,#671,.T.);
#1675=EDGE_CURVE('',#1401,#1398,#672,.T.);
#1676=EDGE_CURVE('',#1402,#1403,#673,.F.);
#1677=EDGE_CURVE('',#1403,#1404,#674,.F.);
#1678=EDGE_CURVE('',#1404,#1405,#675,.T.);
#1679=EDGE_CURVE('',#1405,#1402,#676,.T.);
#1680=EDGE_CURVE('',#1406,#1407,#677,.F.);
#1681=EDGE_CURVE('',#1407,#1408,#678,.F.);
#1682=EDGE_CURVE('',#1408,#1409,#679,.T.);
#1683=EDGE_CURVE('',#1409,#1406,#680,.T.);
#1684=EDGE_CURVE('',#1410,#1411,#681,.F.);
#1685=EDGE_CURVE('',#1411,#1412,#682,.F.);
#1686=EDGE_CURVE('',#1412,#1413,#683,.T.);
#1687=EDGE_CURVE('',#1413,#1410,#684,.T.);
#1688=EDGE_CURVE('',#1414,#1415,#685,.F.);
#1689=EDGE_CURVE('',#1415,#1416,#686,.F.);
#1690=EDGE_CURVE('',#1416,#1417,#687,.F.);
#1691=EDGE_CURVE('',#1417,#1414,#688,.F.);
#1692=EDGE_CURVE('',#1418,#1395,#689,.T.);
#1693=EDGE_CURVE('',#1419,#1418,#690,.T.);
#1694=EDGE_CURVE('',#1419,#1396,#691,.T.);
#1695=EDGE_CURVE('',#1420,#1394,#692,.T.);
#1696=EDGE_CURVE('',#1418,#1420,#693,.T.);
#1697=EDGE_CURVE('',#1421,#1397,#694,.T.);
#1698=EDGE_CURVE('',#1420,#1421,#695,.T.);
#1699=EDGE_CURVE('',#1421,#1419,#696,.T.);
#1700=EDGE_CURVE('',#1422,#1390,#697,.T.);
#1701=EDGE_CURVE('',#1423,#1391,#698,.T.);
#1702=EDGE_CURVE('',#1423,#1422,#699,.T.);
#1703=EDGE_CURVE('',#1424,#1392,#700,.T.);
#1704=EDGE_CURVE('',#1422,#1424,#701,.T.);
#1705=EDGE_CURVE('',#1425,#1393,#702,.T.);
#1706=EDGE_CURVE('',#1424,#1425,#703,.T.);
#1707=EDGE_CURVE('',#1425,#1423,#704,.T.);
#1708=EDGE_CURVE('',#1426,#1386,#705,.T.);
#1709=EDGE_CURVE('',#1427,#1387,#706,.T.);
#1710=EDGE_CURVE('',#1427,#1426,#707,.T.);
#1711=EDGE_CURVE('',#1428,#1388,#708,.T.);
#1712=EDGE_CURVE('',#1426,#1428,#709,.T.);
#1713=EDGE_CURVE('',#1429,#1389,#710,.T.);
#1714=EDGE_CURVE('',#1428,#1429,#711,.T.);
#1715=EDGE_CURVE('',#1429,#1427,#712,.T.);
#1716=EDGE_CURVE('',#1430,#1431,#713,.T.);
#1717=EDGE_CURVE('',#1431,#1430,#1241,.T.);
#1718=EDGE_CURVE('',#1432,#1432,#1242,.T.);
#1719=EDGE_CURVE('',#1433,#1434,#714,.T.);
#1720=EDGE_CURVE('',#1433,#1435,#715,.T.);
#1721=EDGE_CURVE('',#1435,#1436,#716,.T.);
#1722=EDGE_CURVE('',#1437,#1436,#717,.T.);
#1723=EDGE_CURVE('',#1437,#1438,#1243,.T.);
#1724=EDGE_CURVE('',#1439,#1438,#718,.T.);
#1725=EDGE_CURVE('',#1439,#1440,#1244,.T.);
#1726=EDGE_CURVE('',#1441,#1440,#719,.T.);
#1727=EDGE_CURVE('',#1441,#1442,#720,.T.);
#1728=EDGE_CURVE('',#1434,#1442,#721,.T.);
#1729=EDGE_CURVE('',#1434,#1443,#722,.T.);
#1730=EDGE_CURVE('',#1442,#1444,#723,.T.);
#1731=EDGE_CURVE('',#1444,#1445,#1245,.F.);
#1732=EDGE_CURVE('',#1445,#1446,#724,.T.);
#1733=EDGE_CURVE('',#1446,#1447,#1246,.T.);
#1734=EDGE_CURVE('',#1447,#1448,#725,.T.);
#1735=EDGE_CURVE('',#1448,#1449,#1247,.T.);
#1736=EDGE_CURVE('',#1449,#1450,#726,.T.);
#1737=EDGE_CURVE('',#1450,#1451,#1248,.F.);
#1738=EDGE_CURVE('',#1451,#1452,#727,.T.);
#1739=EDGE_CURVE('',#1443,#1452,#728,.T.);
#1740=EDGE_CURVE('',#1453,#1433,#729,.T.);
#1741=EDGE_CURVE('',#1453,#1454,#730,.T.);
#1742=EDGE_CURVE('',#1454,#1455,#731,.T.);
#1743=EDGE_CURVE('',#1455,#1456,#1249,.F.);
#1744=EDGE_CURVE('',#1456,#1457,#732,.T.);
#1745=EDGE_CURVE('',#1457,#1458,#1250,.T.);
#1746=EDGE_CURVE('',#1458,#1459,#733,.T.);
#1747=EDGE_CURVE('',#1459,#1460,#1251,.T.);
#1748=EDGE_CURVE('',#1460,#1461,#734,.T.);
#1749=EDGE_CURVE('',#1461,#1462,#1252,.F.);
#1750=EDGE_CURVE('',#1462,#1435,#735,.T.);
#1751=EDGE_CURVE('',#1443,#1453,#736,.T.);
#1752=EDGE_CURVE('',#1452,#1454,#737,.T.);
#1753=EDGE_CURVE('',#1463,#1464,#738,.T.);
#1754=EDGE_CURVE('',#1464,#1465,#739,.T.);
#1755=EDGE_CURVE('',#1465,#1466,#1253,.F.);
#1756=EDGE_CURVE('',#1466,#1467,#740,.T.);
#1757=EDGE_CURVE('',#1467,#1468,#1254,.F.);
#1758=EDGE_CURVE('',#1468,#1469,#741,.T.);
#1759=EDGE_CURVE('',#1469,#1470,#742,.T.);
#1760=EDGE_CURVE('',#1471,#1470,#743,.T.);
#1761=EDGE_CURVE('',#1472,#1471,#744,.T.);
#1762=EDGE_CURVE('',#1472,#1463,#745,.T.);
#1763=EDGE_CURVE('',#1441,#1464,#746,.T.);
#1764=EDGE_CURVE('',#1463,#1473,#747,.T.);
#1765=EDGE_CURVE('',#1473,#1444,#748,.T.);
#1766=EDGE_CURVE('',#1474,#1475,#1255,.T.);
#1767=EDGE_CURVE('',#1475,#1474,#749,.T.);
#1768=EDGE_CURVE('',#1476,#1477,#750,.T.);
#1769=EDGE_CURVE('',#1477,#1476,#1256,.F.);
#1770=EDGE_CURVE('',#1478,#1477,#751,.F.);
#1771=EDGE_CURVE('',#1474,#1478,#51,.T.);
#1772=EDGE_CURVE('',#1479,#1475,#52,.T.);
#1773=EDGE_CURVE('',#1476,#1479,#752,.T.);
#1774=EDGE_CURVE('',#1479,#1480,#1257,.F.);
#1775=EDGE_CURVE('',#1480,#1478,#1258,.F.);
#1776=EDGE_CURVE('',#1480,#1481,#753,.T.);
#1777=EDGE_CURVE('',#1481,#1481,#1259,.T.);
#1778=EDGE_CURVE('',#1482,#1482,#1260,.T.);
#1779=EDGE_CURVE('',#1482,#1483,#754,.T.);
#1780=EDGE_CURVE('',#1483,#1483,#1261,.T.);
#1781=EDGE_CURVE('',#1483,#1484,#1262,.T.);
#1782=EDGE_CURVE('',#1484,#1484,#1263,.T.);
#1783=EDGE_CURVE('',#1485,#1485,#1264,.T.);
#1784=EDGE_CURVE('',#1485,#1486,#1265,.T.);
#1785=EDGE_CURVE('',#1486,#1486,#1266,.T.);
#1786=EDGE_CURVE('',#1486,#1487,#755,.T.);
#1787=EDGE_CURVE('',#1487,#1487,#1267,.T.);
#1788=EDGE_CURVE('',#1487,#1488,#1268,.T.);
#1789=EDGE_CURVE('',#1488,#1488,#1269,.F.);
#1790=EDGE_CURVE('',#1489,#1489,#1270,.T.);
#1791=EDGE_CURVE('',#1489,#1490,#1271,.T.);
#1792=EDGE_CURVE('',#1490,#1490,#1272,.F.);
#1793=EDGE_CURVE('',#1490,#1491,#756,.T.);
#1794=EDGE_CURVE('',#1491,#1491,#1273,.T.);
#1795=EDGE_CURVE('',#1492,#1492,#1274,.T.);
#1796=EDGE_CURVE('',#1492,#1493,#757,.T.);
#1797=EDGE_CURVE('',#1493,#1493,#1275,.T.);
#1798=EDGE_CURVE('',#1494,#1494,#1276,.T.);
#1799=EDGE_CURVE('',#1494,#1495,#1277,.T.);
#1800=EDGE_CURVE('',#1495,#1495,#1278,.T.);
#1801=EDGE_CURVE('',#1495,#1496,#758,.T.);
#1802=EDGE_CURVE('',#1496,#1496,#1279,.T.);
#1803=EDGE_CURVE('',#1497,#1497,#1280,.T.);
#1804=EDGE_CURVE('',#1497,#1498,#759,.T.);
#1805=EDGE_CURVE('',#1498,#1498,#1281,.T.);
#1806=EDGE_CURVE('',#1499,#1499,#1282,.T.);
#1807=EDGE_CURVE('',#1499,#1500,#1283,.T.);
#1808=EDGE_CURVE('',#1500,#1500,#1284,.T.);
#1809=EDGE_CURVE('',#1500,#1501,#760,.T.);
#1810=EDGE_CURVE('',#1501,#1501,#1285,.T.);
#1811=EDGE_CURVE('',#1501,#1502,#1286,.T.);
#1812=EDGE_CURVE('',#1502,#1502,#1287,.T.);
#1813=EDGE_CURVE('',#1503,#1503,#1288,.T.);
#1814=EDGE_CURVE('',#1504,#1504,#1289,.T.);
#1815=EDGE_CURVE('',#1505,#1505,#1290,.F.);
#1816=EDGE_CURVE('',#1503,#1506,#761,.T.);
#1817=EDGE_CURVE('',#1506,#1506,#1291,.T.);
#1818=EDGE_CURVE('',#1507,#1507,#1292,.T.);
#1819=EDGE_CURVE('',#1507,#1504,#1293,.T.);
#1820=EDGE_CURVE('',#1508,#1508,#1294,.T.);
#1821=EDGE_CURVE('',#1509,#1509,#1295,.T.);
#1822=EDGE_CURVE('',#1509,#1507,#762,.T.);
#1823=EDGE_CURVE('',#1508,#1510,#1296,.T.);
#1824=EDGE_CURVE('',#1510,#1510,#1297,.T.);
#1825=EDGE_CURVE('',#1511,#1511,#1298,.T.);
#1826=EDGE_CURVE('',#1511,#1509,#1299,.T.);
#1827=EDGE_CURVE('',#1510,#1512,#763,.T.);
#1828=EDGE_CURVE('',#1512,#1512,#1300,.T.);
#1829=EDGE_CURVE('',#1513,#1513,#1301,.T.);
#1830=EDGE_CURVE('',#1512,#1514,#1302,.T.);
#1831=EDGE_CURVE('',#1514,#1514,#1303,.T.);
#1832=EDGE_CURVE('',#1515,#1516,#1304,.T.);
#1833=EDGE_CURVE('',#1516,#1515,#1305,.T.);
#1834=EDGE_CURVE('',#1516,#1513,#1306,.T.);
#1835=EDGE_CURVE('',#1517,#1517,#1307,.T.);
#1836=EDGE_CURVE('',#1515,#1518,#764,.T.);
#1837=EDGE_CURVE('',#1519,#1518,#1308,.T.);
#1838=EDGE_CURVE('',#1518,#1519,#1309,.T.);
#1839=EDGE_CURVE('',#1517,#1520,#765,.T.);
#1840=EDGE_CURVE('',#1520,#1520,#1310,.T.);
#1841=EDGE_CURVE('',#1432,#1519,#1311,.T.);
#1842=EDGE_CURVE('',#1521,#1521,#1312,.T.);
#1843=EDGE_CURVE('',#1522,#1522,#1313,.F.);
#1844=EDGE_CURVE('',#1522,#1523,#766,.T.);
#1845=EDGE_CURVE('',#1523,#1524,#1314,.T.);
#1846=EDGE_CURVE('',#1524,#1525,#767,.T.);
#1847=EDGE_CURVE('',#1525,#1526,#1315,.F.);
#1848=EDGE_CURVE('',#1526,#1527,#768,.F.);
#1849=EDGE_CURVE('',#1527,#1523,#1316,.T.);
#1850=EDGE_CURVE('',#1528,#1529,#769,.T.);
#1851=EDGE_CURVE('',#1527,#1528,#770,.T.);
#1852=EDGE_CURVE('',#1526,#1431,#27,.T.);
#1853=EDGE_CURVE('',#1430,#1525,#28,.T.);
#1854=EDGE_CURVE('',#1530,#1524,#771,.T.);
#1855=EDGE_CURVE('',#1530,#1531,#772,.T.);
#1856=EDGE_CURVE('',#1531,#1529,#773,.T.);
#1857=EDGE_CURVE('',#1529,#1532,#774,.T.);
#1858=EDGE_CURVE('',#1531,#1533,#775,.T.);
#1859=EDGE_CURVE('',#1533,#1532,#776,.T.);
#1860=EDGE_CURVE('',#1532,#1471,#1317,.T.);
#1861=EDGE_CURVE('',#1533,#1472,#1318,.T.);
#1862=EDGE_CURVE('',#1534,#1535,#777,.T.);
#1863=EDGE_CURVE('',#1535,#1536,#1319,.T.);
#1864=EDGE_CURVE('',#1536,#1537,#778,.T.);
#1865=EDGE_CURVE('',#1537,#1528,#779,.T.);
#1866=EDGE_CURVE('',#1470,#1538,#780,.T.);
#1867=EDGE_CURVE('',#1538,#1539,#1320,.T.);
#1868=EDGE_CURVE('',#1539,#1540,#781,.T.);
#1869=EDGE_CURVE('',#1540,#1541,#1321,.T.);
#1870=EDGE_CURVE('',#1541,#1542,#782,.T.);
#1871=EDGE_CURVE('',#1542,#1534,#1322,.T.);
#1872=EDGE_CURVE('',#1543,#1537,#783,.T.);
#1873=EDGE_CURVE('',#1543,#1530,#784,.T.);
#1874=EDGE_CURVE('',#1544,#1545,#785,.T.);
#1875=EDGE_CURVE('',#1546,#1544,#1323,.T.);
#1876=EDGE_CURVE('',#1547,#1546,#786,.T.);
#1877=EDGE_CURVE('',#1548,#1547,#1324,.T.);
#1878=EDGE_CURVE('',#1549,#1548,#787,.T.);
#1879=EDGE_CURVE('',#1473,#1549,#1325,.T.);
#1880=EDGE_CURVE('',#1550,#1543,#788,.T.);
#1881=EDGE_CURVE('',#1545,#1550,#1326,.T.);
#1882=EDGE_CURVE('',#1544,#1449,#789,.T.);
#1883=EDGE_CURVE('',#1545,#1450,#790,.T.);
#1884=EDGE_CURVE('',#1546,#1448,#791,.T.);
#1885=EDGE_CURVE('',#1547,#1447,#792,.T.);
#1886=EDGE_CURVE('',#1548,#1446,#793,.T.);
#1887=EDGE_CURVE('',#1549,#1445,#794,.T.);
#1888=EDGE_CURVE('',#1550,#1451,#795,.T.);
#1889=EDGE_CURVE('',#1436,#1469,#796,.T.);
#1890=EDGE_CURVE('',#1462,#1538,#797,.T.);
#1891=EDGE_CURVE('',#1461,#1539,#798,.T.);
#1892=EDGE_CURVE('',#1460,#1540,#799,.T.);
#1893=EDGE_CURVE('',#1459,#1541,#800,.T.);
#1894=EDGE_CURVE('',#1458,#1542,#801,.T.);
#1895=EDGE_CURVE('',#1457,#1534,#802,.T.);
#1896=EDGE_CURVE('',#1456,#1535,#803,.T.);
#1897=EDGE_CURVE('',#1455,#1536,#804,.T.);
#1898=EDGE_CURVE('',#1440,#1465,#805,.T.);
#1899=EDGE_CURVE('',#1438,#1467,#806,.T.);
#1900=EDGE_CURVE('',#1466,#1439,#807,.F.);
#1901=EDGE_CURVE('',#1468,#1437,#808,.F.);
#1902=EDGE_CURVE('',#1551,#1552,#809,.T.);
#1903=EDGE_CURVE('',#1552,#1553,#810,.T.);
#1904=EDGE_CURVE('',#1553,#1554,#811,.T.);
#1905=EDGE_CURVE('',#1554,#1551,#812,.T.);
#1906=EDGE_CURVE('',#1555,#1556,#813,.T.);
#1907=EDGE_CURVE('',#1556,#1557,#814,.T.);
#1908=EDGE_CURVE('',#1557,#1558,#815,.T.);
#1909=EDGE_CURVE('',#1558,#1555,#816,.T.);
#1910=EDGE_CURVE('',#1559,#1560,#817,.T.);
#1911=EDGE_CURVE('',#1560,#1561,#818,.T.);
#1912=EDGE_CURVE('',#1561,#1562,#819,.T.);
#1913=EDGE_CURVE('',#1562,#1559,#820,.T.);
#1914=EDGE_CURVE('',#1563,#1564,#821,.T.);
#1915=EDGE_CURVE('',#1564,#1565,#822,.T.);
#1916=EDGE_CURVE('',#1565,#1566,#823,.T.);
#1917=EDGE_CURVE('',#1566,#1563,#824,.T.);
#1918=EDGE_CURVE('',#1567,#1568,#825,.T.);
#1919=EDGE_CURVE('',#1568,#1569,#826,.T.);
#1920=EDGE_CURVE('',#1569,#1570,#827,.T.);
#1921=EDGE_CURVE('',#1570,#1567,#828,.T.);
#1922=EDGE_CURVE('',#1571,#1572,#829,.T.);
#1923=EDGE_CURVE('',#1573,#1571,#830,.T.);
#1924=EDGE_CURVE('',#1574,#1573,#831,.T.);
#1925=EDGE_CURVE('',#1572,#1574,#832,.T.);
#1926=EDGE_CURVE('',#1575,#1576,#833,.T.);
#1927=EDGE_CURVE('',#1576,#1577,#834,.T.);
#1928=EDGE_CURVE('',#1577,#1578,#835,.T.);
#1929=EDGE_CURVE('',#1578,#1575,#836,.T.);
#1930=EDGE_CURVE('',#1575,#1579,#837,.F.);
#1931=EDGE_CURVE('',#1580,#1579,#838,.T.);
#1932=EDGE_CURVE('',#1576,#1580,#839,.F.);
#1933=EDGE_CURVE('',#1581,#1580,#840,.T.);
#1934=EDGE_CURVE('',#1581,#1577,#841,.F.);
#1935=EDGE_CURVE('',#1582,#1578,#842,.T.);
#1936=EDGE_CURVE('',#1582,#1581,#843,.T.);
#1937=EDGE_CURVE('',#1579,#1582,#844,.T.);
#1938=EDGE_CURVE('',#1582,#1572,#845,.T.);
#1939=EDGE_CURVE('',#1579,#1574,#846,.T.);
#1940=EDGE_CURVE('',#1581,#1571,#847,.T.);
#1941=EDGE_CURVE('',#1580,#1573,#848,.T.);
#1942=EDGE_CURVE('',#1583,#1584,#849,.T.);
#1943=EDGE_CURVE('',#1584,#1585,#850,.T.);
#1944=EDGE_CURVE('',#1585,#1586,#851,.T.);
#1945=EDGE_CURVE('',#1586,#1583,#852,.T.);
#1946=EDGE_CURVE('',#1583,#1587,#853,.T.);
#1947=EDGE_CURVE('',#1588,#1587,#854,.T.);
#1948=EDGE_CURVE('',#1584,#1588,#855,.T.);
#1949=EDGE_CURVE('',#1589,#1588,#856,.T.);
#1950=EDGE_CURVE('',#1589,#1585,#857,.T.);
#1951=EDGE_CURVE('',#1590,#1586,#858,.T.);
#1952=EDGE_CURVE('',#1590,#1589,#859,.T.);
#1953=EDGE_CURVE('',#1587,#1590,#860,.T.);
#1954=EDGE_CURVE('',#1590,#1554,#861,.T.);
#1955=EDGE_CURVE('',#1587,#1553,#862,.T.);
#1956=EDGE_CURVE('',#1589,#1551,#863,.T.);
#1957=EDGE_CURVE('',#1588,#1552,#864,.T.);
#1958=EDGE_CURVE('',#1591,#1592,#865,.T.);
#1959=EDGE_CURVE('',#1592,#1593,#866,.T.);
#1960=EDGE_CURVE('',#1593,#1594,#867,.T.);
#1961=EDGE_CURVE('',#1594,#1591,#868,.T.);
#1962=EDGE_CURVE('',#1595,#1594,#869,.T.);
#1963=EDGE_CURVE('',#1596,#1593,#870,.T.);
#1964=EDGE_CURVE('',#1595,#1596,#871,.T.);
#1965=EDGE_CURVE('',#1597,#1595,#872,.T.);
#1966=EDGE_CURVE('',#1591,#1597,#873,.T.);
#1967=EDGE_CURVE('',#1598,#1597,#874,.T.);
#1968=EDGE_CURVE('',#1592,#1598,#875,.T.);
#1969=EDGE_CURVE('',#1596,#1598,#876,.T.);
#1970=EDGE_CURVE('',#1598,#1558,#877,.T.);
#1971=EDGE_CURVE('',#1596,#1557,#878,.T.);
#1972=EDGE_CURVE('',#1597,#1555,#879,.T.);
#1973=EDGE_CURVE('',#1595,#1556,#880,.T.);
#1974=EDGE_CURVE('',#1599,#1600,#881,.T.);
#1975=EDGE_CURVE('',#1601,#1599,#882,.T.);
#1976=EDGE_CURVE('',#1602,#1601,#883,.T.);
#1977=EDGE_CURVE('',#1600,#1602,#884,.T.);
#1978=EDGE_CURVE('',#1599,#1603,#885,.T.);
#1979=EDGE_CURVE('',#1600,#1604,#886,.T.);
#1980=EDGE_CURVE('',#1604,#1603,#887,.T.);
#1981=EDGE_CURVE('',#1605,#1601,#888,.T.);
#1982=EDGE_CURVE('',#1603,#1605,#889,.T.);
#1983=EDGE_CURVE('',#1605,#1606,#890,.T.);
#1984=EDGE_CURVE('',#1606,#1602,#891,.T.);
#1985=EDGE_CURVE('',#1606,#1604,#892,.T.);
#1986=EDGE_CURVE('',#1606,#1562,#893,.T.);
#1987=EDGE_CURVE('',#1604,#1561,#894,.T.);
#1988=EDGE_CURVE('',#1605,#1559,#895,.T.);
#1989=EDGE_CURVE('',#1603,#1560,#896,.T.);
#1990=EDGE_CURVE('',#1607,#1608,#897,.T.);
#1991=EDGE_CURVE('',#1609,#1607,#898,.T.);
#1992=EDGE_CURVE('',#1610,#1609,#899,.T.);
#1993=EDGE_CURVE('',#1608,#1610,#900,.T.);
#1994=EDGE_CURVE('',#1611,#1609,#901,.T.);
#1995=EDGE_CURVE('',#1607,#1612,#902,.F.);
#1996=EDGE_CURVE('',#1612,#1611,#903,.T.);
#1997=EDGE_CURVE('',#1611,#1613,#904,.T.);
#1998=EDGE_CURVE('',#1613,#1610,#905,.F.);
#1999=EDGE_CURVE('',#1608,#1614,#906,.F.);
#2000=EDGE_CURVE('',#1613,#1614,#907,.T.);
#2001=EDGE_CURVE('',#1614,#1612,#908,.T.);
#2002=EDGE_CURVE('',#1614,#1566,#909,.T.);
#2003=EDGE_CURVE('',#1612,#1565,#910,.T.);
#2004=EDGE_CURVE('',#1613,#1563,#911,.T.);
#2005=EDGE_CURVE('',#1611,#1564,#912,.T.);
#2006=EDGE_CURVE('',#1615,#1616,#913,.T.);
#2007=EDGE_CURVE('',#1617,#1615,#914,.T.);
#2008=EDGE_CURVE('',#1618,#1617,#915,.T.);
#2009=EDGE_CURVE('',#1616,#1618,#916,.T.);
#2010=EDGE_CURVE('',#1619,#1617,#917,.T.);
#2011=EDGE_CURVE('',#1615,#1620,#918,.T.);
#2012=EDGE_CURVE('',#1620,#1619,#919,.T.);
#2013=EDGE_CURVE('',#1616,#1621,#920,.T.);
#2014=EDGE_CURVE('',#1621,#1620,#921,.T.);
#2015=EDGE_CURVE('',#1619,#1622,#922,.T.);
#2016=EDGE_CURVE('',#1622,#1618,#923,.T.);
#2017=EDGE_CURVE('',#1622,#1621,#924,.T.);
#2018=EDGE_CURVE('',#1622,#1570,#925,.T.);
#2019=EDGE_CURVE('',#1621,#1569,#926,.T.);
#2020=EDGE_CURVE('',#1619,#1567,#927,.T.);
#2021=EDGE_CURVE('',#1620,#1568,#928,.T.);
#2022=EDGE_CURVE('',#1398,#1417,#1327,.T.);
#2023=EDGE_CURVE('',#1414,#1401,#1328,.T.);
#2024=EDGE_CURVE('',#1398,#1405,#1329,.F.);
#2025=EDGE_CURVE('',#1405,#1417,#1330,.F.);
#2026=EDGE_CURVE('',#1414,#1410,#1331,.F.);
#2027=EDGE_CURVE('',#1410,#1401,#1332,.F.);
#2028=EDGE_CURVE('',#1402,#1416,#1333,.T.);
#2029=EDGE_CURVE('',#1399,#1404,#1334,.T.);
#2030=EDGE_CURVE('',#1400,#1385,#1335,.T.);
#2031=EDGE_CURVE('',#1382,#1399,#1336,.T.);
#2032=EDGE_CURVE('',#1411,#1400,#1337,.T.);
#2033=EDGE_CURVE('',#1415,#1413,#1338,.T.);
#2034=EDGE_CURVE('',#1416,#1409,#1339,.T.);
#2035=EDGE_CURVE('',#1406,#1415,#1340,.T.);
#2036=EDGE_CURVE('',#1402,#1409,#1341,.F.);
#2037=EDGE_CURVE('',#1382,#1404,#1342,.F.);
#2038=EDGE_CURVE('',#1411,#1385,#1343,.F.);
#2039=EDGE_CURVE('',#1406,#1413,#1344,.F.);
#2040=EDGE_CURVE('',#1403,#1408,#1345,.T.);
#2041=EDGE_CURVE('',#1383,#1403,#1346,.T.);
#2042=EDGE_CURVE('',#1412,#1384,#1347,.T.);
#2043=EDGE_CURVE('',#1407,#1412,#1348,.T.);
#2044=EDGE_CURVE('',#1383,#1408,#1349,.F.);
#2045=EDGE_CURVE('',#1407,#1384,#1350,.F.);
#2046=EDGE_CURVE('',#1521,#1522,#1351,.T.);
#2047=EDGE_CURVE('',#1623,#1624,#1352,.T.);
#2048=EDGE_CURVE('',#1624,#1625,#929,.T.);
#2049=EDGE_CURVE('',#1625,#1625,#1353,.T.);
#2050=EDGE_CURVE('',#1624,#1623,#1354,.T.);
#2051=EDGE_CURVE('',#1626,#1626,#1355,.F.);
#2052=EDGE_CURVE('',#1627,#1627,#1356,.T.);
#2053=EDGE_CURVE('',#1628,#1628,#1357,.T.);
#2054=EDGE_CURVE('',#1628,#1629,#930,.T.);
#2055=EDGE_CURVE('',#1629,#1629,#1358,.T.);
#2056=EDGE_CURVE('',#1630,#1630,#1359,.F.);
#2057=EDGE_CURVE('',#1630,#1631,#931,.T.);
#2058=EDGE_CURVE('',#1631,#1631,#1360,.T.);
#2059=EDGE_CURVE('',#1632,#1632,#1361,.F.);
#2060=EDGE_CURVE('',#1633,#1633,#1362,.T.);
#2061=EDGE_CURVE('',#1634,#1634,#1363,.F.);
#2062=EDGE_CURVE('',#1634,#1635,#932,.T.);
#2063=EDGE_CURVE('',#1635,#1635,#1364,.T.);
#2064=EDGE_CURVE('',#1631,#1632,#1365,.T.);
#2065=EDGE_CURVE('',#1625,#1505,#1366,.T.);
#2066=EDGE_CURVE('',#1623,#1626,#1367,.T.);
#2067=EDGE_CURVE('',#1627,#1630,#1368,.T.);
#2068=EDGE_CURVE('',#1633,#1634,#1369,.T.);
#2069=EDGE_CURVE('',#1636,#1637,#933,.T.);
#2070=EDGE_CURVE('',#1638,#1636,#934,.T.);
#2071=EDGE_CURVE('',#1639,#1638,#935,.T.);
#2072=EDGE_CURVE('',#1637,#1639,#936,.T.);
#2073=EDGE_CURVE('',#1636,#1638,#1370,.T.);
#2074=EDGE_CURVE('',#1639,#1637,#1371,.T.);
#2075=EDGE_CURVE('',#1640,#1641,#937,.T.);
#2076=EDGE_CURVE('',#1642,#1641,#1372,.T.);
#2077=EDGE_CURVE('',#1642,#1643,#938,.T.);
#2078=EDGE_CURVE('',#1640,#1643,#1373,.T.);
#2079=EDGE_CURVE('',#1641,#1642,#939,.T.);
#2080=EDGE_CURVE('',#1643,#1640,#940,.T.);
#2081=ORIENTED_EDGE('',*,*,#1644,.F.);
#2082=ORIENTED_EDGE('',*,*,#1645,.T.);
#2083=ORIENTED_EDGE('',*,*,#1646,.T.);
#2084=ORIENTED_EDGE('',*,*,#1645,.F.);
#2085=ORIENTED_EDGE('',*,*,#1646,.F.);
#2086=ORIENTED_EDGE('',*,*,#1647,.F.);
#2087=ORIENTED_EDGE('',*,*,#1648,.T.);
#2088=ORIENTED_EDGE('',*,*,#1649,.T.);
#2089=ORIENTED_EDGE('',*,*,#1648,.F.);
#2090=ORIENTED_EDGE('',*,*,#1649,.F.);
#2091=ORIENTED_EDGE('',*,*,#1650,.F.);
#2092=ORIENTED_EDGE('',*,*,#1651,.T.);
#2093=ORIENTED_EDGE('',*,*,#1652,.T.);
#2094=ORIENTED_EDGE('',*,*,#1651,.F.);
#2095=ORIENTED_EDGE('',*,*,#1652,.F.);
#2096=ORIENTED_EDGE('',*,*,#1653,.F.);
#2097=ORIENTED_EDGE('',*,*,#1654,.T.);
#2098=ORIENTED_EDGE('',*,*,#1655,.T.);
#2099=ORIENTED_EDGE('',*,*,#1654,.F.);
#2100=ORIENTED_EDGE('',*,*,#1655,.F.);
#2101=ORIENTED_EDGE('',*,*,#1656,.T.);
#2102=ORIENTED_EDGE('',*,*,#1657,.T.);
#2103=ORIENTED_EDGE('',*,*,#1658,.T.);
#2104=ORIENTED_EDGE('',*,*,#1659,.T.);
#2105=ORIENTED_EDGE('',*,*,#1660,.F.);
#2106=ORIENTED_EDGE('',*,*,#1661,.F.);
#2107=ORIENTED_EDGE('',*,*,#1662,.F.);
#2108=ORIENTED_EDGE('',*,*,#1663,.F.);
#2109=ORIENTED_EDGE('',*,*,#1664,.F.);
#2110=ORIENTED_EDGE('',*,*,#1665,.F.);
#2111=ORIENTED_EDGE('',*,*,#1666,.F.);
#2112=ORIENTED_EDGE('',*,*,#1667,.F.);
#2113=ORIENTED_EDGE('',*,*,#1668,.T.);
#2114=ORIENTED_EDGE('',*,*,#1669,.T.);
#2115=ORIENTED_EDGE('',*,*,#1670,.T.);
#2116=ORIENTED_EDGE('',*,*,#1671,.T.);
#2117=ORIENTED_EDGE('',*,*,#1672,.T.);
#2118=ORIENTED_EDGE('',*,*,#1673,.T.);
#2119=ORIENTED_EDGE('',*,*,#1674,.T.);
#2120=ORIENTED_EDGE('',*,*,#1675,.T.);
#2121=ORIENTED_EDGE('',*,*,#1676,.T.);
#2122=ORIENTED_EDGE('',*,*,#1677,.T.);
#2123=ORIENTED_EDGE('',*,*,#1678,.T.);
#2124=ORIENTED_EDGE('',*,*,#1679,.T.);
#2125=ORIENTED_EDGE('',*,*,#1680,.T.);
#2126=ORIENTED_EDGE('',*,*,#1681,.T.);
#2127=ORIENTED_EDGE('',*,*,#1682,.T.);
#2128=ORIENTED_EDGE('',*,*,#1683,.T.);
#2129=ORIENTED_EDGE('',*,*,#1684,.T.);
#2130=ORIENTED_EDGE('',*,*,#1685,.T.);
#2131=ORIENTED_EDGE('',*,*,#1686,.T.);
#2132=ORIENTED_EDGE('',*,*,#1687,.T.);
#2133=ORIENTED_EDGE('',*,*,#1688,.T.);
#2134=ORIENTED_EDGE('',*,*,#1689,.T.);
#2135=ORIENTED_EDGE('',*,*,#1690,.T.);
#2136=ORIENTED_EDGE('',*,*,#1691,.T.);
#2137=ORIENTED_EDGE('',*,*,#1669,.F.);
#2138=ORIENTED_EDGE('',*,*,#1692,.F.);
#2139=ORIENTED_EDGE('',*,*,#1693,.F.);
#2140=ORIENTED_EDGE('',*,*,#1694,.T.);
#2141=ORIENTED_EDGE('',*,*,#1668,.F.);
#2142=ORIENTED_EDGE('',*,*,#1695,.F.);
#2143=ORIENTED_EDGE('',*,*,#1696,.F.);
#2144=ORIENTED_EDGE('',*,*,#1692,.T.);
#2145=ORIENTED_EDGE('',*,*,#1671,.F.);
#2146=ORIENTED_EDGE('',*,*,#1697,.F.);
#2147=ORIENTED_EDGE('',*,*,#1698,.F.);
#2148=ORIENTED_EDGE('',*,*,#1695,.T.);
#2149=ORIENTED_EDGE('',*,*,#1670,.F.);
#2150=ORIENTED_EDGE('',*,*,#1694,.F.);
#2151=ORIENTED_EDGE('',*,*,#1699,.F.);
#2152=ORIENTED_EDGE('',*,*,#1697,.T.);
#2153=ORIENTED_EDGE('',*,*,#1700,.T.);
#2154=ORIENTED_EDGE('',*,*,#1664,.T.);
#2155=ORIENTED_EDGE('',*,*,#1701,.F.);
#2156=ORIENTED_EDGE('',*,*,#1702,.T.);
#2157=ORIENTED_EDGE('',*,*,#1703,.T.);
#2158=ORIENTED_EDGE('',*,*,#1665,.T.);
#2159=ORIENTED_EDGE('',*,*,#1700,.F.);
#2160=ORIENTED_EDGE('',*,*,#1704,.T.);
#2161=ORIENTED_EDGE('',*,*,#1705,.T.);
#2162=ORIENTED_EDGE('',*,*,#1666,.T.);
#2163=ORIENTED_EDGE('',*,*,#1703,.F.);
#2164=ORIENTED_EDGE('',*,*,#1706,.T.);
#2165=ORIENTED_EDGE('',*,*,#1701,.T.);
#2166=ORIENTED_EDGE('',*,*,#1667,.T.);
#2167=ORIENTED_EDGE('',*,*,#1705,.F.);
#2168=ORIENTED_EDGE('',*,*,#1707,.T.);
#2169=ORIENTED_EDGE('',*,*,#1708,.T.);
#2170=ORIENTED_EDGE('',*,*,#1660,.T.);
#2171=ORIENTED_EDGE('',*,*,#1709,.F.);
#2172=ORIENTED_EDGE('',*,*,#1710,.T.);
#2173=ORIENTED_EDGE('',*,*,#1711,.T.);
#2174=ORIENTED_EDGE('',*,*,#1661,.T.);
#2175=ORIENTED_EDGE('',*,*,#1708,.F.);
#2176=ORIENTED_EDGE('',*,*,#1712,.T.);
#2177=ORIENTED_EDGE('',*,*,#1713,.T.);
#2178=ORIENTED_EDGE('',*,*,#1662,.T.);
#2179=ORIENTED_EDGE('',*,*,#1711,.F.);
#2180=ORIENTED_EDGE('',*,*,#1714,.T.);
#2181=ORIENTED_EDGE('',*,*,#1709,.T.);
#2182=ORIENTED_EDGE('',*,*,#1663,.T.);
#2183=ORIENTED_EDGE('',*,*,#1713,.F.);
#2184=ORIENTED_EDGE('',*,*,#1715,.T.);
#2185=ORIENTED_EDGE('',*,*,#1716,.T.);
#2186=ORIENTED_EDGE('',*,*,#1717,.T.);
#2187=ORIENTED_EDGE('',*,*,#1699,.T.);
#2188=ORIENTED_EDGE('',*,*,#1693,.T.);
#2189=ORIENTED_EDGE('',*,*,#1696,.T.);
#2190=ORIENTED_EDGE('',*,*,#1698,.T.);
#2191=ORIENTED_EDGE('',*,*,#1710,.F.);
#2192=ORIENTED_EDGE('',*,*,#1715,.F.);
#2193=ORIENTED_EDGE('',*,*,#1714,.F.);
#2194=ORIENTED_EDGE('',*,*,#1712,.F.);
#2195=ORIENTED_EDGE('',*,*,#1702,.F.);
#2196=ORIENTED_EDGE('',*,*,#1707,.F.);
#2197=ORIENTED_EDGE('',*,*,#1706,.F.);
#2198=ORIENTED_EDGE('',*,*,#1704,.F.);
#2199=ORIENTED_EDGE('',*,*,#1718,.T.);
#2200=ORIENTED_EDGE('',*,*,#1719,.F.);
#2201=ORIENTED_EDGE('',*,*,#1720,.T.);
#2202=ORIENTED_EDGE('',*,*,#1721,.T.);
#2203=ORIENTED_EDGE('',*,*,#1722,.F.);
#2204=ORIENTED_EDGE('',*,*,#1723,.T.);
#2205=ORIENTED_EDGE('',*,*,#1724,.F.);
#2206=ORIENTED_EDGE('',*,*,#1725,.T.);
#2207=ORIENTED_EDGE('',*,*,#1726,.F.);
#2208=ORIENTED_EDGE('',*,*,#1727,.T.);
#2209=ORIENTED_EDGE('',*,*,#1728,.F.);
#2210=ORIENTED_EDGE('',*,*,#1729,.F.);
#2211=ORIENTED_EDGE('',*,*,#1728,.T.);
#2212=ORIENTED_EDGE('',*,*,#1730,.T.);
#2213=ORIENTED_EDGE('',*,*,#1731,.T.);
#2214=ORIENTED_EDGE('',*,*,#1732,.T.);
#2215=ORIENTED_EDGE('',*,*,#1733,.T.);
#2216=ORIENTED_EDGE('',*,*,#1734,.T.);
#2217=ORIENTED_EDGE('',*,*,#1735,.T.);
#2218=ORIENTED_EDGE('',*,*,#1736,.T.);
#2219=ORIENTED_EDGE('',*,*,#1737,.T.);
#2220=ORIENTED_EDGE('',*,*,#1738,.T.);
#2221=ORIENTED_EDGE('',*,*,#1739,.F.);
#2222=ORIENTED_EDGE('',*,*,#1740,.F.);
#2223=ORIENTED_EDGE('',*,*,#1741,.T.);
#2224=ORIENTED_EDGE('',*,*,#1742,.T.);
#2225=ORIENTED_EDGE('',*,*,#1743,.T.);
#2226=ORIENTED_EDGE('',*,*,#1744,.T.);
#2227=ORIENTED_EDGE('',*,*,#1745,.T.);
#2228=ORIENTED_EDGE('',*,*,#1746,.T.);
#2229=ORIENTED_EDGE('',*,*,#1747,.T.);
#2230=ORIENTED_EDGE('',*,*,#1748,.T.);
#2231=ORIENTED_EDGE('',*,*,#1749,.T.);
#2232=ORIENTED_EDGE('',*,*,#1750,.T.);
#2233=ORIENTED_EDGE('',*,*,#1720,.F.);
#2234=ORIENTED_EDGE('',*,*,#1751,.F.);
#2235=ORIENTED_EDGE('',*,*,#1739,.T.);
#2236=ORIENTED_EDGE('',*,*,#1752,.T.);
#2237=ORIENTED_EDGE('',*,*,#1741,.F.);
#2238=ORIENTED_EDGE('',*,*,#1753,.T.);
#2239=ORIENTED_EDGE('',*,*,#1754,.T.);
#2240=ORIENTED_EDGE('',*,*,#1755,.T.);
#2241=ORIENTED_EDGE('',*,*,#1756,.T.);
#2242=ORIENTED_EDGE('',*,*,#1757,.T.);
#2243=ORIENTED_EDGE('',*,*,#1758,.T.);
#2244=ORIENTED_EDGE('',*,*,#1759,.T.);
#2245=ORIENTED_EDGE('',*,*,#1760,.F.);
#2246=ORIENTED_EDGE('',*,*,#1761,.F.);
#2247=ORIENTED_EDGE('',*,*,#1762,.T.);
#2248=ORIENTED_EDGE('',*,*,#1727,.F.);
#2249=ORIENTED_EDGE('',*,*,#1763,.T.);
#2250=ORIENTED_EDGE('',*,*,#1753,.F.);
#2251=ORIENTED_EDGE('',*,*,#1764,.T.);
#2252=ORIENTED_EDGE('',*,*,#1765,.T.);
#2253=ORIENTED_EDGE('',*,*,#1730,.F.);
#2254=ORIENTED_EDGE('',*,*,#1766,.T.);
#2255=ORIENTED_EDGE('',*,*,#1767,.T.);
#2256=ORIENTED_EDGE('',*,*,#1768,.F.);
#2257=ORIENTED_EDGE('',*,*,#1769,.F.);
#2258=ORIENTED_EDGE('',*,*,#1768,.T.);
#2259=ORIENTED_EDGE('',*,*,#1770,.F.);
#2260=ORIENTED_EDGE('',*,*,#1771,.F.);
#2261=ORIENTED_EDGE('',*,*,#1767,.F.);
#2262=ORIENTED_EDGE('',*,*,#1772,.F.);
#2263=ORIENTED_EDGE('',*,*,#1773,.F.);
#2264=ORIENTED_EDGE('',*,*,#1774,.F.);
#2265=ORIENTED_EDGE('',*,*,#1772,.T.);
#2266=ORIENTED_EDGE('',*,*,#1766,.F.);
#2267=ORIENTED_EDGE('',*,*,#1771,.T.);
#2268=ORIENTED_EDGE('',*,*,#1775,.F.);
#2269=ORIENTED_EDGE('',*,*,#1774,.T.);
#2270=ORIENTED_EDGE('',*,*,#1776,.T.);
#2271=ORIENTED_EDGE('',*,*,#1777,.T.);
#2272=ORIENTED_EDGE('',*,*,#1776,.F.);
#2273=ORIENTED_EDGE('',*,*,#1775,.T.);
#2274=ORIENTED_EDGE('',*,*,#1770,.T.);
#2275=ORIENTED_EDGE('',*,*,#1769,.T.);
#2276=ORIENTED_EDGE('',*,*,#1773,.T.);
#2277=ORIENTED_EDGE('',*,*,#1778,.T.);
#2278=ORIENTED_EDGE('',*,*,#1777,.F.);
#2279=ORIENTED_EDGE('',*,*,#1778,.F.);
#2280=ORIENTED_EDGE('',*,*,#1779,.T.);
#2281=ORIENTED_EDGE('',*,*,#1780,.T.);
#2282=ORIENTED_EDGE('',*,*,#1779,.F.);
#2283=ORIENTED_EDGE('',*,*,#1780,.F.);
#2284=ORIENTED_EDGE('',*,*,#1781,.T.);
#2285=ORIENTED_EDGE('',*,*,#1782,.T.);
#2286=ORIENTED_EDGE('',*,*,#1781,.F.);
#2287=ORIENTED_EDGE('',*,*,#1783,.T.);
#2288=ORIENTED_EDGE('',*,*,#1782,.F.);
#2289=ORIENTED_EDGE('',*,*,#1783,.F.);
#2290=ORIENTED_EDGE('',*,*,#1784,.T.);
#2291=ORIENTED_EDGE('',*,*,#1785,.T.);
#2292=ORIENTED_EDGE('',*,*,#1784,.F.);
#2293=ORIENTED_EDGE('',*,*,#1785,.F.);
#2294=ORIENTED_EDGE('',*,*,#1786,.T.);
#2295=ORIENTED_EDGE('',*,*,#1787,.T.);
#2296=ORIENTED_EDGE('',*,*,#1786,.F.);
#2297=ORIENTED_EDGE('',*,*,#1787,.F.);
#2298=ORIENTED_EDGE('',*,*,#1788,.T.);
#2299=ORIENTED_EDGE('',*,*,#1789,.F.);
#2300=ORIENTED_EDGE('',*,*,#1788,.F.);
#2301=ORIENTED_EDGE('',*,*,#1790,.T.);
#2302=ORIENTED_EDGE('',*,*,#1789,.T.);
#2303=ORIENTED_EDGE('',*,*,#1653,.T.);
#2304=ORIENTED_EDGE('',*,*,#1650,.T.);
#2305=ORIENTED_EDGE('',*,*,#1647,.T.);
#2306=ORIENTED_EDGE('',*,*,#1644,.T.);
#2307=ORIENTED_EDGE('',*,*,#1790,.F.);
#2308=ORIENTED_EDGE('',*,*,#1791,.T.);
#2309=ORIENTED_EDGE('',*,*,#1792,.F.);
#2310=ORIENTED_EDGE('',*,*,#1791,.F.);
#2311=ORIENTED_EDGE('',*,*,#1792,.T.);
#2312=ORIENTED_EDGE('',*,*,#1793,.T.);
#2313=ORIENTED_EDGE('',*,*,#1794,.T.);
#2314=ORIENTED_EDGE('',*,*,#1793,.F.);
#2315=ORIENTED_EDGE('',*,*,#1794,.F.);
#2316=ORIENTED_EDGE('',*,*,#1795,.T.);
#2317=ORIENTED_EDGE('',*,*,#1795,.F.);
#2318=ORIENTED_EDGE('',*,*,#1796,.T.);
#2319=ORIENTED_EDGE('',*,*,#1797,.T.);
#2320=ORIENTED_EDGE('',*,*,#1796,.F.);
#2321=ORIENTED_EDGE('',*,*,#1798,.T.);
#2322=ORIENTED_EDGE('',*,*,#1797,.F.);
#2323=ORIENTED_EDGE('',*,*,#1798,.F.);
#2324=ORIENTED_EDGE('',*,*,#1799,.T.);
#2325=ORIENTED_EDGE('',*,*,#1800,.T.);
#2326=ORIENTED_EDGE('',*,*,#1799,.F.);
#2327=ORIENTED_EDGE('',*,*,#1800,.F.);
#2328=ORIENTED_EDGE('',*,*,#1801,.T.);
#2329=ORIENTED_EDGE('',*,*,#1802,.T.);
#2330=ORIENTED_EDGE('',*,*,#1801,.F.);
#2331=ORIENTED_EDGE('',*,*,#1802,.F.);
#2332=ORIENTED_EDGE('',*,*,#1803,.T.);
#2333=ORIENTED_EDGE('',*,*,#1803,.F.);
#2334=ORIENTED_EDGE('',*,*,#1804,.T.);
#2335=ORIENTED_EDGE('',*,*,#1805,.T.);
#2336=ORIENTED_EDGE('',*,*,#1804,.F.);
#2337=ORIENTED_EDGE('',*,*,#1806,.T.);
#2338=ORIENTED_EDGE('',*,*,#1805,.F.);
#2339=ORIENTED_EDGE('',*,*,#1806,.F.);
#2340=ORIENTED_EDGE('',*,*,#1807,.T.);
#2341=ORIENTED_EDGE('',*,*,#1808,.T.);
#2342=ORIENTED_EDGE('',*,*,#1807,.F.);
#2343=ORIENTED_EDGE('',*,*,#1808,.F.);
#2344=ORIENTED_EDGE('',*,*,#1809,.T.);
#2345=ORIENTED_EDGE('',*,*,#1810,.T.);
#2346=ORIENTED_EDGE('',*,*,#1809,.F.);
#2347=ORIENTED_EDGE('',*,*,#1810,.F.);
#2348=ORIENTED_EDGE('',*,*,#1811,.T.);
#2349=ORIENTED_EDGE('',*,*,#1812,.T.);
#2350=ORIENTED_EDGE('',*,*,#1811,.F.);
#2351=ORIENTED_EDGE('',*,*,#1812,.F.);
#2352=ORIENTED_EDGE('',*,*,#1813,.T.);
#2353=ORIENTED_EDGE('',*,*,#1814,.F.);
#2354=ORIENTED_EDGE('',*,*,#1815,.T.);
#2355=ORIENTED_EDGE('',*,*,#1813,.F.);
#2356=ORIENTED_EDGE('',*,*,#1816,.T.);
#2357=ORIENTED_EDGE('',*,*,#1817,.T.);
#2358=ORIENTED_EDGE('',*,*,#1816,.F.);
#2359=ORIENTED_EDGE('',*,*,#1818,.F.);
#2360=ORIENTED_EDGE('',*,*,#1819,.T.);
#2361=ORIENTED_EDGE('',*,*,#1814,.T.);
#2362=ORIENTED_EDGE('',*,*,#1819,.F.);
#2363=ORIENTED_EDGE('',*,*,#1820,.T.);
#2364=ORIENTED_EDGE('',*,*,#1817,.F.);
#2365=ORIENTED_EDGE('',*,*,#1821,.F.);
#2366=ORIENTED_EDGE('',*,*,#1822,.T.);
#2367=ORIENTED_EDGE('',*,*,#1818,.T.);
#2368=ORIENTED_EDGE('',*,*,#1822,.F.);
#2369=ORIENTED_EDGE('',*,*,#1820,.F.);
#2370=ORIENTED_EDGE('',*,*,#1823,.T.);
#2371=ORIENTED_EDGE('',*,*,#1824,.T.);
#2372=ORIENTED_EDGE('',*,*,#1823,.F.);
#2373=ORIENTED_EDGE('',*,*,#1825,.F.);
#2374=ORIENTED_EDGE('',*,*,#1826,.T.);
#2375=ORIENTED_EDGE('',*,*,#1821,.T.);
#2376=ORIENTED_EDGE('',*,*,#1826,.F.);
#2377=ORIENTED_EDGE('',*,*,#1824,.F.);
#2378=ORIENTED_EDGE('',*,*,#1827,.T.);
#2379=ORIENTED_EDGE('',*,*,#1828,.T.);
#2380=ORIENTED_EDGE('',*,*,#1827,.F.);
#2381=ORIENTED_EDGE('',*,*,#1825,.T.);
#2382=ORIENTED_EDGE('',*,*,#1829,.F.);
#2383=ORIENTED_EDGE('',*,*,#1828,.F.);
#2384=ORIENTED_EDGE('',*,*,#1830,.T.);
#2385=ORIENTED_EDGE('',*,*,#1831,.T.);
#2386=ORIENTED_EDGE('',*,*,#1830,.F.);
#2387=ORIENTED_EDGE('',*,*,#1832,.F.);
#2388=ORIENTED_EDGE('',*,*,#1833,.F.);
#2389=ORIENTED_EDGE('',*,*,#1834,.T.);
#2390=ORIENTED_EDGE('',*,*,#1829,.T.);
#2391=ORIENTED_EDGE('',*,*,#1834,.F.);
#2392=ORIENTED_EDGE('',*,*,#1831,.F.);
#2393=ORIENTED_EDGE('',*,*,#1835,.T.);
#2394=ORIENTED_EDGE('',*,*,#1832,.T.);
#2395=ORIENTED_EDGE('',*,*,#1833,.T.);
#2396=ORIENTED_EDGE('',*,*,#1836,.T.);
#2397=ORIENTED_EDGE('',*,*,#1837,.F.);
#2398=ORIENTED_EDGE('',*,*,#1838,.F.);
#2399=ORIENTED_EDGE('',*,*,#1836,.F.);
#2400=ORIENTED_EDGE('',*,*,#1835,.F.);
#2401=ORIENTED_EDGE('',*,*,#1839,.T.);
#2402=ORIENTED_EDGE('',*,*,#1840,.T.);
#2403=ORIENTED_EDGE('',*,*,#1839,.F.);
#2404=ORIENTED_EDGE('',*,*,#1718,.F.);
#2405=ORIENTED_EDGE('',*,*,#1841,.T.);
#2406=ORIENTED_EDGE('',*,*,#1837,.T.);
#2407=ORIENTED_EDGE('',*,*,#1838,.T.);
#2408=ORIENTED_EDGE('',*,*,#1841,.F.);
#2409=ORIENTED_EDGE('',*,*,#1842,.T.);
#2410=ORIENTED_EDGE('',*,*,#1840,.F.);
#2411=ORIENTED_EDGE('',*,*,#1843,.T.);
#2412=ORIENTED_EDGE('',*,*,#1844,.T.);
#2413=ORIENTED_EDGE('',*,*,#1845,.T.);
#2414=ORIENTED_EDGE('',*,*,#1846,.T.);
#2415=ORIENTED_EDGE('',*,*,#1847,.T.);
#2416=ORIENTED_EDGE('',*,*,#1848,.T.);
#2417=ORIENTED_EDGE('',*,*,#1849,.T.);
#2418=ORIENTED_EDGE('',*,*,#1844,.F.);
#2419=ORIENTED_EDGE('',*,*,#1850,.F.);
#2420=ORIENTED_EDGE('',*,*,#1851,.F.);
#2421=ORIENTED_EDGE('',*,*,#1848,.F.);
#2422=ORIENTED_EDGE('',*,*,#1852,.T.);
#2423=ORIENTED_EDGE('',*,*,#1716,.F.);
#2424=ORIENTED_EDGE('',*,*,#1853,.T.);
#2425=ORIENTED_EDGE('',*,*,#1846,.F.);
#2426=ORIENTED_EDGE('',*,*,#1854,.F.);
#2427=ORIENTED_EDGE('',*,*,#1855,.T.);
#2428=ORIENTED_EDGE('',*,*,#1856,.T.);
#2429=ORIENTED_EDGE('',*,*,#1857,.F.);
#2430=ORIENTED_EDGE('',*,*,#1856,.F.);
#2431=ORIENTED_EDGE('',*,*,#1858,.T.);
#2432=ORIENTED_EDGE('',*,*,#1859,.T.);
#2433=ORIENTED_EDGE('',*,*,#1860,.F.);
#2434=ORIENTED_EDGE('',*,*,#1859,.F.);
#2435=ORIENTED_EDGE('',*,*,#1861,.T.);
#2436=ORIENTED_EDGE('',*,*,#1761,.T.);
#2437=ORIENTED_EDGE('',*,*,#1862,.T.);
#2438=ORIENTED_EDGE('',*,*,#1863,.T.);
#2439=ORIENTED_EDGE('',*,*,#1864,.T.);
#2440=ORIENTED_EDGE('',*,*,#1865,.T.);
#2441=ORIENTED_EDGE('',*,*,#1850,.T.);
#2442=ORIENTED_EDGE('',*,*,#1857,.T.);
#2443=ORIENTED_EDGE('',*,*,#1860,.T.);
#2444=ORIENTED_EDGE('',*,*,#1760,.T.);
#2445=ORIENTED_EDGE('',*,*,#1866,.T.);
#2446=ORIENTED_EDGE('',*,*,#1867,.T.);
#2447=ORIENTED_EDGE('',*,*,#1868,.T.);
#2448=ORIENTED_EDGE('',*,*,#1869,.T.);
#2449=ORIENTED_EDGE('',*,*,#1870,.T.);
#2450=ORIENTED_EDGE('',*,*,#1871,.T.);
#2451=ORIENTED_EDGE('',*,*,#1849,.F.);
#2452=ORIENTED_EDGE('',*,*,#1851,.T.);
#2453=ORIENTED_EDGE('',*,*,#1865,.F.);
#2454=ORIENTED_EDGE('',*,*,#1872,.F.);
#2455=ORIENTED_EDGE('',*,*,#1873,.T.);
#2456=ORIENTED_EDGE('',*,*,#1854,.T.);
#2457=ORIENTED_EDGE('',*,*,#1845,.F.);
#2458=ORIENTED_EDGE('',*,*,#1874,.F.);
#2459=ORIENTED_EDGE('',*,*,#1875,.F.);
#2460=ORIENTED_EDGE('',*,*,#1876,.F.);
#2461=ORIENTED_EDGE('',*,*,#1877,.F.);
#2462=ORIENTED_EDGE('',*,*,#1878,.F.);
#2463=ORIENTED_EDGE('',*,*,#1879,.F.);
#2464=ORIENTED_EDGE('',*,*,#1764,.F.);
#2465=ORIENTED_EDGE('',*,*,#1762,.F.);
#2466=ORIENTED_EDGE('',*,*,#1861,.F.);
#2467=ORIENTED_EDGE('',*,*,#1858,.F.);
#2468=ORIENTED_EDGE('',*,*,#1855,.F.);
#2469=ORIENTED_EDGE('',*,*,#1873,.F.);
#2470=ORIENTED_EDGE('',*,*,#1880,.F.);
#2471=ORIENTED_EDGE('',*,*,#1881,.F.);
#2472=ORIENTED_EDGE('',*,*,#1736,.F.);
#2473=ORIENTED_EDGE('',*,*,#1882,.F.);
#2474=ORIENTED_EDGE('',*,*,#1874,.T.);
#2475=ORIENTED_EDGE('',*,*,#1883,.T.);
#2476=ORIENTED_EDGE('',*,*,#1735,.F.);
#2477=ORIENTED_EDGE('',*,*,#1884,.F.);
#2478=ORIENTED_EDGE('',*,*,#1875,.T.);
#2479=ORIENTED_EDGE('',*,*,#1882,.T.);
#2480=ORIENTED_EDGE('',*,*,#1734,.F.);
#2481=ORIENTED_EDGE('',*,*,#1885,.F.);
#2482=ORIENTED_EDGE('',*,*,#1876,.T.);
#2483=ORIENTED_EDGE('',*,*,#1884,.T.);
#2484=ORIENTED_EDGE('',*,*,#1733,.F.);
#2485=ORIENTED_EDGE('',*,*,#1886,.F.);
#2486=ORIENTED_EDGE('',*,*,#1877,.T.);
#2487=ORIENTED_EDGE('',*,*,#1885,.T.);
#2488=ORIENTED_EDGE('',*,*,#1732,.F.);
#2489=ORIENTED_EDGE('',*,*,#1887,.F.);
#2490=ORIENTED_EDGE('',*,*,#1878,.T.);
#2491=ORIENTED_EDGE('',*,*,#1886,.T.);
#2492=ORIENTED_EDGE('',*,*,#1731,.F.);
#2493=ORIENTED_EDGE('',*,*,#1765,.F.);
#2494=ORIENTED_EDGE('',*,*,#1879,.T.);
#2495=ORIENTED_EDGE('',*,*,#1887,.T.);
#2496=ORIENTED_EDGE('',*,*,#1737,.F.);
#2497=ORIENTED_EDGE('',*,*,#1883,.F.);
#2498=ORIENTED_EDGE('',*,*,#1881,.T.);
#2499=ORIENTED_EDGE('',*,*,#1888,.T.);
#2500=ORIENTED_EDGE('',*,*,#1889,.F.);
#2501=ORIENTED_EDGE('',*,*,#1721,.F.);
#2502=ORIENTED_EDGE('',*,*,#1750,.F.);
#2503=ORIENTED_EDGE('',*,*,#1890,.T.);
#2504=ORIENTED_EDGE('',*,*,#1866,.F.);
#2505=ORIENTED_EDGE('',*,*,#1759,.F.);
#2506=ORIENTED_EDGE('',*,*,#1749,.F.);
#2507=ORIENTED_EDGE('',*,*,#1891,.T.);
#2508=ORIENTED_EDGE('',*,*,#1867,.F.);
#2509=ORIENTED_EDGE('',*,*,#1890,.F.);
#2510=ORIENTED_EDGE('',*,*,#1748,.F.);
#2511=ORIENTED_EDGE('',*,*,#1892,.T.);
#2512=ORIENTED_EDGE('',*,*,#1868,.F.);
#2513=ORIENTED_EDGE('',*,*,#1891,.F.);
#2514=ORIENTED_EDGE('',*,*,#1747,.F.);
#2515=ORIENTED_EDGE('',*,*,#1893,.T.);
#2516=ORIENTED_EDGE('',*,*,#1869,.F.);
#2517=ORIENTED_EDGE('',*,*,#1892,.F.);
#2518=ORIENTED_EDGE('',*,*,#1746,.F.);
#2519=ORIENTED_EDGE('',*,*,#1894,.T.);
#2520=ORIENTED_EDGE('',*,*,#1870,.F.);
#2521=ORIENTED_EDGE('',*,*,#1893,.F.);
#2522=ORIENTED_EDGE('',*,*,#1745,.F.);
#2523=ORIENTED_EDGE('',*,*,#1895,.T.);
#2524=ORIENTED_EDGE('',*,*,#1871,.F.);
#2525=ORIENTED_EDGE('',*,*,#1894,.F.);
#2526=ORIENTED_EDGE('',*,*,#1744,.F.);
#2527=ORIENTED_EDGE('',*,*,#1896,.T.);
#2528=ORIENTED_EDGE('',*,*,#1862,.F.);
#2529=ORIENTED_EDGE('',*,*,#1895,.F.);
#2530=ORIENTED_EDGE('',*,*,#1743,.F.);
#2531=ORIENTED_EDGE('',*,*,#1897,.T.);
#2532=ORIENTED_EDGE('',*,*,#1863,.F.);
#2533=ORIENTED_EDGE('',*,*,#1896,.F.);
#2534=ORIENTED_EDGE('',*,*,#1742,.F.);
#2535=ORIENTED_EDGE('',*,*,#1752,.F.);
#2536=ORIENTED_EDGE('',*,*,#1738,.F.);
#2537=ORIENTED_EDGE('',*,*,#1888,.F.);
#2538=ORIENTED_EDGE('',*,*,#1880,.T.);
#2539=ORIENTED_EDGE('',*,*,#1872,.T.);
#2540=ORIENTED_EDGE('',*,*,#1864,.F.);
#2541=ORIENTED_EDGE('',*,*,#1897,.F.);
#2542=ORIENTED_EDGE('',*,*,#1726,.T.);
#2543=ORIENTED_EDGE('',*,*,#1898,.T.);
#2544=ORIENTED_EDGE('',*,*,#1754,.F.);
#2545=ORIENTED_EDGE('',*,*,#1763,.F.);
#2546=ORIENTED_EDGE('',*,*,#1724,.T.);
#2547=ORIENTED_EDGE('',*,*,#1899,.T.);
#2548=ORIENTED_EDGE('',*,*,#1756,.F.);
#2549=ORIENTED_EDGE('',*,*,#1900,.T.);
#2550=ORIENTED_EDGE('',*,*,#1758,.F.);
#2551=ORIENTED_EDGE('',*,*,#1901,.T.);
#2552=ORIENTED_EDGE('',*,*,#1722,.T.);
#2553=ORIENTED_EDGE('',*,*,#1889,.T.);
#2554=ORIENTED_EDGE('',*,*,#1729,.T.);
#2555=ORIENTED_EDGE('',*,*,#1751,.T.);
#2556=ORIENTED_EDGE('',*,*,#1740,.T.);
#2557=ORIENTED_EDGE('',*,*,#1719,.T.);
#2558=ORIENTED_EDGE('',*,*,#1902,.T.);
#2559=ORIENTED_EDGE('',*,*,#1903,.T.);
#2560=ORIENTED_EDGE('',*,*,#1904,.T.);
#2561=ORIENTED_EDGE('',*,*,#1905,.T.);
#2562=ORIENTED_EDGE('',*,*,#1906,.T.);
#2563=ORIENTED_EDGE('',*,*,#1907,.T.);
#2564=ORIENTED_EDGE('',*,*,#1908,.T.);
#2565=ORIENTED_EDGE('',*,*,#1909,.T.);
#2566=ORIENTED_EDGE('',*,*,#1910,.T.);
#2567=ORIENTED_EDGE('',*,*,#1911,.T.);
#2568=ORIENTED_EDGE('',*,*,#1912,.T.);
#2569=ORIENTED_EDGE('',*,*,#1913,.T.);
#2570=ORIENTED_EDGE('',*,*,#1914,.T.);
#2571=ORIENTED_EDGE('',*,*,#1915,.T.);
#2572=ORIENTED_EDGE('',*,*,#1916,.T.);
#2573=ORIENTED_EDGE('',*,*,#1917,.T.);
#2574=ORIENTED_EDGE('',*,*,#1918,.T.);
#2575=ORIENTED_EDGE('',*,*,#1919,.T.);
#2576=ORIENTED_EDGE('',*,*,#1920,.T.);
#2577=ORIENTED_EDGE('',*,*,#1921,.T.);
#2578=ORIENTED_EDGE('',*,*,#1922,.F.);
#2579=ORIENTED_EDGE('',*,*,#1923,.F.);
#2580=ORIENTED_EDGE('',*,*,#1924,.F.);
#2581=ORIENTED_EDGE('',*,*,#1925,.F.);
#2582=ORIENTED_EDGE('',*,*,#1926,.T.);
#2583=ORIENTED_EDGE('',*,*,#1927,.T.);
#2584=ORIENTED_EDGE('',*,*,#1928,.T.);
#2585=ORIENTED_EDGE('',*,*,#1929,.T.);
#2586=ORIENTED_EDGE('',*,*,#1930,.T.);
#2587=ORIENTED_EDGE('',*,*,#1931,.F.);
#2588=ORIENTED_EDGE('',*,*,#1932,.F.);
#2589=ORIENTED_EDGE('',*,*,#1926,.F.);
#2590=ORIENTED_EDGE('',*,*,#1932,.T.);
#2591=ORIENTED_EDGE('',*,*,#1933,.F.);
#2592=ORIENTED_EDGE('',*,*,#1934,.T.);
#2593=ORIENTED_EDGE('',*,*,#1927,.F.);
#2594=ORIENTED_EDGE('',*,*,#1935,.T.);
#2595=ORIENTED_EDGE('',*,*,#1928,.F.);
#2596=ORIENTED_EDGE('',*,*,#1934,.F.);
#2597=ORIENTED_EDGE('',*,*,#1936,.F.);
#2598=ORIENTED_EDGE('',*,*,#1935,.F.);
#2599=ORIENTED_EDGE('',*,*,#1937,.F.);
#2600=ORIENTED_EDGE('',*,*,#1930,.F.);
#2601=ORIENTED_EDGE('',*,*,#1929,.F.);
#2602=ORIENTED_EDGE('',*,*,#1938,.T.);
#2603=ORIENTED_EDGE('',*,*,#1925,.T.);
#2604=ORIENTED_EDGE('',*,*,#1939,.F.);
#2605=ORIENTED_EDGE('',*,*,#1937,.T.);
#2606=ORIENTED_EDGE('',*,*,#1940,.T.);
#2607=ORIENTED_EDGE('',*,*,#1922,.T.);
#2608=ORIENTED_EDGE('',*,*,#1938,.F.);
#2609=ORIENTED_EDGE('',*,*,#1936,.T.);
#2610=ORIENTED_EDGE('',*,*,#1941,.T.);
#2611=ORIENTED_EDGE('',*,*,#1923,.T.);
#2612=ORIENTED_EDGE('',*,*,#1940,.F.);
#2613=ORIENTED_EDGE('',*,*,#1933,.T.);
#2614=ORIENTED_EDGE('',*,*,#1939,.T.);
#2615=ORIENTED_EDGE('',*,*,#1924,.T.);
#2616=ORIENTED_EDGE('',*,*,#1941,.F.);
#2617=ORIENTED_EDGE('',*,*,#1931,.T.);
#2618=ORIENTED_EDGE('',*,*,#1942,.T.);
#2619=ORIENTED_EDGE('',*,*,#1943,.T.);
#2620=ORIENTED_EDGE('',*,*,#1944,.T.);
#2621=ORIENTED_EDGE('',*,*,#1945,.T.);
#2622=ORIENTED_EDGE('',*,*,#1946,.T.);
#2623=ORIENTED_EDGE('',*,*,#1947,.F.);
#2624=ORIENTED_EDGE('',*,*,#1948,.F.);
#2625=ORIENTED_EDGE('',*,*,#1942,.F.);
#2626=ORIENTED_EDGE('',*,*,#1948,.T.);
#2627=ORIENTED_EDGE('',*,*,#1949,.F.);
#2628=ORIENTED_EDGE('',*,*,#1950,.T.);
#2629=ORIENTED_EDGE('',*,*,#1943,.F.);
#2630=ORIENTED_EDGE('',*,*,#1951,.T.);
#2631=ORIENTED_EDGE('',*,*,#1944,.F.);
#2632=ORIENTED_EDGE('',*,*,#1950,.F.);
#2633=ORIENTED_EDGE('',*,*,#1952,.F.);
#2634=ORIENTED_EDGE('',*,*,#1951,.F.);
#2635=ORIENTED_EDGE('',*,*,#1953,.F.);
#2636=ORIENTED_EDGE('',*,*,#1946,.F.);
#2637=ORIENTED_EDGE('',*,*,#1945,.F.);
#2638=ORIENTED_EDGE('',*,*,#1954,.T.);
#2639=ORIENTED_EDGE('',*,*,#1904,.F.);
#2640=ORIENTED_EDGE('',*,*,#1955,.F.);
#2641=ORIENTED_EDGE('',*,*,#1953,.T.);
#2642=ORIENTED_EDGE('',*,*,#1956,.T.);
#2643=ORIENTED_EDGE('',*,*,#1905,.F.);
#2644=ORIENTED_EDGE('',*,*,#1954,.F.);
#2645=ORIENTED_EDGE('',*,*,#1952,.T.);
#2646=ORIENTED_EDGE('',*,*,#1957,.T.);
#2647=ORIENTED_EDGE('',*,*,#1902,.F.);
#2648=ORIENTED_EDGE('',*,*,#1956,.F.);
#2649=ORIENTED_EDGE('',*,*,#1949,.T.);
#2650=ORIENTED_EDGE('',*,*,#1955,.T.);
#2651=ORIENTED_EDGE('',*,*,#1903,.F.);
#2652=ORIENTED_EDGE('',*,*,#1957,.F.);
#2653=ORIENTED_EDGE('',*,*,#1947,.T.);
#2654=ORIENTED_EDGE('',*,*,#1958,.T.);
#2655=ORIENTED_EDGE('',*,*,#1959,.T.);
#2656=ORIENTED_EDGE('',*,*,#1960,.T.);
#2657=ORIENTED_EDGE('',*,*,#1961,.T.);
#2658=ORIENTED_EDGE('',*,*,#1962,.T.);
#2659=ORIENTED_EDGE('',*,*,#1960,.F.);
#2660=ORIENTED_EDGE('',*,*,#1963,.F.);
#2661=ORIENTED_EDGE('',*,*,#1964,.F.);
#2662=ORIENTED_EDGE('',*,*,#1962,.F.);
#2663=ORIENTED_EDGE('',*,*,#1965,.F.);
#2664=ORIENTED_EDGE('',*,*,#1966,.F.);
#2665=ORIENTED_EDGE('',*,*,#1961,.F.);
#2666=ORIENTED_EDGE('',*,*,#1966,.T.);
#2667=ORIENTED_EDGE('',*,*,#1967,.F.);
#2668=ORIENTED_EDGE('',*,*,#1968,.F.);
#2669=ORIENTED_EDGE('',*,*,#1958,.F.);
#2670=ORIENTED_EDGE('',*,*,#1968,.T.);
#2671=ORIENTED_EDGE('',*,*,#1969,.F.);
#2672=ORIENTED_EDGE('',*,*,#1963,.T.);
#2673=ORIENTED_EDGE('',*,*,#1959,.F.);
#2674=ORIENTED_EDGE('',*,*,#1970,.T.);
#2675=ORIENTED_EDGE('',*,*,#1908,.F.);
#2676=ORIENTED_EDGE('',*,*,#1971,.F.);
#2677=ORIENTED_EDGE('',*,*,#1969,.T.);
#2678=ORIENTED_EDGE('',*,*,#1972,.T.);
#2679=ORIENTED_EDGE('',*,*,#1909,.F.);
#2680=ORIENTED_EDGE('',*,*,#1970,.F.);
#2681=ORIENTED_EDGE('',*,*,#1967,.T.);
#2682=ORIENTED_EDGE('',*,*,#1973,.T.);
#2683=ORIENTED_EDGE('',*,*,#1906,.F.);
#2684=ORIENTED_EDGE('',*,*,#1972,.F.);
#2685=ORIENTED_EDGE('',*,*,#1965,.T.);
#2686=ORIENTED_EDGE('',*,*,#1971,.T.);
#2687=ORIENTED_EDGE('',*,*,#1907,.F.);
#2688=ORIENTED_EDGE('',*,*,#1973,.F.);
#2689=ORIENTED_EDGE('',*,*,#1964,.T.);
#2690=ORIENTED_EDGE('',*,*,#1974,.F.);
#2691=ORIENTED_EDGE('',*,*,#1975,.F.);
#2692=ORIENTED_EDGE('',*,*,#1976,.F.);
#2693=ORIENTED_EDGE('',*,*,#1977,.F.);
#2694=ORIENTED_EDGE('',*,*,#1978,.F.);
#2695=ORIENTED_EDGE('',*,*,#1974,.T.);
#2696=ORIENTED_EDGE('',*,*,#1979,.T.);
#2697=ORIENTED_EDGE('',*,*,#1980,.T.);
#2698=ORIENTED_EDGE('',*,*,#1981,.T.);
#2699=ORIENTED_EDGE('',*,*,#1975,.T.);
#2700=ORIENTED_EDGE('',*,*,#1978,.T.);
#2701=ORIENTED_EDGE('',*,*,#1982,.T.);
#2702=ORIENTED_EDGE('',*,*,#1981,.F.);
#2703=ORIENTED_EDGE('',*,*,#1983,.T.);
#2704=ORIENTED_EDGE('',*,*,#1984,.T.);
#2705=ORIENTED_EDGE('',*,*,#1976,.T.);
#2706=ORIENTED_EDGE('',*,*,#1979,.F.);
#2707=ORIENTED_EDGE('',*,*,#1977,.T.);
#2708=ORIENTED_EDGE('',*,*,#1984,.F.);
#2709=ORIENTED_EDGE('',*,*,#1985,.T.);
#2710=ORIENTED_EDGE('',*,*,#1986,.T.);
#2711=ORIENTED_EDGE('',*,*,#1912,.F.);
#2712=ORIENTED_EDGE('',*,*,#1987,.F.);
#2713=ORIENTED_EDGE('',*,*,#1985,.F.);
#2714=ORIENTED_EDGE('',*,*,#1988,.T.);
#2715=ORIENTED_EDGE('',*,*,#1913,.F.);
#2716=ORIENTED_EDGE('',*,*,#1986,.F.);
#2717=ORIENTED_EDGE('',*,*,#1983,.F.);
#2718=ORIENTED_EDGE('',*,*,#1989,.T.);
#2719=ORIENTED_EDGE('',*,*,#1910,.F.);
#2720=ORIENTED_EDGE('',*,*,#1988,.F.);
#2721=ORIENTED_EDGE('',*,*,#1982,.F.);
#2722=ORIENTED_EDGE('',*,*,#1987,.T.);
#2723=ORIENTED_EDGE('',*,*,#1911,.F.);
#2724=ORIENTED_EDGE('',*,*,#1989,.F.);
#2725=ORIENTED_EDGE('',*,*,#1980,.F.);
#2726=ORIENTED_EDGE('',*,*,#1990,.F.);
#2727=ORIENTED_EDGE('',*,*,#1991,.F.);
#2728=ORIENTED_EDGE('',*,*,#1992,.F.);
#2729=ORIENTED_EDGE('',*,*,#1993,.F.);
#2730=ORIENTED_EDGE('',*,*,#1994,.T.);
#2731=ORIENTED_EDGE('',*,*,#1991,.T.);
#2732=ORIENTED_EDGE('',*,*,#1995,.T.);
#2733=ORIENTED_EDGE('',*,*,#1996,.T.);
#2734=ORIENTED_EDGE('',*,*,#1994,.F.);
#2735=ORIENTED_EDGE('',*,*,#1997,.T.);
#2736=ORIENTED_EDGE('',*,*,#1998,.T.);
#2737=ORIENTED_EDGE('',*,*,#1992,.T.);
#2738=ORIENTED_EDGE('',*,*,#1999,.F.);
#2739=ORIENTED_EDGE('',*,*,#1993,.T.);
#2740=ORIENTED_EDGE('',*,*,#1998,.F.);
#2741=ORIENTED_EDGE('',*,*,#2000,.T.);
#2742=ORIENTED_EDGE('',*,*,#1995,.F.);
#2743=ORIENTED_EDGE('',*,*,#1990,.T.);
#2744=ORIENTED_EDGE('',*,*,#1999,.T.);
#2745=ORIENTED_EDGE('',*,*,#2001,.T.);
#2746=ORIENTED_EDGE('',*,*,#2002,.T.);
#2747=ORIENTED_EDGE('',*,*,#1916,.F.);
#2748=ORIENTED_EDGE('',*,*,#2003,.F.);
#2749=ORIENTED_EDGE('',*,*,#2001,.F.);
#2750=ORIENTED_EDGE('',*,*,#2004,.T.);
#2751=ORIENTED_EDGE('',*,*,#1917,.F.);
#2752=ORIENTED_EDGE('',*,*,#2002,.F.);
#2753=ORIENTED_EDGE('',*,*,#2000,.F.);
#2754=ORIENTED_EDGE('',*,*,#2005,.T.);
#2755=ORIENTED_EDGE('',*,*,#1914,.F.);
#2756=ORIENTED_EDGE('',*,*,#2004,.F.);
#2757=ORIENTED_EDGE('',*,*,#1997,.F.);
#2758=ORIENTED_EDGE('',*,*,#2003,.T.);
#2759=ORIENTED_EDGE('',*,*,#1915,.F.);
#2760=ORIENTED_EDGE('',*,*,#2005,.F.);
#2761=ORIENTED_EDGE('',*,*,#1996,.F.);
#2762=ORIENTED_EDGE('',*,*,#2006,.F.);
#2763=ORIENTED_EDGE('',*,*,#2007,.F.);
#2764=ORIENTED_EDGE('',*,*,#2008,.F.);
#2765=ORIENTED_EDGE('',*,*,#2009,.F.);
#2766=ORIENTED_EDGE('',*,*,#2010,.T.);
#2767=ORIENTED_EDGE('',*,*,#2007,.T.);
#2768=ORIENTED_EDGE('',*,*,#2011,.T.);
#2769=ORIENTED_EDGE('',*,*,#2012,.T.);
#2770=ORIENTED_EDGE('',*,*,#2011,.F.);
#2771=ORIENTED_EDGE('',*,*,#2006,.T.);
#2772=ORIENTED_EDGE('',*,*,#2013,.T.);
#2773=ORIENTED_EDGE('',*,*,#2014,.T.);
#2774=ORIENTED_EDGE('',*,*,#2010,.F.);
#2775=ORIENTED_EDGE('',*,*,#2015,.T.);
#2776=ORIENTED_EDGE('',*,*,#2016,.T.);
#2777=ORIENTED_EDGE('',*,*,#2008,.T.);
#2778=ORIENTED_EDGE('',*,*,#2013,.F.);
#2779=ORIENTED_EDGE('',*,*,#2009,.T.);
#2780=ORIENTED_EDGE('',*,*,#2016,.F.);
#2781=ORIENTED_EDGE('',*,*,#2017,.T.);
#2782=ORIENTED_EDGE('',*,*,#2018,.T.);
#2783=ORIENTED_EDGE('',*,*,#1920,.F.);
#2784=ORIENTED_EDGE('',*,*,#2019,.F.);
#2785=ORIENTED_EDGE('',*,*,#2017,.F.);
#2786=ORIENTED_EDGE('',*,*,#2020,.T.);
#2787=ORIENTED_EDGE('',*,*,#1921,.F.);
#2788=ORIENTED_EDGE('',*,*,#2018,.F.);
#2789=ORIENTED_EDGE('',*,*,#2015,.F.);
#2790=ORIENTED_EDGE('',*,*,#2019,.T.);
#2791=ORIENTED_EDGE('',*,*,#1919,.F.);
#2792=ORIENTED_EDGE('',*,*,#2021,.F.);
#2793=ORIENTED_EDGE('',*,*,#2014,.F.);
#2794=ORIENTED_EDGE('',*,*,#2021,.T.);
#2795=ORIENTED_EDGE('',*,*,#1918,.F.);
#2796=ORIENTED_EDGE('',*,*,#2020,.F.);
#2797=ORIENTED_EDGE('',*,*,#2012,.F.);
#2798=ORIENTED_EDGE('',*,*,#1725,.F.);
#2799=ORIENTED_EDGE('',*,*,#1900,.F.);
#2800=ORIENTED_EDGE('',*,*,#1755,.F.);
#2801=ORIENTED_EDGE('',*,*,#1898,.F.);
#2802=ORIENTED_EDGE('',*,*,#1723,.F.);
#2803=ORIENTED_EDGE('',*,*,#1901,.F.);
#2804=ORIENTED_EDGE('',*,*,#1757,.F.);
#2805=ORIENTED_EDGE('',*,*,#1899,.F.);
#2806=ORIENTED_EDGE('',*,*,#2022,.F.);
#2807=ORIENTED_EDGE('',*,*,#1675,.F.);
#2808=ORIENTED_EDGE('',*,*,#2023,.F.);
#2809=ORIENTED_EDGE('',*,*,#1691,.F.);
#2810=ORIENTED_EDGE('',*,*,#2024,.F.);
#2811=ORIENTED_EDGE('',*,*,#2022,.T.);
#2812=ORIENTED_EDGE('',*,*,#2025,.F.);
#2813=ORIENTED_EDGE('',*,*,#2026,.F.);
#2814=ORIENTED_EDGE('',*,*,#2023,.T.);
#2815=ORIENTED_EDGE('',*,*,#2027,.F.);
#2816=ORIENTED_EDGE('',*,*,#2025,.T.);
#2817=ORIENTED_EDGE('',*,*,#1690,.F.);
#2818=ORIENTED_EDGE('',*,*,#2028,.F.);
#2819=ORIENTED_EDGE('',*,*,#1679,.F.);
#2820=ORIENTED_EDGE('',*,*,#2024,.T.);
#2821=ORIENTED_EDGE('',*,*,#1678,.F.);
#2822=ORIENTED_EDGE('',*,*,#2029,.F.);
#2823=ORIENTED_EDGE('',*,*,#1672,.F.);
#2824=ORIENTED_EDGE('',*,*,#2030,.F.);
#2825=ORIENTED_EDGE('',*,*,#1673,.F.);
#2826=ORIENTED_EDGE('',*,*,#2031,.F.);
#2827=ORIENTED_EDGE('',*,*,#1659,.F.);
#2828=ORIENTED_EDGE('',*,*,#2027,.T.);
#2829=ORIENTED_EDGE('',*,*,#1674,.F.);
#2830=ORIENTED_EDGE('',*,*,#2032,.F.);
#2831=ORIENTED_EDGE('',*,*,#1684,.F.);
#2832=ORIENTED_EDGE('',*,*,#2026,.T.);
#2833=ORIENTED_EDGE('',*,*,#1687,.F.);
#2834=ORIENTED_EDGE('',*,*,#2033,.F.);
#2835=ORIENTED_EDGE('',*,*,#1688,.F.);
#2836=ORIENTED_EDGE('',*,*,#2034,.F.);
#2837=ORIENTED_EDGE('',*,*,#1689,.F.);
#2838=ORIENTED_EDGE('',*,*,#2035,.F.);
#2839=ORIENTED_EDGE('',*,*,#1683,.F.);
#2840=ORIENTED_EDGE('',*,*,#2028,.T.);
#2841=ORIENTED_EDGE('',*,*,#2034,.T.);
#2842=ORIENTED_EDGE('',*,*,#2036,.F.);
#2843=ORIENTED_EDGE('',*,*,#2031,.T.);
#2844=ORIENTED_EDGE('',*,*,#2029,.T.);
#2845=ORIENTED_EDGE('',*,*,#2037,.F.);
#2846=ORIENTED_EDGE('',*,*,#2032,.T.);
#2847=ORIENTED_EDGE('',*,*,#2030,.T.);
#2848=ORIENTED_EDGE('',*,*,#2038,.F.);
#2849=ORIENTED_EDGE('',*,*,#2035,.T.);
#2850=ORIENTED_EDGE('',*,*,#2033,.T.);
#2851=ORIENTED_EDGE('',*,*,#2039,.F.);
#2852=ORIENTED_EDGE('',*,*,#2036,.T.);
#2853=ORIENTED_EDGE('',*,*,#1682,.F.);
#2854=ORIENTED_EDGE('',*,*,#2040,.F.);
#2855=ORIENTED_EDGE('',*,*,#1676,.F.);
#2856=ORIENTED_EDGE('',*,*,#2037,.T.);
#2857=ORIENTED_EDGE('',*,*,#1677,.F.);
#2858=ORIENTED_EDGE('',*,*,#2041,.F.);
#2859=ORIENTED_EDGE('',*,*,#1656,.F.);
#2860=ORIENTED_EDGE('',*,*,#2038,.T.);
#2861=ORIENTED_EDGE('',*,*,#1658,.F.);
#2862=ORIENTED_EDGE('',*,*,#2042,.F.);
#2863=ORIENTED_EDGE('',*,*,#1685,.F.);
#2864=ORIENTED_EDGE('',*,*,#2039,.T.);
#2865=ORIENTED_EDGE('',*,*,#1686,.F.);
#2866=ORIENTED_EDGE('',*,*,#2043,.F.);
#2867=ORIENTED_EDGE('',*,*,#1680,.F.);
#2868=ORIENTED_EDGE('',*,*,#2041,.T.);
#2869=ORIENTED_EDGE('',*,*,#2040,.T.);
#2870=ORIENTED_EDGE('',*,*,#2044,.F.);
#2871=ORIENTED_EDGE('',*,*,#2043,.T.);
#2872=ORIENTED_EDGE('',*,*,#2042,.T.);
#2873=ORIENTED_EDGE('',*,*,#2045,.F.);
#2874=ORIENTED_EDGE('',*,*,#2044,.T.);
#2875=ORIENTED_EDGE('',*,*,#1681,.F.);
#2876=ORIENTED_EDGE('',*,*,#2045,.T.);
#2877=ORIENTED_EDGE('',*,*,#1657,.F.);
#2878=ORIENTED_EDGE('',*,*,#1842,.F.);
#2879=ORIENTED_EDGE('',*,*,#2046,.T.);
#2880=ORIENTED_EDGE('',*,*,#1843,.F.);
#2881=ORIENTED_EDGE('',*,*,#2046,.F.);
#2882=ORIENTED_EDGE('',*,*,#1853,.F.);
#2883=ORIENTED_EDGE('',*,*,#1717,.F.);
#2884=ORIENTED_EDGE('',*,*,#1852,.F.);
#2885=ORIENTED_EDGE('',*,*,#1847,.F.);
#2886=ORIENTED_EDGE('',*,*,#2047,.T.);
#2887=ORIENTED_EDGE('',*,*,#2048,.T.);
#2888=ORIENTED_EDGE('',*,*,#2049,.T.);
#2889=ORIENTED_EDGE('',*,*,#2048,.F.);
#2890=ORIENTED_EDGE('',*,*,#2050,.T.);
#2891=ORIENTED_EDGE('',*,*,#2051,.T.);
#2892=ORIENTED_EDGE('',*,*,#2052,.T.);
#2893=ORIENTED_EDGE('',*,*,#2053,.F.);
#2894=ORIENTED_EDGE('',*,*,#2054,.T.);
#2895=ORIENTED_EDGE('',*,*,#2055,.T.);
#2896=ORIENTED_EDGE('',*,*,#2054,.F.);
#2897=ORIENTED_EDGE('',*,*,#2056,.T.);
#2898=ORIENTED_EDGE('',*,*,#2057,.T.);
#2899=ORIENTED_EDGE('',*,*,#2058,.T.);
#2900=ORIENTED_EDGE('',*,*,#2057,.F.);
#2901=ORIENTED_EDGE('',*,*,#2059,.T.);
#2902=ORIENTED_EDGE('',*,*,#2053,.T.);
#2903=ORIENTED_EDGE('',*,*,#2060,.T.);
#2904=ORIENTED_EDGE('',*,*,#2061,.T.);
#2905=ORIENTED_EDGE('',*,*,#2062,.T.);
#2906=ORIENTED_EDGE('',*,*,#2063,.F.);
#2907=ORIENTED_EDGE('',*,*,#2062,.F.);
#2908=ORIENTED_EDGE('',*,*,#2055,.F.);
#2909=ORIENTED_EDGE('',*,*,#2063,.T.);
#2910=ORIENTED_EDGE('',*,*,#2058,.F.);
#2911=ORIENTED_EDGE('',*,*,#2064,.T.);
#2912=ORIENTED_EDGE('',*,*,#2059,.F.);
#2913=ORIENTED_EDGE('',*,*,#2064,.F.);
#2914=ORIENTED_EDGE('',*,*,#2049,.F.);
#2915=ORIENTED_EDGE('',*,*,#2065,.T.);
#2916=ORIENTED_EDGE('',*,*,#1815,.F.);
#2917=ORIENTED_EDGE('',*,*,#2065,.F.);
#2918=ORIENTED_EDGE('',*,*,#2047,.F.);
#2919=ORIENTED_EDGE('',*,*,#2066,.T.);
#2920=ORIENTED_EDGE('',*,*,#2051,.F.);
#2921=ORIENTED_EDGE('',*,*,#2066,.F.);
#2922=ORIENTED_EDGE('',*,*,#2050,.F.);
#2923=ORIENTED_EDGE('',*,*,#2052,.F.);
#2924=ORIENTED_EDGE('',*,*,#2067,.T.);
#2925=ORIENTED_EDGE('',*,*,#2056,.F.);
#2926=ORIENTED_EDGE('',*,*,#2067,.F.);
#2927=ORIENTED_EDGE('',*,*,#2060,.F.);
#2928=ORIENTED_EDGE('',*,*,#2068,.T.);
#2929=ORIENTED_EDGE('',*,*,#2061,.F.);
#2930=ORIENTED_EDGE('',*,*,#2068,.F.);
#2931=ORIENTED_EDGE('',*,*,#2069,.F.);
#2932=ORIENTED_EDGE('',*,*,#2070,.F.);
#2933=ORIENTED_EDGE('',*,*,#2071,.F.);
#2934=ORIENTED_EDGE('',*,*,#2072,.F.);
#2935=ORIENTED_EDGE('',*,*,#2070,.T.);
#2936=ORIENTED_EDGE('',*,*,#2073,.T.);
#2937=ORIENTED_EDGE('',*,*,#2071,.T.);
#2938=ORIENTED_EDGE('',*,*,#2073,.F.);
#2939=ORIENTED_EDGE('',*,*,#2069,.T.);
#2940=ORIENTED_EDGE('',*,*,#2074,.F.);
#2941=ORIENTED_EDGE('',*,*,#2072,.T.);
#2942=ORIENTED_EDGE('',*,*,#2074,.T.);
#2943=ORIENTED_EDGE('',*,*,#2075,.T.);
#2944=ORIENTED_EDGE('',*,*,#2076,.F.);
#2945=ORIENTED_EDGE('',*,*,#2077,.T.);
#2946=ORIENTED_EDGE('',*,*,#2078,.F.);
#2947=ORIENTED_EDGE('',*,*,#2079,.T.);
#2948=ORIENTED_EDGE('',*,*,#2076,.T.);
#2949=ORIENTED_EDGE('',*,*,#2080,.T.);
#2950=ORIENTED_EDGE('',*,*,#2078,.T.);
#2951=ORIENTED_EDGE('',*,*,#2077,.F.);
#2952=ORIENTED_EDGE('',*,*,#2079,.F.);
#2953=ORIENTED_EDGE('',*,*,#2075,.F.);
#2954=ORIENTED_EDGE('',*,*,#2080,.F.);
#2955=CYLINDRICAL_SURFACE('',#3219,1.2645);
#2956=CYLINDRICAL_SURFACE('',#3223,1.2645);
#2957=CYLINDRICAL_SURFACE('',#3227,1.2645);
#2958=CYLINDRICAL_SURFACE('',#3231,1.2645);
#2959=CYLINDRICAL_SURFACE('',#3282,2.);
#2960=CYLINDRICAL_SURFACE('',#3286,2.25224209836406);
#2961=CYLINDRICAL_SURFACE('',#3296,3.49513207836076);
#2962=CYLINDRICAL_SURFACE('',#3306,12.5);
#2963=CYLINDRICAL_SURFACE('',#3310,10.5967077766694);
#2964=CYLINDRICAL_SURFACE('',#3317,12.5);
#2965=CYLINDRICAL_SURFACE('',#3321,10.5967077766694);
#2966=CYLINDRICAL_SURFACE('',#3328,12.5);
#2967=CYLINDRICAL_SURFACE('',#3338,9.89579636879786);
#2968=CYLINDRICAL_SURFACE('',#3345,7.);
#2969=CYLINDRICAL_SURFACE('',#3353,12.2158092989046);
#2970=CYLINDRICAL_SURFACE('',#3369,8.97760625443429);
#2971=CYLINDRICAL_SURFACE('',#3375,12.2158092989046);
#2972=CYLINDRICAL_SURFACE('',#3382,0.341568338056956);
#2973=CYLINDRICAL_SURFACE('',#3397,0.207278700907019);
#2974=CYLINDRICAL_SURFACE('',#3399,0.233448073492376);
#2975=CYLINDRICAL_SURFACE('',#3401,0.254189209001012);
#2976=CYLINDRICAL_SURFACE('',#3402,0.212952812412084);
#2977=CYLINDRICAL_SURFACE('',#3404,0.254189209001012);
#2978=CYLINDRICAL_SURFACE('',#3406,0.233448073492376);
#2979=CYLINDRICAL_SURFACE('',#3408,0.207278700907019);
#2980=CYLINDRICAL_SURFACE('',#3410,0.212952812412084);
#2981=CYLINDRICAL_SURFACE('',#3470,0.0500000000000001);
#2982=CYLINDRICAL_SURFACE('',#3471,0.0500000000000001);
#2983=CYLINDRICAL_SURFACE('',#3472,0.100000000000002);
#2984=CYLINDRICAL_SURFACE('',#3481,0.100000000000002);
#2985=CYLINDRICAL_SURFACE('',#3483,0.100000000000002);
#2986=CYLINDRICAL_SURFACE('',#3485,0.100000000000002);
#2987=CYLINDRICAL_SURFACE('',#3488,0.100000000000002);
#2988=CYLINDRICAL_SURFACE('',#3490,0.100000000000002);
#2989=CYLINDRICAL_SURFACE('',#3492,0.100000000000002);
#2990=CYLINDRICAL_SURFACE('',#3503,0.100000000000002);
#2991=CYLINDRICAL_SURFACE('',#3505,0.100000000000002);
#2992=CYLINDRICAL_SURFACE('',#3507,0.100000000000002);
#2993=CYLINDRICAL_SURFACE('',#3509,0.100000000000002);
#2994=CYLINDRICAL_SURFACE('',#3515,0.100000000000002);
#2995=CYLINDRICAL_SURFACE('',#3519,5.5);
#2996=CYLINDRICAL_SURFACE('',#3526,1.11877109668593);
#2997=CYLINDRICAL_SURFACE('',#3529,1.44258891010096);
#2998=CYLINDRICAL_SURFACE('',#3536,1.);
#2999=CYLINDRICAL_SURFACE('',#3553,2.);
#3000=CYLINDRICAL_SURFACE('',#3556,2.);
#3001=ADVANCED_FACE('',(#212),#2955,.F.);
#3002=ADVANCED_FACE('',(#213),#86,.F.);
#3003=ADVANCED_FACE('',(#214),#2956,.F.);
#3004=ADVANCED_FACE('',(#215),#87,.F.);
#3005=ADVANCED_FACE('',(#216),#2957,.F.);
#3006=ADVANCED_FACE('',(#217),#88,.F.);
#3007=ADVANCED_FACE('',(#218),#2958,.F.);
#3008=ADVANCED_FACE('',(#219),#89,.F.);
#3009=ADVANCED_FACE('',(#220,#53,#54,#55),#90,.T.);
#3010=ADVANCED_FACE('',(#221),#91,.F.);
#3011=ADVANCED_FACE('',(#222),#92,.F.);
#3012=ADVANCED_FACE('',(#223),#93,.F.);
#3013=ADVANCED_FACE('',(#224),#94,.F.);
#3014=ADVANCED_FACE('',(#225),#95,.F.);
#3015=ADVANCED_FACE('',(#226),#96,.F.);
#3016=ADVANCED_FACE('',(#227),#97,.F.);
#3017=ADVANCED_FACE('',(#228),#98,.F.);
#3018=ADVANCED_FACE('',(#229),#99,.F.);
#3019=ADVANCED_FACE('',(#230),#100,.T.);
#3020=ADVANCED_FACE('',(#231),#101,.T.);
#3021=ADVANCED_FACE('',(#232),#102,.T.);
#3022=ADVANCED_FACE('',(#233),#103,.T.);
#3023=ADVANCED_FACE('',(#234),#104,.T.);
#3024=ADVANCED_FACE('',(#235),#105,.T.);
#3025=ADVANCED_FACE('',(#236),#106,.T.);
#3026=ADVANCED_FACE('',(#237),#107,.T.);
#3027=ADVANCED_FACE('',(#238,#56,#57,#58,#59),#108,.T.);
#3028=ADVANCED_FACE('',(#239),#109,.F.);
#3029=ADVANCED_FACE('',(#240),#110,.F.);
#3030=ADVANCED_FACE('',(#241),#111,.F.);
#3031=ADVANCED_FACE('',(#242),#112,.F.);
#3032=ADVANCED_FACE('',(#243),#113,.T.);
#3033=ADVANCED_FACE('',(#244),#114,.T.);
#3034=ADVANCED_FACE('',(#245),#115,.T.);
#3035=ADVANCED_FACE('',(#246),#116,.T.);
#3036=ADVANCED_FACE('',(#247),#117,.T.);
#3037=ADVANCED_FACE('',(#248),#49,.T.);
#3038=ADVANCED_FACE('',(#249),#2959,.T.);
#3039=ADVANCED_FACE('',(#250,#60),#118,.T.);
#3040=ADVANCED_FACE('',(#251),#2960,.F.);
#3041=ADVANCED_FACE('',(#252),#29,.T.);
#3042=ADVANCED_FACE('',(#253,#61),#119,.T.);
#3043=ADVANCED_FACE('',(#254),#30,.T.);
#3044=ADVANCED_FACE('',(#255),#2961,.T.);
#3045=ADVANCED_FACE('',(#256),#31,.F.);
#3046=ADVANCED_FACE('',(#257,#62,#63,#64,#65,#66),#120,.T.);
#3047=ADVANCED_FACE('',(#258),#32,.T.);
#3048=ADVANCED_FACE('',(#259),#2962,.T.);
#3049=ADVANCED_FACE('',(#260,#67),#121,.T.);
#3050=ADVANCED_FACE('',(#261),#2963,.T.);
#3051=ADVANCED_FACE('',(#262,#68),#122,.T.);
#3052=ADVANCED_FACE('',(#263),#33,.T.);
#3053=ADVANCED_FACE('',(#264),#2964,.T.);
#3054=ADVANCED_FACE('',(#265,#69),#123,.T.);
#3055=ADVANCED_FACE('',(#266),#2965,.T.);
#3056=ADVANCED_FACE('',(#267,#70),#124,.T.);
#3057=ADVANCED_FACE('',(#268),#34,.T.);
#3058=ADVANCED_FACE('',(#269),#2966,.T.);
#3059=ADVANCED_FACE('',(#270),#35,.T.);
#3060=ADVANCED_FACE('',(#271,#71),#125,.T.);
#3061=ADVANCED_FACE('',(#272,#72),#126,.T.);
#3062=ADVANCED_FACE('',(#273),#2967,.T.);
#3063=ADVANCED_FACE('',(#274),#36,.T.);
#3064=ADVANCED_FACE('',(#275,#73),#127,.T.);
#3065=ADVANCED_FACE('',(#276),#2968,.T.);
#3066=ADVANCED_FACE('',(#277),#37,.T.);
#3067=ADVANCED_FACE('',(#278),#38,.T.);
#3068=ADVANCED_FACE('',(#279),#2969,.T.);
#3069=ADVANCED_FACE('',(#280,#74),#128,.T.);
#3070=ADVANCED_FACE('',(#281),#39,.T.);
#3071=ADVANCED_FACE('',(#282),#40,.F.);
#3072=ADVANCED_FACE('',(#283,#75),#129,.T.);
#3073=ADVANCED_FACE('',(#284),#50,.T.);
#3074=ADVANCED_FACE('',(#285),#2970,.T.);
#3075=ADVANCED_FACE('',(#286),#41,.F.);
#3076=ADVANCED_FACE('',(#287,#76),#130,.T.);
#3077=ADVANCED_FACE('',(#288),#2971,.T.);
#3078=ADVANCED_FACE('',(#289),#131,.T.);
#3079=ADVANCED_FACE('',(#290),#132,.T.);
#3080=ADVANCED_FACE('',(#291),#2972,.F.);
#3081=ADVANCED_FACE('',(#292),#133,.T.);
#3082=ADVANCED_FACE('',(#293),#134,.T.);
#3083=ADVANCED_FACE('',(#294),#135,.F.);
#3084=ADVANCED_FACE('',(#295),#136,.T.);
#3085=ADVANCED_FACE('',(#296),#2973,.F.);
#3086=ADVANCED_FACE('',(#297),#137,.T.);
#3087=ADVANCED_FACE('',(#298),#2974,.F.);
#3088=ADVANCED_FACE('',(#299),#138,.T.);
#3089=ADVANCED_FACE('',(#300),#2975,.T.);
#3090=ADVANCED_FACE('',(#301),#2976,.T.);
#3091=ADVANCED_FACE('',(#302),#139,.T.);
#3092=ADVANCED_FACE('',(#303),#2977,.T.);
#3093=ADVANCED_FACE('',(#304),#140,.T.);
#3094=ADVANCED_FACE('',(#305),#2978,.F.);
#3095=ADVANCED_FACE('',(#306),#141,.T.);
#3096=ADVANCED_FACE('',(#307),#2979,.F.);
#3097=ADVANCED_FACE('',(#308),#142,.T.);
#3098=ADVANCED_FACE('',(#309),#2980,.T.);
#3099=ADVANCED_FACE('',(#310),#143,.T.);
#3100=ADVANCED_FACE('',(#311),#144,.T.);
#3101=ADVANCED_FACE('',(#312),#145,.T.);
#3102=ADVANCED_FACE('',(#313),#146,.T.);
#3103=ADVANCED_FACE('',(#314,#77,#78,#79,#80,#81,#82),#147,.T.);
#3104=ADVANCED_FACE('',(#315),#148,.T.);
#3105=ADVANCED_FACE('',(#316),#149,.T.);
#3106=ADVANCED_FACE('',(#317),#150,.T.);
#3107=ADVANCED_FACE('',(#318),#151,.T.);
#3108=ADVANCED_FACE('',(#319),#152,.T.);
#3109=ADVANCED_FACE('',(#320),#153,.F.);
#3110=ADVANCED_FACE('',(#321),#154,.F.);
#3111=ADVANCED_FACE('',(#322),#155,.F.);
#3112=ADVANCED_FACE('',(#323),#156,.F.);
#3113=ADVANCED_FACE('',(#324),#157,.T.);
#3114=ADVANCED_FACE('',(#325),#158,.T.);
#3115=ADVANCED_FACE('',(#326),#159,.T.);
#3116=ADVANCED_FACE('',(#327),#160,.T.);
#3117=ADVANCED_FACE('',(#328),#161,.T.);
#3118=ADVANCED_FACE('',(#329),#162,.F.);
#3119=ADVANCED_FACE('',(#330),#163,.F.);
#3120=ADVANCED_FACE('',(#331),#164,.F.);
#3121=ADVANCED_FACE('',(#332),#165,.F.);
#3122=ADVANCED_FACE('',(#333),#166,.T.);
#3123=ADVANCED_FACE('',(#334),#167,.T.);
#3124=ADVANCED_FACE('',(#335),#168,.T.);
#3125=ADVANCED_FACE('',(#336),#169,.T.);
#3126=ADVANCED_FACE('',(#337),#170,.T.);
#3127=ADVANCED_FACE('',(#338),#171,.F.);
#3128=ADVANCED_FACE('',(#339),#172,.F.);
#3129=ADVANCED_FACE('',(#340),#173,.F.);
#3130=ADVANCED_FACE('',(#341),#174,.F.);
#3131=ADVANCED_FACE('',(#342),#175,.T.);
#3132=ADVANCED_FACE('',(#343),#176,.T.);
#3133=ADVANCED_FACE('',(#344),#177,.T.);
#3134=ADVANCED_FACE('',(#345),#178,.T.);
#3135=ADVANCED_FACE('',(#346),#179,.T.);
#3136=ADVANCED_FACE('',(#347),#180,.F.);
#3137=ADVANCED_FACE('',(#348),#181,.F.);
#3138=ADVANCED_FACE('',(#349),#182,.F.);
#3139=ADVANCED_FACE('',(#350),#183,.F.);
#3140=ADVANCED_FACE('',(#351),#184,.T.);
#3141=ADVANCED_FACE('',(#352),#185,.T.);
#3142=ADVANCED_FACE('',(#353),#186,.T.);
#3143=ADVANCED_FACE('',(#354),#187,.T.);
#3144=ADVANCED_FACE('',(#355),#188,.T.);
#3145=ADVANCED_FACE('',(#356),#189,.F.);
#3146=ADVANCED_FACE('',(#357),#190,.F.);
#3147=ADVANCED_FACE('',(#358),#191,.F.);
#3148=ADVANCED_FACE('',(#359),#192,.F.);
#3149=ADVANCED_FACE('',(#360),#193,.T.);
#3150=ADVANCED_FACE('',(#361),#194,.T.);
#3151=ADVANCED_FACE('',(#362),#195,.T.);
#3152=ADVANCED_FACE('',(#363),#196,.T.);
#3153=ADVANCED_FACE('',(#364),#197,.T.);
#3154=ADVANCED_FACE('',(#365),#198,.F.);
#3155=ADVANCED_FACE('',(#366),#199,.F.);
#3156=ADVANCED_FACE('',(#367),#200,.F.);
#3157=ADVANCED_FACE('',(#368),#201,.F.);
#3158=ADVANCED_FACE('',(#369),#2981,.F.);
#3159=ADVANCED_FACE('',(#370),#2982,.F.);
#3160=ADVANCED_FACE('',(#371),#2983,.T.);
#3161=ADVANCED_FACE('',(#372),#19,.T.);
#3162=ADVANCED_FACE('',(#373),#20,.T.);
#3163=ADVANCED_FACE('',(#374),#2984,.T.);
#3164=ADVANCED_FACE('',(#375),#2985,.T.);
#3165=ADVANCED_FACE('',(#376),#2986,.T.);
#3166=ADVANCED_FACE('',(#377),#2987,.T.);
#3167=ADVANCED_FACE('',(#378),#2988,.T.);
#3168=ADVANCED_FACE('',(#379),#2989,.T.);
#3169=ADVANCED_FACE('',(#380),#21,.T.);
#3170=ADVANCED_FACE('',(#381),#22,.T.);
#3171=ADVANCED_FACE('',(#382),#23,.T.);
#3172=ADVANCED_FACE('',(#383),#24,.T.);
#3173=ADVANCED_FACE('',(#384),#2990,.T.);
#3174=ADVANCED_FACE('',(#385),#2991,.T.);
#3175=ADVANCED_FACE('',(#386),#2992,.T.);
#3176=ADVANCED_FACE('',(#387),#2993,.T.);
#3177=ADVANCED_FACE('',(#388),#25,.T.);
#3178=ADVANCED_FACE('',(#389),#26,.T.);
#3179=ADVANCED_FACE('',(#390),#2994,.T.);
#3180=ADVANCED_FACE('',(#391),#42,.T.);
#3181=ADVANCED_FACE('',(#392),#43,.T.);
#3182=ADVANCED_FACE('',(#393),#2995,.F.);
#3183=ADVANCED_FACE('',(#394,#83),#202,.F.);
#3184=ADVANCED_FACE('',(#395),#2996,.F.);
#3185=ADVANCED_FACE('',(#396),#2997,.T.);
#3186=ADVANCED_FACE('',(#397,#84),#203,.F.);
#3187=ADVANCED_FACE('',(#398),#204,.T.);
#3188=ADVANCED_FACE('',(#399),#2998,.T.);
#3189=ADVANCED_FACE('',(#400,#85),#205,.F.);
#3190=ADVANCED_FACE('',(#401),#44,.T.);
#3191=ADVANCED_FACE('',(#402),#45,.T.);
#3192=ADVANCED_FACE('',(#403),#46,.F.);
#3193=ADVANCED_FACE('',(#404),#47,.F.);
#3194=ADVANCED_FACE('',(#405),#48,.T.);
#3195=ADVANCED_FACE('',(#406),#206,.T.);
#3196=ADVANCED_FACE('',(#407),#207,.T.);
#3197=ADVANCED_FACE('',(#408),#2999,.T.);
#3198=ADVANCED_FACE('',(#409),#208,.T.);
#3199=ADVANCED_FACE('',(#410),#3000,.T.);
#3200=ADVANCED_FACE('',(#411),#209,.T.);
#3201=ADVANCED_FACE('',(#412),#210,.T.);
#3202=ADVANCED_FACE('',(#413),#211,.T.);
#3203=CLOSED_SHELL('',(#3001,#3002,#3003,#3004,#3005,#3006,#3007,#3008,
#3009,#3010,#3011,#3012,#3013,#3014,#3015,#3016,#3017,#3018,#3019,#3020,
#3021,#3022,#3023,#3024,#3025,#3026,#3027,#3028,#3029,#3030,#3031,#3032,
#3033,#3034,#3035,#3036,#3037,#3038,#3039,#3040,#3041,#3042,#3043,#3044,
#3045,#3046,#3047,#3048,#3049,#3050,#3051,#3052,#3053,#3054,#3055,#3056,
#3057,#3058,#3059,#3060,#3061,#3062,#3063,#3064,#3065,#3066,#3067,#3068,
#3069,#3070,#3071,#3072,#3073,#3074,#3075,#3076,#3077,#3078,#3079,#3080,
#3081,#3082,#3083,#3084,#3085,#3086,#3087,#3088,#3089,#3090,#3091,#3092,
#3093,#3094,#3095,#3096,#3097,#3098,#3099,#3100,#3101,#3102,#3103,#3104,
#3105,#3106,#3107,#3108,#3109,#3110,#3111,#3112,#3113,#3114,#3115,#3116,
#3117,#3118,#3119,#3120,#3121,#3122,#3123,#3124,#3125,#3126,#3127,#3128,
#3129,#3130,#3131,#3132,#3133,#3134,#3135,#3136,#3137,#3138,#3139,#3140,
#3141,#3142,#3143,#3144,#3145,#3146,#3147,#3148,#3149,#3150,#3151,#3152,
#3153,#3154,#3155,#3156,#3157,#3158,#3159,#3160,#3161,#3162,#3163,#3164,
#3165,#3166,#3167,#3168,#3169,#3170,#3171,#3172,#3173,#3174,#3175,#3176,
#3177,#3178,#3179,#3180,#3181,#3182,#3183,#3184,#3185,#3186,#3187,#3188,
#3189,#3190,#3191,#3192,#3193,#3194));
#3204=CLOSED_SHELL('',(#3195,#3196,#3197,#3198));
#3205=CLOSED_SHELL('',(#3199,#3200,#3201,#3202));
#3206=DERIVED_UNIT_ELEMENT(#3208,1.);
#3207=DERIVED_UNIT_ELEMENT(#5479,-3.);
#3208=(
MASS_UNIT()
NAMED_UNIT(*)
SI_UNIT(.KILO.,.GRAM.)
);
#3209=DERIVED_UNIT((#3206,#3207));
#3210=MEASURE_REPRESENTATION_ITEM('density measure',
POSITIVE_RATIO_MEASURE(7850.),#3209);
#3211=PROPERTY_DEFINITION_REPRESENTATION(#3216,#3213);
#3212=PROPERTY_DEFINITION_REPRESENTATION(#3217,#3214);
#3213=REPRESENTATION('material name',(#3215),#5476);
#3214=REPRESENTATION('density',(#3210),#5476);
#3215=DESCRIPTIVE_REPRESENTATION_ITEM('\X2\92FC\X0\','\X2\92FC\X0\');
#3216=PROPERTY_DEFINITION('material property','material name',#5486);
#3217=PROPERTY_DEFINITION('material property','density of part',#5486);
#3218=AXIS2_PLACEMENT_3D('',#4542,#3562,#3563);
#3219=AXIS2_PLACEMENT_3D('',#4543,#3564,#3565);
#3220=AXIS2_PLACEMENT_3D('',#4545,#3566,#3567);
#3221=AXIS2_PLACEMENT_3D('',#4548,#3569,#3570);
#3222=AXIS2_PLACEMENT_3D('',#4549,#3571,#3572);
#3223=AXIS2_PLACEMENT_3D('',#4550,#3573,#3574);
#3224=AXIS2_PLACEMENT_3D('',#4552,#3575,#3576);
#3225=AXIS2_PLACEMENT_3D('',#4555,#3578,#3579);
#3226=AXIS2_PLACEMENT_3D('',#4556,#3580,#3581);
#3227=AXIS2_PLACEMENT_3D('',#4557,#3582,#3583);
#3228=AXIS2_PLACEMENT_3D('',#4559,#3584,#3585);
#3229=AXIS2_PLACEMENT_3D('',#4562,#3587,#3588);
#3230=AXIS2_PLACEMENT_3D('',#4563,#3589,#3590);
#3231=AXIS2_PLACEMENT_3D('',#4564,#3591,#3592);
#3232=AXIS2_PLACEMENT_3D('',#4566,#3593,#3594);
#3233=AXIS2_PLACEMENT_3D('',#4569,#3596,#3597);
#3234=AXIS2_PLACEMENT_3D('',#4570,#3598,#3599);
#3235=AXIS2_PLACEMENT_3D('',#4571,#3600,#3601);
#3236=AXIS2_PLACEMENT_3D('',#4604,#3618,#3619);
#3237=AXIS2_PLACEMENT_3D('',#4613,#3624,#3625);
#3238=AXIS2_PLACEMENT_3D('',#4622,#3630,#3631);
#3239=AXIS2_PLACEMENT_3D('',#4631,#3636,#3637);
#3240=AXIS2_PLACEMENT_3D('',#4640,#3642,#3643);
#3241=AXIS2_PLACEMENT_3D('',#4649,#3648,#3649);
#3242=AXIS2_PLACEMENT_3D('',#4655,#3653,#3654);
#3243=AXIS2_PLACEMENT_3D('',#4659,#3657,#3658);
#3244=AXIS2_PLACEMENT_3D('',#4663,#3661,#3662);
#3245=AXIS2_PLACEMENT_3D('',#4665,#3664,#3665);
#3246=AXIS2_PLACEMENT_3D('',#4671,#3669,#3670);
#3247=AXIS2_PLACEMENT_3D('',#4675,#3673,#3674);
#3248=AXIS2_PLACEMENT_3D('',#4679,#3677,#3678);
#3249=AXIS2_PLACEMENT_3D('',#4681,#3680,#3681);
#3250=AXIS2_PLACEMENT_3D('',#4687,#3685,#3686);
#3251=AXIS2_PLACEMENT_3D('',#4691,#3689,#3690);
#3252=AXIS2_PLACEMENT_3D('',#4695,#3693,#3694);
#3253=AXIS2_PLACEMENT_3D('',#4697,#3696,#3697);
#3254=AXIS2_PLACEMENT_3D('',#4701,#3699,#3700);
#3255=AXIS2_PLACEMENT_3D('',#4703,#3701,#3702);
#3256=AXIS2_PLACEMENT_3D('',#4704,#3703,#3704);
#3257=AXIS2_PLACEMENT_3D('',#4715,#3709,#3710);
#3258=AXIS2_PLACEMENT_3D('',#4719,#3712,#3713);
#3259=AXIS2_PLACEMENT_3D('',#4725,#3717,#3718);
#3260=AXIS2_PLACEMENT_3D('',#4731,#3721,#3722);
#3261=AXIS2_PLACEMENT_3D('',#4735,#3724,#3725);
#3262=AXIS2_PLACEMENT_3D('',#4739,#3727,#3728);
#3263=AXIS2_PLACEMENT_3D('',#4743,#3730,#3731);
#3264=AXIS2_PLACEMENT_3D('',#4747,#3734,#3735);
#3265=AXIS2_PLACEMENT_3D('',#4755,#3739,#3740);
#3266=AXIS2_PLACEMENT_3D('',#4759,#3742,#3743);
#3267=AXIS2_PLACEMENT_3D('',#4763,#3745,#3746);
#3268=AXIS2_PLACEMENT_3D('',#4767,#3748,#3749);
#3269=AXIS2_PLACEMENT_3D('',#4769,#3751,#3752);
#3270=AXIS2_PLACEMENT_3D('',#4772,#3755,#3756);
#3271=AXIS2_PLACEMENT_3D('',#4779,#3759,#3760);
#3272=AXIS2_PLACEMENT_3D('',#4783,#3762,#3763);
#3273=AXIS2_PLACEMENT_3D('',#4793,#3769,#3770);
#3274=AXIS2_PLACEMENT_3D('',#4798,#3774,#3775);
#3275=AXIS2_PLACEMENT_3D('',#4801,#3776,#3777);
#3276=AXIS2_PLACEMENT_3D('',#4803,#3779,#3780);
#3277=AXIS2_PLACEMENT_3D('',#4807,#3782,#3783);
#3278=AXIS2_PLACEMENT_3D('',#4808,#3784,#3785);
#3279=AXIS2_PLACEMENT_3D('',#4819,#3788,#3789);
#3280=AXIS2_PLACEMENT_3D('',#4821,#3790,#3791);
#3281=AXIS2_PLACEMENT_3D('',#4822,#3792,#3793);
#3282=AXIS2_PLACEMENT_3D('',#4823,#3794,#3795);
#3283=AXIS2_PLACEMENT_3D('',#4826,#3797,#3798);
#3284=AXIS2_PLACEMENT_3D('',#4827,#3799,#3800);
#3285=AXIS2_PLACEMENT_3D('',#4829,#3801,#3802);
#3286=AXIS2_PLACEMENT_3D('',#4830,#3803,#3804);
#3287=AXIS2_PLACEMENT_3D('',#4833,#3806,#3807);
#3288=AXIS2_PLACEMENT_3D('',#4834,#3808,#3809);
#3289=AXIS2_PLACEMENT_3D('',#4836,#3810,#3811);
#3290=AXIS2_PLACEMENT_3D('',#4837,#3812,#3813);
#3291=AXIS2_PLACEMENT_3D('',#4838,#3814,#3815);
#3292=AXIS2_PLACEMENT_3D('',#4840,#3816,#3817);
#3293=AXIS2_PLACEMENT_3D('',#4841,#3818,#3819);
#3294=AXIS2_PLACEMENT_3D('',#4843,#3820,#3821);
#3295=AXIS2_PLACEMENT_3D('',#4844,#3822,#3823);
#3296=AXIS2_PLACEMENT_3D('',#4845,#3824,#3825);
#3297=AXIS2_PLACEMENT_3D('',#4848,#3827,#3828);
#3298=AXIS2_PLACEMENT_3D('',#4849,#3829,#3830);
#3299=AXIS2_PLACEMENT_3D('',#4851,#3831,#3832);
#3300=AXIS2_PLACEMENT_3D('',#4852,#3833,#3834);
#3301=AXIS2_PLACEMENT_3D('',#4853,#3835,#3836);
#3302=AXIS2_PLACEMENT_3D('',#4855,#3837,#3838);
#3303=AXIS2_PLACEMENT_3D('',#4856,#3839,#3840);
#3304=AXIS2_PLACEMENT_3D('',#4858,#3841,#3842);
#3305=AXIS2_PLACEMENT_3D('',#4859,#3843,#3844);
#3306=AXIS2_PLACEMENT_3D('',#4860,#3845,#3846);
#3307=AXIS2_PLACEMENT_3D('',#4863,#3848,#3849);
#3308=AXIS2_PLACEMENT_3D('',#4864,#3850,#3851);
#3309=AXIS2_PLACEMENT_3D('',#4866,#3852,#3853);
#3310=AXIS2_PLACEMENT_3D('',#4867,#3854,#3855);
#3311=AXIS2_PLACEMENT_3D('',#4870,#3857,#3858);
#3312=AXIS2_PLACEMENT_3D('',#4871,#3859,#3860);
#3313=AXIS2_PLACEMENT_3D('',#4873,#3861,#3862);
#3314=AXIS2_PLACEMENT_3D('',#4874,#3863,#3864);
#3315=AXIS2_PLACEMENT_3D('',#4876,#3865,#3866);
#3316=AXIS2_PLACEMENT_3D('',#4877,#3867,#3868);
#3317=AXIS2_PLACEMENT_3D('',#4878,#3869,#3870);
#3318=AXIS2_PLACEMENT_3D('',#4881,#3872,#3873);
#3319=AXIS2_PLACEMENT_3D('',#4882,#3874,#3875);
#3320=AXIS2_PLACEMENT_3D('',#4884,#3876,#3877);
#3321=AXIS2_PLACEMENT_3D('',#4885,#3878,#3879);
#3322=AXIS2_PLACEMENT_3D('',#4888,#3881,#3882);
#3323=AXIS2_PLACEMENT_3D('',#4889,#3883,#3884);
#3324=AXIS2_PLACEMENT_3D('',#4891,#3885,#3886);
#3325=AXIS2_PLACEMENT_3D('',#4892,#3887,#3888);
#3326=AXIS2_PLACEMENT_3D('',#4894,#3889,#3890);
#3327=AXIS2_PLACEMENT_3D('',#4895,#3891,#3892);
#3328=AXIS2_PLACEMENT_3D('',#4896,#3893,#3894);
#3329=AXIS2_PLACEMENT_3D('',#4899,#3896,#3897);
#3330=AXIS2_PLACEMENT_3D('',#4900,#3898,#3899);
#3331=AXIS2_PLACEMENT_3D('',#4902,#3900,#3901);
#3332=AXIS2_PLACEMENT_3D('',#4903,#3902,#3903);
#3333=AXIS2_PLACEMENT_3D('',#4904,#3904,#3905);
#3334=AXIS2_PLACEMENT_3D('',#4906,#3906,#3907);
#3335=AXIS2_PLACEMENT_3D('',#4907,#3908,#3909);
#3336=AXIS2_PLACEMENT_3D('',#4909,#3910,#3911);
#3337=AXIS2_PLACEMENT_3D('',#4911,#3912,#3913);
#3338=AXIS2_PLACEMENT_3D('',#4912,#3914,#3915);
#3339=AXIS2_PLACEMENT_3D('',#4915,#3917,#3918);
#3340=AXIS2_PLACEMENT_3D('',#4916,#3919,#3920);
#3341=AXIS2_PLACEMENT_3D('',#4918,#3921,#3922);
#3342=AXIS2_PLACEMENT_3D('',#4919,#3923,#3924);
#3343=AXIS2_PLACEMENT_3D('',#4920,#3925,#3926);
#3344=AXIS2_PLACEMENT_3D('',#4922,#3927,#3928);
#3345=AXIS2_PLACEMENT_3D('',#4923,#3929,#3930);
#3346=AXIS2_PLACEMENT_3D('',#4925,#3931,#3932);
#3347=AXIS2_PLACEMENT_3D('',#4927,#3934,#3935);
#3348=AXIS2_PLACEMENT_3D('',#4929,#3936,#3937);
#3349=AXIS2_PLACEMENT_3D('',#4930,#3938,#3939);
#3350=AXIS2_PLACEMENT_3D('',#4931,#3940,#3941);
#3351=AXIS2_PLACEMENT_3D('',#4933,#3942,#3943);
#3352=AXIS2_PLACEMENT_3D('',#4934,#3944,#3945);
#3353=AXIS2_PLACEMENT_3D('',#4935,#3946,#3947);
#3354=AXIS2_PLACEMENT_3D('',#4938,#3949,#3950);
#3355=AXIS2_PLACEMENT_3D('',#4939,#3951,#3952);
#3356=AXIS2_PLACEMENT_3D('',#4941,#3953,#3954);
#3357=AXIS2_PLACEMENT_3D('',#4942,#3955,#3956);
#3358=AXIS2_PLACEMENT_3D('',#4944,#3957,#3958);
#3359=AXIS2_PLACEMENT_3D('',#4945,#3959,#3960);
#3360=AXIS2_PLACEMENT_3D('',#4946,#3961,#3962);
#3361=AXIS2_PLACEMENT_3D('',#4949,#3963,#3964);
#3362=AXIS2_PLACEMENT_3D('',#4950,#3965,#3966);
#3363=AXIS2_PLACEMENT_3D('',#4951,#3967,#3968);
#3364=AXIS2_PLACEMENT_3D('',#4952,#3969,#3970);
#3365=AXIS2_PLACEMENT_3D('',#4954,#3971,#3972);
#3366=AXIS2_PLACEMENT_3D('',#4955,#3973,#3974);
#3367=AXIS2_PLACEMENT_3D('',#4959,#3976,#3977);
#3368=AXIS2_PLACEMENT_3D('',#4960,#3978,#3979);
#3369=AXIS2_PLACEMENT_3D('',#4961,#3980,#3981);
#3370=AXIS2_PLACEMENT_3D('',#4964,#3983,#3984);
#3371=AXIS2_PLACEMENT_3D('',#4965,#3985,#3986);
#3372=AXIS2_PLACEMENT_3D('',#4966,#3987,#3988);
#3373=AXIS2_PLACEMENT_3D('',#4967,#3989,#3990);
#3374=AXIS2_PLACEMENT_3D('',#4969,#3991,#3992);
#3375=AXIS2_PLACEMENT_3D('',#4970,#3993,#3994);
#3376=AXIS2_PLACEMENT_3D('',#4972,#3995,#3996);
#3377=AXIS2_PLACEMENT_3D('',#4976,#3998,#3999);
#3378=AXIS2_PLACEMENT_3D('',#4980,#4001,#4002);
#3379=AXIS2_PLACEMENT_3D('',#4983,#4004,#4005);
#3380=AXIS2_PLACEMENT_3D('',#4984,#4006,#4007);
#3381=AXIS2_PLACEMENT_3D('',#5014,#4013,#4014);
#3382=AXIS2_PLACEMENT_3D('',#5020,#4018,#4019);
#3383=AXIS2_PLACEMENT_3D('',#5021,#4020,#4021);
#3384=AXIS2_PLACEMENT_3D('',#5022,#4022,#4023);
#3385=AXIS2_PLACEMENT_3D('',#5023,#4024,#4025);
#3386=AXIS2_PLACEMENT_3D('',#5028,#4027,#4028);
#3387=AXIS2_PLACEMENT_3D('',#5035,#4032,#4033);
#3388=AXIS2_PLACEMENT_3D('',#5039,#4035,#4036);
#3389=AXIS2_PLACEMENT_3D('',#5042,#4038,#4039);
#3390=AXIS2_PLACEMENT_3D('',#5043,#4040,#4041);
#3391=AXIS2_PLACEMENT_3D('',#5047,#4044,#4045);
#3392=AXIS2_PLACEMENT_3D('',#5052,#4047,#4048);
#3393=AXIS2_PLACEMENT_3D('',#5056,#4050,#4051);
#3394=AXIS2_PLACEMENT_3D('',#5059,#4053,#4054);
#3395=AXIS2_PLACEMENT_3D('',#5062,#4056,#4057);
#3396=AXIS2_PLACEMENT_3D('',#5063,#4058,#4059);
#3397=AXIS2_PLACEMENT_3D('',#5066,#4062,#4063);
#3398=AXIS2_PLACEMENT_3D('',#5068,#4065,#4066);
#3399=AXIS2_PLACEMENT_3D('',#5070,#4068,#4069);
#3400=AXIS2_PLACEMENT_3D('',#5072,#4071,#4072);
#3401=AXIS2_PLACEMENT_3D('',#5074,#4074,#4075);
#3402=AXIS2_PLACEMENT_3D('',#5075,#4076,#4077);
#3403=AXIS2_PLACEMENT_3D('',#5077,#4079,#4080);
#3404=AXIS2_PLACEMENT_3D('',#5080,#4083,#4084);
#3405=AXIS2_PLACEMENT_3D('',#5082,#4086,#4087);
#3406=AXIS2_PLACEMENT_3D('',#5084,#4089,#4090);
#3407=AXIS2_PLACEMENT_3D('',#5086,#4092,#4093);
#3408=AXIS2_PLACEMENT_3D('',#5088,#4095,#4096);
#3409=AXIS2_PLACEMENT_3D('',#5090,#4098,#4099);
#3410=AXIS2_PLACEMENT_3D('',#5092,#4101,#4102);
#3411=AXIS2_PLACEMENT_3D('',#5094,#4104,#4105);
#3412=AXIS2_PLACEMENT_3D('',#5095,#4106,#4107);
#3413=AXIS2_PLACEMENT_3D('',#5097,#4109,#4110);
#3414=AXIS2_PLACEMENT_3D('',#5100,#4113,#4114);
#3415=AXIS2_PLACEMENT_3D('',#5102,#4116,#4117);
#3416=AXIS2_PLACEMENT_3D('',#5151,#4142,#4143);
#3417=AXIS2_PLACEMENT_3D('',#5160,#4148,#4149);
#3418=AXIS2_PLACEMENT_3D('',#5166,#4153,#4154);
#3419=AXIS2_PLACEMENT_3D('',#5170,#4157,#4158);
#3420=AXIS2_PLACEMENT_3D('',#5174,#4161,#4162);
#3421=AXIS2_PLACEMENT_3D('',#5176,#4164,#4165);
#3422=AXIS2_PLACEMENT_3D('',#5179,#4168,#4169);
#3423=AXIS2_PLACEMENT_3D('',#5181,#4171,#4172);
#3424=AXIS2_PLACEMENT_3D('',#5183,#4174,#4175);
#3425=AXIS2_PLACEMENT_3D('',#5184,#4176,#4177);
#3426=AXIS2_PLACEMENT_3D('',#5193,#4182,#4183);
#3427=AXIS2_PLACEMENT_3D('',#5199,#4187,#4188);
#3428=AXIS2_PLACEMENT_3D('',#5203,#4191,#4192);
#3429=AXIS2_PLACEMENT_3D('',#5207,#4195,#4196);
#3430=AXIS2_PLACEMENT_3D('',#5209,#4198,#4199);
#3431=AXIS2_PLACEMENT_3D('',#5212,#4202,#4203);
#3432=AXIS2_PLACEMENT_3D('',#5214,#4205,#4206);
#3433=AXIS2_PLACEMENT_3D('',#5216,#4208,#4209);
#3434=AXIS2_PLACEMENT_3D('',#5217,#4210,#4211);
#3435=AXIS2_PLACEMENT_3D('',#5226,#4216,#4217);
#3436=AXIS2_PLACEMENT_3D('',#5232,#4221,#4222);
#3437=AXIS2_PLACEMENT_3D('',#5236,#4225,#4226);
#3438=AXIS2_PLACEMENT_3D('',#5240,#4229,#4230);
#3439=AXIS2_PLACEMENT_3D('',#5242,#4232,#4233);
#3440=AXIS2_PLACEMENT_3D('',#5245,#4236,#4237);
#3441=AXIS2_PLACEMENT_3D('',#5247,#4239,#4240);
#3442=AXIS2_PLACEMENT_3D('',#5249,#4242,#4243);
#3443=AXIS2_PLACEMENT_3D('',#5250,#4244,#4245);
#3444=AXIS2_PLACEMENT_3D('',#5259,#4250,#4251);
#3445=AXIS2_PLACEMENT_3D('',#5265,#4255,#4256);
#3446=AXIS2_PLACEMENT_3D('',#5269,#4259,#4260);
#3447=AXIS2_PLACEMENT_3D('',#5273,#4263,#4264);
#3448=AXIS2_PLACEMENT_3D('',#5275,#4266,#4267);
#3449=AXIS2_PLACEMENT_3D('',#5278,#4270,#4271);
#3450=AXIS2_PLACEMENT_3D('',#5280,#4273,#4274);
#3451=AXIS2_PLACEMENT_3D('',#5282,#4276,#4277);
#3452=AXIS2_PLACEMENT_3D('',#5283,#4278,#4279);
#3453=AXIS2_PLACEMENT_3D('',#5292,#4284,#4285);
#3454=AXIS2_PLACEMENT_3D('',#5298,#4289,#4290);
#3455=AXIS2_PLACEMENT_3D('',#5302,#4293,#4294);
#3456=AXIS2_PLACEMENT_3D('',#5306,#4297,#4298);
#3457=AXIS2_PLACEMENT_3D('',#5308,#4300,#4301);
#3458=AXIS2_PLACEMENT_3D('',#5311,#4304,#4305);
#3459=AXIS2_PLACEMENT_3D('',#5313,#4307,#4308);
#3460=AXIS2_PLACEMENT_3D('',#5315,#4310,#4311);
#3461=AXIS2_PLACEMENT_3D('',#5316,#4312,#4313);
#3462=AXIS2_PLACEMENT_3D('',#5325,#4318,#4319);
#3463=AXIS2_PLACEMENT_3D('',#5331,#4323,#4324);
#3464=AXIS2_PLACEMENT_3D('',#5335,#4327,#4328);
#3465=AXIS2_PLACEMENT_3D('',#5339,#4331,#4332);
#3466=AXIS2_PLACEMENT_3D('',#5341,#4334,#4335);
#3467=AXIS2_PLACEMENT_3D('',#5344,#4338,#4339);
#3468=AXIS2_PLACEMENT_3D('',#5346,#4341,#4342);
#3469=AXIS2_PLACEMENT_3D('',#5348,#4344,#4345);
#3470=AXIS2_PLACEMENT_3D('',#5349,#4346,#4347);
#3471=AXIS2_PLACEMENT_3D('',#5350,#4348,#4349);
#3472=AXIS2_PLACEMENT_3D('',#5351,#4350,#4351);
#3473=AXIS2_PLACEMENT_3D('',#5352,#4352,#4353);
#3474=AXIS2_PLACEMENT_3D('',#5353,#4354,#4355);
#3475=AXIS2_PLACEMENT_3D('',#5354,#4356,#4357);
#3476=AXIS2_PLACEMENT_3D('',#5355,#4358,#4359);
#3477=AXIS2_PLACEMENT_3D('',#5356,#4360,#4361);
#3478=AXIS2_PLACEMENT_3D('',#5357,#4362,#4363);
#3479=AXIS2_PLACEMENT_3D('',#5358,#4364,#4365);
#3480=AXIS2_PLACEMENT_3D('',#5359,#4366,#4367);
#3481=AXIS2_PLACEMENT_3D('',#5360,#4368,#4369);
#3482=AXIS2_PLACEMENT_3D('',#5361,#4370,#4371);
#3483=AXIS2_PLACEMENT_3D('',#5362,#4372,#4373);
#3484=AXIS2_PLACEMENT_3D('',#5363,#4374,#4375);
#3485=AXIS2_PLACEMENT_3D('',#5364,#4376,#4377);
#3486=AXIS2_PLACEMENT_3D('',#5365,#4378,#4379);
#3487=AXIS2_PLACEMENT_3D('',#5366,#4380,#4381);
#3488=AXIS2_PLACEMENT_3D('',#5367,#4382,#4383);
#3489=AXIS2_PLACEMENT_3D('',#5368,#4384,#4385);
#3490=AXIS2_PLACEMENT_3D('',#5369,#4386,#4387);
#3491=AXIS2_PLACEMENT_3D('',#5370,#4388,#4389);
#3492=AXIS2_PLACEMENT_3D('',#5371,#4390,#4391);
#3493=AXIS2_PLACEMENT_3D('',#5372,#4392,#4393);
#3494=AXIS2_PLACEMENT_3D('',#5373,#4394,#4395);
#3495=AXIS2_PLACEMENT_3D('',#5374,#4396,#4397);
#3496=AXIS2_PLACEMENT_3D('',#5375,#4398,#4399);
#3497=AXIS2_PLACEMENT_3D('',#5376,#4400,#4401);
#3498=AXIS2_PLACEMENT_3D('',#5377,#4402,#4403);
#3499=AXIS2_PLACEMENT_3D('',#5378,#4404,#4405);
#3500=AXIS2_PLACEMENT_3D('',#5379,#4406,#4407);
#3501=AXIS2_PLACEMENT_3D('',#5380,#4408,#4409);
#3502=AXIS2_PLACEMENT_3D('',#5381,#4410,#4411);
#3503=AXIS2_PLACEMENT_3D('',#5382,#4412,#4413);
#3504=AXIS2_PLACEMENT_3D('',#5383,#4414,#4415);
#3505=AXIS2_PLACEMENT_3D('',#5384,#4416,#4417);
#3506=AXIS2_PLACEMENT_3D('',#5385,#4418,#4419);
#3507=AXIS2_PLACEMENT_3D('',#5386,#4420,#4421);
#3508=AXIS2_PLACEMENT_3D('',#5387,#4422,#4423);
#3509=AXIS2_PLACEMENT_3D('',#5388,#4424,#4425);
#3510=AXIS2_PLACEMENT_3D('',#5389,#4426,#4427);
#3511=AXIS2_PLACEMENT_3D('',#5390,#4428,#4429);
#3512=AXIS2_PLACEMENT_3D('',#5391,#4430,#4431);
#3513=AXIS2_PLACEMENT_3D('',#5392,#4432,#4433);
#3514=AXIS2_PLACEMENT_3D('',#5393,#4434,#4435);
#3515=AXIS2_PLACEMENT_3D('',#5394,#4436,#4437);
#3516=AXIS2_PLACEMENT_3D('',#5395,#4438,#4439);
#3517=AXIS2_PLACEMENT_3D('',#5396,#4440,#4441);
#3518=AXIS2_PLACEMENT_3D('',#5397,#4442,#4443);
#3519=AXIS2_PLACEMENT_3D('',#5398,#4444,#4445);
#3520=AXIS2_PLACEMENT_3D('',#5401,#4446,#4447);
#3521=AXIS2_PLACEMENT_3D('',#5404,#4449,#4450);
#3522=AXIS2_PLACEMENT_3D('',#5405,#4451,#4452);
#3523=AXIS2_PLACEMENT_3D('',#5406,#4453,#4454);
#3524=AXIS2_PLACEMENT_3D('',#5408,#4455,#4456);
#3525=AXIS2_PLACEMENT_3D('',#5410,#4457,#4458);
#3526=AXIS2_PLACEMENT_3D('',#5411,#4459,#4460);
#3527=AXIS2_PLACEMENT_3D('',#5413,#4461,#4462);
#3528=AXIS2_PLACEMENT_3D('',#5416,#4464,#4465);
#3529=AXIS2_PLACEMENT_3D('',#5417,#4466,#4467);
#3530=AXIS2_PLACEMENT_3D('',#5419,#4468,#4469);
#3531=AXIS2_PLACEMENT_3D('',#5422,#4471,#4472);
#3532=AXIS2_PLACEMENT_3D('',#5423,#4473,#4474);
#3533=AXIS2_PLACEMENT_3D('',#5425,#4475,#4476);
#3534=AXIS2_PLACEMENT_3D('',#5426,#4477,#4478);
#3535=AXIS2_PLACEMENT_3D('',#5428,#4479,#4480);
#3536=AXIS2_PLACEMENT_3D('',#5429,#4481,#4482);
#3537=AXIS2_PLACEMENT_3D('',#5431,#4483,#4484);
#3538=AXIS2_PLACEMENT_3D('',#5434,#4486,#4487);
#3539=AXIS2_PLACEMENT_3D('',#5435,#4488,#4489);
#3540=AXIS2_PLACEMENT_3D('',#5436,#4490,#4491);
#3541=AXIS2_PLACEMENT_3D('',#5437,#4492,#4493);
#3542=AXIS2_PLACEMENT_3D('',#5438,#4494,#4495);
#3543=AXIS2_PLACEMENT_3D('',#5439,#4496,#4497);
#3544=AXIS2_PLACEMENT_3D('',#5440,#4498,#4499);
#3545=AXIS2_PLACEMENT_3D('',#5441,#4500,#4501);
#3546=AXIS2_PLACEMENT_3D('',#5442,#4502,#4503);
#3547=AXIS2_PLACEMENT_3D('',#5443,#4504,#4505);
#3548=AXIS2_PLACEMENT_3D('',#5444,#4506,#4507);
#3549=AXIS2_PLACEMENT_3D('',#5445,#4508,#4509);
#3550=AXIS2_PLACEMENT_3D('',#5446,#4510,#4511);
#3551=AXIS2_PLACEMENT_3D('',#5455,#4516,#4517);
#3552=AXIS2_PLACEMENT_3D('',#5456,#4518,#4519);
#3553=AXIS2_PLACEMENT_3D('',#5457,#4520,#4521);
#3554=AXIS2_PLACEMENT_3D('',#5458,#4522,#4523);
#3555=AXIS2_PLACEMENT_3D('',#5459,#4524,#4525);
#3556=AXIS2_PLACEMENT_3D('',#5460,#4526,#4527);
#3557=AXIS2_PLACEMENT_3D('',#5465,#4529,#4530);
#3558=AXIS2_PLACEMENT_3D('',#5468,#4532,#4533);
#3559=AXIS2_PLACEMENT_3D('',#5469,#4534,#4535);
#3560=AXIS2_PLACEMENT_3D('',#5471,#4537,#4538);
#3561=AXIS2_PLACEMENT_3D('',#5473,#4540,#4541);
#3562=DIRECTION('axis',(0.,0.,1.));
#3563=DIRECTION('refdir',(1.,0.,0.));
#3564=DIRECTION('center_axis',(0.,0.,-1.));
#3565=DIRECTION('ref_axis',(1.,0.,0.));
#3566=DIRECTION('center_axis',(1.18816676274004E-16,0.,-1.));
#3567=DIRECTION('ref_axis',(1.,0.,1.18816676274004E-16));
#3568=DIRECTION('',(0.,0.,-1.));
#3569=DIRECTION('center_axis',(0.,0.,-1.));
#3570=DIRECTION('ref_axis',(1.,0.,0.));
#3571=DIRECTION('center_axis',(0.,0.,-1.));
#3572=DIRECTION('ref_axis',(1.,0.,0.));
#3573=DIRECTION('center_axis',(0.,0.,-1.));
#3574=DIRECTION('ref_axis',(1.,0.,0.));
#3575=DIRECTION('center_axis',(1.18816676274004E-16,0.,-1.));
#3576=DIRECTION('ref_axis',(1.,0.,1.18816676274004E-16));
#3577=DIRECTION('',(0.,0.,-1.));
#3578=DIRECTION('center_axis',(0.,0.,-1.));
#3579=DIRECTION('ref_axis',(1.,0.,0.));
#3580=DIRECTION('center_axis',(0.,0.,-1.));
#3581=DIRECTION('ref_axis',(1.,0.,0.));
#3582=DIRECTION('center_axis',(0.,0.,-1.));
#3583=DIRECTION('ref_axis',(1.,0.,0.));
#3584=DIRECTION('center_axis',(1.18816676274004E-16,0.,-1.));
#3585=DIRECTION('ref_axis',(1.,0.,1.18816676274004E-16));
#3586=DIRECTION('',(0.,0.,-1.));
#3587=DIRECTION('center_axis',(0.,0.,-1.));
#3588=DIRECTION('ref_axis',(1.,0.,0.));
#3589=DIRECTION('center_axis',(0.,0.,-1.));
#3590=DIRECTION('ref_axis',(1.,0.,0.));
#3591=DIRECTION('center_axis',(0.,0.,-1.));
#3592=DIRECTION('ref_axis',(1.,0.,0.));
#3593=DIRECTION('center_axis',(1.18816676274004E-16,0.,-1.));
#3594=DIRECTION('ref_axis',(1.,0.,1.18816676274004E-16));
#3595=DIRECTION('',(0.,0.,-1.));
#3596=DIRECTION('center_axis',(0.,0.,-1.));
#3597=DIRECTION('ref_axis',(1.,0.,0.));
#3598=DIRECTION('center_axis',(0.,0.,-1.));
#3599=DIRECTION('ref_axis',(1.,0.,0.));
#3600=DIRECTION('center_axis',(-1.3684555315672E-48,1.53399941315485E-32,
1.));
#3601=DIRECTION('ref_axis',(0.,-1.,1.53399941315485E-32));
#3602=DIRECTION('',(-0.707106781186548,0.707106781186547,-1.08470138737798E-32));
#3603=DIRECTION('',(-0.707106781186548,-0.707106781186548,1.08470138737798E-32));
#3604=DIRECTION('',(0.707106781186548,-0.707106781186547,1.08470138737797E-32));
#3605=DIRECTION('',(0.707106781186547,0.707106781186548,-1.08470138737798E-32));
#3606=DIRECTION('',(-0.707106781186548,0.707106781186548,-1.08470138737798E-32));
#3607=DIRECTION('',(0.707106781186549,0.707106781186546,-1.08470138737797E-32));
#3608=DIRECTION('',(0.707106781186546,-0.707106781186549,1.08470138737798E-32));
#3609=DIRECTION('',(-0.707106781186548,-0.707106781186547,1.08470138737797E-32));
#3610=DIRECTION('',(0.707106781186548,0.707106781186547,-1.08470138737797E-32));
#3611=DIRECTION('',(0.707106781186548,-0.707106781186548,1.08470138737798E-32));
#3612=DIRECTION('',(-0.707106781186548,-0.707106781186548,1.08470138737798E-32));
#3613=DIRECTION('',(-0.707106781186546,0.707106781186549,-1.08470138737798E-32));
#3614=DIRECTION('',(-0.707106781186548,-0.707106781186548,1.08470138737798E-32));
#3615=DIRECTION('',(-0.707106781186549,0.707106781186546,-1.08470138737797E-32));
#3616=DIRECTION('',(0.707106781186548,0.707106781186547,-1.08470138737797E-32));
#3617=DIRECTION('',(0.707106781186548,-0.707106781186548,1.08470138737798E-32));
#3618=DIRECTION('center_axis',(-0.707106781186548,0.707106781186547,-8.40160775113949E-17));
#3619=DIRECTION('ref_axis',(-0.707106781186547,-0.707106781186548,-6.16297582203915E-33));
#3620=DIRECTION('',(1.18816676274004E-16,1.23259516440783E-32,-1.));
#3621=DIRECTION('',(0.707106781186547,0.707106781186548,-1.84889274661175E-32));
#3622=DIRECTION('',(1.18816676274004E-16,1.23259516440783E-32,-1.));
#3623=DIRECTION('',(0.707106781186547,0.707106781186548,-1.84889274661175E-32));
#3624=DIRECTION('center_axis',(-0.707106781186547,-0.707106781186548,-8.40160775113949E-17));
#3625=DIRECTION('ref_axis',(0.707106781186548,-0.707106781186547,-6.16297582203915E-33));
#3626=DIRECTION('',(1.18816676274004E-16,-5.10557634013218E-33,-1.));
#3627=DIRECTION('',(-0.707106781186548,0.707106781186547,-1.23259516440783E-32));
#3628=DIRECTION('',(1.18816676274004E-16,-5.10557634013218E-33,-1.));
#3629=DIRECTION('',(-0.707106781186548,0.707106781186547,-1.23259516440783E-32));
#3630=DIRECTION('center_axis',(0.707106781186548,-0.707106781186548,8.40160775113947E-17));
#3631=DIRECTION('ref_axis',(0.707106781186548,0.707106781186548,0.));
#3632=DIRECTION('',(1.18816676274004E-16,8.71576399210525E-33,-1.));
#3633=DIRECTION('',(-0.707106781186548,-0.707106781186548,1.84889274661175E-32));
#3634=DIRECTION('',(1.18816676274004E-16,3.61018765197306E-33,-1.));
#3635=DIRECTION('',(-0.707106781186548,-0.707106781186548,1.84889274661175E-32));
#3636=DIRECTION('center_axis',(0.707106781186547,0.707106781186548,8.40160775113949E-17));
#3637=DIRECTION('ref_axis',(-0.707106781186548,0.707106781186547,6.16297582203915E-33));
#3638=DIRECTION('',(1.18816676274004E-16,0.,-1.));
#3639=DIRECTION('',(0.707106781186548,-0.707106781186547,1.84889274661175E-32));
#3640=DIRECTION('',(1.18816676274004E-16,0.,-1.));
#3641=DIRECTION('',(0.707106781186548,-0.707106781186547,1.84889274661175E-32));
#3642=DIRECTION('center_axis',(-1.3684555315672E-48,1.53399941315485E-32,
1.));
#3643=DIRECTION('ref_axis',(0.,-1.,1.53399941315485E-32));
#3644=DIRECTION('',(0.707106781186548,-0.707106781186547,1.08470138737797E-32));
#3645=DIRECTION('',(-0.707106781186548,-0.707106781186548,1.08470138737798E-32));
#3646=DIRECTION('',(-0.707106781186548,0.707106781186547,-1.08470138737798E-32));
#3647=DIRECTION('',(0.707106781186547,0.707106781186548,-1.08470138737798E-32));
#3648=DIRECTION('center_axis',(0.707106781186546,0.707106781186549,-2.90439198229503E-47));
#3649=DIRECTION('ref_axis',(-0.707106781186549,0.707106781186546,0.));
#3650=DIRECTION('',(7.66999706577423E-33,-7.66999706577423E-33,-1.));
#3651=DIRECTION('',(0.707106781186549,-0.707106781186546,8.40160775113951E-17));
#3652=DIRECTION('',(7.66999706577423E-33,-7.66999706577423E-33,-1.));
#3653=DIRECTION('center_axis',(-0.707106781186548,0.707106781186548,-1.08470138737798E-32));
#3654=DIRECTION('ref_axis',(-0.707106781186548,-0.707106781186548,0.));
#3655=DIRECTION('',(7.66999706577423E-33,-7.66999706577423E-33,-1.));
#3656=DIRECTION('',(0.707106781186548,0.707106781186548,8.40160775113947E-17));
#3657=DIRECTION('center_axis',(-0.707106781186548,-0.707106781186548,0.));
#3658=DIRECTION('ref_axis',(0.707106781186548,-0.707106781186548,0.));
#3659=DIRECTION('',(7.66999706577423E-33,-7.66999706577423E-33,-1.));
#3660=DIRECTION('',(-0.707106781186548,0.707106781186548,-8.40160775113947E-17));
#3661=DIRECTION('center_axis',(0.707106781186547,-0.707106781186548,1.08470138737798E-32));
#3662=DIRECTION('ref_axis',(0.707106781186548,0.707106781186547,0.));
#3663=DIRECTION('',(-0.707106781186548,-0.707106781186547,-8.4016077511395E-17));
#3664=DIRECTION('center_axis',(0.707106781186547,-0.707106781186548,1.08470138737798E-32));
#3665=DIRECTION('ref_axis',(0.707106781186548,0.707106781186547,0.));
#3666=DIRECTION('',(7.66999706577423E-33,-7.66999706577423E-33,-1.));
#3667=DIRECTION('',(7.66999706577423E-33,-7.66999706577423E-33,-1.));
#3668=DIRECTION('',(-0.707106781186548,-0.707106781186547,-8.4016077511395E-17));
#3669=DIRECTION('center_axis',(-0.707106781186548,-0.707106781186548,0.));
#3670=DIRECTION('ref_axis',(0.707106781186548,-0.707106781186548,0.));
#3671=DIRECTION('',(7.66999706577423E-33,-7.66999706577423E-33,-1.));
#3672=DIRECTION('',(-0.707106781186548,0.707106781186548,-8.40160775113947E-17));
#3673=DIRECTION('center_axis',(-0.707106781186548,0.707106781186548,-1.08470138737798E-32));
#3674=DIRECTION('ref_axis',(-0.707106781186548,-0.707106781186548,0.));
#3675=DIRECTION('',(7.66999706577423E-33,-7.66999706577423E-33,-1.));
#3676=DIRECTION('',(0.707106781186548,0.707106781186548,8.40160775113947E-17));
#3677=DIRECTION('center_axis',(0.707106781186549,0.707106781186546,2.90439198229503E-47));
#3678=DIRECTION('ref_axis',(-0.707106781186546,0.707106781186549,0.));
#3679=DIRECTION('',(0.707106781186546,-0.707106781186549,8.40160775113947E-17));
#3680=DIRECTION('center_axis',(0.707106781186548,0.707106781186548,0.));
#3681=DIRECTION('ref_axis',(-0.707106781186548,0.707106781186548,0.));
#3682=DIRECTION('',(7.66999706577423E-33,-7.66999706577423E-33,-1.));
#3683=DIRECTION('',(7.66999706577423E-33,-7.66999706577423E-33,-1.));
#3684=DIRECTION('',(0.707106781186548,-0.707106781186548,8.40160775113947E-17));
#3685=DIRECTION('center_axis',(0.707106781186546,-0.707106781186549,1.08470138737798E-32));
#3686=DIRECTION('ref_axis',(0.707106781186549,0.707106781186546,0.));
#3687=DIRECTION('',(7.66999706577423E-33,-7.66999706577423E-33,-1.));
#3688=DIRECTION('',(-0.707106781186549,-0.707106781186546,-8.40160775113951E-17));
#3689=DIRECTION('center_axis',(-0.707106781186549,-0.707106781186546,-2.54134298450815E-47));
#3690=DIRECTION('ref_axis',(0.707106781186546,-0.707106781186549,0.));
#3691=DIRECTION('',(7.66999706577423E-33,-7.66999706577423E-33,-1.));
#3692=DIRECTION('',(-0.707106781186546,0.707106781186549,-8.40160775113947E-17));
#3693=DIRECTION('center_axis',(-0.707106781186547,0.707106781186548,-1.08470138737798E-32));
#3694=DIRECTION('ref_axis',(-0.707106781186548,-0.707106781186547,0.));
#3695=DIRECTION('',(0.707106781186548,0.707106781186547,8.4016077511395E-17));
#3696=DIRECTION('center_axis',(1.18816676274004E-16,0.,-1.));
#3697=DIRECTION('ref_axis',(-1.,0.,-1.18816676274004E-16));
#3698=DIRECTION('',(0.,1.,0.));
#3699=DIRECTION('center_axis',(1.18816676274004E-16,0.,-1.));
#3700=DIRECTION('ref_axis',(-1.,0.,-1.18816676274004E-16));
#3701=DIRECTION('center_axis',(-1.18816676274004E-16,0.,1.));
#3702=DIRECTION('ref_axis',(1.,0.,1.18816676274004E-16));
#3703=DIRECTION('center_axis',(0.,0.,-1.));
#3704=DIRECTION('ref_axis',(-1.,0.,0.));
#3705=DIRECTION('',(0.,-1.,0.));
#3706=DIRECTION('',(-1.,0.,0.));
#3707=DIRECTION('',(0.,-1.,0.));
#3708=DIRECTION('',(-1.,8.55111929934101E-16,0.));
#3709=DIRECTION('center_axis',(0.,0.,-1.));
#3710=DIRECTION('ref_axis',(-1.,0.,0.));
#3711=DIRECTION('',(1.0842021724855E-16,1.,0.));
#3712=DIRECTION('center_axis',(0.,0.,-1.));
#3713=DIRECTION('ref_axis',(-1.,0.,0.));
#3714=DIRECTION('',(1.,0.,0.));
#3715=DIRECTION('',(0.,-1.,0.));
#3716=DIRECTION('',(-1.,0.,0.));
#3717=DIRECTION('center_axis',(0.,-1.,0.));
#3718=DIRECTION('ref_axis',(0.,0.,-1.));
#3719=DIRECTION('',(0.,0.,1.));
#3720=DIRECTION('',(0.,0.,1.));
#3721=DIRECTION('center_axis',(0.,-1.,0.));
#3722=DIRECTION('ref_axis',(0.,0.,-1.));
#3723=DIRECTION('',(1.,0.,0.));
#3724=DIRECTION('center_axis',(0.,-1.,0.));
#3725=DIRECTION('ref_axis',(0.,0.,-1.));
#3726=DIRECTION('',(-4.13939387804565E-15,0.,1.));
#3727=DIRECTION('center_axis',(0.,-1.,0.));
#3728=DIRECTION('ref_axis',(0.,0.,-1.));
#3729=DIRECTION('',(-1.,0.,0.));
#3730=DIRECTION('center_axis',(0.,-1.,0.));
#3731=DIRECTION('ref_axis',(0.,0.,-1.));
#3732=DIRECTION('',(0.,0.,1.));
#3733=DIRECTION('',(-1.,0.,0.));
#3734=DIRECTION('center_axis',(0.,1.,0.));
#3735=DIRECTION('ref_axis',(0.,0.,1.));
#3736=DIRECTION('',(0.,0.,-1.));
#3737=DIRECTION('',(-1.,0.,0.));
#3738=DIRECTION('',(0.,0.,-1.));
#3739=DIRECTION('center_axis',(0.,1.,0.));
#3740=DIRECTION('ref_axis',(0.,0.,1.));
#3741=DIRECTION('',(1.,0.,0.));
#3742=DIRECTION('center_axis',(0.,1.,0.));
#3743=DIRECTION('ref_axis',(0.,0.,1.));
#3744=DIRECTION('',(4.13939387804565E-15,0.,-1.));
#3745=DIRECTION('center_axis',(0.,1.,0.));
#3746=DIRECTION('ref_axis',(0.,0.,1.));
#3747=DIRECTION('',(-1.,0.,0.));
#3748=DIRECTION('center_axis',(0.,1.,0.));
#3749=DIRECTION('ref_axis',(0.,0.,1.));
#3750=DIRECTION('',(0.,0.,-1.));
#3751=DIRECTION('center_axis',(0.,0.,1.));
#3752=DIRECTION('ref_axis',(1.,0.,0.));
#3753=DIRECTION('',(0.,1.,0.));
#3754=DIRECTION('',(0.,1.,0.));
#3755=DIRECTION('center_axis',(0.,0.,-1.));
#3756=DIRECTION('ref_axis',(-1.,0.,0.));
#3757=DIRECTION('',(0.,1.,0.));
#3758=DIRECTION('',(1.,0.,0.));
#3759=DIRECTION('center_axis',(0.,0.,-1.));
#3760=DIRECTION('ref_axis',(-1.,0.,0.));
#3761=DIRECTION('',(1.0842021724855E-16,1.,0.));
#3762=DIRECTION('center_axis',(0.,0.,-1.));
#3763=DIRECTION('ref_axis',(-1.,0.,0.));
#3764=DIRECTION('',(-1.,8.55111929934101E-16,0.));
#3765=DIRECTION('',(0.,1.,0.));
#3766=DIRECTION('',(-1.,0.,0.));
#3767=DIRECTION('',(0.,1.,0.));
#3768=DIRECTION('',(-1.,0.,0.));
#3769=DIRECTION('center_axis',(-1.,0.,0.));
#3770=DIRECTION('ref_axis',(0.,0.,1.));
#3771=DIRECTION('',(0.,0.,-1.));
#3772=DIRECTION('',(0.,0.,1.));
#3773=DIRECTION('',(0.,1.,0.));
#3774=DIRECTION('center_axis',(-1.18816676274004E-16,0.,1.));
#3775=DIRECTION('ref_axis',(1.,0.,1.18816676274004E-16));
#3776=DIRECTION('center_axis',(-1.18816676274004E-16,0.,1.));
#3777=DIRECTION('ref_axis',(1.,0.,1.18816676274004E-16));
#3778=DIRECTION('',(0.,1.,0.));
#3779=DIRECTION('center_axis',(0.,0.,1.));
#3780=DIRECTION('ref_axis',(1.,0.,0.));
#3781=DIRECTION('',(0.,1.,0.));
#3782=DIRECTION('center_axis',(0.,0.,1.));
#3783=DIRECTION('ref_axis',(1.,0.,0.));
#3784=DIRECTION('center_axis',(1.,0.,1.59118537385571E-16));
#3785=DIRECTION('ref_axis',(1.59118537385571E-16,0.,-1.));
#3786=DIRECTION('',(-1.18816676274004E-16,0.,1.));
#3787=DIRECTION('',(-1.18816676274004E-16,0.,1.));
#3788=DIRECTION('center_axis',(1.18816676274004E-16,0.,-1.));
#3789=DIRECTION('ref_axis',(-1.,0.,-1.18816676274004E-16));
#3790=DIRECTION('center_axis',(-1.18816676274004E-16,0.,1.));
#3791=DIRECTION('ref_axis',(1.,0.,1.18816676274004E-16));
#3792=DIRECTION('center_axis',(-1.18816676274004E-16,0.,1.));
#3793=DIRECTION('ref_axis',(1.,0.,1.18816676274004E-16));
#3794=DIRECTION('center_axis',(-1.18816676274004E-16,0.,1.));
#3795=DIRECTION('ref_axis',(1.,0.,1.18816676274004E-16));
#3796=DIRECTION('',(1.18816676274004E-16,0.,-1.));
#3797=DIRECTION('center_axis',(-1.18816676274004E-16,0.,1.));
#3798=DIRECTION('ref_axis',(1.,0.,1.18816676274004E-16));
#3799=DIRECTION('center_axis',(-1.18816676274004E-16,0.,1.));
#3800=DIRECTION('ref_axis',(1.,0.,1.18816676274004E-16));
#3801=DIRECTION('center_axis',(-1.18816676274004E-16,0.,1.));
#3802=DIRECTION('ref_axis',(1.,0.,1.18816676274004E-16));
#3803=DIRECTION('center_axis',(-1.18816676274004E-16,0.,1.));
#3804=DIRECTION('ref_axis',(1.,0.,1.18816676274004E-16));
#3805=DIRECTION('',(-1.18816676274004E-16,0.,1.));
#3806=DIRECTION('center_axis',(-1.18816676274004E-16,0.,1.));
#3807=DIRECTION('ref_axis',(1.,0.,1.18816676274004E-16));
#3808=DIRECTION('center_axis',(-1.18816676274004E-16,0.,1.));
#3809=DIRECTION('ref_axis',(1.,0.,0.));
#3810=DIRECTION('center_axis',(1.22464679914735E-16,-1.,1.45508462284286E-32));
#3811=DIRECTION('ref_axis',(-1.,-1.22464679914735E-16,0.));
#3812=DIRECTION('center_axis',(-1.18816676274004E-16,0.,1.));
#3813=DIRECTION('ref_axis',(1.,0.,1.18816676274004E-16));
#3814=DIRECTION('center_axis',(-1.18816676274004E-16,0.,1.));
#3815=DIRECTION('ref_axis',(1.,0.,1.18816676274004E-16));
#3816=DIRECTION('center_axis',(-1.18816676274004E-16,0.,1.));
#3817=DIRECTION('ref_axis',(1.,0.,1.18816676274004E-16));
#3818=DIRECTION('center_axis',(-1.18816676274004E-16,0.,1.));
#3819=DIRECTION('ref_axis',(1.,0.,0.));
#3820=DIRECTION('center_axis',(1.22464679914735E-16,-1.,1.45508462284286E-32));
#3821=DIRECTION('ref_axis',(-1.,-1.22464679914735E-16,0.));
#3822=DIRECTION('center_axis',(-1.18816676274004E-16,0.,1.));
#3823=DIRECTION('ref_axis',(1.,0.,1.18816676274004E-16));
#3824=DIRECTION('center_axis',(-1.18816676274004E-16,0.,1.));
#3825=DIRECTION('ref_axis',(1.,0.,1.18816676274004E-16));
#3826=DIRECTION('',(1.18816676274004E-16,0.,-1.));
#3827=DIRECTION('center_axis',(-1.18816676274004E-16,0.,1.));
#3828=DIRECTION('ref_axis',(1.,0.,1.18816676274004E-16));
#3829=DIRECTION('center_axis',(-1.18816676274004E-16,0.,1.));
#3830=DIRECTION('ref_axis',(1.,0.,0.));
#3831=DIRECTION('center_axis',(-1.22464679914735E-16,1.,-1.45508462284286E-32));
#3832=DIRECTION('ref_axis',(-1.,-1.22464679914735E-16,0.));
#3833=DIRECTION('center_axis',(-1.18816676274004E-16,0.,1.));
#3834=DIRECTION('ref_axis',(1.,0.,1.18816676274004E-16));
#3835=DIRECTION('center_axis',(-1.18816676274004E-16,0.,1.));
#3836=DIRECTION('ref_axis',(1.,0.,1.18816676274004E-16));
#3837=DIRECTION('center_axis',(-1.18816676274004E-16,0.,1.));
#3838=DIRECTION('ref_axis',(1.,0.,1.18816676274004E-16));
#3839=DIRECTION('center_axis',(-1.18816676274004E-16,0.,1.));
#3840=DIRECTION('ref_axis',(1.,0.,1.4210854715202E-16));
#3841=DIRECTION('center_axis',(1.22464679914735E-16,-1.,1.45508462284286E-32));
#3842=DIRECTION('ref_axis',(-1.,-1.22464679914735E-16,-1.77635683940025E-16));
#3843=DIRECTION('center_axis',(-1.18816676274004E-16,0.,1.));
#3844=DIRECTION('ref_axis',(1.,0.,1.18816676274004E-16));
#3845=DIRECTION('center_axis',(-1.18816676274004E-16,0.,1.));
#3846=DIRECTION('ref_axis',(1.,0.,1.18816676274004E-16));
#3847=DIRECTION('',(1.18816676274004E-16,0.,-1.));
#3848=DIRECTION('center_axis',(-1.18816676274004E-16,0.,1.));
#3849=DIRECTION('ref_axis',(1.,0.,1.18816676274004E-16));
#3850=DIRECTION('center_axis',(1.18816676274004E-16,0.,-1.));
#3851=DIRECTION('ref_axis',(-1.,0.,-1.18816676274004E-16));
#3852=DIRECTION('center_axis',(-1.18816676274004E-16,0.,1.));
#3853=DIRECTION('ref_axis',(1.,0.,1.18816676274004E-16));
#3854=DIRECTION('center_axis',(-1.18816676274004E-16,0.,1.));
#3855=DIRECTION('ref_axis',(1.,0.,1.18816676274004E-16));
#3856=DIRECTION('',(1.18816676274004E-16,0.,-1.));
#3857=DIRECTION('center_axis',(-1.18816676274004E-16,0.,1.));
#3858=DIRECTION('ref_axis',(1.,0.,1.18816676274004E-16));
#3859=DIRECTION('center_axis',(-1.18816676274004E-16,0.,1.));
#3860=DIRECTION('ref_axis',(1.,0.,1.18816676274004E-16));
#3861=DIRECTION('center_axis',(-1.18816676274004E-16,0.,1.));
#3862=DIRECTION('ref_axis',(1.,0.,1.18816676274004E-16));
#3863=DIRECTION('center_axis',(-1.18816676274004E-16,0.,1.));
#3864=DIRECTION('ref_axis',(1.,0.,0.));
#3865=DIRECTION('center_axis',(1.22464679914735E-16,-1.,1.45508462284286E-32));
#3866=DIRECTION('ref_axis',(-1.,-1.22464679914735E-16,-1.77635683940025E-16));
#3867=DIRECTION('center_axis',(-1.18816676274004E-16,0.,1.));
#3868=DIRECTION('ref_axis',(1.,0.,1.18816676274004E-16));
#3869=DIRECTION('center_axis',(-1.18816676274004E-16,0.,1.));
#3870=DIRECTION('ref_axis',(1.,0.,1.18816676274004E-16));
#3871=DIRECTION('',(1.18816676274004E-16,0.,-1.));
#3872=DIRECTION('center_axis',(-1.18816676274004E-16,0.,1.));
#3873=DIRECTION('ref_axis',(1.,0.,1.18816676274004E-16));
#3874=DIRECTION('center_axis',(1.18816676274004E-16,0.,-1.));
#3875=DIRECTION('ref_axis',(-1.,0.,-1.18816676274004E-16));
#3876=DIRECTION('center_axis',(-1.18816676274004E-16,0.,1.));
#3877=DIRECTION('ref_axis',(1.,0.,1.18816676274004E-16));
#3878=DIRECTION('center_axis',(-1.18816676274004E-16,0.,1.));
#3879=DIRECTION('ref_axis',(1.,0.,1.18816676274004E-16));
#3880=DIRECTION('',(1.18816676274004E-16,0.,-1.));
#3881=DIRECTION('center_axis',(-1.18816676274004E-16,0.,1.));
#3882=DIRECTION('ref_axis',(1.,0.,1.18816676274004E-16));
#3883=DIRECTION('center_axis',(-1.18816676274004E-16,0.,1.));
#3884=DIRECTION('ref_axis',(1.,0.,1.18816676274004E-16));
#3885=DIRECTION('center_axis',(-1.18816676274004E-16,0.,1.));
#3886=DIRECTION('ref_axis',(1.,0.,1.18816676274004E-16));
#3887=DIRECTION('center_axis',(-1.18816676274004E-16,0.,1.));
#3888=DIRECTION('ref_axis',(1.,0.,0.));
#3889=DIRECTION('center_axis',(1.22464679914735E-16,-1.,1.45508462284286E-32));
#3890=DIRECTION('ref_axis',(-1.,-1.22464679914735E-16,0.));
#3891=DIRECTION('center_axis',(-1.18816676274004E-16,0.,1.));
#3892=DIRECTION('ref_axis',(1.,0.,1.18816676274004E-16));
#3893=DIRECTION('center_axis',(-1.18816676274004E-16,0.,1.));
#3894=DIRECTION('ref_axis',(1.,0.,1.18816676274004E-16));
#3895=DIRECTION('',(1.18816676274004E-16,0.,-1.));
#3896=DIRECTION('center_axis',(-1.18816676274004E-16,0.,1.));
#3897=DIRECTION('ref_axis',(1.,0.,1.18816676274004E-16));
#3898=DIRECTION('center_axis',(-1.18816676274004E-16,0.,1.));
#3899=DIRECTION('ref_axis',(1.,0.,0.));
#3900=DIRECTION('center_axis',(1.22464679914735E-16,-1.,1.45508462284286E-32));
#3901=DIRECTION('ref_axis',(-1.,-1.22464679914735E-16,0.));
#3902=DIRECTION('center_axis',(-1.18816676274004E-16,0.,1.));
#3903=DIRECTION('ref_axis',(1.,0.,1.18816676274004E-16));
#3904=DIRECTION('center_axis',(1.18816676274004E-16,0.,-1.));
#3905=DIRECTION('ref_axis',(-1.,0.,-1.18816676274004E-16));
#3906=DIRECTION('center_axis',(-1.18816676274004E-16,0.,1.));
#3907=DIRECTION('ref_axis',(1.,0.,1.18816676274004E-16));
#3908=DIRECTION('center_axis',(1.18816676274004E-16,0.,-1.));
#3909=DIRECTION('ref_axis',(-1.,0.,-1.18816676274004E-16));
#3910=DIRECTION('center_axis',(-1.18816676274004E-16,0.,1.));
#3911=DIRECTION('ref_axis',(1.,0.,1.18816676274004E-16));
#3912=DIRECTION('center_axis',(1.18816676274004E-16,0.,-1.));
#3913=DIRECTION('ref_axis',(-1.,0.,-1.18816676274004E-16));
#3914=DIRECTION('center_axis',(-1.18816676274004E-16,0.,1.));
#3915=DIRECTION('ref_axis',(1.,0.,1.18816676274004E-16));
#3916=DIRECTION('',(1.18816676274004E-16,0.,-1.));
#3917=DIRECTION('center_axis',(-1.18816676274004E-16,0.,1.));
#3918=DIRECTION('ref_axis',(1.,0.,1.18816676274004E-16));
#3919=DIRECTION('center_axis',(-1.18816676274004E-16,0.,1.));
#3920=DIRECTION('ref_axis',(1.,0.,0.));
#3921=DIRECTION('center_axis',(-1.18816676274004E-16,0.,1.));
#3922=DIRECTION('ref_axis',(1.,0.,1.18816676274004E-16));
#3923=DIRECTION('center_axis',(1.22464679914735E-16,-1.,1.45508462284286E-32));
#3924=DIRECTION('ref_axis',(-1.,-1.22464679914735E-16,0.));
#3925=DIRECTION('center_axis',(-1.18816676274004E-16,0.,1.));
#3926=DIRECTION('ref_axis',(1.,0.,1.18816676274004E-16));
#3927=DIRECTION('center_axis',(-1.18816676274004E-16,0.,1.));
#3928=DIRECTION('ref_axis',(1.,0.,1.18816676274004E-16));
#3929=DIRECTION('center_axis',(-1.18816676274004E-16,0.,1.));
#3930=DIRECTION('ref_axis',(1.,0.,1.18816676274004E-16));
#3931=DIRECTION('center_axis',(-1.18816676274004E-16,0.,1.));
#3932=DIRECTION('ref_axis',(1.,0.,1.18816676274004E-16));
#3933=DIRECTION('',(1.18816676274004E-16,0.,-1.));
#3934=DIRECTION('center_axis',(-1.18816676274004E-16,0.,1.));
#3935=DIRECTION('ref_axis',(1.,0.,0.));
#3936=DIRECTION('center_axis',(1.22464679914735E-16,-1.,1.45508462284286E-32));
#3937=DIRECTION('ref_axis',(-1.,-1.22464679914735E-16,0.));
#3938=DIRECTION('center_axis',(-1.18816676274004E-16,0.,1.));
#3939=DIRECTION('ref_axis',(1.,0.,1.18816676274004E-16));
#3940=DIRECTION('center_axis',(-1.18816676274004E-16,0.,1.));
#3941=DIRECTION('ref_axis',(1.,0.,0.));
#3942=DIRECTION('center_axis',(-1.18816676274004E-16,0.,1.));
#3943=DIRECTION('ref_axis',(1.,0.,1.18816676274004E-16));
#3944=DIRECTION('center_axis',(1.22464679914735E-16,-1.,1.45508462284286E-32));
#3945=DIRECTION('ref_axis',(-1.,-1.22464679914735E-16,0.));
#3946=DIRECTION('center_axis',(-1.18816676274004E-16,0.,1.));
#3947=DIRECTION('ref_axis',(1.,0.,1.18816676274004E-16));
#3948=DIRECTION('',(1.18816676274004E-16,0.,-1.));
#3949=DIRECTION('center_axis',(-1.18816676274004E-16,0.,1.));
#3950=DIRECTION('ref_axis',(1.,0.,1.18816676274004E-16));
#3951=DIRECTION('center_axis',(-1.18816676274004E-16,0.,1.));
#3952=DIRECTION('ref_axis',(1.,0.,1.18816676274004E-16));
#3953=DIRECTION('center_axis',(-1.18816676274004E-16,0.,1.));
#3954=DIRECTION('ref_axis',(1.,0.,1.18816676274004E-16));
#3955=DIRECTION('center_axis',(-1.18816676274004E-16,0.,1.));
#3956=DIRECTION('ref_axis',(1.,0.,0.));
#3957=DIRECTION('center_axis',(1.22464679914735E-16,-1.,1.45508462284286E-32));
#3958=DIRECTION('ref_axis',(-1.,-1.22464679914735E-16,0.));
#3959=DIRECTION('center_axis',(-1.18816676274004E-16,0.,1.));
#3960=DIRECTION('ref_axis',(1.,0.,1.18816676274004E-16));
#3961=DIRECTION('center_axis',(-1.18816676274004E-16,0.,1.));
#3962=DIRECTION('ref_axis',(1.,0.,0.));
#3963=DIRECTION('center_axis',(-1.18816676274004E-16,0.,1.));
#3964=DIRECTION('ref_axis',(1.,0.,1.18816676274004E-16));
#3965=DIRECTION('center_axis',(-1.18816676274004E-16,0.,1.));
#3966=DIRECTION('ref_axis',(1.,0.,1.18816676274004E-16));
#3967=DIRECTION('center_axis',(-1.22464679914735E-16,1.,-1.45508462284286E-32));
#3968=DIRECTION('ref_axis',(-1.,-1.22464679914735E-16,0.));
#3969=DIRECTION('center_axis',(1.18816676274004E-16,0.,-1.));
#3970=DIRECTION('ref_axis',(-1.,0.,-1.18816676274004E-16));
#3971=DIRECTION('center_axis',(-1.18816676274004E-16,0.,1.));
#3972=DIRECTION('ref_axis',(1.,0.,1.18816676274004E-16));
#3973=DIRECTION('center_axis',(1.18816676274004E-16,0.,-1.));
#3974=DIRECTION('ref_axis',(-1.,0.,-1.18816676274004E-16));
#3975=DIRECTION('',(-0.699036910026945,8.56073314350355E-17,0.715085588178073));
#3976=DIRECTION('center_axis',(-1.18816676274004E-16,0.,1.));
#3977=DIRECTION('ref_axis',(1.,0.,1.18816676274004E-16));
#3978=DIRECTION('center_axis',(-1.18816676274004E-16,0.,1.));
#3979=DIRECTION('ref_axis',(1.,0.,1.18816676274004E-16));
#3980=DIRECTION('center_axis',(-1.18816676274004E-16,0.,1.));
#3981=DIRECTION('ref_axis',(1.,0.,1.18816676274004E-16));
#3982=DIRECTION('',(1.18816676274004E-16,0.,-1.));
#3983=DIRECTION('center_axis',(-1.18816676274004E-16,0.,1.));
#3984=DIRECTION('ref_axis',(1.,0.,1.18816676274004E-16));
#3985=DIRECTION('center_axis',(-1.18816676274004E-16,0.,1.));
#3986=DIRECTION('ref_axis',(1.,0.,0.));
#3987=DIRECTION('center_axis',(-1.22464679914735E-16,1.,-1.45508462284286E-32));
#3988=DIRECTION('ref_axis',(-1.,-1.22464679914735E-16,0.));
#3989=DIRECTION('center_axis',(-1.18816676274004E-16,0.,1.));
#3990=DIRECTION('ref_axis',(1.,0.,1.18816676274004E-16));
#3991=DIRECTION('center_axis',(-1.18816676274004E-16,0.,1.));
#3992=DIRECTION('ref_axis',(1.,0.,1.18816676274004E-16));
#3993=DIRECTION('center_axis',(-1.18816676274004E-16,0.,1.));
#3994=DIRECTION('ref_axis',(1.,0.,1.18816676274004E-16));
#3995=DIRECTION('center_axis',(-1.18816676274004E-16,0.,1.));
#3996=DIRECTION('ref_axis',(1.,0.,1.18816676274004E-16));
#3997=DIRECTION('',(1.18816676274004E-16,0.,-1.));
#3998=DIRECTION('center_axis',(-1.18816676274004E-16,0.,1.));
#3999=DIRECTION('ref_axis',(1.,0.,1.18816676274004E-16));
#4000=DIRECTION('',(-1.18816676274004E-16,0.,1.));
#4001=DIRECTION('center_axis',(1.18816676274004E-16,0.,-1.));
#4002=DIRECTION('ref_axis',(-1.,0.,-1.18816676274004E-16));
#4003=DIRECTION('',(-1.18816676274004E-16,0.,1.));
#4004=DIRECTION('center_axis',(-1.18816676274004E-16,0.,1.));
#4005=DIRECTION('ref_axis',(1.,0.,1.18816676274004E-16));
#4006=DIRECTION('center_axis',(1.,0.,0.));
#4007=DIRECTION('ref_axis',(0.,0.,-1.));
#4008=DIRECTION('',(0.,0.,-1.));
#4009=DIRECTION('',(0.,1.,0.));
#4010=DIRECTION('',(0.,1.,0.));
#4011=DIRECTION('',(0.,0.,-1.));
#4012=DIRECTION('',(0.,1.,0.));
#4013=DIRECTION('center_axis',(6.02626683519602E-14,0.,-1.));
#4014=DIRECTION('ref_axis',(-1.,0.,-6.02626683519602E-14));
#4015=DIRECTION('',(-1.,0.,-6.02626683519602E-14));
#4016=DIRECTION('',(-1.,0.,-6.02626683519602E-14));
#4017=DIRECTION('',(0.,1.,0.));
#4018=DIRECTION('center_axis',(0.,1.,0.));
#4019=DIRECTION('ref_axis',(0.,0.,1.));
#4020=DIRECTION('center_axis',(0.,-1.,0.));
#4021=DIRECTION('ref_axis',(1.,0.,0.));
#4022=DIRECTION('center_axis',(0.,-1.,0.));
#4023=DIRECTION('ref_axis',(1.,0.,0.));
#4024=DIRECTION('center_axis',(0.,1.,0.));
#4025=DIRECTION('ref_axis',(0.,0.,1.));
#4026=DIRECTION('',(-1.,0.,0.));
#4027=DIRECTION('center_axis',(0.,1.,0.));
#4028=DIRECTION('ref_axis',(1.,0.,0.));
#4029=DIRECTION('',(0.,0.,1.));
#4030=DIRECTION('',(1.,0.,0.));
#4031=DIRECTION('',(0.,0.,1.));
#4032=DIRECTION('center_axis',(0.,1.,0.));
#4033=DIRECTION('ref_axis',(1.,0.,0.));
#4034=DIRECTION('',(1.,0.,0.));
#4035=DIRECTION('center_axis',(0.,-1.,0.));
#4036=DIRECTION('ref_axis',(-1.,0.,0.));
#4037=DIRECTION('',(-4.13939387804565E-15,0.,1.));
#4038=DIRECTION('center_axis',(0.,-1.,0.));
#4039=DIRECTION('ref_axis',(1.,0.,0.));
#4040=DIRECTION('center_axis',(0.,0.,1.));
#4041=DIRECTION('ref_axis',(1.,0.,0.));
#4042=DIRECTION('',(0.,1.,0.));
#4043=DIRECTION('',(1.,0.,0.));
#4044=DIRECTION('center_axis',(0.,1.,0.));
#4045=DIRECTION('ref_axis',(0.,0.,1.));
#4046=DIRECTION('',(-1.,0.,0.));
#4047=DIRECTION('center_axis',(0.,-1.,0.));
#4048=DIRECTION('ref_axis',(1.,0.,0.));
#4049=DIRECTION('',(-4.13939387804565E-15,0.,1.));
#4050=DIRECTION('center_axis',(0.,-1.,0.));
#4051=DIRECTION('ref_axis',(-1.,0.,0.));
#4052=DIRECTION('',(1.,0.,0.));
#4053=DIRECTION('center_axis',(0.,1.,0.));
#4054=DIRECTION('ref_axis',(1.,0.,0.));
#4055=DIRECTION('',(0.,0.,1.));
#4056=DIRECTION('center_axis',(0.,1.,0.));
#4057=DIRECTION('ref_axis',(1.,0.,0.));
#4058=DIRECTION('center_axis',(0.,0.,-1.));
#4059=DIRECTION('ref_axis',(-1.,0.,0.));
#4060=DIRECTION('',(0.,1.,0.));
#4061=DIRECTION('',(0.,1.,0.));
#4062=DIRECTION('center_axis',(0.,1.,0.));
#4063=DIRECTION('ref_axis',(0.,0.,1.));
#4064=DIRECTION('',(0.,1.,0.));
#4065=DIRECTION('center_axis',(-1.,0.,-4.13939387804565E-15));
#4066=DIRECTION('ref_axis',(-4.13939387804565E-15,0.,1.));
#4067=DIRECTION('',(0.,1.,0.));
#4068=DIRECTION('center_axis',(0.,1.,0.));
#4069=DIRECTION('ref_axis',(0.,0.,1.));
#4070=DIRECTION('',(0.,1.,0.));
#4071=DIRECTION('center_axis',(0.,0.,1.));
#4072=DIRECTION('ref_axis',(1.,0.,0.));
#4073=DIRECTION('',(0.,1.,0.));
#4074=DIRECTION('center_axis',(0.,1.,0.));
#4075=DIRECTION('ref_axis',(0.,0.,1.));
#4076=DIRECTION('center_axis',(0.,1.,0.));
#4077=DIRECTION('ref_axis',(0.,0.,1.));
#4078=DIRECTION('',(0.,1.,0.));
#4079=DIRECTION('center_axis',(-1.,0.,0.));
#4080=DIRECTION('ref_axis',(0.,0.,1.));
#4081=DIRECTION('',(0.,0.,-1.));
#4082=DIRECTION('',(0.,1.,0.));
#4083=DIRECTION('center_axis',(0.,1.,0.));
#4084=DIRECTION('ref_axis',(0.,0.,1.));
#4085=DIRECTION('',(0.,1.,0.));
#4086=DIRECTION('center_axis',(0.,0.,1.));
#4087=DIRECTION('ref_axis',(1.,0.,0.));
#4088=DIRECTION('',(0.,1.,0.));
#4089=DIRECTION('center_axis',(0.,1.,0.));
#4090=DIRECTION('ref_axis',(0.,0.,1.));
#4091=DIRECTION('',(0.,1.,0.));
#4092=DIRECTION('center_axis',(-1.,0.,-4.13939387804565E-15));
#4093=DIRECTION('ref_axis',(-4.13939387804565E-15,0.,1.));
#4094=DIRECTION('',(0.,1.,0.));
#4095=DIRECTION('center_axis',(0.,1.,0.));
#4096=DIRECTION('ref_axis',(0.,0.,1.));
#4097=DIRECTION('',(0.,1.,0.));
#4098=DIRECTION('center_axis',(0.,0.,-1.));
#4099=DIRECTION('ref_axis',(-1.,0.,0.));
#4100=DIRECTION('',(0.,1.,0.));
#4101=DIRECTION('center_axis',(0.,1.,0.));
#4102=DIRECTION('ref_axis',(0.,0.,1.));
#4103=DIRECTION('',(0.,1.,0.));
#4104=DIRECTION('center_axis',(-1.,0.,0.));
#4105=DIRECTION('ref_axis',(0.,0.,1.));
#4106=DIRECTION('center_axis',(0.,1.,0.));
#4107=DIRECTION('ref_axis',(0.,0.,1.));
#4108=DIRECTION('',(0.,0.,-1.));
#4109=DIRECTION('center_axis',(-1.,1.0842021724855E-16,0.));
#4110=DIRECTION('ref_axis',(-1.0842021724855E-16,-1.,0.));
#4111=DIRECTION('',(0.,0.,-1.));
#4112=DIRECTION('',(0.,0.,-1.));
#4113=DIRECTION('center_axis',(-8.55111929934101E-16,-1.,0.));
#4114=DIRECTION('ref_axis',(1.,-8.55111929934101E-16,0.));
#4115=DIRECTION('',(0.,0.,-1.));
#4116=DIRECTION('center_axis',(-1.,0.,0.));
#4117=DIRECTION('ref_axis',(0.,0.,1.));
#4118=DIRECTION('',(0.,-1.,0.));
#4119=DIRECTION('',(0.,0.,-1.));
#4120=DIRECTION('',(0.,1.,0.));
#4121=DIRECTION('',(0.,0.,1.));
#4122=DIRECTION('',(0.,1.,0.));
#4123=DIRECTION('',(0.,0.,1.));
#4124=DIRECTION('',(0.,-1.,0.));
#4125=DIRECTION('',(0.,0.,-1.));
#4126=DIRECTION('',(0.,1.,0.));
#4127=DIRECTION('',(0.,0.,1.));
#4128=DIRECTION('',(0.,-1.,0.));
#4129=DIRECTION('',(0.,0.,-1.));
#4130=DIRECTION('',(0.,0.,-1.));
#4131=DIRECTION('',(0.,1.,0.));
#4132=DIRECTION('',(0.,0.,1.));
#4133=DIRECTION('',(0.,-1.,0.));
#4134=DIRECTION('',(0.,1.,0.));
#4135=DIRECTION('',(0.,0.,1.));
#4136=DIRECTION('',(0.,-1.,0.));
#4137=DIRECTION('',(0.,0.,-1.));
#4138=DIRECTION('',(0.,0.,-1.));
#4139=DIRECTION('',(0.,1.,0.));
#4140=DIRECTION('',(0.,0.,1.));
#4141=DIRECTION('',(0.,-1.,0.));
#4142=DIRECTION('center_axis',(-1.,0.,0.));
#4143=DIRECTION('ref_axis',(0.,0.,1.));
#4144=DIRECTION('',(0.,0.,1.));
#4145=DIRECTION('',(0.,1.,0.));
#4146=DIRECTION('',(0.,0.,-1.));
#4147=DIRECTION('',(0.,-1.,0.));
#4148=DIRECTION('center_axis',(-0.707106781186546,-0.70710678118655,0.));
#4149=DIRECTION('ref_axis',(0.,0.,-1.));
#4150=DIRECTION('',(-0.577350269189631,0.577350269189628,0.577350269189618));
#4151=DIRECTION('',(0.,0.,-1.));
#4152=DIRECTION('',(-0.577350269189631,0.577350269189628,-0.577350269189618));
#4153=DIRECTION('center_axis',(-0.707106781186539,0.,0.707106781186556));
#4154=DIRECTION('ref_axis',(0.,-1.,0.));
#4155=DIRECTION('',(0.,-1.,0.));
#4156=DIRECTION('',(0.577350269189631,0.577350269189628,0.577350269189618));
#4157=DIRECTION('center_axis',(-0.707106781186546,0.707106781186549,0.));
#4158=DIRECTION('ref_axis',(0.,0.,1.));
#4159=DIRECTION('',(-0.577350269189631,-0.577350269189628,0.577350269189618));
#4160=DIRECTION('',(0.,0.,1.));
#4161=DIRECTION('center_axis',(-0.707106781186539,0.,-0.707106781186556));
#4162=DIRECTION('ref_axis',(0.,1.,0.));
#4163=DIRECTION('',(0.,1.,0.));
#4164=DIRECTION('center_axis',(0.,0.,1.));
#4165=DIRECTION('ref_axis',(1.,0.,0.));
#4166=DIRECTION('',(1.,0.,0.));
#4167=DIRECTION('',(1.,0.,0.));
#4168=DIRECTION('center_axis',(0.,-1.,0.));
#4169=DIRECTION('ref_axis',(0.,0.,-1.));
#4170=DIRECTION('',(1.,0.,0.));
#4171=DIRECTION('center_axis',(0.,0.,-1.));
#4172=DIRECTION('ref_axis',(-1.,0.,0.));
#4173=DIRECTION('',(1.,0.,0.));
#4174=DIRECTION('center_axis',(0.,1.,0.));
#4175=DIRECTION('ref_axis',(0.,0.,1.));
#4176=DIRECTION('center_axis',(-1.,0.,0.));
#4177=DIRECTION('ref_axis',(0.,0.,1.));
#4178=DIRECTION('',(0.,0.,1.));
#4179=DIRECTION('',(0.,1.,0.));
#4180=DIRECTION('',(0.,0.,-1.));
#4181=DIRECTION('',(0.,-1.,0.));
#4182=DIRECTION('center_axis',(-0.707106781186546,-0.70710678118655,0.));
#4183=DIRECTION('ref_axis',(0.707106781186549,-0.707106781186545,0.));
#4184=DIRECTION('',(0.577350269189631,-0.577350269189628,-0.577350269189618));
#4185=DIRECTION('',(0.,0.,-1.));
#4186=DIRECTION('',(0.577350269189631,-0.577350269189628,0.577350269189618));
#4187=DIRECTION('center_axis',(-0.707106781186539,0.,0.707106781186556));
#4188=DIRECTION('ref_axis',(0.707106781186556,0.,0.707106781186539));
#4189=DIRECTION('',(0.,-1.,0.));
#4190=DIRECTION('',(-0.577350269189631,-0.577350269189628,-0.577350269189618));
#4191=DIRECTION('center_axis',(-0.707106781186546,0.70710678118655,0.));
#4192=DIRECTION('ref_axis',(-0.707106781186549,-0.707106781186545,0.));
#4193=DIRECTION('',(-0.577350269189631,-0.577350269189628,0.577350269189618));
#4194=DIRECTION('',(0.,0.,1.));
#4195=DIRECTION('center_axis',(-0.707106781186539,0.,-0.707106781186556));
#4196=DIRECTION('ref_axis',(-0.707106781186556,0.,0.707106781186539));
#4197=DIRECTION('',(0.,1.,0.));
#4198=DIRECTION('center_axis',(0.,0.,1.));
#4199=DIRECTION('ref_axis',(1.,0.,0.));
#4200=DIRECTION('',(1.,0.,0.));
#4201=DIRECTION('',(1.,0.,0.));
#4202=DIRECTION('center_axis',(0.,-1.,0.));
#4203=DIRECTION('ref_axis',(0.,0.,-1.));
#4204=DIRECTION('',(1.,0.,0.));
#4205=DIRECTION('center_axis',(0.,0.,-1.));
#4206=DIRECTION('ref_axis',(-1.,0.,0.));
#4207=DIRECTION('',(1.,0.,0.));
#4208=DIRECTION('center_axis',(0.,1.,0.));
#4209=DIRECTION('ref_axis',(0.,0.,1.));
#4210=DIRECTION('center_axis',(-1.,0.,0.));
#4211=DIRECTION('ref_axis',(0.,0.,1.));
#4212=DIRECTION('',(0.,0.,1.));
#4213=DIRECTION('',(0.,1.,0.));
#4214=DIRECTION('',(0.,0.,-1.));
#4215=DIRECTION('',(0.,-1.,0.));
#4216=DIRECTION('center_axis',(-0.707106781186546,0.70710678118655,0.));
#4217=DIRECTION('ref_axis',(-0.707106781186549,-0.707106781186545,0.));
#4218=DIRECTION('',(-0.577350269189631,-0.577350269189628,0.577350269189618));
#4219=DIRECTION('',(-0.577350269189631,-0.577350269189628,-0.577350269189618));
#4220=DIRECTION('',(0.,0.,1.));
#4221=DIRECTION('center_axis',(-0.707106781186539,0.,-0.707106781186556));
#4222=DIRECTION('ref_axis',(-0.707106781186556,0.,0.707106781186539));
#4223=DIRECTION('',(0.,1.,0.));
#4224=DIRECTION('',(0.577350269189631,-0.577350269189628,-0.577350269189618));
#4225=DIRECTION('center_axis',(-0.707106781186546,-0.70710678118655,0.));
#4226=DIRECTION('ref_axis',(0.707106781186549,-0.707106781186545,0.));
#4227=DIRECTION('',(0.,0.,-1.));
#4228=DIRECTION('',(0.577350269189631,-0.577350269189628,0.577350269189618));
#4229=DIRECTION('center_axis',(-0.707106781186539,0.,0.707106781186556));
#4230=DIRECTION('ref_axis',(0.707106781186556,0.,0.707106781186539));
#4231=DIRECTION('',(0.,-1.,0.));
#4232=DIRECTION('center_axis',(0.,0.,-1.));
#4233=DIRECTION('ref_axis',(-1.,0.,0.));
#4234=DIRECTION('',(1.,0.,0.));
#4235=DIRECTION('',(1.,0.,0.));
#4236=DIRECTION('center_axis',(0.,1.,0.));
#4237=DIRECTION('ref_axis',(0.,0.,1.));
#4238=DIRECTION('',(1.,0.,0.));
#4239=DIRECTION('center_axis',(0.,0.,1.));
#4240=DIRECTION('ref_axis',(1.,0.,0.));
#4241=DIRECTION('',(1.,0.,0.));
#4242=DIRECTION('center_axis',(0.,-1.,0.));
#4243=DIRECTION('ref_axis',(0.,0.,-1.));
#4244=DIRECTION('center_axis',(-1.,0.,0.));
#4245=DIRECTION('ref_axis',(0.,0.,1.));
#4246=DIRECTION('',(0.,0.,1.));
#4247=DIRECTION('',(0.,1.,0.));
#4248=DIRECTION('',(0.,0.,-1.));
#4249=DIRECTION('',(0.,-1.,0.));
#4250=DIRECTION('center_axis',(-0.707106781186546,0.70710678118655,0.));
#4251=DIRECTION('ref_axis',(0.707106781186549,0.707106781186545,0.));
#4252=DIRECTION('',(0.577350269189631,0.577350269189628,-0.577350269189618));
#4253=DIRECTION('',(0.577350269189631,0.577350269189628,0.577350269189618));
#4254=DIRECTION('',(0.,0.,-1.));
#4255=DIRECTION('center_axis',(-0.707106781186539,0.,-0.707106781186556));
#4256=DIRECTION('ref_axis',(-0.707106781186556,0.,0.707106781186539));
#4257=DIRECTION('',(-0.577350269189631,0.577350269189628,0.577350269189618));
#4258=DIRECTION('',(0.,-1.,0.));
#4259=DIRECTION('center_axis',(-0.707106781186546,-0.70710678118655,0.));
#4260=DIRECTION('ref_axis',(-0.707106781186549,0.707106781186545,0.));
#4261=DIRECTION('',(0.,0.,1.));
#4262=DIRECTION('',(-0.577350269189631,0.577350269189628,-0.577350269189618));
#4263=DIRECTION('center_axis',(-0.707106781186539,0.,0.707106781186556));
#4264=DIRECTION('ref_axis',(0.707106781186556,0.,0.707106781186539));
#4265=DIRECTION('',(0.,1.,0.));
#4266=DIRECTION('center_axis',(0.,0.,-1.));
#4267=DIRECTION('ref_axis',(-1.,0.,0.));
#4268=DIRECTION('',(1.,0.,0.));
#4269=DIRECTION('',(1.,0.,0.));
#4270=DIRECTION('center_axis',(0.,1.,0.));
#4271=DIRECTION('ref_axis',(0.,0.,-1.));
#4272=DIRECTION('',(1.,0.,0.));
#4273=DIRECTION('center_axis',(0.,0.,1.));
#4274=DIRECTION('ref_axis',(1.,0.,0.));
#4275=DIRECTION('',(1.,0.,0.));
#4276=DIRECTION('center_axis',(0.,-1.,0.));
#4277=DIRECTION('ref_axis',(0.,0.,1.));
#4278=DIRECTION('center_axis',(-1.,0.,0.));
#4279=DIRECTION('ref_axis',(0.,0.,1.));
#4280=DIRECTION('',(0.,0.,1.));
#4281=DIRECTION('',(0.,1.,0.));
#4282=DIRECTION('',(0.,0.,-1.));
#4283=DIRECTION('',(0.,-1.,0.));
#4284=DIRECTION('center_axis',(-0.707106781186539,0.,-0.707106781186556));
#4285=DIRECTION('ref_axis',(0.,-1.,0.));
#4286=DIRECTION('',(-0.577350269189631,0.577350269189628,0.577350269189618));
#4287=DIRECTION('',(-0.577350269189631,-0.577350269189628,0.577350269189618));
#4288=DIRECTION('',(0.,-1.,0.));
#4289=DIRECTION('center_axis',(-0.707106781186546,-0.707106781186549,0.));
#4290=DIRECTION('ref_axis',(0.,0.,1.));
#4291=DIRECTION('',(0.,0.,1.));
#4292=DIRECTION('',(0.577350269189631,-0.577350269189628,0.577350269189618));
#4293=DIRECTION('center_axis',(-0.707106781186539,0.,0.707106781186556));
#4294=DIRECTION('ref_axis',(0.,1.,0.));
#4295=DIRECTION('',(-0.577350269189631,-0.577350269189628,-0.577350269189618));
#4296=DIRECTION('',(0.,1.,0.));
#4297=DIRECTION('center_axis',(-0.707106781186546,0.70710678118655,0.));
#4298=DIRECTION('ref_axis',(0.,0.,-1.));
#4299=DIRECTION('',(0.,0.,-1.));
#4300=DIRECTION('center_axis',(0.,-1.,0.));
#4301=DIRECTION('ref_axis',(0.,0.,1.));
#4302=DIRECTION('',(1.,0.,0.));
#4303=DIRECTION('',(1.,0.,0.));
#4304=DIRECTION('center_axis',(0.,0.,-1.));
#4305=DIRECTION('ref_axis',(-1.,0.,0.));
#4306=DIRECTION('',(1.,0.,0.));
#4307=DIRECTION('center_axis',(0.,1.,0.));
#4308=DIRECTION('ref_axis',(0.,0.,-1.));
#4309=DIRECTION('',(1.,0.,0.));
#4310=DIRECTION('center_axis',(0.,0.,1.));
#4311=DIRECTION('ref_axis',(1.,0.,0.));
#4312=DIRECTION('center_axis',(-1.,0.,0.));
#4313=DIRECTION('ref_axis',(0.,0.,1.));
#4314=DIRECTION('',(0.,0.,1.));
#4315=DIRECTION('',(0.,1.,0.));
#4316=DIRECTION('',(0.,0.,-1.));
#4317=DIRECTION('',(0.,-1.,0.));
#4318=DIRECTION('center_axis',(-0.707106781186539,0.,-0.707106781186556));
#4319=DIRECTION('ref_axis',(-0.707106781186556,0.,0.707106781186539));
#4320=DIRECTION('',(-0.577350269189631,0.577350269189628,0.577350269189618));
#4321=DIRECTION('',(0.577350269189631,0.577350269189628,-0.577350269189618));
#4322=DIRECTION('',(0.,-1.,0.));
#4323=DIRECTION('center_axis',(-0.707106781186546,0.70710678118655,0.));
#4324=DIRECTION('ref_axis',(0.707106781186549,0.707106781186545,0.));
#4325=DIRECTION('',(0.577350269189631,0.577350269189628,0.577350269189618));
#4326=DIRECTION('',(0.,0.,-1.));
#4327=DIRECTION('center_axis',(-0.707106781186546,-0.70710678118655,0.));
#4328=DIRECTION('ref_axis',(-0.707106781186549,0.707106781186545,0.));
#4329=DIRECTION('',(0.,0.,1.));
#4330=DIRECTION('',(-0.577350269189631,0.577350269189628,-0.577350269189618));
#4331=DIRECTION('center_axis',(-0.707106781186539,0.,0.707106781186556));
#4332=DIRECTION('ref_axis',(0.707106781186556,0.,0.707106781186539));
#4333=DIRECTION('',(0.,1.,0.));
#4334=DIRECTION('center_axis',(0.,0.,-1.));
#4335=DIRECTION('ref_axis',(-1.,0.,0.));
#4336=DIRECTION('',(1.,0.,0.));
#4337=DIRECTION('',(1.,0.,0.));
#4338=DIRECTION('center_axis',(0.,1.,0.));
#4339=DIRECTION('ref_axis',(0.,0.,-1.));
#4340=DIRECTION('',(1.,0.,0.));
#4341=DIRECTION('center_axis',(0.,-1.,0.));
#4342=DIRECTION('ref_axis',(0.,0.,1.));
#4343=DIRECTION('',(1.,0.,0.));
#4344=DIRECTION('center_axis',(0.,0.,1.));
#4345=DIRECTION('ref_axis',(1.,0.,0.));
#4346=DIRECTION('center_axis',(0.,0.,1.));
#4347=DIRECTION('ref_axis',(1.,0.,0.));
#4348=DIRECTION('center_axis',(0.,0.,1.));
#4349=DIRECTION('ref_axis',(1.,0.,0.));
#4350=DIRECTION('center_axis',(0.707106781186547,0.707106781186548,-1.08470138737798E-32));
#4351=DIRECTION('ref_axis',(-0.707106781186548,0.707106781186547,0.));
#4352=DIRECTION('center_axis',(0.707106781186548,0.707106781186548,-6.13317366673332E-15));
#4353=DIRECTION('ref_axis',(-0.707106781186547,0.707106781186547,0.));
#4354=DIRECTION('center_axis',(-0.707106781186543,-0.707106781186552,0.));
#4355=DIRECTION('ref_axis',(0.707106781186552,-0.707106781186543,0.));
#4356=DIRECTION('center_axis',(-8.8817841970005E-15,0.,-1.));
#4357=DIRECTION('ref_axis',(1.,-1.24344978758015E-13,0.));
#4358=DIRECTION('center_axis',(0.,0.,-1.));
#4359=DIRECTION('ref_axis',(-1.,0.,0.));
#4360=DIRECTION('center_axis',(0.707106781186543,-0.707106781186552,0.));
#4361=DIRECTION('ref_axis',(0.707106781186552,0.707106781186543,0.));
#4362=DIRECTION('center_axis',(0.707106781186552,-0.707106781186543,0.));
#4363=DIRECTION('ref_axis',(0.707106781186543,0.707106781186552,0.));
#4364=DIRECTION('center_axis',(0.707106781186548,-0.707106781186548,0.));
#4365=DIRECTION('ref_axis',(0.707106781186547,0.707106781186547,0.));
#4366=DIRECTION('center_axis',(0.,0.,-1.));
#4367=DIRECTION('ref_axis',(-1.,0.,0.));
#4368=DIRECTION('center_axis',(-0.707106781186548,0.707106781186547,-1.08470138737798E-32));
#4369=DIRECTION('ref_axis',(-0.707106781186547,-0.707106781186548,0.));
#4370=DIRECTION('center_axis',(-0.707106781186545,0.70710678118655,-6.13317366673334E-15));
#4371=DIRECTION('ref_axis',(-0.70710678118655,-0.707106781186545,3.94430452610506E-31));
#4372=DIRECTION('center_axis',(1.18816676274004E-16,3.61018765197306E-33,
-1.));
#4373=DIRECTION('ref_axis',(1.,-3.71810289474905E-14,1.18816676274004E-16));
#4374=DIRECTION('center_axis',(0.,0.,1.));
#4375=DIRECTION('ref_axis',(1.,0.,0.));
#4376=DIRECTION('center_axis',(-0.707106781186547,-0.707106781186548,1.08470138737798E-32));
#4377=DIRECTION('ref_axis',(0.707106781186548,-0.707106781186547,0.));
#4378=DIRECTION('center_axis',(-0.707106781186548,-0.707106781186548,0.));
#4379=DIRECTION('ref_axis',(0.707106781186547,-0.707106781186547,0.));
#4380=DIRECTION('center_axis',(0.707106781186543,0.707106781186552,0.));
#4381=DIRECTION('ref_axis',(-0.707106781186552,0.707106781186543,0.));
#4382=DIRECTION('center_axis',(1.18816676274004E-16,3.61018765197305E-33,
-1.));
#4383=DIRECTION('ref_axis',(-1.,0.,-1.18816676274004E-16));
#4384=DIRECTION('center_axis',(0.,0.,1.));
#4385=DIRECTION('ref_axis',(1.,0.,0.));
#4386=DIRECTION('center_axis',(0.707106781186548,-0.707106781186547,1.08470138737797E-32));
#4387=DIRECTION('ref_axis',(0.707106781186547,0.707106781186548,6.84227765783602E-49));
#4388=DIRECTION('center_axis',(-0.707106781186548,0.707106781186548,0.));
#4389=DIRECTION('ref_axis',(-0.707106781186547,-0.707106781186547,0.));
#4390=DIRECTION('center_axis',(-0.707106781186548,-0.707106781186548,1.08470138737798E-32));
#4391=DIRECTION('ref_axis',(0.707106781186547,-0.707106781186547,0.));
#4392=DIRECTION('center_axis',(0.707106781186556,0.707106781186539,0.));
#4393=DIRECTION('ref_axis',(-0.707106781186539,0.707106781186556,0.));
#4394=DIRECTION('center_axis',(-0.707106781186548,-0.707106781186548,6.13317366673332E-15));
#4395=DIRECTION('ref_axis',(0.707106781186547,-0.707106781186547,0.));
#4396=DIRECTION('center_axis',(0.,-4.44089209850025E-15,-1.));
#4397=DIRECTION('ref_axis',(0.,1.,0.));
#4398=DIRECTION('center_axis',(0.,0.,-1.));
#4399=DIRECTION('ref_axis',(-1.,0.,0.));
#4400=DIRECTION('center_axis',(0.707106781186548,-0.707106781186548,0.));
#4401=DIRECTION('ref_axis',(0.707106781186548,0.707106781186548,0.));
#4402=DIRECTION('center_axis',(0.707106781186548,-0.707106781186548,-6.13317366673332E-15));
#4403=DIRECTION('ref_axis',(0.707106781186547,0.707106781186547,0.));
#4404=DIRECTION('center_axis',(0.707106781186548,-0.707106781186548,0.));
#4405=DIRECTION('ref_axis',(0.707106781186548,0.707106781186548,0.));
#4406=DIRECTION('center_axis',(0.707106781186548,-0.707106781186548,0.));
#4407=DIRECTION('ref_axis',(0.707106781186547,0.707106781186547,0.));
#4408=DIRECTION('center_axis',(0.,-8.8817841970005E-15,-1.));
#4409=DIRECTION('ref_axis',(0.,1.,0.));
#4410=DIRECTION('center_axis',(0.,0.,-1.));
#4411=DIRECTION('ref_axis',(-1.,0.,0.));
#4412=DIRECTION('center_axis',(1.18816676274004E-16,8.71576399210525E-33,
-1.));
#4413=DIRECTION('ref_axis',(-1.,0.,-1.18816676274004E-16));
#4414=DIRECTION('center_axis',(0.,0.,1.));
#4415=DIRECTION('ref_axis',(1.,0.,0.));
#4416=DIRECTION('center_axis',(0.707106781186548,-0.707106781186547,1.08470138737798E-32));
#4417=DIRECTION('ref_axis',(0.707106781186547,0.707106781186548,0.));
#4418=DIRECTION('center_axis',(-0.70710678118655,0.707106781186545,0.));
#4419=DIRECTION('ref_axis',(-0.707106781186545,-0.70710678118655,0.));
#4420=DIRECTION('center_axis',(-0.707106781186548,0.707106781186547,-1.08470138737797E-32));
#4421=DIRECTION('ref_axis',(-0.707106781186547,-0.707106781186548,-6.84227765783602E-49));
#4422=DIRECTION('center_axis',(-0.707106781186548,0.707106781186548,-6.13317366673332E-15));
#4423=DIRECTION('ref_axis',(-0.707106781186547,-0.707106781186547,0.));
#4424=DIRECTION('center_axis',(1.18816676274004E-16,8.71576399210524E-33,
-1.));
#4425=DIRECTION('ref_axis',(-1.,0.,-1.18816676274004E-16));
#4426=DIRECTION('center_axis',(0.,0.,1.));
#4427=DIRECTION('ref_axis',(1.,0.,0.));
#4428=DIRECTION('center_axis',(0.707106781186548,0.707106781186548,0.));
#4429=DIRECTION('ref_axis',(-0.707106781186548,0.707106781186548,0.));
#4430=DIRECTION('center_axis',(0.707106781186545,0.70710678118655,9.19976050010001E-15));
#4431=DIRECTION('ref_axis',(-0.70710678118655,0.707106781186545,0.));
#4432=DIRECTION('center_axis',(-0.707106781186543,-0.707106781186552,0.));
#4433=DIRECTION('ref_axis',(0.707106781186552,-0.707106781186543,0.));
#4434=DIRECTION('center_axis',(-0.707106781186548,-0.707106781186548,0.));
#4435=DIRECTION('ref_axis',(0.707106781186547,-0.707106781186547,0.));
#4436=DIRECTION('center_axis',(0.707106781186548,0.707106781186548,-1.08470138737798E-32));
#4437=DIRECTION('ref_axis',(-0.707106781186547,0.707106781186547,0.));
#4438=DIRECTION('center_axis',(-1.18816676274004E-16,0.,1.));
#4439=DIRECTION('ref_axis',(1.,0.,0.));
#4440=DIRECTION('center_axis',(1.22464679914735E-16,-1.,1.45508462284286E-32));
#4441=DIRECTION('ref_axis',(-1.,-1.22464679914735E-16,0.));
#4442=DIRECTION('center_axis',(1.18816676274004E-16,0.,-1.));
#4443=DIRECTION('ref_axis',(1.,-1.22464679914735E-16,0.));
#4444=DIRECTION('center_axis',(1.18816676274004E-16,0.,-1.));
#4445=DIRECTION('ref_axis',(-1.,0.,-1.18816676274004E-16));
#4446=DIRECTION('center_axis',(-1.98049152135243E-48,1.53399941315484E-32,
1.));
#4447=DIRECTION('ref_axis',(0.,-1.,1.53399941315484E-32));
#4448=DIRECTION('',(1.18816676274004E-16,0.,-1.));
#4449=DIRECTION('center_axis',(1.18816676274004E-16,0.,-1.));
#4450=DIRECTION('ref_axis',(-1.,0.,-1.18816676274004E-16));
#4451=DIRECTION('center_axis',(-1.98049152135243E-48,1.53399941315484E-32,
1.));
#4452=DIRECTION('ref_axis',(0.,-1.,1.53399941315484E-32));
#4453=DIRECTION('center_axis',(-1.98049152135243E-48,1.53399941315484E-32,
1.));
#4454=DIRECTION('ref_axis',(0.,-1.,1.53399941315484E-32));
#4455=DIRECTION('center_axis',(-1.98049152135243E-48,1.53399941315484E-32,
1.));
#4456=DIRECTION('ref_axis',(0.,-1.,1.53399941315484E-32));
#4457=DIRECTION('center_axis',(-1.98049152135243E-48,1.53399941315484E-32,
1.));
#4458=DIRECTION('ref_axis',(0.,-1.,1.53399941315484E-32));
#4459=DIRECTION('center_axis',(-1.98049152135243E-48,1.53399941315484E-32,
1.));
#4460=DIRECTION('ref_axis',(0.,-1.,1.53399941315484E-32));
#4461=DIRECTION('center_axis',(0.,1.53399941315484E-32,1.));
#4462=DIRECTION('ref_axis',(1.,0.,0.));
#4463=DIRECTION('',(-1.98049152135243E-48,1.53399941315484E-32,1.));
#4464=DIRECTION('center_axis',(-1.98049152135243E-48,1.53399941315484E-32,
1.));
#4465=DIRECTION('ref_axis',(0.,-1.,1.53399941315484E-32));
#4466=DIRECTION('center_axis',(-1.98049152135243E-48,1.53399941315484E-32,
1.));
#4467=DIRECTION('ref_axis',(0.,-1.,1.53399941315484E-32));
#4468=DIRECTION('center_axis',(-1.98049152135243E-48,1.53399941315484E-32,
1.));
#4469=DIRECTION('ref_axis',(0.,-1.,1.53399941315484E-32));
#4470=DIRECTION('',(1.98049152135243E-48,-1.53399941315484E-32,-1.));
#4471=DIRECTION('center_axis',(0.,1.53399941315484E-32,1.));
#4472=DIRECTION('ref_axis',(0.,-1.,1.53399941315484E-32));
#4473=DIRECTION('center_axis',(0.,1.53399941315484E-32,1.));
#4474=DIRECTION('ref_axis',(0.,-1.,1.53399941315484E-32));
#4475=DIRECTION('center_axis',(0.,1.53399941315484E-32,1.));
#4476=DIRECTION('ref_axis',(0.,-1.,1.53399941315484E-32));
#4477=DIRECTION('center_axis',(1.18816676274004E-16,0.,-1.));
#4478=DIRECTION('ref_axis',(-1.,0.,-1.18816676274004E-16));
#4479=DIRECTION('center_axis',(1.18816676274004E-16,0.,-1.));
#4480=DIRECTION('ref_axis',(-1.,0.,-1.18816676274004E-16));
#4481=DIRECTION('center_axis',(1.18816676274004E-16,0.,-1.));
#4482=DIRECTION('ref_axis',(-1.,0.,-1.18816676274004E-16));
#4483=DIRECTION('center_axis',(1.18816676274004E-16,0.,-1.));
#4484=DIRECTION('ref_axis',(-1.,0.,-1.18816676274004E-16));
#4485=DIRECTION('',(-1.18816676274004E-16,0.,1.));
#4486=DIRECTION('center_axis',(-1.98049152135243E-48,1.53399941315484E-32,
1.));
#4487=DIRECTION('ref_axis',(1.,1.29106406714936E-16,1.0635035875251E-62));
#4488=DIRECTION('center_axis',(-1.98049152135243E-48,1.53399941315484E-32,
1.));
#4489=DIRECTION('ref_axis',(0.,-1.,1.53399941315484E-32));
#4490=DIRECTION('center_axis',(0.,1.53399941315484E-32,1.));
#4491=DIRECTION('ref_axis',(0.,-1.,0.));
#4492=DIRECTION('center_axis',(-1.,-1.22464679914735E-16,1.87860747121399E-48));
#4493=DIRECTION('ref_axis',(-1.22464679914735E-16,1.,0.));
#4494=DIRECTION('center_axis',(1.18816676274004E-16,0.,-1.));
#4495=DIRECTION('ref_axis',(-1.,0.,0.));
#4496=DIRECTION('center_axis',(-1.22464679914735E-16,-1.,-1.45508462284286E-32));
#4497=DIRECTION('ref_axis',(1.,-1.22464679914735E-16,0.));
#4498=DIRECTION('center_axis',(-1.98049152135243E-48,1.53399941315484E-32,
1.));
#4499=DIRECTION('ref_axis',(0.,-1.,0.));
#4500=DIRECTION('center_axis',(1.,1.22464679914735E-16,1.01884050138436E-49));
#4501=DIRECTION('ref_axis',(-1.22464679914735E-16,1.,0.));
#4502=DIRECTION('center_axis',(-1.98049152135243E-48,1.53399941315484E-32,
1.));
#4503=DIRECTION('ref_axis',(0.,-1.,0.));
#4504=DIRECTION('center_axis',(1.,1.22464679914735E-16,1.01884050138437E-49));
#4505=DIRECTION('ref_axis',(-1.22464679914735E-16,1.,0.));
#4506=DIRECTION('center_axis',(1.18816676274004E-16,0.,-1.));
#4507=DIRECTION('ref_axis',(-1.,0.,0.));
#4508=DIRECTION('center_axis',(-1.22464679914735E-16,-1.,-1.45508462284286E-32));
#4509=DIRECTION('ref_axis',(1.,-1.22464679914735E-16,0.));
#4510=DIRECTION('center_axis',(1.,0.,0.));
#4511=DIRECTION('ref_axis',(0.,0.,-1.));
#4512=DIRECTION('',(0.,0.,1.));
#4513=DIRECTION('',(0.,-1.,0.));
#4514=DIRECTION('',(0.,0.,-1.));
#4515=DIRECTION('',(0.,1.,0.));
#4516=DIRECTION('center_axis',(0.,0.,-1.));
#4517=DIRECTION('ref_axis',(-1.,0.,0.));
#4518=DIRECTION('center_axis',(0.,0.,-1.));
#4519=DIRECTION('ref_axis',(1.,0.,0.));
#4520=DIRECTION('center_axis',(0.,0.,1.));
#4521=DIRECTION('ref_axis',(-1.,1.22464679914735E-16,0.));
#4522=DIRECTION('center_axis',(0.,0.,1.));
#4523=DIRECTION('ref_axis',(1.,0.,0.));
#4524=DIRECTION('center_axis',(0.,0.,1.));
#4525=DIRECTION('ref_axis',(1.,0.,0.));
#4526=DIRECTION('center_axis',(0.,0.,1.));
#4527=DIRECTION('ref_axis',(1.,0.,0.));
#4528=DIRECTION('',(0.,0.,1.));
#4529=DIRECTION('center_axis',(0.,0.,1.));
#4530=DIRECTION('ref_axis',(1.,0.,0.));
#4531=DIRECTION('',(0.,0.,-1.));
#4532=DIRECTION('center_axis',(0.,0.,-1.));
#4533=DIRECTION('ref_axis',(1.,0.,0.));
#4534=DIRECTION('center_axis',(0.,0.,1.));
#4535=DIRECTION('ref_axis',(1.,0.,0.));
#4536=DIRECTION('',(0.,-1.,0.));
#4537=DIRECTION('center_axis',(0.,0.,-1.));
#4538=DIRECTION('ref_axis',(-1.,0.,0.));
#4539=DIRECTION('',(0.,1.,0.));
#4540=DIRECTION('center_axis',(-1.,0.,0.));
#4541=DIRECTION('ref_axis',(0.,0.,1.));
#4542=CARTESIAN_POINT('',(0.,0.,0.));
#4543=CARTESIAN_POINT('Origin',(0.,8.49999981001019,-13.5));
#4544=CARTESIAN_POINT('',(-1.2645,8.49999981001019,-12.));
#4545=CARTESIAN_POINT('Origin',(0.,8.49999981001019,-12.));
#4546=CARTESIAN_POINT('',(-1.2645,8.49999981001019,-15.));
#4547=CARTESIAN_POINT('',(-1.2645,8.49999981001019,-13.5));
#4548=CARTESIAN_POINT('Origin',(0.,8.49999981001019,-15.));
#4549=CARTESIAN_POINT('Origin',(0.,8.49999981001019,-15.));
#4550=CARTESIAN_POINT('Origin',(8.49999981001019,0.,-13.5));
#4551=CARTESIAN_POINT('',(7.2354998100102,1.54856587752183E-16,-12.));
#4552=CARTESIAN_POINT('Origin',(8.49999981001019,0.,-12.));
#4553=CARTESIAN_POINT('',(7.2354998100102,1.54856587752183E-16,-15.));
#4554=CARTESIAN_POINT('',(7.23549981001019,1.54856587752183E-16,-13.5));
#4555=CARTESIAN_POINT('Origin',(8.49999981001019,0.,-15.));
#4556=CARTESIAN_POINT('Origin',(8.49999981001019,0.,-15.));
#4557=CARTESIAN_POINT('Origin',(0.,-8.49999981001019,-13.5));
#4558=CARTESIAN_POINT('',(-1.2645,-8.49999981001019,-12.));
#4559=CARTESIAN_POINT('Origin',(0.,-8.49999981001019,-12.));
#4560=CARTESIAN_POINT('',(-1.2645,-8.49999981001019,-15.));
#4561=CARTESIAN_POINT('',(-1.2645,-8.49999981001019,-13.5));
#4562=CARTESIAN_POINT('Origin',(0.,-8.49999981001019,-15.));
#4563=CARTESIAN_POINT('Origin',(0.,-8.49999981001019,-15.));
#4564=CARTESIAN_POINT('Origin',(-8.49999981001019,0.,-13.5));
#4565=CARTESIAN_POINT('',(-9.76449981001019,1.54856587752183E-16,-12.));
#4566=CARTESIAN_POINT('Origin',(-8.49999981001019,0.,-12.));
#4567=CARTESIAN_POINT('',(-9.76449981001019,1.54856587752183E-16,-15.));
#4568=CARTESIAN_POINT('',(-9.76449981001019,1.54856587752183E-16,-13.5));
#4569=CARTESIAN_POINT('Origin',(-8.49999981001019,0.,-15.));
#4570=CARTESIAN_POINT('Origin',(-8.49999981001019,0.,-15.));
#4571=CARTESIAN_POINT('Origin',(-5.7467572414376E-16,1.45264588802976,-68.1633412894269));
#4572=CARTESIAN_POINT('',(7.49451774103365,-4.30816159464265,-68.1633412894269));
#4573=CARTESIAN_POINT('',(7.05899037822236,-3.87263423183136,-68.1633412894269));
#4574=CARTESIAN_POINT('',(6.9882797001037,-3.80192355371271,-68.1633412894269));
#4575=CARTESIAN_POINT('',(4.49074886101721,-6.44087574903651,-68.1633412894269));
#4576=CARTESIAN_POINT('',(4.42003818289856,-6.51158642715516,-68.1633412894269));
#4577=CARTESIAN_POINT('',(4.9262762238285,-6.8764031118478,-68.1633412894269));
#4578=CARTESIAN_POINT('',(4.99698690194716,-6.94711378996645,-68.1633412894269));
#4579=CARTESIAN_POINT('',(7.5652284191523,-4.237450916524,-68.1633412894269));
#4580=CARTESIAN_POINT('',(6.25779834397038,-5.28613032419126,-68.1633412894269));
#4581=CARTESIAN_POINT('',(6.08102164867375,-5.10935362889462,-68.1633412894269));
#4582=CARTESIAN_POINT('',(-0.240488934125319,1.21215695390444,-68.1633412894269));
#4583=CARTESIAN_POINT('',(5.90424495337711,-5.63968371478453,-68.1633412894269));
#4584=CARTESIAN_POINT('',(6.49828727809569,-5.04564139006596,-68.1633412894269));
#4585=CARTESIAN_POINT('',(5.72746825808048,-5.4629070194879,-68.1633412894269));
#4586=CARTESIAN_POINT('',(-0.594042324718579,0.858603563311186,-68.1633412894269));
#4587=CARTESIAN_POINT('',(6.32151058279906,-4.86886469476931,-68.1633412894269));
#4588=CARTESIAN_POINT('',(6.77012731527027,-4.77380135289138,-68.1633412894269));
#4589=CARTESIAN_POINT('',(7.12368070586354,-4.42024796229811,-68.1633412894269));
#4590=CARTESIAN_POINT('',(6.4982872780957,-5.04564139006595,-68.1633412894269));
#4591=CARTESIAN_POINT('',(6.59335061997363,-4.59702465759474,-68.1633412894269));
#4592=CARTESIAN_POINT('',(0.271840037174562,1.72448592520432,-68.1633412894269));
#4593=CARTESIAN_POINT('',(6.9469040105669,-4.24347126700147,-68.1633412894269));
#4594=CARTESIAN_POINT('',(6.32151058279907,-4.86886469476931,-68.1633412894269));
#4595=CARTESIAN_POINT('',(0.625393427767854,2.07803931579761,-68.1633412894269));
#4596=CARTESIAN_POINT('',(5.39191598207723,-6.15201268608442,-68.1633412894269));
#4597=CARTESIAN_POINT('',(5.03836259148396,-6.50556607667769,-68.1633412894269));
#4598=CARTESIAN_POINT('',(6.4982872780957,-5.04564139006594,-68.1633412894269));
#4599=CARTESIAN_POINT('',(4.86158589618732,-6.32878938138105,-68.1633412894269));
#4600=CARTESIAN_POINT('',(-1.45992468661176,-0.0072787985820051,-68.1633412894269));
#4601=CARTESIAN_POINT('',(5.21513928678059,-5.97523599078778,-68.1633412894269));
#4602=CARTESIAN_POINT('',(6.32151058279906,-4.86886469476932,-68.1633412894269));
#4603=CARTESIAN_POINT('',(-1.10637129601847,0.346274592011289,-68.1633412894269));
#4604=CARTESIAN_POINT('Origin',(4.36904526787855,-7.57505542403506,-68.1633412894269));
#4605=CARTESIAN_POINT('',(7.5652284191523,-4.37887227276131,-71.7622789466948));
#4606=CARTESIAN_POINT('',(7.5652284191523,-4.37887227276131,-68.2633412894269));
#4607=CARTESIAN_POINT('',(7.5652284191523,-4.37887227276131,-68.1633412894269));
#4608=CARTESIAN_POINT('',(4.99698690194716,-6.94711378996645,-68.2633412894269));
#4609=CARTESIAN_POINT('',(4.9262762238285,-7.01782446808511,-68.2633412894269));
#4610=CARTESIAN_POINT('',(4.99698690194716,-6.94711378996645,-71.7622789466948));
#4611=CARTESIAN_POINT('',(4.99698690194716,-6.94711378996645,-68.1633412894269));
#4612=CARTESIAN_POINT('',(4.36904526787855,-7.57505542403506,-71.7622789466948));
#4613=CARTESIAN_POINT('Origin',(7.63593909727096,-4.30816159464265,-68.1633412894269));
#4614=CARTESIAN_POINT('',(7.12970105634101,-3.80192355371271,-71.7622789466948));
#4615=CARTESIAN_POINT('',(7.12970105634101,-3.80192355371271,-68.2633412894269));
#4616=CARTESIAN_POINT('',(7.12970105634101,-3.80192355371271,-68.1633412894269));
#4617=CARTESIAN_POINT('',(7.5652284191523,-4.237450916524,-68.2633412894269));
#4618=CARTESIAN_POINT('',(7.63593909727096,-4.30816159464265,-68.2633412894269));
#4619=CARTESIAN_POINT('',(7.5652284191523,-4.237450916524,-71.7622789466948));
#4620=CARTESIAN_POINT('',(7.5652284191523,-4.237450916524,-68.1633412894269));
#4621=CARTESIAN_POINT('',(7.63593909727096,-4.30816159464265,-71.7622789466948));
#4622=CARTESIAN_POINT('Origin',(6.81062535428713,-3.97957789952928,-68.1633412894269));
#4623=CARTESIAN_POINT('',(4.42003818289856,-6.37016507091785,-71.7622789466948));
#4624=CARTESIAN_POINT('',(4.42003818289856,-6.37016507091785,-68.2633412894269));
#4625=CARTESIAN_POINT('',(4.42003818289856,-6.37016507091785,-68.1633412894269));
#4626=CARTESIAN_POINT('',(6.9882797001037,-3.80192355371271,-68.2633412894269));
#4627=CARTESIAN_POINT('',(7.05899037822236,-3.73121287559405,-68.2633412894269));
#4628=CARTESIAN_POINT('',(6.9882797001037,-3.80192355371271,-71.7622789466948));
#4629=CARTESIAN_POINT('',(6.9882797001037,-3.80192355371271,-68.1633412894269));
#4630=CARTESIAN_POINT('',(6.81062535428713,-3.97957789952928,-71.7622789466948));
#4631=CARTESIAN_POINT('Origin',(4.3493275047799,-6.44087574903651,-68.1633412894269));
#4632=CARTESIAN_POINT('',(4.85556554570985,-6.94711378996645,-71.7622789466948));
#4633=CARTESIAN_POINT('',(4.85556554570985,-6.94711378996645,-68.2633412894269));
#4634=CARTESIAN_POINT('',(4.85556554570985,-6.94711378996645,-68.1633412894269));
#4635=CARTESIAN_POINT('',(4.42003818289856,-6.51158642715516,-68.2633412894269));
#4636=CARTESIAN_POINT('',(4.3493275047799,-6.44087574903651,-68.2633412894269));
#4637=CARTESIAN_POINT('',(4.42003818289856,-6.51158642715516,-71.7622789466948));
#4638=CARTESIAN_POINT('',(4.42003818289856,-6.51158642715516,-68.1633412894269));
#4639=CARTESIAN_POINT('',(4.3493275047799,-6.44087574903651,-71.7622789466948));
#4640=CARTESIAN_POINT('Origin',(9.98972539412524E-47,1.45264588802976,-71.8622789466948));
#4641=CARTESIAN_POINT('',(4.9262762238285,-6.8764031118478,-71.8622789466948));
#4642=CARTESIAN_POINT('',(4.49074886101721,-6.44087574903651,-71.8622789466948));
#4643=CARTESIAN_POINT('',(-1.70138638802453,-0.248740499994771,-71.8622789466948));
#4644=CARTESIAN_POINT('',(7.05899037822236,-3.87263423183136,-71.8622789466948));
#4645=CARTESIAN_POINT('',(6.19213524904174,-4.73948936101198,-71.8622789466948));
#4646=CARTESIAN_POINT('',(7.49451774103365,-4.30816159464265,-71.8622789466948));
#4647=CARTESIAN_POINT('',(0.866855129180614,2.31950101721038,-71.8622789466948));
#4648=CARTESIAN_POINT('',(6.62766261185303,-5.17501672382327,-71.8622789466948));
#4649=CARTESIAN_POINT('Origin',(4.86158589618732,-6.32878938138105,-64.5002844875855));
#4650=CARTESIAN_POINT('',(5.03836259148396,-6.50556607667769,-66.3978741257478));
#4651=CARTESIAN_POINT('',(5.03836259148396,-6.50556607667769,-64.5002844875855));
#4652=CARTESIAN_POINT('',(4.86158589618732,-6.32878938138105,-66.3978741257478));
#4653=CARTESIAN_POINT('',(2.02086803846743,-3.48807152366117,-66.3978741257478));
#4654=CARTESIAN_POINT('',(4.86158589618732,-6.32878938138105,-64.5002844875855));
#4655=CARTESIAN_POINT('Origin',(5.03836259148396,-6.50556607667769,-64.5002844875855));
#4656=CARTESIAN_POINT('',(5.39191598207723,-6.15201268608442,-66.3978741257478));
#4657=CARTESIAN_POINT('',(5.39191598207723,-6.15201268608442,-64.5002844875855));
#4658=CARTESIAN_POINT('',(8.52643411514511,-3.01749455301653,-66.3978741257478));
#4659=CARTESIAN_POINT('Origin',(5.39191598207723,-6.15201268608442,-64.5002844875855));
#4660=CARTESIAN_POINT('',(5.21513928678059,-5.97523599078778,-66.3978741257478));
#4661=CARTESIAN_POINT('',(5.21513928678059,-5.97523599078778,-64.5002844875855));
#4662=CARTESIAN_POINT('',(2.3744214290607,-3.13451813306788,-66.3978741257478));
#4663=CARTESIAN_POINT('Origin',(5.21513928678059,-5.97523599078778,-64.5002844875855));
#4664=CARTESIAN_POINT('',(8.34965741984848,-2.8407178577199,-66.3978741257478));
#4665=CARTESIAN_POINT('Origin',(7.12368070586354,-4.42024796229811,-64.5002844875855));
#4666=CARTESIAN_POINT('',(6.77012731527027,-4.77380135289138,-66.3978741257478));
#4667=CARTESIAN_POINT('',(6.77012731527027,-4.77380135289138,-64.5002844875855));
#4668=CARTESIAN_POINT('',(7.12368070586354,-4.42024796229811,-66.3978741257478));
#4669=CARTESIAN_POINT('',(7.12368070586354,-4.42024796229811,-64.5002844875855));
#4670=CARTESIAN_POINT('',(8.52643411514511,-3.01749455301654,-66.3978741257478));
#4671=CARTESIAN_POINT('Origin',(6.77012731527027,-4.77380135289138,-64.5002844875855));
#4672=CARTESIAN_POINT('',(6.59335061997363,-4.59702465759474,-66.3978741257478));
#4673=CARTESIAN_POINT('',(6.59335061997363,-4.59702465759474,-64.5002844875855));
#4674=CARTESIAN_POINT('',(3.75263276225373,-1.75630679987485,-66.3978741257478));
#4675=CARTESIAN_POINT('Origin',(6.59335061997363,-4.59702465759474,-64.5002844875855));
#4676=CARTESIAN_POINT('',(6.94690401056691,-4.24347126700147,-66.3978741257478));
#4677=CARTESIAN_POINT('',(6.9469040105669,-4.24347126700147,-64.5002844875855));
#4678=CARTESIAN_POINT('',(8.34965741984848,-2.8407178577199,-66.3978741257478));
#4679=CARTESIAN_POINT('Origin',(6.9469040105669,-4.24347126700147,-64.5002844875855));
#4680=CARTESIAN_POINT('',(4.10618615284701,-1.40275340928156,-66.3978741257478));
#4681=CARTESIAN_POINT('Origin',(6.08102164867375,-5.10935362889462,-64.5002844875855));
#4682=CARTESIAN_POINT('',(6.25779834397039,-5.28613032419126,-66.3978741257478));
#4683=CARTESIAN_POINT('',(6.25779834397039,-5.28613032419126,-64.5002844875855));
#4684=CARTESIAN_POINT('',(6.08102164867375,-5.10935362889462,-66.3978741257478));
#4685=CARTESIAN_POINT('',(6.08102164867375,-5.10935362889462,-64.5002844875855));
#4686=CARTESIAN_POINT('',(3.24030379095385,-2.26863577117473,-66.3978741257478));
#4687=CARTESIAN_POINT('Origin',(6.25779834397039,-5.28613032419126,-64.5002844875855));
#4688=CARTESIAN_POINT('',(5.90424495337711,-5.63968371478453,-66.3978741257478));
#4689=CARTESIAN_POINT('',(5.90424495337711,-5.63968371478453,-64.5002844875855));
#4690=CARTESIAN_POINT('',(8.52643411514511,-3.01749455301655,-66.3978741257478));
#4691=CARTESIAN_POINT('Origin',(5.90424495337711,-5.63968371478454,-64.5002844875855));
#4692=CARTESIAN_POINT('',(5.72746825808048,-5.4629070194879,-66.3978741257478));
#4693=CARTESIAN_POINT('',(5.72746825808048,-5.4629070194879,-64.5002844875855));
#4694=CARTESIAN_POINT('',(2.88675040036058,-2.62218916176799,-66.3978741257478));
#4695=CARTESIAN_POINT('Origin',(5.72746825808048,-5.4629070194879,-64.5002844875855));
#4696=CARTESIAN_POINT('',(8.34965741984848,-2.8407178577199,-66.3978741257478));
#4697=CARTESIAN_POINT('Origin',(5.50893956212858,0.,-66.3978741257478));
#4698=CARTESIAN_POINT('',(-9.66433388071751,-7.307084617646,-66.3978741257478));
#4699=CARTESIAN_POINT('',(-9.66433388071751,7.307084617646,-66.3978741257478));
#4700=CARTESIAN_POINT('',(-9.66433388071751,-9.5,-66.3978741257478));
#4701=CARTESIAN_POINT('Origin',(7.88917471528104E-15,0.,-66.3978741257478));
#4702=CARTESIAN_POINT('',(-5.50893956212856,-6.74650520145698E-16,-66.3978741257478));
#4703=CARTESIAN_POINT('Origin',(7.88917471528104E-15,0.,-66.3978741257478));
#4704=CARTESIAN_POINT('Origin',(-10.2216354227753,9.,-70.629640420349));
#4705=CARTESIAN_POINT('',(-11.9378936010999,7.75469528929159,-70.629640420349));
#4706=CARTESIAN_POINT('',(-11.9378936010999,-7.75469528929159,-70.629640420349));
#4707=CARTESIAN_POINT('',(-11.9378936010999,9.,-70.629640420349));
#4708=CARTESIAN_POINT('',(-16.2216354227753,7.75469528929159,-70.629640420349));
#4709=CARTESIAN_POINT('',(-10.2216354227753,7.75469528929159,-70.629640420349));
#4710=CARTESIAN_POINT('',(-16.2216354227753,6.75469528929159,-70.629640420349));
#4711=CARTESIAN_POINT('',(-16.2216354227753,7.75469528929159,-70.629640420349));
#4712=CARTESIAN_POINT('',(-12.2143338807175,6.75469528929158,-70.629640420349));
#4713=CARTESIAN_POINT('',(-10.2216354227753,6.75469528929158,-70.629640420349));
#4714=CARTESIAN_POINT('',(-12.1643338807175,6.70469528929158,-70.629640420349));
#4715=CARTESIAN_POINT('Origin',(-12.2143338807175,6.70469528929158,-70.629640420349));
#4716=CARTESIAN_POINT('',(-12.1643338807175,-6.70469528929159,-70.629640420349));
#4717=CARTESIAN_POINT('',(-12.1643338807175,9.,-70.629640420349));
#4718=CARTESIAN_POINT('',(-12.2143338807175,-6.75469528929159,-70.629640420349));
#4719=CARTESIAN_POINT('Origin',(-12.2143338807175,-6.70469528929159,-70.629640420349));
#4720=CARTESIAN_POINT('',(-16.2216354227753,-6.75469528929159,-70.629640420349));
#4721=CARTESIAN_POINT('',(-10.2216354227753,-6.75469528929159,-70.629640420349));
#4722=CARTESIAN_POINT('',(-16.2216354227753,-7.75469528929159,-70.629640420349));
#4723=CARTESIAN_POINT('',(-16.2216354227753,9.,-70.629640420349));
#4724=CARTESIAN_POINT('',(-10.2216354227753,-7.75469528929159,-70.629640420349));
#4725=CARTESIAN_POINT('Origin',(-10.2216354227753,-7.75469528929159,-70.629640420349));
#4726=CARTESIAN_POINT('',(-11.9378936010999,-7.75469528929159,-66.8978741257478));
#4727=CARTESIAN_POINT('',(-11.9378936010999,-7.75469528929159,-70.629640420349));
#4728=CARTESIAN_POINT('',(-16.2216354227753,-7.75469528929159,-70.1276150581197));
#4729=CARTESIAN_POINT('',(-16.2216354227753,-7.75469528929159,-70.629640420349));
#4730=CARTESIAN_POINT('',(-15.9674462137743,-7.75469528929159,-69.8734258491186));
#4731=CARTESIAN_POINT('Origin',(-15.9674462137743,-7.75469528929159,-70.1276150581197));
#4732=CARTESIAN_POINT('',(-13.7529441679409,-7.75469528929159,-69.8734258491186));
#4733=CARTESIAN_POINT('',(-13.7529441679409,-7.75469528929159,-69.8734258491186));
#4734=CARTESIAN_POINT('',(-13.5194960944485,-7.75469528929159,-69.6399777756263));
#4735=CARTESIAN_POINT('Origin',(-13.7529441679409,-7.75469528929159,-69.6399777756263));
#4736=CARTESIAN_POINT('',(-13.5194960944485,-7.75469528929159,-69.2209010878104));
#4737=CARTESIAN_POINT('',(-13.5194960944485,-7.75469528929159,-69.2209010878104));
#4738=CARTESIAN_POINT('',(-13.7267747953555,-7.75469528929159,-69.0136223869034));
#4739=CARTESIAN_POINT('Origin',(-13.7267747953555,-7.75469528929159,-69.2209010878104));
#4740=CARTESIAN_POINT('',(-16.0086826103632,-7.75469528929159,-69.0136223869034));
#4741=CARTESIAN_POINT('',(-16.0086826103632,-7.75469528929159,-69.0136223869034));
#4742=CARTESIAN_POINT('',(-16.2216354227753,-7.75469528929159,-68.8006695744913));
#4743=CARTESIAN_POINT('Origin',(-16.0086826103632,-7.75469528929159,-68.8006695744913));
#4744=CARTESIAN_POINT('',(-16.2216354227753,-7.75469528929159,-66.8978741257478));
#4745=CARTESIAN_POINT('',(-16.2216354227753,-7.75469528929159,-70.629640420349));
#4746=CARTESIAN_POINT('',(-10.2216354227753,-7.75469528929159,-66.8978741257478));
#4747=CARTESIAN_POINT('Origin',(-10.2216354227753,7.75469528929159,-66.8978741257478));
#4748=CARTESIAN_POINT('',(-11.9378936010999,7.75469528929159,-66.8978741257478));
#4749=CARTESIAN_POINT('',(-11.9378936010999,7.75469528929159,-66.8978741257478));
#4750=CARTESIAN_POINT('',(-16.2216354227753,7.75469528929159,-66.8978741257478));
#4751=CARTESIAN_POINT('',(-10.2216354227753,7.75469528929159,-66.8978741257478));
#4752=CARTESIAN_POINT('',(-16.2216354227753,7.75469528929159,-68.8006695744913));
#4753=CARTESIAN_POINT('',(-16.2216354227753,7.75469528929159,-66.8978741257478));
#4754=CARTESIAN_POINT('',(-16.0086826103632,7.75469528929159,-69.0136223869034));
#4755=CARTESIAN_POINT('Origin',(-16.0086826103632,7.75469528929159,-68.8006695744913));
#4756=CARTESIAN_POINT('',(-13.7267747953555,7.75469528929159,-69.0136223869034));
#4757=CARTESIAN_POINT('',(-16.0086826103632,7.75469528929159,-69.0136223869034));
#4758=CARTESIAN_POINT('',(-13.5194960944485,7.75469528929159,-69.2209010878104));
#4759=CARTESIAN_POINT('Origin',(-13.7267747953555,7.75469528929159,-69.2209010878104));
#4760=CARTESIAN_POINT('',(-13.5194960944485,7.75469528929159,-69.6399777756263));
#4761=CARTESIAN_POINT('',(-13.5194960944485,7.75469528929159,-69.2209010878104));
#4762=CARTESIAN_POINT('',(-13.7529441679409,7.75469528929159,-69.8734258491186));
#4763=CARTESIAN_POINT('Origin',(-13.7529441679409,7.75469528929159,-69.6399777756263));
#4764=CARTESIAN_POINT('',(-15.9674462137743,7.75469528929159,-69.8734258491186));
#4765=CARTESIAN_POINT('',(-13.7529441679409,7.75469528929159,-69.8734258491186));
#4766=CARTESIAN_POINT('',(-16.2216354227753,7.75469528929159,-70.1276150581197));
#4767=CARTESIAN_POINT('Origin',(-15.9674462137743,7.75469528929159,-70.1276150581197));
#4768=CARTESIAN_POINT('',(-16.2216354227753,7.75469528929159,-66.8978741257478));
#4769=CARTESIAN_POINT('Origin',(-10.2216354227753,-9.,-66.8978741257478));
#4770=CARTESIAN_POINT('',(-11.9378936010999,-9.,-66.8978741257478));
#4771=CARTESIAN_POINT('',(-16.2216354227753,-9.,-66.8978741257478));
#4772=CARTESIAN_POINT('Origin',(-16.2216354227753,-9.5,-71.129640420349));
#4773=CARTESIAN_POINT('',(-16.2216354227753,-8.25469528929159,-71.129640420349));
#4774=CARTESIAN_POINT('',(-16.2216354227753,-6.75469528929159,-71.129640420349));
#4775=CARTESIAN_POINT('',(-16.2216354227753,-9.5,-71.129640420349));
#4776=CARTESIAN_POINT('',(-12.2143338807175,-6.75469528929159,-71.129640420349));
#4777=CARTESIAN_POINT('',(-16.2216354227753,-6.75469528929159,-71.129640420349));
#4778=CARTESIAN_POINT('',(-12.1643338807175,-6.70469528929159,-71.129640420349));
#4779=CARTESIAN_POINT('Origin',(-12.2143338807175,-6.70469528929159,-71.129640420349));
#4780=CARTESIAN_POINT('',(-12.1643338807175,6.70469528929158,-71.129640420349));
#4781=CARTESIAN_POINT('',(-12.1643338807175,-8.,-71.129640420349));
#4782=CARTESIAN_POINT('',(-12.2143338807175,6.75469528929158,-71.129640420349));
#4783=CARTESIAN_POINT('Origin',(-12.2143338807175,6.70469528929158,-71.129640420349));
#4784=CARTESIAN_POINT('',(-16.2216354227753,6.75469528929159,-71.129640420349));
#4785=CARTESIAN_POINT('',(-12.1643338807175,6.75469528929158,-71.129640420349));
#4786=CARTESIAN_POINT('',(-16.2216354227753,8.25469528929159,-71.129640420349));
#4787=CARTESIAN_POINT('',(-16.2216354227753,-10.7453047107084,-71.129640420349));
#4788=CARTESIAN_POINT('',(-10.5777588627983,8.25469528929158,-71.129640420349));
#4789=CARTESIAN_POINT('',(-16.2216354227753,8.25469528929159,-71.129640420349));
#4790=CARTESIAN_POINT('',(-10.5777588627983,-8.25469528929159,-71.129640420349));
#4791=CARTESIAN_POINT('',(-10.5777588627983,-9.5,-71.129640420349));
#4792=CARTESIAN_POINT('',(-16.2216354227753,-8.25469528929159,-71.129640420349));
#4793=CARTESIAN_POINT('Origin',(-16.2216354227753,-9.5,-70.1276150581197));
#4794=CARTESIAN_POINT('',(-16.2216354227753,-6.75469528929159,-70.3119107481203));
#4795=CARTESIAN_POINT('',(-16.2216354227753,-8.25469528929159,-70.1276150581197));
#4796=CARTESIAN_POINT('',(-16.2216354227753,-8.25469528929159,-70.1276150581197));
#4797=CARTESIAN_POINT('',(-16.2216354227753,-9.5,-70.1276150581197));
#4798=CARTESIAN_POINT('Origin',(1.41174025608014E-32,0.,-1.18816676274004E-16));
#4799=CARTESIAN_POINT('',(1.5,0.556776436282998,4.47037732392485E-16));
#4800=CARTESIAN_POINT('',(1.5,-0.556776436282998,5.9408338137002E-17));
#4801=CARTESIAN_POINT('Origin',(1.41174025608014E-32,0.,-1.18816676274004E-16));
#4802=CARTESIAN_POINT('',(1.5,0.,5.9408338137002E-17));
#4803=CARTESIAN_POINT('Origin',(1.5,-13.0616160351258,-8.));
#4804=CARTESIAN_POINT('',(1.5,-1.32287565553229,-8.));
#4805=CARTESIAN_POINT('',(1.5,1.32287565553229,-8.));
#4806=CARTESIAN_POINT('',(1.5,-13.0616160351258,-8.));
#4807=CARTESIAN_POINT('Origin',(9.50533410192031E-16,0.,-8.));
#4808=CARTESIAN_POINT('Origin',(1.5,-13.0616160351258,2.90208284012366));
#4809=CARTESIAN_POINT('',(1.5,1.32287565553229,-0.4));
#4810=CARTESIAN_POINT('',(1.5,1.32287565553229,7.30000001000007));
#4811=CARTESIAN_POINT('Ctrl Pts',(1.5,0.556776436282978,7.71536186637751E-15));
#4812=CARTESIAN_POINT('Ctrl Pts',(1.5,0.897264978171525,-0.118484998092425));
#4813=CARTESIAN_POINT('Ctrl Pts',(1.5,1.3228756555322,-0.399999999999934));
#4814=CARTESIAN_POINT('',(1.5,-1.32287565553229,-0.399999999999999));
#4815=CARTESIAN_POINT('Ctrl Pts',(1.5,-1.3228756555322,-0.399999999999935));
#4816=CARTESIAN_POINT('Ctrl Pts',(1.5,-0.897264978171527,-0.118484998092427));
#4817=CARTESIAN_POINT('Ctrl Pts',(1.5,-0.556776436282981,6.61316731403787E-15));
#4818=CARTESIAN_POINT('',(1.5,-1.32287565553229,7.30000001000007));
#4819=CARTESIAN_POINT('Origin',(0.,0.,0.));
#4820=CARTESIAN_POINT('',(-2.,-2.44929359829471E-16,-0.399999999999999));
#4821=CARTESIAN_POINT('Origin',(4.75266705096016E-17,0.,-0.4));
#4822=CARTESIAN_POINT('Origin',(4.75266705096016E-17,0.,-0.4));
#4823=CARTESIAN_POINT('Origin',(-8.67361737988404E-16,0.,7.30000001000007));
#4824=CARTESIAN_POINT('',(-2.,-2.44929359829471E-16,-10.8137119694091));
#4825=CARTESIAN_POINT('',(-2.,-2.44929359829471E-16,7.30000001000007));
#4826=CARTESIAN_POINT('Origin',(1.2848493143896E-15,0.,-10.8137119694091));
#4827=CARTESIAN_POINT('Origin',(2.25224209836406,0.,-10.8137119694091));
#4828=CARTESIAN_POINT('',(-2.25224209836406,-2.75820107666646E-16,-10.8137119694091));
#4829=CARTESIAN_POINT('Origin',(1.2848493143896E-15,0.,-10.8137119694091));
#4830=CARTESIAN_POINT('Origin',(-8.67361737988404E-16,0.,7.30000001000007));
#4831=CARTESIAN_POINT('',(-2.25224209836406,-2.75820107666646E-16,-9.60623281426984));
#4832=CARTESIAN_POINT('',(-2.25224209836406,-2.75820107666646E-16,7.30000001000007));
#4833=CARTESIAN_POINT('Origin',(1.14138065450581E-15,0.,-9.60623281426984));
#4834=CARTESIAN_POINT('Origin',(1.30104260698261E-15,0.,-9.60623281426984));
#4835=CARTESIAN_POINT('',(-2.35847491263389,-2.88829875262643E-16,-9.5));
#4836=CARTESIAN_POINT('Origin',(-2.35847491263389,-2.88829875262643E-16,
-9.60623281426984));
#4837=CARTESIAN_POINT('Origin',(1.12875842460304E-15,0.,-9.5));
#4838=CARTESIAN_POINT('Origin',(3.41360995272215,0.,-9.5));
#4839=CARTESIAN_POINT('',(-3.41360995272215,-4.18046650213873E-16,-9.5));
#4840=CARTESIAN_POINT('Origin',(1.12875842460304E-15,0.,-9.5));
#4841=CARTESIAN_POINT('Origin',(1.30104260698261E-15,0.,-9.58152212563861));
#4842=CARTESIAN_POINT('',(-3.49513207836076,-4.28030231236174E-16,-9.58152212563861));
#4843=CARTESIAN_POINT('Origin',(-3.41360995272215,-4.18046650213873E-16,
-9.58152212563861));
#4844=CARTESIAN_POINT('Origin',(1.13844461261421E-15,0.,-9.58152212563861));
#4845=CARTESIAN_POINT('Origin',(-8.67361737988404E-16,0.,7.30000001000007));
#4846=CARTESIAN_POINT('',(-3.49513207836076,-4.28030231236174E-16,-11.95));
#4847=CARTESIAN_POINT('',(-3.49513207836076,-4.28030231236174E-16,7.30000001000007));
#4848=CARTESIAN_POINT('Origin',(1.41985928147435E-15,0.,-11.95));
#4849=CARTESIAN_POINT('Origin',(1.41985928147435E-15,0.,-11.95));
#4850=CARTESIAN_POINT('',(-3.54513207836076,-4.34153465231911E-16,-12.));
#4851=CARTESIAN_POINT('Origin',(-3.54513207836076,-4.34153465231911E-16,
-11.95));
#4852=CARTESIAN_POINT('Origin',(1.42580011528805E-15,0.,-12.));
#4853=CARTESIAN_POINT('Origin',(12.5,0.,-12.));
#4854=CARTESIAN_POINT('',(-12.3,-1.50631556295125E-15,-12.));
#4855=CARTESIAN_POINT('Origin',(1.42580011528805E-15,0.,-12.));
#4856=CARTESIAN_POINT('Origin',(1.44956345054285E-15,0.,-12.2));
#4857=CARTESIAN_POINT('',(-12.5,-1.53080849893419E-15,-12.2));
#4858=CARTESIAN_POINT('Origin',(-12.3,-1.50631556295124E-15,-12.2));
#4859=CARTESIAN_POINT('Origin',(1.44956345054285E-15,0.,-12.2));
#4860=CARTESIAN_POINT('Origin',(-8.67361737988404E-16,0.,7.30000001000007));
#4861=CARTESIAN_POINT('',(-12.5,-1.53080849893419E-15,-17.9569302611961));
#4862=CARTESIAN_POINT('',(-12.5,-1.53080849893419E-15,7.30000001000007));
#4863=CARTESIAN_POINT('Origin',(2.1335827697194E-15,0.,-17.9569302611961));
#4864=CARTESIAN_POINT('Origin',(10.5967077766695,0.,-17.9569302611961));
#4865=CARTESIAN_POINT('',(-10.5967077766694,-1.2977224260198E-15,-17.9569302611961));
#4866=CARTESIAN_POINT('Origin',(2.1335827697194E-15,0.,-17.9569302611961));
#4867=CARTESIAN_POINT('Origin',(-8.67361737988404E-16,0.,7.30000001000007));
#4868=CARTESIAN_POINT('',(-10.5967077766694,-1.2977224260198E-15,-17.9693163965559));
#4869=CARTESIAN_POINT('',(-10.5967077766694,-1.2977224260198E-15,7.30000001000007));
#4870=CARTESIAN_POINT('Origin',(2.13505444915473E-15,0.,-17.9693163965559));
#4871=CARTESIAN_POINT('Origin',(12.4984584656223,0.,-17.9693163965559));
#4872=CARTESIAN_POINT('',(-12.4984584656223,-1.53061971542005E-15,-17.9693163965559));
#4873=CARTESIAN_POINT('Origin',(2.13505444915473E-15,0.,-17.9693163965559));
#4874=CARTESIAN_POINT('Origin',(1.73472347597681E-15,0.,-17.9708579309336));
#4875=CARTESIAN_POINT('',(-12.5,-1.53080849893419E-15,-17.9708579309336));
#4876=CARTESIAN_POINT('Origin',(-12.4984584656223,-1.53061971542005E-15,
-17.9708579309336));
#4877=CARTESIAN_POINT('Origin',(2.13523760914585E-15,0.,-17.9708579309336));
#4878=CARTESIAN_POINT('Origin',(-8.67361737988404E-16,0.,7.30000001000007));
#4879=CARTESIAN_POINT('',(-12.5,-1.53080849893419E-15,-27.8973002700165));
#4880=CARTESIAN_POINT('',(-12.5,-1.53080849893419E-15,7.30000001000007));
#4881=CARTESIAN_POINT('Origin',(3.31466449510123E-15,0.,-27.8973002700165));
#4882=CARTESIAN_POINT('Origin',(10.5967077766695,0.,-27.8973002700165));
#4883=CARTESIAN_POINT('',(-10.5967077766694,-1.2977224260198E-15,-27.8973002700165));
#4884=CARTESIAN_POINT('Origin',(3.31466449510123E-15,0.,-27.8973002700165));
#4885=CARTESIAN_POINT('Origin',(-8.67361737988404E-16,0.,7.30000001000007));
#4886=CARTESIAN_POINT('',(-10.5967077766694,-1.2977224260198E-15,-27.9096864053764));
#4887=CARTESIAN_POINT('',(-10.5967077766694,-1.2977224260198E-15,7.30000001000007));
#4888=CARTESIAN_POINT('Origin',(3.31613617453657E-15,0.,-27.9096864053764));
#4889=CARTESIAN_POINT('Origin',(12.4987295987982,0.,-27.9096864053764));
#4890=CARTESIAN_POINT('',(-12.4987295987982,-1.53065291965765E-15,-27.9096864053764));
#4891=CARTESIAN_POINT('Origin',(3.31613617453657E-15,0.,-27.9096864053764));
#4892=CARTESIAN_POINT('Origin',(1.73472347597681E-15,0.,-27.9109568065782));
#4893=CARTESIAN_POINT('',(-12.5,-1.53080849893419E-15,-27.9109568065782));
#4894=CARTESIAN_POINT('Origin',(-12.4987295987982,-1.53065291965765E-15,
-27.9109568065782));
#4895=CARTESIAN_POINT('Origin',(3.31628711938491E-15,0.,-27.9109568065782));
#4896=CARTESIAN_POINT('Origin',(-8.67361737988404E-16,0.,7.30000001000007));
#4897=CARTESIAN_POINT('',(-12.5,-1.53080849893419E-15,-32.9718026455594));
#4898=CARTESIAN_POINT('',(-12.5,-1.53080849893419E-15,7.30000001000007));
#4899=CARTESIAN_POINT('Origin',(3.91760000110778E-15,0.,-32.9718026455594));
#4900=CARTESIAN_POINT('Origin',(3.46944695195361E-15,0.,-32.9718026455594));
#4901=CARTESIAN_POINT('',(-12.4718026455595,-1.52735531894819E-15,-33.));
#4902=CARTESIAN_POINT('Origin',(-12.4718026455595,-1.52735531894819E-15,
-32.9718026455594));
#4903=CARTESIAN_POINT('Origin',(3.92095031704213E-15,0.,-33.));
#4904=CARTESIAN_POINT('Origin',(9.89579636879786,0.,-33.));
#4905=CARTESIAN_POINT('',(-9.89579636879786,-1.21188553480623E-15,-33.));
#4906=CARTESIAN_POINT('Origin',(3.92095031704213E-15,0.,-33.));
#4907=CARTESIAN_POINT('Origin',(6.71819284618089,0.,-73.0000001000007));
#4908=CARTESIAN_POINT('',(-6.71819284618087,-8.22741336513006E-16,-73.0000001000007));
#4909=CARTESIAN_POINT('Origin',(8.67361737988404E-15,0.,-73.0000001000007));
#4910=CARTESIAN_POINT('',(5.65000000000001,-6.91925441518255E-16,-73.0000001000007));
#4911=CARTESIAN_POINT('Origin',(8.67361737988404E-15,0.,-73.0000001000007));
#4912=CARTESIAN_POINT('Origin',(-8.67361737988404E-16,0.,7.30000001000007));
#4913=CARTESIAN_POINT('',(-9.89579636879786,-1.21188553480623E-15,-33.0579350934394));
#4914=CARTESIAN_POINT('',(-9.89579636879786,-1.21188553480623E-15,7.30000001000007));
#4915=CARTESIAN_POINT('Origin',(3.92783397228422E-15,0.,-33.0579350934394));
#4916=CARTESIAN_POINT('Origin',(8.67361737988404E-15,0.,-72.7181929461816));
#4917=CARTESIAN_POINT('',(-6.99999999999999,-8.57252759403147E-16,-72.7181929461816));
#4918=CARTESIAN_POINT('Origin',(8.64013399051701E-15,0.,-72.7181929461816));
#4919=CARTESIAN_POINT('Origin',(-6.71819284618087,-8.22741336513006E-16,
-72.7181929461816));
#4920=CARTESIAN_POINT('Origin',(11.2009421962307,0.,-33.0579350934394));
#4921=CARTESIAN_POINT('',(-11.2009421962307,-1.37171980080485E-15,-33.0579350934394));
#4922=CARTESIAN_POINT('Origin',(3.92783397228422E-15,0.,-33.0579350934394));
#4923=CARTESIAN_POINT('Origin',(-8.67361737988404E-16,0.,7.30000001000007));
#4924=CARTESIAN_POINT('',(-6.99999999999999,-8.57252759403147E-16,-67.5672650762136));
#4925=CARTESIAN_POINT('Origin',(8.02811786128028E-15,0.,-67.5672650762136));
#4926=CARTESIAN_POINT('',(-7.,-8.57252759403147E-16,7.30000001000007));
#4927=CARTESIAN_POINT('Origin',(3.46944695195361E-15,0.,-34.0728021961134));
#4928=CARTESIAN_POINT('',(-12.2158092989046,-1.4960051756898E-15,-34.0728021961134));
#4929=CARTESIAN_POINT('Origin',(-11.2009421962307,-1.37171980080485E-15,
-34.0728021961134));
#4930=CARTESIAN_POINT('Origin',(4.04841710828377E-15,0.,-34.0728021961134));
#4931=CARTESIAN_POINT('Origin',(7.80625564189563E-15,0.,-67.5672650762136));
#4932=CARTESIAN_POINT('',(-6.77436027890035,-8.2961986318263E-16,-67.341625355114));
#4933=CARTESIAN_POINT('Origin',(8.00130809958383E-15,0.,-67.341625355114));
#4934=CARTESIAN_POINT('Origin',(-6.77436027890035,-8.2961986318263E-16,
-67.5672650762136));
#4935=CARTESIAN_POINT('Origin',(-8.67361737988404E-16,0.,7.30000001000007));
#4936=CARTESIAN_POINT('',(-12.2158092989046,-1.4960051756898E-15,-63.9527612290663));
#4937=CARTESIAN_POINT('',(-12.2158092989046,-1.4960051756898E-15,7.30000001000007));
#4938=CARTESIAN_POINT('Origin',(7.59865452778263E-15,0.,-63.9527612290663));
#4939=CARTESIAN_POINT('Origin',(6.77436027890037,0.,-67.341625355114));
#4940=CARTESIAN_POINT('',(-6.3727604109781,-7.80438063903731E-16,-67.341625355114));
#4941=CARTESIAN_POINT('Origin',(8.00130809958383E-15,0.,-67.341625355114));
#4942=CARTESIAN_POINT('Origin',(8.67361737988404E-15,0.,-63.9527612290663));
#4943=CARTESIAN_POINT('',(-12.1685705279709,-1.49022009472784E-15,-64.));
#4944=CARTESIAN_POINT('Origin',(-12.1685705279709,-1.49022009472784E-15,
-63.9527612290663));
#4945=CARTESIAN_POINT('Origin',(7.60426728153625E-15,0.,-64.));
#4946=CARTESIAN_POINT('Origin',(7.80625564189563E-15,0.,-67.1263548544646));
#4947=CARTESIAN_POINT('',(6.21882357840388,0.,-67.2768368800585));
#4948=CARTESIAN_POINT('',(-6.21882357840386,-7.61586238975439E-16,-67.2768368800585));
#4949=CARTESIAN_POINT('Origin',(7.99361014831688E-15,0.,-67.2768368800585));
#4950=CARTESIAN_POINT('Origin',(7.99361014831688E-15,0.,-67.2768368800585));
#4951=CARTESIAN_POINT('Origin',(-6.3727604109781,-7.80438063903731E-16,
-67.1263548544646));
#4952=CARTESIAN_POINT('Origin',(8.9776062544343,0.,-64.));
#4953=CARTESIAN_POINT('',(-8.97760625443428,-1.09943967634982E-15,-64.));
#4954=CARTESIAN_POINT('Origin',(7.60426728153625E-15,0.,-64.));
#4955=CARTESIAN_POINT('Origin',(7.90186428622417E-15,0.,-66.5046737042335));
#4956=CARTESIAN_POINT('',(5.463990074011,-6.69145795471047E-16,-66.5046737042335));
#4957=CARTESIAN_POINT('',(5.463990074011,-6.69145795471047E-16,-66.5046737042335));
#4958=CARTESIAN_POINT('',(-5.46399007401098,-6.69145795471047E-16,-66.5046737042335));
#4959=CARTESIAN_POINT('Origin',(7.90186428622417E-15,0.,-66.5046737042335));
#4960=CARTESIAN_POINT('Origin',(7.90186428622417E-15,0.,-66.5046737042335));
#4961=CARTESIAN_POINT('Origin',(-8.67361737988404E-16,0.,7.30000001000007));
#4962=CARTESIAN_POINT('',(-8.97760625443428,-1.09943967634982E-15,-64.0691811853266));
#4963=CARTESIAN_POINT('',(-8.97760625443429,-1.09943967634982E-15,7.30000001000007));
#4964=CARTESIAN_POINT('Origin',(7.61248716003745E-15,0.,-64.0691811853266));
#4965=CARTESIAN_POINT('Origin',(7.80625564189563E-15,0.,-66.4607330182507));
#4966=CARTESIAN_POINT('Origin',(-5.50893956212859,-6.74650520145701E-16,
-66.4607330182507));
#4967=CARTESIAN_POINT('Origin',(12.2158092989046,0.,-64.0691811853266));
#4968=CARTESIAN_POINT('',(-12.1158092989046,-1.48375870769833E-15,-64.0691811853266));
#4969=CARTESIAN_POINT('Origin',(7.61248716003745E-15,0.,-64.0691811853266));
#4970=CARTESIAN_POINT('Origin',(-8.67361737988404E-16,0.,7.30000001000007));
#4971=CARTESIAN_POINT('',(-12.2158092989046,-1.4960051756898E-15,-64.1691811853266));
#4972=CARTESIAN_POINT('Origin',(7.62436882766485E-15,0.,-64.1691811853266));
#4973=CARTESIAN_POINT('',(-12.2158092989046,-1.4960051756898E-15,-66.3978741257478));
#4974=CARTESIAN_POINT('',(-12.2158092989046,-1.4960051756898E-15,7.30000001000007));
#4975=CARTESIAN_POINT('',(-9.66433388071751,-7.47172319275947,-66.3978741257478));
#4976=CARTESIAN_POINT('Origin',(7.88917471528104E-15,0.,-66.3978741257478));
#4977=CARTESIAN_POINT('',(-9.66433388071751,-7.47172319275947,-66.2978741257478));
#4978=CARTESIAN_POINT('',(-9.66433388071751,-7.47172319275947,-66.3978741257478));
#4979=CARTESIAN_POINT('',(-9.66433388071751,7.47172319275947,-66.2978741257478));
#4980=CARTESIAN_POINT('Origin',(7.87729304765364E-15,0.,-66.2978741257478));
#4981=CARTESIAN_POINT('',(-9.66433388071751,7.47172319275947,-66.3978741257478));
#4982=CARTESIAN_POINT('',(-9.66433388071751,7.47172319275947,-66.2978741257478));
#4983=CARTESIAN_POINT('Origin',(7.88917471528104E-15,0.,-66.3978741257478));
#4984=CARTESIAN_POINT('Origin',(-9.66433388071751,-9.5,-71.129640420349));
#4985=CARTESIAN_POINT('',(-9.66433388071751,8.25469528929158,-66.3978741257478));
#4986=CARTESIAN_POINT('',(-9.66433388071751,8.25469528929158,-71.129640420349));
#4987=CARTESIAN_POINT('',(-9.66433388071751,8.25469528929159,-71.129640420349));
#4988=CARTESIAN_POINT('',(-9.66433388071751,-9.5,-66.3978741257478));
#4989=CARTESIAN_POINT('Ctrl Pts',(-9.66433388071751,7.47172319275947,-66.2978741257478));
#4990=CARTESIAN_POINT('Ctrl Pts',(-9.66433388071751,7.47172319275947,-66.3083322570929));
#4991=CARTESIAN_POINT('Ctrl Pts',(-9.66433388071751,7.46830258003586,-66.3204068512794));
#4992=CARTESIAN_POINT('Ctrl Pts',(-9.66433388071751,7.45672332095943,-66.3415756109054));
#4993=CARTESIAN_POINT('Ctrl Pts',(-9.66433388071751,7.44531008194087,-66.3533591914901));
#4994=CARTESIAN_POINT('Ctrl Pts',(-9.66433388071751,7.41943626757677,-66.3724938621242));
#4995=CARTESIAN_POINT('Ctrl Pts',(-9.66433388071751,7.39923658164056,-66.3817320846813));
#4996=CARTESIAN_POINT('Ctrl Pts',(-9.66433388071751,7.358905471235,-66.3940845205729));
#4997=CARTESIAN_POINT('Ctrl Pts',(-9.66433388071751,7.3307549747493,-66.3978741257478));
#4998=CARTESIAN_POINT('Ctrl Pts',(-9.66433388071751,7.30708461764599,-66.3978741257478));
#4999=CARTESIAN_POINT('Ctrl Pts',(-9.66433388071751,-7.30708461764599,-66.3978741257478));
#5000=CARTESIAN_POINT('Ctrl Pts',(-9.66433388071751,-7.3307549747493,-66.3978741257478));
#5001=CARTESIAN_POINT('Ctrl Pts',(-9.66433388071751,-7.358905471235,-66.3940845205729));
#5002=CARTESIAN_POINT('Ctrl Pts',(-9.66433388071751,-7.39923658164056,-66.3817320846813));
#5003=CARTESIAN_POINT('Ctrl Pts',(-9.66433388071751,-7.41943626757677,-66.3724938621242));
#5004=CARTESIAN_POINT('Ctrl Pts',(-9.66433388071751,-7.44531008194087,-66.3533591914901));
#5005=CARTESIAN_POINT('Ctrl Pts',(-9.66433388071751,-7.45672332095943,-66.3415756109054));
#5006=CARTESIAN_POINT('Ctrl Pts',(-9.66433388071751,-7.46830258003586,-66.3204068512794));
#5007=CARTESIAN_POINT('Ctrl Pts',(-9.66433388071751,-7.47172319275947,-66.3083322570929));
#5008=CARTESIAN_POINT('Ctrl Pts',(-9.66433388071751,-7.47172319275947,-66.2978741257478));
#5009=CARTESIAN_POINT('',(-9.66433388071751,-8.25469528929159,-66.3978741257478));
#5010=CARTESIAN_POINT('',(-9.66433388071751,-9.5,-66.3978741257478));
#5011=CARTESIAN_POINT('',(-9.66433388071751,-8.25469528929159,-71.129640420349));
#5012=CARTESIAN_POINT('',(-9.66433388071751,-8.25469528929159,-71.129640420349));
#5013=CARTESIAN_POINT('',(-9.66433388071751,-9.5,-71.129640420349));
#5014=CARTESIAN_POINT('Origin',(-9.89462218668435,-9.5,-71.129640420349));
#5015=CARTESIAN_POINT('',(-9.89462218668435,8.25469528929158,-71.129640420349));
#5016=CARTESIAN_POINT('',(-9.89462218668435,8.25469528929159,-71.129640420349));
#5017=CARTESIAN_POINT('',(-9.89462218668435,-8.25469528929159,-71.129640420349));
#5018=CARTESIAN_POINT('',(-9.89462218668435,-8.25469528929159,-71.129640420349));
#5019=CARTESIAN_POINT('',(-9.89462218668435,-9.5,-71.129640420349));
#5020=CARTESIAN_POINT('Origin',(-10.2361905247413,-9.5,-71.129640420349));
#5021=CARTESIAN_POINT('Origin',(-10.2361905247413,8.25469528929159,-71.129640420349));
#5022=CARTESIAN_POINT('Origin',(-10.2361905247413,-8.25469528929159,-71.129640420349));
#5023=CARTESIAN_POINT('Origin',(-16.0086826103632,8.25469528929159,-68.8006695744913));
#5024=CARTESIAN_POINT('',(-13.7267747953555,8.25469528929159,-69.0136223869034));
#5025=CARTESIAN_POINT('',(-16.0086826103632,8.25469528929159,-69.0136223869034));
#5026=CARTESIAN_POINT('',(-16.0086826103632,8.25469528929159,-69.0136223869034));
#5027=CARTESIAN_POINT('',(-16.2216354227753,8.25469528929159,-68.8006695744913));
#5028=CARTESIAN_POINT('Origin',(-16.0086826103632,8.25469528929159,-68.8006695744913));
#5029=CARTESIAN_POINT('',(-16.2216354227753,8.25469528929158,-66.3978741257478));
#5030=CARTESIAN_POINT('',(-16.2216354227753,8.25469528929159,-66.3978741257478));
#5031=CARTESIAN_POINT('',(-9.66433388071751,8.25469528929159,-66.3978741257478));
#5032=CARTESIAN_POINT('',(-16.2216354227753,8.25469528929159,-70.1276150581197));
#5033=CARTESIAN_POINT('',(-16.2216354227753,8.25469528929159,-70.1276150581197));
#5034=CARTESIAN_POINT('',(-15.9674462137743,8.25469528929159,-69.8734258491186));
#5035=CARTESIAN_POINT('Origin',(-15.9674462137743,8.25469528929159,-70.1276150581197));
#5036=CARTESIAN_POINT('',(-13.7529441679409,8.25469528929159,-69.8734258491186));
#5037=CARTESIAN_POINT('',(-13.7529441679409,8.25469528929159,-69.8734258491186));
#5038=CARTESIAN_POINT('',(-13.5194960944485,8.25469528929159,-69.6399777756263));
#5039=CARTESIAN_POINT('Origin',(-13.7529441679409,8.25469528929159,-69.6399777756263));
#5040=CARTESIAN_POINT('',(-13.5194960944485,8.25469528929159,-69.2209010878104));
#5041=CARTESIAN_POINT('',(-13.5194960944485,8.25469528929159,-69.2209010878104));
#5042=CARTESIAN_POINT('Origin',(-13.7267747953555,8.25469528929159,-69.2209010878104));
#5043=CARTESIAN_POINT('Origin',(-9.66433388071751,-9.5,-66.3978741257478));
#5044=CARTESIAN_POINT('',(-16.2216354227753,-8.25469528929159,-66.3978741257478));
#5045=CARTESIAN_POINT('',(-16.2216354227753,-9.5,-66.3978741257478));
#5046=CARTESIAN_POINT('',(-9.66433388071751,-8.25469528929159,-66.3978741257478));
#5047=CARTESIAN_POINT('Origin',(-16.0086826103632,-8.25469528929159,-68.8006695744913));
#5048=CARTESIAN_POINT('',(-13.7267747953555,-8.25469528929159,-69.0136223869034));
#5049=CARTESIAN_POINT('',(-16.0086826103632,-8.25469528929159,-69.0136223869034));
#5050=CARTESIAN_POINT('',(-16.0086826103632,-8.25469528929159,-69.0136223869034));
#5051=CARTESIAN_POINT('',(-13.5194960944485,-8.25469528929159,-69.2209010878104));
#5052=CARTESIAN_POINT('Origin',(-13.7267747953555,-8.25469528929159,-69.2209010878104));
#5053=CARTESIAN_POINT('',(-13.5194960944485,-8.25469528929159,-69.6399777756263));
#5054=CARTESIAN_POINT('',(-13.5194960944485,-8.25469528929159,-69.2209010878104));
#5055=CARTESIAN_POINT('',(-13.7529441679409,-8.25469528929159,-69.8734258491186));
#5056=CARTESIAN_POINT('Origin',(-13.7529441679409,-8.25469528929159,-69.6399777756263));
#5057=CARTESIAN_POINT('',(-15.9674462137743,-8.25469528929159,-69.8734258491186));
#5058=CARTESIAN_POINT('',(-13.7529441679409,-8.25469528929159,-69.8734258491186));
#5059=CARTESIAN_POINT('Origin',(-15.9674462137743,-8.25469528929159,-70.1276150581197));
#5060=CARTESIAN_POINT('',(-16.2216354227753,-8.25469528929159,-68.8006695744913));
#5061=CARTESIAN_POINT('',(-16.2216354227753,-8.25469528929159,-66.3978741257478));
#5062=CARTESIAN_POINT('Origin',(-16.0086826103632,-8.25469528929159,-68.8006695744913));
#5063=CARTESIAN_POINT('Origin',(-16.0086826103632,-9.5,-69.0136223869034));
#5064=CARTESIAN_POINT('',(-13.7267747953555,-9.5,-69.0136223869034));
#5065=CARTESIAN_POINT('',(-16.0086826103632,-9.5,-69.0136223869034));
#5066=CARTESIAN_POINT('Origin',(-13.7267747953555,-9.5,-69.2209010878104));
#5067=CARTESIAN_POINT('',(-13.5194960944485,-9.5,-69.2209010878104));
#5068=CARTESIAN_POINT('Origin',(-13.5194960944485,-9.5,-69.2209010878104));
#5069=CARTESIAN_POINT('',(-13.5194960944485,-9.5,-69.6399777756263));
#5070=CARTESIAN_POINT('Origin',(-13.7529441679409,-9.5,-69.6399777756263));
#5071=CARTESIAN_POINT('',(-13.7529441679409,-9.5,-69.8734258491186));
#5072=CARTESIAN_POINT('Origin',(-13.7529441679409,-9.5,-69.8734258491186));
#5073=CARTESIAN_POINT('',(-15.9674462137743,-9.5,-69.8734258491186));
#5074=CARTESIAN_POINT('Origin',(-15.9674462137743,-9.5,-70.1276150581197));
#5075=CARTESIAN_POINT('Origin',(-16.0086826103632,-9.5,-68.8006695744913));
#5076=CARTESIAN_POINT('',(-16.2216354227753,-9.5,-68.8006695744913));
#5077=CARTESIAN_POINT('Origin',(-16.2216354227753,-10.7453047107084,-70.1276150581197));
#5078=CARTESIAN_POINT('',(-16.2216354227753,6.75469528929159,-70.3119107481203));
#5079=CARTESIAN_POINT('',(-16.2216354227753,-10.7453047107084,-70.1276150581197));
#5080=CARTESIAN_POINT('Origin',(-15.9674462137743,-10.7453047107084,-70.1276150581197));
#5081=CARTESIAN_POINT('',(-15.9674462137743,-10.7453047107084,-69.8734258491186));
#5082=CARTESIAN_POINT('Origin',(-13.7529441679409,-10.7453047107084,-69.8734258491186));
#5083=CARTESIAN_POINT('',(-13.7529441679409,-10.7453047107084,-69.8734258491186));
#5084=CARTESIAN_POINT('Origin',(-13.7529441679409,-10.7453047107084,-69.6399777756263));
#5085=CARTESIAN_POINT('',(-13.5194960944485,-10.7453047107084,-69.6399777756263));
#5086=CARTESIAN_POINT('Origin',(-13.5194960944485,-10.7453047107084,-69.2209010878104));
#5087=CARTESIAN_POINT('',(-13.5194960944485,-10.7453047107084,-69.2209010878104));
#5088=CARTESIAN_POINT('Origin',(-13.7267747953555,-10.7453047107084,-69.2209010878104));
#5089=CARTESIAN_POINT('',(-13.7267747953555,-10.7453047107084,-69.0136223869034));
#5090=CARTESIAN_POINT('Origin',(-16.0086826103632,-10.7453047107084,-69.0136223869034));
#5091=CARTESIAN_POINT('',(-16.0086826103632,-10.7453047107084,-69.0136223869034));
#5092=CARTESIAN_POINT('Origin',(-16.0086826103632,-10.7453047107084,-68.8006695744913));
#5093=CARTESIAN_POINT('',(-16.2216354227753,-10.7453047107084,-68.8006695744913));
#5094=CARTESIAN_POINT('Origin',(-16.2216354227753,-9.5,-66.3978741257478));
#5095=CARTESIAN_POINT('Origin',(-16.2216354227753,-6.75469528929159,-70.3119107481203));
#5096=CARTESIAN_POINT('',(-12.2143338807175,-6.75469528929159,-71.129640420349));
#5097=CARTESIAN_POINT('Origin',(-12.1643338807175,-8.,-70.3119107481203));
#5098=CARTESIAN_POINT('',(-12.1643338807175,6.70469528929158,-71.129640420349));
#5099=CARTESIAN_POINT('',(-12.1643338807175,-6.70469528929159,-70.629640420349));
#5100=CARTESIAN_POINT('Origin',(-12.1643338807175,6.75469528929158,-70.3119107481203));
#5101=CARTESIAN_POINT('',(-12.2143338807175,6.75469528929158,-70.629640420349));
#5102=CARTESIAN_POINT('Origin',(-11.9378936010999,0.,0.));
#5103=CARTESIAN_POINT('',(-11.9378936010999,-3.49,-68.5443461609382));
#5104=CARTESIAN_POINT('',(-11.9378936010999,-4.13,-68.5443461609382));
#5105=CARTESIAN_POINT('',(-11.9378936010999,-3.49,-68.5443461609382));
#5106=CARTESIAN_POINT('',(-11.9378936010999,-4.13,-69.1843461609381));
#5107=CARTESIAN_POINT('',(-11.9378936010999,-4.13,-68.5443461609382));
#5108=CARTESIAN_POINT('',(-11.9378936010999,-3.49,-69.1843461609381));
#5109=CARTESIAN_POINT('',(-11.9378936010999,-4.13,-69.1843461609381));
#5110=CARTESIAN_POINT('',(-11.9378936010999,-3.49,-69.1843461609381));
#5111=CARTESIAN_POINT('',(-11.9378936010999,-6.67,-69.1843461609381));
#5112=CARTESIAN_POINT('',(-11.9378936010999,-6.03,-69.1843461609381));
#5113=CARTESIAN_POINT('',(-11.9378936010999,-6.67,-69.1843461609381));
#5114=CARTESIAN_POINT('',(-11.9378936010999,-6.03,-68.5443461609382));
#5115=CARTESIAN_POINT('',(-11.9378936010999,-6.03,-69.1843461609381));
#5116=CARTESIAN_POINT('',(-11.9378936010999,-6.67,-68.5443461609382));
#5117=CARTESIAN_POINT('',(-11.9378936010999,-6.03,-68.5443461609382));
#5118=CARTESIAN_POINT('',(-11.9378936010999,-6.67,-68.5443461609382));
#5119=CARTESIAN_POINT('',(-11.9378936010999,6.03,-69.1843461609381));
#5120=CARTESIAN_POINT('',(-11.9378936010999,6.67,-69.1843461609381));
#5121=CARTESIAN_POINT('',(-11.9378936010999,6.03,-69.1843461609381));
#5122=CARTESIAN_POINT('',(-11.9378936010999,6.67,-68.5443461609382));
#5123=CARTESIAN_POINT('',(-11.9378936010999,6.67,-69.1843461609381));
#5124=CARTESIAN_POINT('',(-11.9378936010999,6.03,-68.5443461609382));
#5125=CARTESIAN_POINT('',(-11.9378936010999,6.67,-68.5443461609382));
#5126=CARTESIAN_POINT('',(-11.9378936010999,6.03,-68.5443461609382));
#5127=CARTESIAN_POINT('',(-11.9378936010999,0.95,-68.5443461609382));
#5128=CARTESIAN_POINT('',(-11.9378936010999,0.95,-69.1843461609381));
#5129=CARTESIAN_POINT('',(-11.9378936010999,0.95,-68.5443461609382));
#5130=CARTESIAN_POINT('',(-11.9378936010999,1.59,-69.1843461609381));
#5131=CARTESIAN_POINT('',(-11.9378936010999,0.95,-69.1843461609381));
#5132=CARTESIAN_POINT('',(-11.9378936010999,1.59,-68.5443461609382));
#5133=CARTESIAN_POINT('',(-11.9378936010999,1.59,-69.1843461609381));
#5134=CARTESIAN_POINT('',(-11.9378936010999,1.59,-68.5443461609382));
#5135=CARTESIAN_POINT('',(-11.9378936010999,3.49,-69.1843461609381));
#5136=CARTESIAN_POINT('',(-11.9378936010999,4.13,-69.1843461609381));
#5137=CARTESIAN_POINT('',(-11.9378936010999,3.49,-69.1843461609381));
#5138=CARTESIAN_POINT('',(-11.9378936010999,4.13,-68.5443461609382));
#5139=CARTESIAN_POINT('',(-11.9378936010999,4.13,-69.1843461609381));
#5140=CARTESIAN_POINT('',(-11.9378936010999,3.49,-68.5443461609382));
#5141=CARTESIAN_POINT('',(-11.9378936010999,4.13,-68.5443461609382));
#5142=CARTESIAN_POINT('',(-11.9378936010999,3.49,-68.5443461609382));
#5143=CARTESIAN_POINT('',(-11.9378936010999,-0.95,-68.5443461609382));
#5144=CARTESIAN_POINT('',(-11.9378936010999,-0.95,-69.1843461609381));
#5145=CARTESIAN_POINT('',(-11.9378936010999,-0.95,-68.5443461609382));
#5146=CARTESIAN_POINT('',(-11.9378936010999,-1.59,-68.5443461609382));
#5147=CARTESIAN_POINT('',(-11.9378936010999,-1.59,-68.5443461609382));
#5148=CARTESIAN_POINT('',(-11.9378936010999,-1.59,-69.1843461609381));
#5149=CARTESIAN_POINT('',(-11.9378936010999,-1.59,-69.1843461609381));
#5150=CARTESIAN_POINT('',(-11.9378936010999,-0.95,-69.1843461609381));
#5151=CARTESIAN_POINT('Origin',(-15.6216354227753,0.,0.));
#5152=CARTESIAN_POINT('',(-15.6216354227753,-1.44,-69.0343461609381));
#5153=CARTESIAN_POINT('',(-15.6216354227753,-1.44,-68.6943461609382));
#5154=CARTESIAN_POINT('',(-15.6216354227753,-1.44,-68.5443461609382));
#5155=CARTESIAN_POINT('',(-15.6216354227753,-1.1,-68.6943461609382));
#5156=CARTESIAN_POINT('',(-15.6216354227753,-0.95,-68.6943461609382));
#5157=CARTESIAN_POINT('',(-15.6216354227753,-1.1,-69.0343461609381));
#5158=CARTESIAN_POINT('',(-15.6216354227753,-1.1,-69.1843461609381));
#5159=CARTESIAN_POINT('',(-15.6216354227753,-1.59,-69.0343461609381));
#5160=CARTESIAN_POINT('Origin',(-15.6216354227753,-1.44,0.));
#5161=CARTESIAN_POINT('',(-15.4716354227753,-1.59,-69.1843461609381));
#5162=CARTESIAN_POINT('',(-16.1016354227753,-0.959999999999996,-68.5543461609382));
#5163=CARTESIAN_POINT('',(-15.4716354227753,-1.59,-68.5443461609382));
#5164=CARTESIAN_POINT('',(-15.4716354227753,-1.59,-69.1843461609381));
#5165=CARTESIAN_POINT('',(7.27647996420402,-24.3381153869792,-45.7962307739594));
#5166=CARTESIAN_POINT('Origin',(-15.6216354227753,0.,-68.6943461609382));
#5167=CARTESIAN_POINT('',(-15.4716354227753,-0.95,-68.5443461609382));
#5168=CARTESIAN_POINT('',(-15.4716354227753,-1.59,-68.5443461609382));
#5169=CARTESIAN_POINT('',(7.27647996420401,21.7981153869792,-45.7962307739594));
#5170=CARTESIAN_POINT('Origin',(-15.6216354227753,-1.1,0.));
#5171=CARTESIAN_POINT('',(-15.4716354227753,-0.95,-69.1843461609381));
#5172=CARTESIAN_POINT('',(-38.6330841430879,-24.1114487203125,-46.0228974406261));
#5173=CARTESIAN_POINT('',(-15.4716354227753,-0.95,-68.5443461609382));
#5174=CARTESIAN_POINT('Origin',(-15.6216354227753,0.,-69.0343461609381));
#5175=CARTESIAN_POINT('',(-15.4716354227753,-0.95,-69.1843461609381));
#5176=CARTESIAN_POINT('Origin',(-15.6216354227753,-0.95,-69.1843461609381));
#5177=CARTESIAN_POINT('',(-15.6216354227753,-0.95,-69.1843461609381));
#5178=CARTESIAN_POINT('',(-15.6216354227753,-1.59,-69.1843461609381));
#5179=CARTESIAN_POINT('Origin',(-15.6216354227753,-0.95,-68.5443461609382));
#5180=CARTESIAN_POINT('',(-15.6216354227753,-0.95,-68.5443461609382));
#5181=CARTESIAN_POINT('Origin',(-15.6216354227753,-1.59,-68.5443461609382));
#5182=CARTESIAN_POINT('',(-15.6216354227753,-1.59,-68.5443461609382));
#5183=CARTESIAN_POINT('Origin',(-15.6216354227753,-1.59,-69.1843461609381));
#5184=CARTESIAN_POINT('Origin',(-15.6216354227753,-2.54,0.));
#5185=CARTESIAN_POINT('',(-15.6216354227753,-3.98,-69.0343461609381));
#5186=CARTESIAN_POINT('',(-15.6216354227753,-3.98,-68.6943461609382));
#5187=CARTESIAN_POINT('',(-15.6216354227753,-3.98,0.));
#5188=CARTESIAN_POINT('',(-15.6216354227753,-3.64,-68.6943461609382));
#5189=CARTESIAN_POINT('',(-15.6216354227753,-2.54,-68.6943461609382));
#5190=CARTESIAN_POINT('',(-15.6216354227753,-3.64,-69.0343461609381));
#5191=CARTESIAN_POINT('',(-15.6216354227753,-3.64,0.));
#5192=CARTESIAN_POINT('',(-15.6216354227753,-2.54,-69.0343461609381));
#5193=CARTESIAN_POINT('Origin',(-15.6216354227753,-3.98,0.));
#5194=CARTESIAN_POINT('',(-15.4716354227753,-4.13,-69.1843461609381));
#5195=CARTESIAN_POINT('',(-38.6330841430879,19.0314487203125,-46.022897440626));
#5196=CARTESIAN_POINT('',(-15.4716354227753,-4.13,-68.5443461609382));
#5197=CARTESIAN_POINT('',(-15.4716354227753,-4.13,0.));
#5198=CARTESIAN_POINT('',(-16.1016354227753,-3.5,-69.1743461609381));
#5199=CARTESIAN_POINT('Origin',(-15.6216354227753,-2.54,-68.6943461609382));
#5200=CARTESIAN_POINT('',(-15.4716354227753,-3.49,-68.5443461609382));
#5201=CARTESIAN_POINT('',(-15.4716354227753,-2.54,-68.5443461609382));
#5202=CARTESIAN_POINT('',(-15.2549687561086,-3.27333333333333,-68.3276794942715));
#5203=CARTESIAN_POINT('Origin',(-15.6216354227753,-3.64,0.));
#5204=CARTESIAN_POINT('',(-15.4716354227753,-3.49,-69.1843461609381));
#5205=CARTESIAN_POINT('',(-38.6330841430879,-26.6514487203125,-46.022897440626));
#5206=CARTESIAN_POINT('',(-15.4716354227753,-3.49,0.));
#5207=CARTESIAN_POINT('Origin',(-15.6216354227753,-2.54,-69.0343461609381));
#5208=CARTESIAN_POINT('',(-15.4716354227753,-2.54,-69.1843461609381));
#5209=CARTESIAN_POINT('Origin',(-15.6216354227753,-3.49,-69.1843461609381));
#5210=CARTESIAN_POINT('',(-15.6216354227753,-3.49,-69.1843461609381));
#5211=CARTESIAN_POINT('',(-15.6216354227753,-4.13,-69.1843461609381));
#5212=CARTESIAN_POINT('Origin',(-15.6216354227753,-3.49,-68.5443461609382));
#5213=CARTESIAN_POINT('',(-15.6216354227753,-3.49,-68.5443461609382));
#5214=CARTESIAN_POINT('Origin',(-15.6216354227753,-4.13,-68.5443461609382));
#5215=CARTESIAN_POINT('',(-15.6216354227753,-4.13,-68.5443461609382));
#5216=CARTESIAN_POINT('Origin',(-15.6216354227753,-4.13,-69.1843461609381));
#5217=CARTESIAN_POINT('Origin',(-15.6216354227753,-5.08,0.));
#5218=CARTESIAN_POINT('',(-15.6216354227753,-6.52,-69.0343461609381));
#5219=CARTESIAN_POINT('',(-15.6216354227753,-6.52,-68.6943461609382));
#5220=CARTESIAN_POINT('',(-15.6216354227753,-6.52,0.));
#5221=CARTESIAN_POINT('',(-15.6216354227753,-6.18,-68.6943461609382));
#5222=CARTESIAN_POINT('',(-15.6216354227753,-5.08,-68.6943461609382));
#5223=CARTESIAN_POINT('',(-15.6216354227753,-6.18,-69.0343461609381));
#5224=CARTESIAN_POINT('',(-15.6216354227753,-6.18,0.));
#5225=CARTESIAN_POINT('',(-15.6216354227753,-5.08,-69.0343461609381));
#5226=CARTESIAN_POINT('Origin',(-15.6216354227753,-6.18,0.));
#5227=CARTESIAN_POINT('',(-15.4716354227753,-6.03,-69.1843461609381));
#5228=CARTESIAN_POINT('',(-38.6330841430879,-29.1914487203125,-46.022897440626));
#5229=CARTESIAN_POINT('',(-15.4716354227753,-6.03,-68.5443461609382));
#5230=CARTESIAN_POINT('',(-15.2549687561086,-5.81333333333333,-68.3276794942715));
#5231=CARTESIAN_POINT('',(-15.4716354227753,-6.03,0.));
#5232=CARTESIAN_POINT('Origin',(-15.6216354227753,-5.08,-69.0343461609381));
#5233=CARTESIAN_POINT('',(-15.4716354227753,-6.67,-69.1843461609381));
#5234=CARTESIAN_POINT('',(-15.4716354227753,-5.08,-69.1843461609381));
#5235=CARTESIAN_POINT('',(-38.6330841430879,16.4914487203125,-46.022897440626));
#5236=CARTESIAN_POINT('Origin',(-15.6216354227753,-6.52,0.));
#5237=CARTESIAN_POINT('',(-15.4716354227753,-6.67,-68.5443461609382));
#5238=CARTESIAN_POINT('',(-15.4716354227753,-6.67,0.));
#5239=CARTESIAN_POINT('',(-16.1016354227753,-6.04,-69.1743461609381));
#5240=CARTESIAN_POINT('Origin',(-15.6216354227753,-5.08,-68.6943461609382));
#5241=CARTESIAN_POINT('',(-15.4716354227753,-5.08,-68.5443461609382));
#5242=CARTESIAN_POINT('Origin',(-15.6216354227753,-6.67,-68.5443461609382));
#5243=CARTESIAN_POINT('',(-15.6216354227753,-6.67,-68.5443461609382));
#5244=CARTESIAN_POINT('',(-15.6216354227753,-6.03,-68.5443461609382));
#5245=CARTESIAN_POINT('Origin',(-15.6216354227753,-6.67,-69.1843461609381));
#5246=CARTESIAN_POINT('',(-15.6216354227753,-6.67,-69.1843461609381));
#5247=CARTESIAN_POINT('Origin',(-15.6216354227753,-6.03,-69.1843461609381));
#5248=CARTESIAN_POINT('',(-15.6216354227753,-6.03,-69.1843461609381));
#5249=CARTESIAN_POINT('Origin',(-15.6216354227753,-6.03,-68.5443461609382));
#5250=CARTESIAN_POINT('Origin',(-15.6216354227753,5.08,0.));
#5251=CARTESIAN_POINT('',(-15.6216354227753,6.52,-69.0343461609381));
#5252=CARTESIAN_POINT('',(-15.6216354227753,6.52,-68.6943461609382));
#5253=CARTESIAN_POINT('',(-15.6216354227753,6.52,0.));
#5254=CARTESIAN_POINT('',(-15.6216354227753,6.18,-69.0343461609381));
#5255=CARTESIAN_POINT('',(-15.6216354227753,5.08,-69.0343461609381));
#5256=CARTESIAN_POINT('',(-15.6216354227753,6.18,-68.6943461609382));
#5257=CARTESIAN_POINT('',(-15.6216354227753,6.18,0.));
#5258=CARTESIAN_POINT('',(-15.6216354227753,5.08,-68.6943461609382));
#5259=CARTESIAN_POINT('Origin',(-15.6216354227753,6.52,0.));
#5260=CARTESIAN_POINT('',(-15.4716354227753,6.67,-69.1843461609381));
#5261=CARTESIAN_POINT('',(-38.6330841430879,-16.4914487203125,-46.022897440626));
#5262=CARTESIAN_POINT('',(-15.4716354227753,6.67,-68.5443461609382));
#5263=CARTESIAN_POINT('',(-16.1016354227753,6.04,-69.1743461609381));
#5264=CARTESIAN_POINT('',(-15.4716354227753,6.67,0.));
#5265=CARTESIAN_POINT('Origin',(-15.6216354227753,5.08,-69.0343461609381));
#5266=CARTESIAN_POINT('',(-15.4716354227753,6.03,-69.1843461609381));
#5267=CARTESIAN_POINT('',(-38.6330841430879,29.1914487203125,-46.022897440626));
#5268=CARTESIAN_POINT('',(-15.4716354227753,5.08,-69.1843461609381));
#5269=CARTESIAN_POINT('Origin',(-15.6216354227753,6.18,0.));
#5270=CARTESIAN_POINT('',(-15.4716354227753,6.03,-68.5443461609382));
#5271=CARTESIAN_POINT('',(-15.4716354227753,6.03,0.));
#5272=CARTESIAN_POINT('',(-15.2549687561086,5.81333333333333,-68.3276794942715));
#5273=CARTESIAN_POINT('Origin',(-15.6216354227753,5.08,-68.6943461609382));
#5274=CARTESIAN_POINT('',(-15.4716354227753,5.08,-68.5443461609382));
#5275=CARTESIAN_POINT('Origin',(-15.6216354227753,6.67,-68.5443461609382));
#5276=CARTESIAN_POINT('',(-15.6216354227753,6.03,-68.5443461609382));
#5277=CARTESIAN_POINT('',(-15.6216354227753,6.67,-68.5443461609382));
#5278=CARTESIAN_POINT('Origin',(-15.6216354227753,6.03,-68.5443461609382));
#5279=CARTESIAN_POINT('',(-15.6216354227753,6.03,-69.1843461609381));
#5280=CARTESIAN_POINT('Origin',(-15.6216354227753,6.03,-69.1843461609381));
#5281=CARTESIAN_POINT('',(-15.6216354227753,6.67,-69.1843461609381));
#5282=CARTESIAN_POINT('Origin',(-15.6216354227753,6.67,-69.1843461609381));
#5283=CARTESIAN_POINT('Origin',(-15.6216354227753,0.,0.));
#5284=CARTESIAN_POINT('',(-15.6216354227753,1.44,-69.0343461609381));
#5285=CARTESIAN_POINT('',(-15.6216354227753,1.44,-68.6943461609382));
#5286=CARTESIAN_POINT('',(-15.6216354227753,1.44,-68.5443461609382));
#5287=CARTESIAN_POINT('',(-15.6216354227753,1.1,-69.0343461609381));
#5288=CARTESIAN_POINT('',(-15.6216354227753,1.59,-69.0343461609381));
#5289=CARTESIAN_POINT('',(-15.6216354227753,1.1,-68.6943461609382));
#5290=CARTESIAN_POINT('',(-15.6216354227753,1.1,-69.1843461609381));
#5291=CARTESIAN_POINT('',(-15.6216354227753,0.95,-68.6943461609382));
#5292=CARTESIAN_POINT('Origin',(-15.6216354227753,0.,-69.0343461609381));
#5293=CARTESIAN_POINT('',(-15.4716354227753,0.95,-69.1843461609381));
#5294=CARTESIAN_POINT('',(-38.6330841430879,24.1114487203125,-46.0228974406261));
#5295=CARTESIAN_POINT('',(-15.4716354227753,1.59,-69.1843461609381));
#5296=CARTESIAN_POINT('',(-16.1016354227753,0.959999999999996,-68.5543461609382));
#5297=CARTESIAN_POINT('',(-15.4716354227753,0.95,-69.1843461609381));
#5298=CARTESIAN_POINT('Origin',(-15.6216354227753,1.1,0.));
#5299=CARTESIAN_POINT('',(-15.4716354227753,0.95,-68.5443461609382));
#5300=CARTESIAN_POINT('',(-15.4716354227753,0.95,-68.5443461609382));
#5301=CARTESIAN_POINT('',(7.27647996420401,-21.7981153869792,-45.7962307739594));
#5302=CARTESIAN_POINT('Origin',(-15.6216354227753,0.,-68.6943461609382));
#5303=CARTESIAN_POINT('',(-15.4716354227753,1.59,-68.5443461609382));
#5304=CARTESIAN_POINT('',(7.27647996420402,24.3381153869792,-45.7962307739594));
#5305=CARTESIAN_POINT('',(-15.4716354227753,1.59,-68.5443461609382));
#5306=CARTESIAN_POINT('Origin',(-15.6216354227753,1.44,0.));
#5307=CARTESIAN_POINT('',(-15.4716354227753,1.59,-69.1843461609381));
#5308=CARTESIAN_POINT('Origin',(-15.6216354227753,1.59,-69.1843461609381));
#5309=CARTESIAN_POINT('',(-15.6216354227753,1.59,-68.5443461609382));
#5310=CARTESIAN_POINT('',(-15.6216354227753,1.59,-69.1843461609381));
#5311=CARTESIAN_POINT('Origin',(-15.6216354227753,1.59,-68.5443461609382));
#5312=CARTESIAN_POINT('',(-15.6216354227753,0.95,-68.5443461609382));
#5313=CARTESIAN_POINT('Origin',(-15.6216354227753,0.95,-68.5443461609382));
#5314=CARTESIAN_POINT('',(-15.6216354227753,0.95,-69.1843461609381));
#5315=CARTESIAN_POINT('Origin',(-15.6216354227753,0.95,-69.1843461609381));
#5316=CARTESIAN_POINT('Origin',(-15.6216354227753,2.54,0.));
#5317=CARTESIAN_POINT('',(-15.6216354227753,3.98,-69.0343461609381));
#5318=CARTESIAN_POINT('',(-15.6216354227753,3.98,-68.6943461609382));
#5319=CARTESIAN_POINT('',(-15.6216354227753,3.98,0.));
#5320=CARTESIAN_POINT('',(-15.6216354227753,3.64,-69.0343461609381));
#5321=CARTESIAN_POINT('',(-15.6216354227753,2.54,-69.0343461609381));
#5322=CARTESIAN_POINT('',(-15.6216354227753,3.64,-68.6943461609382));
#5323=CARTESIAN_POINT('',(-15.6216354227753,3.64,0.));
#5324=CARTESIAN_POINT('',(-15.6216354227753,2.54,-68.6943461609382));
#5325=CARTESIAN_POINT('Origin',(-15.6216354227753,2.54,-69.0343461609381));
#5326=CARTESIAN_POINT('',(-15.4716354227753,3.49,-69.1843461609381));
#5327=CARTESIAN_POINT('',(-38.6330841430879,26.6514487203125,-46.022897440626));
#5328=CARTESIAN_POINT('',(-15.4716354227753,4.13,-69.1843461609381));
#5329=CARTESIAN_POINT('',(-38.6330841430879,-19.0314487203125,-46.022897440626));
#5330=CARTESIAN_POINT('',(-15.4716354227753,2.54,-69.1843461609381));
#5331=CARTESIAN_POINT('Origin',(-15.6216354227753,3.98,0.));
#5332=CARTESIAN_POINT('',(-15.4716354227753,4.13,-68.5443461609382));
#5333=CARTESIAN_POINT('',(-16.1016354227753,3.5,-69.1743461609381));
#5334=CARTESIAN_POINT('',(-15.4716354227753,4.13,0.));
#5335=CARTESIAN_POINT('Origin',(-15.6216354227753,3.64,0.));
#5336=CARTESIAN_POINT('',(-15.4716354227753,3.49,-68.5443461609382));
#5337=CARTESIAN_POINT('',(-15.4716354227753,3.49,0.));
#5338=CARTESIAN_POINT('',(-15.2549687561086,3.27333333333333,-68.3276794942715));
#5339=CARTESIAN_POINT('Origin',(-15.6216354227753,2.54,-68.6943461609382));
#5340=CARTESIAN_POINT('',(-15.4716354227753,2.54,-68.5443461609382));
#5341=CARTESIAN_POINT('Origin',(-15.6216354227753,4.13,-68.5443461609382));
#5342=CARTESIAN_POINT('',(-15.6216354227753,3.49,-68.5443461609382));
#5343=CARTESIAN_POINT('',(-15.6216354227753,4.13,-68.5443461609382));
#5344=CARTESIAN_POINT('Origin',(-15.6216354227753,3.49,-68.5443461609382));
#5345=CARTESIAN_POINT('',(-15.6216354227753,3.49,-69.1843461609381));
#5346=CARTESIAN_POINT('Origin',(-15.6216354227753,4.13,-69.1843461609381));
#5347=CARTESIAN_POINT('',(-15.6216354227753,4.13,-69.1843461609381));
#5348=CARTESIAN_POINT('Origin',(-15.6216354227753,3.49,-69.1843461609381));
#5349=CARTESIAN_POINT('Origin',(-12.2143338807175,-6.70469528929159,-70.3119107481203));
#5350=CARTESIAN_POINT('Origin',(-12.2143338807175,6.70469528929158,-70.3119107481203));
#5351=CARTESIAN_POINT('Origin',(4.2983345897599,-7.5043447459164,-71.7622789466948));
#5352=CARTESIAN_POINT('Origin',(7.49451774103365,-4.30816159464265,-71.7622789466948));
#5353=CARTESIAN_POINT('Origin',(4.9262762238285,-6.8764031118478,-71.7622789466948));
#5354=CARTESIAN_POINT('Origin',(7.49451774103365,-4.30816159464265,-71.7622789466948));
#5355=CARTESIAN_POINT('Origin',(7.49451774103365,-4.30816159464265,-71.7622789466948));
#5356=CARTESIAN_POINT('Origin',(7.49451774103365,-4.30816159464265,-71.7622789466948));
#5357=CARTESIAN_POINT('Origin',(4.9262762238285,-6.8764031118478,-71.7622789466948));
#5358=CARTESIAN_POINT('Origin',(4.9262762238285,-6.8764031118478,-71.7622789466948));
#5359=CARTESIAN_POINT('Origin',(4.9262762238285,-6.8764031118478,-71.7622789466948));
#5360=CARTESIAN_POINT('Origin',(7.5652284191523,-4.37887227276131,-71.7622789466948));
#5361=CARTESIAN_POINT('Origin',(7.05899037822236,-3.87263423183136,-71.7622789466948));
#5362=CARTESIAN_POINT('Origin',(7.49451774103365,-4.30816159464265,-68.1633412894269));
#5363=CARTESIAN_POINT('Origin',(7.49451774103365,-4.30816159464265,-68.2633412894269));
#5364=CARTESIAN_POINT('Origin',(6.62766261185303,-5.17501672382327,-68.2633412894269));
#5365=CARTESIAN_POINT('Origin',(4.9262762238285,-6.8764031118478,-68.2633412894269));
#5366=CARTESIAN_POINT('Origin',(7.49451774103365,-4.30816159464265,-68.2633412894269));
#5367=CARTESIAN_POINT('Origin',(4.9262762238285,-6.8764031118478,-68.1633412894269));
#5368=CARTESIAN_POINT('Origin',(4.9262762238285,-6.8764031118478,-68.2633412894269));
#5369=CARTESIAN_POINT('Origin',(4.42003818289856,-6.37016507091785,-71.7622789466948));
#5370=CARTESIAN_POINT('Origin',(4.49074886101721,-6.44087574903651,-71.7622789466948));
#5371=CARTESIAN_POINT('Origin',(6.88133603240578,-4.05028857764793,-71.7622789466948));
#5372=CARTESIAN_POINT('Origin',(7.05899037822236,-3.87263423183136,-71.7622789466948));
#5373=CARTESIAN_POINT('Origin',(4.49074886101721,-6.44087574903651,-71.7622789466948));
#5374=CARTESIAN_POINT('Origin',(7.05899037822236,-3.87263423183136,-71.7622789466948));
#5375=CARTESIAN_POINT('Origin',(7.05899037822236,-3.87263423183136,-71.7622789466948));
#5376=CARTESIAN_POINT('Origin',(7.49451774103365,-4.30816159464265,-68.2633412894269));
#5377=CARTESIAN_POINT('Origin',(7.49451774103365,-4.30816159464265,-68.2633412894269));
#5378=CARTESIAN_POINT('Origin',(4.9262762238285,-6.8764031118478,-68.2633412894269));
#5379=CARTESIAN_POINT('Origin',(4.9262762238285,-6.8764031118478,-68.2633412894269));
#5380=CARTESIAN_POINT('Origin',(4.49074886101721,-6.44087574903651,-71.7622789466948));
#5381=CARTESIAN_POINT('Origin',(4.49074886101721,-6.44087574903651,-71.7622789466948));
#5382=CARTESIAN_POINT('Origin',(7.05899037822236,-3.87263423183136,-68.1633412894269));
#5383=CARTESIAN_POINT('Origin',(7.05899037822236,-3.87263423183136,-68.2633412894269));
#5384=CARTESIAN_POINT('Origin',(0.866855129180614,2.31950101721038,-68.2633412894269));
#5385=CARTESIAN_POINT('Origin',(7.05899037822236,-3.87263423183136,-68.2633412894269));
#5386=CARTESIAN_POINT('Origin',(-1.70138638802453,-0.24874049999477,-68.2633412894269));
#5387=CARTESIAN_POINT('Origin',(4.49074886101721,-6.44087574903651,-68.2633412894269));
#5388=CARTESIAN_POINT('Origin',(4.49074886101721,-6.44087574903651,-68.1633412894269));
#5389=CARTESIAN_POINT('Origin',(4.49074886101721,-6.44087574903651,-68.2633412894269));
#5390=CARTESIAN_POINT('Origin',(7.05899037822236,-3.87263423183136,-68.2633412894269));
#5391=CARTESIAN_POINT('Origin',(7.05899037822236,-3.87263423183136,-68.2633412894269));
#5392=CARTESIAN_POINT('Origin',(4.49074886101721,-6.44087574903651,-68.2633412894269));
#5393=CARTESIAN_POINT('Origin',(4.49074886101721,-6.44087574903651,-68.2633412894269));
#5394=CARTESIAN_POINT('Origin',(6.19213524904174,-4.73948936101198,-68.2633412894269));
#5395=CARTESIAN_POINT('Origin',(7.62436882766485E-15,0.,-64.1691811853266));
#5396=CARTESIAN_POINT('Origin',(-12.1158092989046,-1.48375870769833E-15,
-64.1691811853266));
#5397=CARTESIAN_POINT('Origin',(7.87729304765364E-15,0.,-66.2978741257478));
#5398=CARTESIAN_POINT('Origin',(8.19835067478802E-15,0.,-69.0000001000007));
#5399=CARTESIAN_POINT('',(7.54261743669808E-15,5.5,-69.1500001000007));
#5400=CARTESIAN_POINT('',(5.50000000000001,-6.73555739531044E-16,-69.1500001000007));
#5401=CARTESIAN_POINT('Origin',(8.21617317622912E-15,0.,-69.1500001000007));
#5402=CARTESIAN_POINT('',(5.50000000000001,-6.73555739531044E-16,-72.8500001000007));
#5403=CARTESIAN_POINT('',(5.50000000000001,-6.73555739531044E-16,-69.0000001000007));
#5404=CARTESIAN_POINT('Origin',(8.65579487844294E-15,0.,-72.8500001000007));
#5405=CARTESIAN_POINT('Origin',(8.21617317622912E-15,0.,-69.1500001000007));
#5406=CARTESIAN_POINT('Origin',(8.19835067478802E-15,0.,-69.0000001000007));
#5407=CARTESIAN_POINT('',(7.56098713868529E-15,5.35,-69.0000001000007));
#5408=CARTESIAN_POINT('Origin',(8.21617317622912E-15,2.30099911973223E-33,
-69.0000001000007));
#5409=CARTESIAN_POINT('',(-1.95035891111271E-16,1.59258891010096,-69.0000001000007));
#5410=CARTESIAN_POINT('Origin',(-1.11276184520623E-64,-1.05845959661085E-30,
-69.0000001000007));
#5411=CARTESIAN_POINT('Origin',(1.42980492329259E-48,-1.06953422071103E-30,
-69.7219445808921));
#5412=CARTESIAN_POINT('',(-1.370099442535E-16,1.11877109668593,-69.7219445808921));
#5413=CARTESIAN_POINT('Origin',(1.42980492329259E-48,-1.06953422071103E-30,
-69.7219445808921));
#5414=CARTESIAN_POINT('',(-1.370099442535E-16,1.11877109668593,-69.0000001000007));
#5415=CARTESIAN_POINT('',(-1.370099442535E-16,1.11877109668593,-69.7219445808921));
#5416=CARTESIAN_POINT('Origin',(0.,-1.05845959661085E-30,-69.0000001000007));
#5417=CARTESIAN_POINT('Origin',(1.42980492329259E-48,-1.06953422071103E-30,
-69.7219445808921));
#5418=CARTESIAN_POINT('',(-1.76666189124061E-16,1.44258891010096,-69.1500001000007));
#5419=CARTESIAN_POINT('Origin',(2.97073728202859E-49,-1.06076059573059E-30,
-69.1500001000007));
#5420=CARTESIAN_POINT('',(-1.76666189124061E-16,1.44258891010096,-69.5719445808921));
#5421=CARTESIAN_POINT('',(-1.76666189124061E-16,1.44258891010096,-69.7219445808921));
#5422=CARTESIAN_POINT('Origin',(1.13273119508974E-48,-1.0672332215913E-30,
-69.5719445808921));
#5423=CARTESIAN_POINT('Origin',(1.42980492329259E-48,-1.06953422071103E-30,
-69.7219445808921));
#5424=CARTESIAN_POINT('',(-1.58296487136851E-16,1.29258891010096,-69.7219445808921));
#5425=CARTESIAN_POINT('Origin',(1.13273119508974E-48,-1.06953422071103E-30,
-69.7219445808921));
#5426=CARTESIAN_POINT('Origin',(6.71819284618089,0.,-72.4805387490361));
#5427=CARTESIAN_POINT('',(0.850000000000008,-1.04094977927525E-16,-72.4805387490361));
#5428=CARTESIAN_POINT('Origin',(8.67361737988404E-15,0.,-72.4805387490361));
#5429=CARTESIAN_POINT('Origin',(8.19835067478802E-15,0.,-69.0000001000007));
#5430=CARTESIAN_POINT('',(1.00000000000001,-1.22464679914735E-16,-72.3305387490361));
#5431=CARTESIAN_POINT('Origin',(8.65579487844294E-15,0.,-72.3305387490361));
#5432=CARTESIAN_POINT('',(1.00000000000001,1.29106406714936E-16,-69.0000001000007));
#5433=CARTESIAN_POINT('',(1.00000000000001,-1.22464679914735E-16,-69.0000001000007));
#5434=CARTESIAN_POINT('Origin',(8.19835067478802E-15,0.,-69.0000001000007));
#5435=CARTESIAN_POINT('Origin',(8.19835067478802E-15,0.,-69.0000001000007));
#5436=CARTESIAN_POINT('Origin',(1.13273119508974E-48,-1.0672332215913E-30,
-69.5719445808921));
#5437=CARTESIAN_POINT('Origin',(-1.58296487136851E-16,1.29258891010096,
-69.5719445808921));
#5438=CARTESIAN_POINT('Origin',(8.65579487844294E-15,0.,-72.8500001000007));
#5439=CARTESIAN_POINT('Origin',(5.65000000000001,-6.91925441518255E-16,
-72.8500001000007));
#5440=CARTESIAN_POINT('Origin',(8.21617317622912E-15,0.,-69.1500001000007));
#5441=CARTESIAN_POINT('Origin',(7.56098713868529E-15,5.35,-69.1500001000007));
#5442=CARTESIAN_POINT('Origin',(2.97073728202859E-49,-1.06076059573059E-30,
-69.1500001000007));
#5443=CARTESIAN_POINT('Origin',(-1.95035891111271E-16,1.59258891010096,
-69.1500001000007));
#5444=CARTESIAN_POINT('Origin',(8.65579487844294E-15,0.,-72.3305387490361));
#5445=CARTESIAN_POINT('Origin',(0.850000000000008,-1.04094977927525E-16,
-72.3305387490361));
#5446=CARTESIAN_POINT('Origin',(0.8,0.,-7.31));
#5447=CARTESIAN_POINT('',(0.8,-1.83303027798234,-13.31));
#5448=CARTESIAN_POINT('',(0.8,-1.83303027798234,-1.31));
#5449=CARTESIAN_POINT('',(0.8,-1.83303027798234,-7.31));
#5450=CARTESIAN_POINT('',(0.8,1.83303027798234,-13.31));
#5451=CARTESIAN_POINT('',(0.8,0.,-13.31));
#5452=CARTESIAN_POINT('',(0.8,1.83303027798234,-1.31));
#5453=CARTESIAN_POINT('',(0.8,1.83303027798234,-7.31));
#5454=CARTESIAN_POINT('',(0.8,0.,-1.31));
#5455=CARTESIAN_POINT('Origin',(0.,0.,-13.31));
#5456=CARTESIAN_POINT('Origin',(0.,0.,-13.31));
#5457=CARTESIAN_POINT('Origin',(0.,0.,-7.31));
#5458=CARTESIAN_POINT('Origin',(0.,0.,-1.31));
#5459=CARTESIAN_POINT('Origin',(0.,0.,-1.31));
#5460=CARTESIAN_POINT('Origin',(0.,0.,-7.31));
#5461=CARTESIAN_POINT('',(1.4,1.42828568570857,-13.31));
#5462=CARTESIAN_POINT('',(1.4,1.42828568570857,-1.31));
#5463=CARTESIAN_POINT('',(1.4,1.42828568570857,-7.31));
#5464=CARTESIAN_POINT('',(1.4,-1.42828568570857,-1.31));
#5465=CARTESIAN_POINT('Origin',(0.,0.,-1.31));
#5466=CARTESIAN_POINT('',(1.4,-1.42828568570857,-13.31));
#5467=CARTESIAN_POINT('',(1.4,-1.42828568570857,-7.31));
#5468=CARTESIAN_POINT('Origin',(0.,0.,-13.31));
#5469=CARTESIAN_POINT('Origin',(0.,0.,-1.31));
#5470=CARTESIAN_POINT('',(1.4,0.,-1.31));
#5471=CARTESIAN_POINT('Origin',(0.,0.,-13.31));
#5472=CARTESIAN_POINT('',(1.4,0.,-13.31));
#5473=CARTESIAN_POINT('Origin',(1.4,0.,-7.31));
#5474=UNCERTAINTY_MEASURE_WITH_UNIT(LENGTH_MEASURE(0.01),#5478,
'DISTANCE_ACCURACY_VALUE',
'Maximum model space distance between geometric entities at asserted c
onnectivities');
#5475=UNCERTAINTY_MEASURE_WITH_UNIT(LENGTH_MEASURE(0.01),#5478,
'DISTANCE_ACCURACY_VALUE',
'Maximum model space distance between geometric entities at asserted c
onnectivities');
#5476=(
GEOMETRIC_REPRESENTATION_CONTEXT(3)
GLOBAL_UNCERTAINTY_ASSIGNED_CONTEXT((#5474))
GLOBAL_UNIT_ASSIGNED_CONTEXT((#5478,#5480,#5481))
REPRESENTATION_CONTEXT('','3D')
);
#5477=(
GEOMETRIC_REPRESENTATION_CONTEXT(3)
GLOBAL_UNCERTAINTY_ASSIGNED_CONTEXT((#5475))
GLOBAL_UNIT_ASSIGNED_CONTEXT((#5478,#5480,#5481))
REPRESENTATION_CONTEXT('','3D')
);
#5478=(
LENGTH_UNIT()
NAMED_UNIT(*)
SI_UNIT(.MILLI.,.METRE.)
);
#5479=(
LENGTH_UNIT()
NAMED_UNIT(*)
SI_UNIT($,.METRE.)
);
#5480=(
NAMED_UNIT(*)
PLANE_ANGLE_UNIT()
SI_UNIT($,.RADIAN.)
);
#5481=(
NAMED_UNIT(*)
SI_UNIT($,.STERADIAN.)
SOLID_ANGLE_UNIT()
);
#5482=SHAPE_DEFINITION_REPRESENTATION(#5483,#5484);
#5483=PRODUCT_DEFINITION_SHAPE('',$,#5486);
#5484=SHAPE_REPRESENTATION('',(#3218),#5476);
#5485=PRODUCT_DEFINITION_CONTEXT('part definition',#5490,'design');
#5486=PRODUCT_DEFINITION('2026-09-21-21-06-31-660','(\X2\672A4FDD5B58\X0\)',
#5487,#5485);
#5487=PRODUCT_DEFINITION_FORMATION('',$,#5492);
#5488=PRODUCT_RELATED_PRODUCT_CATEGORY('(\X2\672A4FDD5B58\X0\)',
'(\X2\672A4FDD5B58\X0\)',(#5492));
#5489=APPLICATION_PROTOCOL_DEFINITION('international standard',
'automotive_design',2009,#5490);
#5490=APPLICATION_CONTEXT(
'Core Data for Automotive Mechanical Design Process');
#5491=PRODUCT_CONTEXT('part definition',#5490,'mechanical');
#5492=PRODUCT('2026-09-21-21-06-31-660','(\X2\672A4FDD5B58\X0\)',$,(#5491));
#5493=PRESENTATION_STYLE_ASSIGNMENT((#5494));
#5494=SURFACE_STYLE_USAGE(.BOTH.,#5495);
#5495=SURFACE_SIDE_STYLE('',(#5496));
#5496=SURFACE_STYLE_FILL_AREA(#5497);
#5497=FILL_AREA_STYLE('\X2\92FC\X0\ - \X2\30B530C630F3\X0\',(#5498));
#5498=FILL_AREA_STYLE_COLOUR('\X2\92FC\X0\ - \X2\30B530C630F3\X0\',#5499);
#5499=COLOUR_RGB('\X2\92FC\X0\ - \X2\30B530C630F3\X0\',0.627450980392157,
0.627450980392157,0.627450980392157);
ENDSEC;
END-ISO-10303-21;
