ISO-10303-21;
HEADER;
FILE_DESCRIPTION(('Open CASCADE Model'),'2;1');
FILE_NAME('ball_caster_holder:60deg','2026-09-20T18:18:35',('Author'),(
    'Open CASCADE'),'Open CASCADE STEP processor 7.9','build123d',
  'Unknown');
FILE_SCHEMA(('AUTOMOTIVE_DESIGN { 1 0 10303 214 1 1 1 1 }'));
ENDSEC;
DATA;
#1 = APPLICATION_PROTOCOL_DEFINITION('international standard',
  'automotive_design',2000,#2);
#2 = APPLICATION_CONTEXT(
  'core data for automotive mechanical design processes');
#3 = SHAPE_DEFINITION_REPRESENTATION(#4,#10);
#4 = PRODUCT_DEFINITION_SHAPE('','',#5);
#5 = PRODUCT_DEFINITION('design','',#6,#9);
#6 = PRODUCT_DEFINITION_FORMATION('','',#7);
#7 = PRODUCT('ball_caster_holder:60deg','ball_caster_holder:60deg','',(
    #8));
#8 = PRODUCT_CONTEXT('',#2,'mechanical');
#9 = PRODUCT_DEFINITION_CONTEXT('part definition',#2,'design');
#10 = ADVANCED_BREP_SHAPE_REPRESENTATION('',(#11,#15),#4475);
#11 = AXIS2_PLACEMENT_3D('',#12,#13,#14);
#12 = CARTESIAN_POINT('',(0.,0.,0.));
#13 = DIRECTION('',(0.,0.,1.));
#14 = DIRECTION('',(1.,0.,-0.));
#15 = MANIFOLD_SOLID_BREP('',#16);
#16 = CLOSED_SHELL('',(#17,#444,#520,#878,#1059,#1082,#1158,#1234,#1310,
    #1381,#1461,#1612,#1705,#2268,#2291,#2377,#2506,#2533,#2560,#2601,
    #2624,#2651,#2678,#2713,#2768,#2772,#2805,#2844,#2869,#2949,#3235,
    #3301,#3336,#3363,#3390,#3500,#3526,#3625,#3660,#3687,#3863,#3928,
    #3987,#4013,#4020,#4048,#4128,#4362,#4401,#4431,#4468));
#17 = ADVANCED_FACE('',(#18),#32,.F.);
#18 = FACE_BOUND('',#19,.F.);
#19 = EDGE_LOOP('',(#20,#55,#83,#111,#139,#167,#193,#219,#245,#272,#298,
    #324,#350,#376,#404,#425));
#20 = ORIENTED_EDGE('',*,*,#21,.F.);
#21 = EDGE_CURVE('',#22,#24,#26,.T.);
#22 = VERTEX_POINT('',#23);
#23 = CARTESIAN_POINT('',(45.685244785438,53.129165124599,
    24.741669750802));
#24 = VERTEX_POINT('',#25);
#25 = CARTESIAN_POINT('',(44.167295593006,50.5,30.));
#26 = SURFACE_CURVE('',#27,(#31,#43),.PCURVE_S1.);
#27 = LINE('',#28,#29);
#28 = CARTESIAN_POINT('',(45.685244785438,53.129165124599,
    24.741669750802));
#29 = VECTOR('',#30,1.);
#30 = DIRECTION('',(-0.25,-0.433012701892,0.866025403784));
#31 = PCURVE('',#32,#37);
#32 = PLANE('',#33);
#33 = AXIS2_PLACEMENT_3D('',#34,#35,#36);
#34 = CARTESIAN_POINT('',(35.292939940024,35.129165124599,
    12.741669750802));
#35 = DIRECTION('',(-0.866025403784,0.5,-2.775557561563E-17));
#36 = DIRECTION('',(0.433012701892,0.75,0.5));
#37 = DEFINITIONAL_REPRESENTATION('',(#38),#42);
#38 = LINE('',#39,#40);
#39 = CARTESIAN_POINT('',(24.,0.));
#40 = VECTOR('',#41,1.);
#41 = DIRECTION('',(0.,-1.));
#42 = ( GEOMETRIC_REPRESENTATION_CONTEXT(2) 
PARAMETRIC_REPRESENTATION_CONTEXT() REPRESENTATION_CONTEXT('2D SPACE',''
  ) );
#43 = PCURVE('',#44,#49);
#44 = PLANE('',#45);
#45 = AXIS2_PLACEMENT_3D('',#46,#47,#48);
#46 = CARTESIAN_POINT('',(45.685244785438,53.129165124599,
    24.741669750802));
#47 = DIRECTION('',(0.433012701892,0.75,0.5));
#48 = DIRECTION('',(-0.866025403784,0.5,-2.775557561563E-17));
#49 = DEFINITIONAL_REPRESENTATION('',(#50),#54);
#50 = LINE('',#51,#52);
#51 = CARTESIAN_POINT('',(0.,0.));
#52 = VECTOR('',#53,1.);
#53 = DIRECTION('',(0.,1.));
#54 = ( GEOMETRIC_REPRESENTATION_CONTEXT(2) 
PARAMETRIC_REPRESENTATION_CONTEXT() REPRESENTATION_CONTEXT('2D SPACE',''
  ) );
#55 = ORIENTED_EDGE('',*,*,#56,.F.);
#56 = EDGE_CURVE('',#57,#22,#59,.T.);
#57 = VERTEX_POINT('',#58);
#58 = CARTESIAN_POINT('',(35.292939940024,35.129165124599,
    12.741669750802));
#59 = SURFACE_CURVE('',#60,(#64,#71),.PCURVE_S1.);
#60 = LINE('',#61,#62);
#61 = CARTESIAN_POINT('',(35.292939940024,35.129165124599,
    12.741669750802));
#62 = VECTOR('',#63,1.);
#63 = DIRECTION('',(0.433012701892,0.75,0.5));
#64 = PCURVE('',#32,#65);
#65 = DEFINITIONAL_REPRESENTATION('',(#66),#70);
#66 = LINE('',#67,#68);
#67 = CARTESIAN_POINT('',(0.,0.));
#68 = VECTOR('',#69,1.);
#69 = DIRECTION('',(1.,0.));
#70 = ( GEOMETRIC_REPRESENTATION_CONTEXT(2) 
PARAMETRIC_REPRESENTATION_CONTEXT() REPRESENTATION_CONTEXT('2D SPACE',''
  ) );
#71 = PCURVE('',#72,#77);
#72 = PLANE('',#73);
#73 = AXIS2_PLACEMENT_3D('',#74,#75,#76);
#74 = CARTESIAN_POINT('',(35.292939940024,35.129165124599,
    12.741669750802));
#75 = DIRECTION('',(-0.25,-0.433012701892,0.866025403784));
#76 = DIRECTION('',(0.433012701892,0.75,0.5));
#77 = DEFINITIONAL_REPRESENTATION('',(#78),#82);
#78 = LINE('',#79,#80);
#79 = CARTESIAN_POINT('',(0.,0.));
#80 = VECTOR('',#81,1.);
#81 = DIRECTION('',(1.,0.));
#82 = ( GEOMETRIC_REPRESENTATION_CONTEXT(2) 
PARAMETRIC_REPRESENTATION_CONTEXT() REPRESENTATION_CONTEXT('2D SPACE',''
  ) );
#83 = ORIENTED_EDGE('',*,*,#84,.T.);
#84 = EDGE_CURVE('',#57,#85,#87,.T.);
#85 = VERTEX_POINT('',#86);
#86 = CARTESIAN_POINT('',(28.792939940024,23.870834875401,
    35.258330249198));
#87 = SURFACE_CURVE('',#88,(#92,#99),.PCURVE_S1.);
#88 = LINE('',#89,#90);
#89 = CARTESIAN_POINT('',(35.292939940024,35.129165124599,
    12.741669750802));
#90 = VECTOR('',#91,1.);
#91 = DIRECTION('',(-0.25,-0.433012701892,0.866025403784));
#92 = PCURVE('',#32,#93);
#93 = DEFINITIONAL_REPRESENTATION('',(#94),#98);
#94 = LINE('',#95,#96);
#95 = CARTESIAN_POINT('',(0.,0.));
#96 = VECTOR('',#97,1.);
#97 = DIRECTION('',(0.,-1.));
#98 = ( GEOMETRIC_REPRESENTATION_CONTEXT(2) 
PARAMETRIC_REPRESENTATION_CONTEXT() REPRESENTATION_CONTEXT('2D SPACE',''
  ) );
#99 = PCURVE('',#100,#105);
#100 = PLANE('',#101);
#101 = AXIS2_PLACEMENT_3D('',#102,#103,#104);
#102 = CARTESIAN_POINT('',(35.292939940024,35.129165124599,
    12.741669750802));
#103 = DIRECTION('',(0.433012701892,0.75,0.5));
#104 = DIRECTION('',(-0.866025403784,0.5,-2.775557561563E-17));
#105 = DEFINITIONAL_REPRESENTATION('',(#106),#110);
#106 = LINE('',#107,#108);
#107 = CARTESIAN_POINT('',(0.,0.));
#108 = VECTOR('',#109,1.);
#109 = DIRECTION('',(0.,1.));
#110 = ( GEOMETRIC_REPRESENTATION_CONTEXT(2) 
PARAMETRIC_REPRESENTATION_CONTEXT() REPRESENTATION_CONTEXT('2D SPACE',''
  ) );
#111 = ORIENTED_EDGE('',*,*,#112,.T.);
#112 = EDGE_CURVE('',#85,#113,#115,.T.);
#113 = VERTEX_POINT('',#114);
#114 = CARTESIAN_POINT('',(39.185244785438,41.870834875401,
    47.258330249198));
#115 = SURFACE_CURVE('',#116,(#120,#127),.PCURVE_S1.);
#116 = LINE('',#117,#118);
#117 = CARTESIAN_POINT('',(28.792939940024,23.870834875401,
    35.258330249198));
#118 = VECTOR('',#119,1.);
#119 = DIRECTION('',(0.433012701892,0.75,0.5));
#120 = PCURVE('',#32,#121);
#121 = DEFINITIONAL_REPRESENTATION('',(#122),#126);
#122 = LINE('',#123,#124);
#123 = CARTESIAN_POINT('',(0.,-26.));
#124 = VECTOR('',#125,1.);
#125 = DIRECTION('',(1.,0.));
#126 = ( GEOMETRIC_REPRESENTATION_CONTEXT(2) 
PARAMETRIC_REPRESENTATION_CONTEXT() REPRESENTATION_CONTEXT('2D SPACE',''
  ) );
#127 = PCURVE('',#128,#133);
#128 = PLANE('',#129);
#129 = AXIS2_PLACEMENT_3D('',#130,#131,#132);
#130 = CARTESIAN_POINT('',(28.792939940024,23.870834875401,
    35.258330249198));
#131 = DIRECTION('',(-0.25,-0.433012701892,0.866025403784));
#132 = DIRECTION('',(0.433012701892,0.75,0.5));
#133 = DEFINITIONAL_REPRESENTATION('',(#134),#138);
#134 = LINE('',#135,#136);
#135 = CARTESIAN_POINT('',(0.,0.));
#136 = VECTOR('',#137,1.);
#137 = DIRECTION('',(1.,0.));
#138 = ( GEOMETRIC_REPRESENTATION_CONTEXT(2) 
PARAMETRIC_REPRESENTATION_CONTEXT() REPRESENTATION_CONTEXT('2D SPACE',''
  ) );
#139 = ORIENTED_EDGE('',*,*,#140,.F.);
#140 = EDGE_CURVE('',#141,#113,#143,.T.);
#141 = VERTEX_POINT('',#142);
#142 = CARTESIAN_POINT('',(41.25054803066,45.448045029164,
    40.103909941672));
#143 = SURFACE_CURVE('',#144,(#148,#155),.PCURVE_S1.);
#144 = LINE('',#145,#146);
#145 = CARTESIAN_POINT('',(45.685244785438,53.129165124599,
    24.741669750802));
#146 = VECTOR('',#147,1.);
#147 = DIRECTION('',(-0.25,-0.433012701892,0.866025403784));
#148 = PCURVE('',#32,#149);
#149 = DEFINITIONAL_REPRESENTATION('',(#150),#154);
#150 = LINE('',#151,#152);
#151 = CARTESIAN_POINT('',(24.,0.));
#152 = VECTOR('',#153,1.);
#153 = DIRECTION('',(0.,-1.));
#154 = ( GEOMETRIC_REPRESENTATION_CONTEXT(2) 
PARAMETRIC_REPRESENTATION_CONTEXT() REPRESENTATION_CONTEXT('2D SPACE',''
  ) );
#155 = PCURVE('',#156,#161);
#156 = PLANE('',#157);
#157 = AXIS2_PLACEMENT_3D('',#158,#159,#160);
#158 = CARTESIAN_POINT('',(45.685244785438,53.129165124599,
    24.741669750802));
#159 = DIRECTION('',(0.433012701892,0.75,0.5));
#160 = DIRECTION('',(-0.866025403784,0.5,-2.775557561563E-17));
#161 = DEFINITIONAL_REPRESENTATION('',(#162),#166);
#162 = LINE('',#163,#164);
#163 = CARTESIAN_POINT('',(0.,0.));
#164 = VECTOR('',#165,1.);
#165 = DIRECTION('',(0.,1.));
#166 = ( GEOMETRIC_REPRESENTATION_CONTEXT(2) 
PARAMETRIC_REPRESENTATION_CONTEXT() REPRESENTATION_CONTEXT('2D SPACE',''
  ) );
#167 = ORIENTED_EDGE('',*,*,#168,.F.);
#168 = EDGE_CURVE('',#169,#141,#171,.T.);
#169 = VERTEX_POINT('',#170);
#170 = CARTESIAN_POINT('',(41.250548030661,45.448045029164,39.5));
#171 = SURFACE_CURVE('',#172,(#176,#182),.PCURVE_S1.);
#172 = LINE('',#173,#174);
#173 = CARTESIAN_POINT('',(41.25054803066,45.448045029164,35.));
#174 = VECTOR('',#175,1.);
#175 = DIRECTION('',(0.,0.,1.));
#176 = PCURVE('',#32,#177);
#177 = DEFINITIONAL_REPRESENTATION('',(#178),#181);
#178 = B_SPLINE_CURVE_WITH_KNOTS('',1,(#179,#180),.UNSPECIFIED.,.F.,.F.,
  (2,2),(-5.999999999062E-07,5.5000006),.PIECEWISE_BEZIER_KNOTS.);
#179 = CARTESIAN_POINT('',(21.448044729164,-13.31867083137));
#180 = CARTESIAN_POINT('',(24.198045329164,-18.08181159142));
#181 = ( GEOMETRIC_REPRESENTATION_CONTEXT(2) 
PARAMETRIC_REPRESENTATION_CONTEXT() REPRESENTATION_CONTEXT('2D SPACE',''
  ) );
#182 = PCURVE('',#183,#188);
#183 = CYLINDRICAL_SURFACE('',#184,2.25);
#184 = AXIS2_PLACEMENT_3D('',#185,#186,#187);
#185 = CARTESIAN_POINT('',(41.392304845413,47.693575034635,35.));
#186 = DIRECTION('',(0.,0.,1.));
#187 = DIRECTION('',(1.,0.,-0.));
#188 = DEFINITIONAL_REPRESENTATION('',(#189),#192);
#189 = B_SPLINE_CURVE_WITH_KNOTS('',1,(#190,#191),.UNSPECIFIED.,.F.,.F.,
  (2,2),(-5.999999999062E-07,5.5000006),.PIECEWISE_BEZIER_KNOTS.);
#190 = CARTESIAN_POINT('',(4.649344196468,-5.999999999062E-07));
#191 = CARTESIAN_POINT('',(4.649344196468,5.5000006));
#192 = ( GEOMETRIC_REPRESENTATION_CONTEXT(2) 
PARAMETRIC_REPRESENTATION_CONTEXT() REPRESENTATION_CONTEXT('2D SPACE',''
  ) );
#193 = ORIENTED_EDGE('',*,*,#194,.F.);
#194 = EDGE_CURVE('',#195,#169,#197,.T.);
#195 = VERTEX_POINT('',#196);
#196 = CARTESIAN_POINT('',(39.258330249198,41.997422611929,39.5));
#197 = SURFACE_CURVE('',#198,(#202,#208),.PCURVE_S1.);
#198 = LINE('',#199,#200);
#199 = CARTESIAN_POINT('',(37.275635094611,38.563293868264,39.5));
#200 = VECTOR('',#201,1.);
#201 = DIRECTION('',(0.5,0.866025403784,-0.));
#202 = PCURVE('',#32,#203);
#203 = DEFINITIONAL_REPRESENTATION('',(#204),#207);
#204 = B_SPLINE_CURVE_WITH_KNOTS('',1,(#205,#206),.UNSPECIFIED.,.F.,.F.,
  (2,2),(3.965390309173,8.298493439489),.PIECEWISE_BEZIER_KNOTS.);
#205 = CARTESIAN_POINT('',(20.247422611929,-19.20800344948));
#206 = CARTESIAN_POINT('',(24.,-17.04145188432));
#207 = ( GEOMETRIC_REPRESENTATION_CONTEXT(2) 
PARAMETRIC_REPRESENTATION_CONTEXT() REPRESENTATION_CONTEXT('2D SPACE',''
  ) );
#208 = PCURVE('',#209,#214);
#209 = PLANE('',#210);
#210 = AXIS2_PLACEMENT_3D('',#211,#212,#213);
#211 = CARTESIAN_POINT('',(44.454482671904,38.997422611929,39.5));
#212 = DIRECTION('',(0.,0.,1.));
#213 = DIRECTION('',(0.5,0.866025403784,0.));
#214 = DEFINITIONAL_REPRESENTATION('',(#215),#218);
#215 = B_SPLINE_CURVE_WITH_KNOTS('',1,(#216,#217),.UNSPECIFIED.,.F.,.F.,
  (2,2),(3.965390309173,8.298493439489),.PIECEWISE_BEZIER_KNOTS.);
#216 = CARTESIAN_POINT('',(0.,6.));
#217 = CARTESIAN_POINT('',(4.333103130316,6.));
#218 = ( GEOMETRIC_REPRESENTATION_CONTEXT(2) 
PARAMETRIC_REPRESENTATION_CONTEXT() REPRESENTATION_CONTEXT('2D SPACE',''
  ) );
#219 = ORIENTED_EDGE('',*,*,#220,.T.);
#220 = EDGE_CURVE('',#195,#221,#223,.T.);
#221 = VERTEX_POINT('',#222);
#222 = CARTESIAN_POINT('',(39.258330249198,41.997422611929,36.));
#223 = SURFACE_CURVE('',#224,(#228,#234),.PCURVE_S1.);
#224 = LINE('',#225,#226);
#225 = CARTESIAN_POINT('',(39.258330249198,41.997422611929,
    24.370834875401));
#226 = VECTOR('',#227,1.);
#227 = DIRECTION('',(2.403703357979E-17,-1.387778780781E-17,-1.));
#228 = PCURVE('',#32,#229);
#229 = DEFINITIONAL_REPRESENTATION('',(#230),#233);
#230 = B_SPLINE_CURVE_WITH_KNOTS('',1,(#231,#232),.UNSPECIFIED.,.F.,.F.,
  (2,2),(-15.12916512459,-11.62916512459),.PIECEWISE_BEZIER_KNOTS.);
#231 = CARTESIAN_POINT('',(20.247422611929,-19.20800344948));
#232 = CARTESIAN_POINT('',(18.497422611929,-16.17691453624));
#233 = ( GEOMETRIC_REPRESENTATION_CONTEXT(2) 
PARAMETRIC_REPRESENTATION_CONTEXT() REPRESENTATION_CONTEXT('2D SPACE',''
  ) );
#234 = PCURVE('',#235,#240);
#235 = PLANE('',#236);
#236 = AXIS2_PLACEMENT_3D('',#237,#238,#239);
#237 = CARTESIAN_POINT('',(44.454482671904,38.997422611929,36.));
#238 = DIRECTION('',(0.5,0.866025403784,0.));
#239 = DIRECTION('',(0.,0.,1.));
#240 = DEFINITIONAL_REPRESENTATION('',(#241),#244);
#241 = B_SPLINE_CURVE_WITH_KNOTS('',1,(#242,#243),.UNSPECIFIED.,.F.,.F.,
  (2,2),(-15.12916512459,-11.62916512459),.PIECEWISE_BEZIER_KNOTS.);
#242 = CARTESIAN_POINT('',(3.5,-6.));
#243 = CARTESIAN_POINT('',(0.,-6.));
#244 = ( GEOMETRIC_REPRESENTATION_CONTEXT(2) 
PARAMETRIC_REPRESENTATION_CONTEXT() REPRESENTATION_CONTEXT('2D SPACE',''
  ) );
#245 = ORIENTED_EDGE('',*,*,#246,.F.);
#246 = EDGE_CURVE('',#247,#221,#249,.T.);
#247 = VERTEX_POINT('',#248);
#248 = CARTESIAN_POINT('',(34.361360353494,33.515621949434,36.));
#249 = SURFACE_CURVE('',#250,(#254,#260),.PCURVE_S1.);
#250 = LINE('',#251,#252);
#251 = CARTESIAN_POINT('',(23.275635094611,14.314582562299,36.));
#252 = VECTOR('',#253,1.);
#253 = DIRECTION('',(0.5,0.866025403784,-0.));
#254 = PCURVE('',#32,#255);
#255 = DEFINITIONAL_REPRESENTATION('',(#256),#259);
#256 = B_SPLINE_CURVE_WITH_KNOTS('',1,(#257,#258),.UNSPECIFIED.,.F.,.F.,
  (2,2),(12.319219381653,38.319219381653),.PIECEWISE_BEZIER_KNOTS.);
#257 = CARTESIAN_POINT('',(1.483339501605,-26.));
#258 = CARTESIAN_POINT('',(24.,-13.));
#259 = ( GEOMETRIC_REPRESENTATION_CONTEXT(2) 
PARAMETRIC_REPRESENTATION_CONTEXT() REPRESENTATION_CONTEXT('2D SPACE',''
  ) );
#260 = PCURVE('',#261,#266);
#261 = PLANE('',#262);
#262 = AXIS2_PLACEMENT_3D('',#263,#264,#265);
#263 = CARTESIAN_POINT('',(44.454482671904,38.997422611929,36.));
#264 = DIRECTION('',(0.,0.,1.));
#265 = DIRECTION('',(0.5,0.866025403784,0.));
#266 = DEFINITIONAL_REPRESENTATION('',(#267),#271);
#267 = LINE('',#268,#269);
#268 = CARTESIAN_POINT('',(-31.96539030917,6.));
#269 = VECTOR('',#270,1.);
#270 = DIRECTION('',(1.,-5.551115123126E-17));
#271 = ( GEOMETRIC_REPRESENTATION_CONTEXT(2) 
PARAMETRIC_REPRESENTATION_CONTEXT() REPRESENTATION_CONTEXT('2D SPACE',''
  ) );
#272 = ORIENTED_EDGE('',*,*,#273,.F.);
#273 = EDGE_CURVE('',#274,#247,#276,.T.);
#274 = VERTEX_POINT('',#275);
#275 = CARTESIAN_POINT('',(34.361360353494,33.515621949434,30.));
#276 = SURFACE_CURVE('',#277,(#281,#287),.PCURVE_S1.);
#277 = LINE('',#278,#279);
#278 = CARTESIAN_POINT('',(34.361360353494,33.515621949434,29.));
#279 = VECTOR('',#280,1.);
#280 = DIRECTION('',(0.,0.,1.));
#281 = PCURVE('',#32,#282);
#282 = DEFINITIONAL_REPRESENTATION('',(#283),#286);
#283 = B_SPLINE_CURVE_WITH_KNOTS('',1,(#284,#285),.UNSPECIFIED.,.F.,.F.,
  (2,2),(0.9999994,7.0000006),.PIECEWISE_BEZIER_KNOTS.);
#284 = CARTESIAN_POINT('',(7.015621649434,-15.87773148962));
#285 = CARTESIAN_POINT('',(10.015622249434,-21.07388495155));
#286 = ( GEOMETRIC_REPRESENTATION_CONTEXT(2) 
PARAMETRIC_REPRESENTATION_CONTEXT() REPRESENTATION_CONTEXT('2D SPACE',''
  ) );
#287 = PCURVE('',#288,#293);
#288 = CYLINDRICAL_SURFACE('',#289,48.);
#289 = AXIS2_PLACEMENT_3D('',#290,#291,#292);
#290 = CARTESIAN_POINT('',(0.,0.,29.));
#291 = DIRECTION('',(0.,0.,1.));
#292 = DIRECTION('',(1.,0.,-0.));
#293 = DEFINITIONAL_REPRESENTATION('',(#294),#297);
#294 = B_SPLINE_CURVE_WITH_KNOTS('',1,(#295,#296),.UNSPECIFIED.,.F.,.F.,
  (2,2),(0.9999994,7.0000006),.PIECEWISE_BEZIER_KNOTS.);
#295 = CARTESIAN_POINT('',(7.056124244888,0.9999994));
#296 = CARTESIAN_POINT('',(7.056124244888,7.0000006));
#297 = ( GEOMETRIC_REPRESENTATION_CONTEXT(2) 
PARAMETRIC_REPRESENTATION_CONTEXT() REPRESENTATION_CONTEXT('2D SPACE',''
  ) );
#298 = ORIENTED_EDGE('',*,*,#299,.T.);
#299 = EDGE_CURVE('',#274,#300,#302,.T.);
#300 = VERTEX_POINT('',#301);
#301 = CARTESIAN_POINT('',(41.25054803066,45.448045029164,30.));
#302 = SURFACE_CURVE('',#303,(#307,#313),.PCURVE_S1.);
#303 = LINE('',#304,#305);
#304 = CARTESIAN_POINT('',(23.275635094611,14.314582562299,30.));
#305 = VECTOR('',#306,1.);
#306 = DIRECTION('',(0.5,0.866025403784,-0.));
#307 = PCURVE('',#32,#308);
#308 = DEFINITIONAL_REPRESENTATION('',(#309),#312);
#309 = B_SPLINE_CURVE_WITH_KNOTS('',1,(#310,#311),.UNSPECIFIED.,.F.,.F.,
  (2,2),(14.070508075689,41.783320996791),.PIECEWISE_BEZIER_KNOTS.);
#310 = CARTESIAN_POINT('',(1.7763568394E-15,-19.92820323027));
#311 = CARTESIAN_POINT('',(24.,-6.071796769724));
#312 = ( GEOMETRIC_REPRESENTATION_CONTEXT(2) 
PARAMETRIC_REPRESENTATION_CONTEXT() REPRESENTATION_CONTEXT('2D SPACE',''
  ) );
#313 = PCURVE('',#314,#319);
#314 = PLANE('',#315);
#315 = AXIS2_PLACEMENT_3D('',#316,#317,#318);
#316 = CARTESIAN_POINT('',(0.,0.,30.));
#317 = DIRECTION('',(0.,0.,1.));
#318 = DIRECTION('',(1.,0.,-0.));
#319 = DEFINITIONAL_REPRESENTATION('',(#320),#323);
#320 = B_SPLINE_CURVE_WITH_KNOTS('',1,(#321,#322),.UNSPECIFIED.,.F.,.F.,
  (2,2),(14.070508075689,41.783320996791),.PIECEWISE_BEZIER_KNOTS.);
#321 = CARTESIAN_POINT('',(30.310889132455,26.5));
#322 = CARTESIAN_POINT('',(44.167295593006,50.5));
#323 = ( GEOMETRIC_REPRESENTATION_CONTEXT(2) 
PARAMETRIC_REPRESENTATION_CONTEXT() REPRESENTATION_CONTEXT('2D SPACE',''
  ) );
#324 = ORIENTED_EDGE('',*,*,#325,.T.);
#325 = EDGE_CURVE('',#300,#326,#328,.T.);
#326 = VERTEX_POINT('',#327);
#327 = CARTESIAN_POINT('',(41.25054803066,45.448045029164,35.));
#328 = SURFACE_CURVE('',#329,(#333,#339),.PCURVE_S1.);
#329 = LINE('',#330,#331);
#330 = CARTESIAN_POINT('',(41.25054803066,45.448045029164,29.));
#331 = VECTOR('',#332,1.);
#332 = DIRECTION('',(0.,0.,1.));
#333 = PCURVE('',#32,#334);
#334 = DEFINITIONAL_REPRESENTATION('',(#335),#338);
#335 = B_SPLINE_CURVE_WITH_KNOTS('',1,(#336,#337),.UNSPECIFIED.,.F.,.F.,
  (2,2),(0.9999994,7.0000006),.PIECEWISE_BEZIER_KNOTS.);
#336 = CARTESIAN_POINT('',(18.948044729164,-8.988543812455));
#337 = CARTESIAN_POINT('',(21.948045329164,-14.18469727439));
#338 = ( GEOMETRIC_REPRESENTATION_CONTEXT(2) 
PARAMETRIC_REPRESENTATION_CONTEXT() REPRESENTATION_CONTEXT('2D SPACE',''
  ) );
#339 = PCURVE('',#340,#345);
#340 = CYLINDRICAL_SURFACE('',#341,2.25);
#341 = AXIS2_PLACEMENT_3D('',#342,#343,#344);
#342 = CARTESIAN_POINT('',(41.392304845413,47.693575034635,29.));
#343 = DIRECTION('',(0.,0.,1.));
#344 = DIRECTION('',(1.,0.,-0.));
#345 = DEFINITIONAL_REPRESENTATION('',(#346),#349);
#346 = B_SPLINE_CURVE_WITH_KNOTS('',1,(#347,#348),.UNSPECIFIED.,.F.,.F.,
  (2,2),(0.9999994,7.0000006),.PIECEWISE_BEZIER_KNOTS.);
#347 = CARTESIAN_POINT('',(4.649344196468,0.9999994));
#348 = CARTESIAN_POINT('',(4.649344196468,7.0000006));
#349 = ( GEOMETRIC_REPRESENTATION_CONTEXT(2) 
PARAMETRIC_REPRESENTATION_CONTEXT() REPRESENTATION_CONTEXT('2D SPACE',''
  ) );
#350 = ORIENTED_EDGE('',*,*,#351,.T.);
#351 = EDGE_CURVE('',#326,#352,#354,.T.);
#352 = VERTEX_POINT('',#353);
#353 = CARTESIAN_POINT('',(42.723919920032,48.,35.));
#354 = SURFACE_CURVE('',#355,(#359,#365),.PCURVE_S1.);
#355 = LINE('',#356,#357);
#356 = CARTESIAN_POINT('',(38.775635094611,41.161370079617,35.));
#357 = VECTOR('',#358,1.);
#358 = DIRECTION('',(0.5,0.866025403784,-0.));
#359 = PCURVE('',#32,#360);
#360 = DEFINITIONAL_REPRESENTATION('',(#361),#364);
#361 = B_SPLINE_CURVE_WITH_KNOTS('',1,(#362,#363),.UNSPECIFIED.,.F.,.F.,
  (2,2),(4.94466436701,7.896569650843),.PIECEWISE_BEZIER_KNOTS.);
#362 = CARTESIAN_POINT('',(21.443575034635,-13.32125210353));
#363 = CARTESIAN_POINT('',(24.,-11.84529946162));
#364 = ( GEOMETRIC_REPRESENTATION_CONTEXT(2) 
PARAMETRIC_REPRESENTATION_CONTEXT() REPRESENTATION_CONTEXT('2D SPACE',''
  ) );
#365 = PCURVE('',#366,#371);
#366 = PLANE('',#367);
#367 = AXIS2_PLACEMENT_3D('',#368,#369,#370);
#368 = CARTESIAN_POINT('',(41.392304845413,47.693575034635,35.));
#369 = DIRECTION('',(0.,0.,1.));
#370 = DIRECTION('',(1.,0.,-0.));
#371 = DEFINITIONAL_REPRESENTATION('',(#372),#375);
#372 = B_SPLINE_CURVE_WITH_KNOTS('',1,(#373,#374),.UNSPECIFIED.,.F.,.F.,
  (2,2),(4.94466436701,7.896569650843),.PIECEWISE_BEZIER_KNOTS.);
#373 = CARTESIAN_POINT('',(-0.144337567297,-2.25));
#374 = CARTESIAN_POINT('',(1.331615074619,0.306424965365));
#375 = ( GEOMETRIC_REPRESENTATION_CONTEXT(2) 
PARAMETRIC_REPRESENTATION_CONTEXT() REPRESENTATION_CONTEXT('2D SPACE',''
  ) );
#376 = ORIENTED_EDGE('',*,*,#377,.F.);
#377 = EDGE_CURVE('',#378,#352,#380,.T.);
#378 = VERTEX_POINT('',#379);
#379 = CARTESIAN_POINT('',(43.266112467735,48.939105040106,
    33.121789919787));
#380 = SURFACE_CURVE('',#381,(#385,#392),.PCURVE_S1.);
#381 = LINE('',#382,#383);
#382 = CARTESIAN_POINT('',(45.685244785438,53.129165124599,
    24.741669750802));
#383 = VECTOR('',#384,1.);
#384 = DIRECTION('',(-0.25,-0.433012701892,0.866025403784));
#385 = PCURVE('',#32,#386);
#386 = DEFINITIONAL_REPRESENTATION('',(#387),#391);
#387 = LINE('',#388,#389);
#388 = CARTESIAN_POINT('',(24.,0.));
#389 = VECTOR('',#390,1.);
#390 = DIRECTION('',(0.,-1.));
#391 = ( GEOMETRIC_REPRESENTATION_CONTEXT(2) 
PARAMETRIC_REPRESENTATION_CONTEXT() REPRESENTATION_CONTEXT('2D SPACE',''
  ) );
#392 = PCURVE('',#393,#398);
#393 = PLANE('',#394);
#394 = AXIS2_PLACEMENT_3D('',#395,#396,#397);
#395 = CARTESIAN_POINT('',(45.685244785438,53.129165124599,
    24.741669750802));
#396 = DIRECTION('',(0.433012701892,0.75,0.5));
#397 = DIRECTION('',(-0.866025403784,0.5,-2.775557561563E-17));
#398 = DEFINITIONAL_REPRESENTATION('',(#399),#403);
#399 = LINE('',#400,#401);
#400 = CARTESIAN_POINT('',(0.,0.));
#401 = VECTOR('',#402,1.);
#402 = DIRECTION('',(0.,1.));
#403 = ( GEOMETRIC_REPRESENTATION_CONTEXT(2) 
PARAMETRIC_REPRESENTATION_CONTEXT() REPRESENTATION_CONTEXT('2D SPACE',''
  ) );
#404 = ORIENTED_EDGE('',*,*,#405,.F.);
#405 = EDGE_CURVE('',#406,#378,#408,.T.);
#406 = VERTEX_POINT('',#407);
#407 = CARTESIAN_POINT('',(43.266112467735,48.939105040106,30.));
#408 = SURFACE_CURVE('',#409,(#413,#419),.PCURVE_S1.);
#409 = LINE('',#410,#411);
#410 = CARTESIAN_POINT('',(43.266112467735,48.939105040106,29.));
#411 = VECTOR('',#412,1.);
#412 = DIRECTION('',(0.,0.,1.));
#413 = PCURVE('',#32,#414);
#414 = DEFINITIONAL_REPRESENTATION('',(#415),#418);
#415 = B_SPLINE_CURVE_WITH_KNOTS('',1,(#416,#417),.UNSPECIFIED.,.F.,.F.,
  (2,2),(0.9999994,7.0000006),.PIECEWISE_BEZIER_KNOTS.);
#416 = CARTESIAN_POINT('',(22.439104740106,-6.972979375381));
#417 = CARTESIAN_POINT('',(25.439105340106,-12.16913283731));
#418 = ( GEOMETRIC_REPRESENTATION_CONTEXT(2) 
PARAMETRIC_REPRESENTATION_CONTEXT() REPRESENTATION_CONTEXT('2D SPACE',''
  ) );
#419 = PCURVE('',#340,#420);
#420 = DEFINITIONAL_REPRESENTATION('',(#421),#424);
#421 = B_SPLINE_CURVE_WITH_KNOTS('',1,(#422,#423),.UNSPECIFIED.,.F.,.F.,
  (2,2),(0.9999994,7.0000006),.PIECEWISE_BEZIER_KNOTS.);
#422 = CARTESIAN_POINT('',(0.586643559515,0.9999994));
#423 = CARTESIAN_POINT('',(0.586643559515,7.0000006));
#424 = ( GEOMETRIC_REPRESENTATION_CONTEXT(2) 
PARAMETRIC_REPRESENTATION_CONTEXT() REPRESENTATION_CONTEXT('2D SPACE',''
  ) );
#425 = ORIENTED_EDGE('',*,*,#426,.T.);
#426 = EDGE_CURVE('',#406,#24,#427,.T.);
#427 = SURFACE_CURVE('',#428,(#432,#438),.PCURVE_S1.);
#428 = LINE('',#429,#430);
#429 = CARTESIAN_POINT('',(23.275635094611,14.314582562299,30.));
#430 = VECTOR('',#431,1.);
#431 = DIRECTION('',(0.5,0.866025403784,-0.));
#432 = PCURVE('',#32,#433);
#433 = DEFINITIONAL_REPRESENTATION('',(#434),#437);
#434 = B_SPLINE_CURVE_WITH_KNOTS('',1,(#435,#436),.UNSPECIFIED.,.F.,.F.,
  (2,2),(14.070508075689,41.783320996791),.PIECEWISE_BEZIER_KNOTS.);
#435 = CARTESIAN_POINT('',(1.7763568394E-15,-19.92820323027));
#436 = CARTESIAN_POINT('',(24.,-6.071796769724));
#437 = ( GEOMETRIC_REPRESENTATION_CONTEXT(2) 
PARAMETRIC_REPRESENTATION_CONTEXT() REPRESENTATION_CONTEXT('2D SPACE',''
  ) );
#438 = PCURVE('',#314,#439);
#439 = DEFINITIONAL_REPRESENTATION('',(#440),#443);
#440 = B_SPLINE_CURVE_WITH_KNOTS('',1,(#441,#442),.UNSPECIFIED.,.F.,.F.,
  (2,2),(14.070508075689,41.783320996791),.PIECEWISE_BEZIER_KNOTS.);
#441 = CARTESIAN_POINT('',(30.310889132455,26.5));
#442 = CARTESIAN_POINT('',(44.167295593006,50.5));
#443 = ( GEOMETRIC_REPRESENTATION_CONTEXT(2) 
PARAMETRIC_REPRESENTATION_CONTEXT() REPRESENTATION_CONTEXT('2D SPACE',''
  ) );
#444 = ADVANCED_FACE('',(#445),#72,.F.);
#445 = FACE_BOUND('',#446,.F.);
#446 = EDGE_LOOP('',(#447,#470,#471,#494));
#447 = ORIENTED_EDGE('',*,*,#448,.F.);
#448 = EDGE_CURVE('',#57,#449,#451,.T.);
#449 = VERTEX_POINT('',#450);
#450 = CARTESIAN_POINT('',(12.776279441629,48.129165124599,
    12.741669750802));
#451 = SURFACE_CURVE('',#452,(#456,#463),.PCURVE_S1.);
#452 = LINE('',#453,#454);
#453 = CARTESIAN_POINT('',(35.292939940024,35.129165124599,
    12.741669750802));
#454 = VECTOR('',#455,1.);
#455 = DIRECTION('',(-0.866025403784,0.5,-2.775557561563E-17));
#456 = PCURVE('',#72,#457);
#457 = DEFINITIONAL_REPRESENTATION('',(#458),#462);
#458 = LINE('',#459,#460);
#459 = CARTESIAN_POINT('',(0.,0.));
#460 = VECTOR('',#461,1.);
#461 = DIRECTION('',(0.,1.));
#462 = ( GEOMETRIC_REPRESENTATION_CONTEXT(2) 
PARAMETRIC_REPRESENTATION_CONTEXT() REPRESENTATION_CONTEXT('2D SPACE',''
  ) );
#463 = PCURVE('',#100,#464);
#464 = DEFINITIONAL_REPRESENTATION('',(#465),#469);
#465 = LINE('',#466,#467);
#466 = CARTESIAN_POINT('',(0.,0.));
#467 = VECTOR('',#468,1.);
#468 = DIRECTION('',(1.,0.));
#469 = ( GEOMETRIC_REPRESENTATION_CONTEXT(2) 
PARAMETRIC_REPRESENTATION_CONTEXT() REPRESENTATION_CONTEXT('2D SPACE',''
  ) );
#470 = ORIENTED_EDGE('',*,*,#56,.T.);
#471 = ORIENTED_EDGE('',*,*,#472,.T.);
#472 = EDGE_CURVE('',#22,#473,#475,.T.);
#473 = VERTEX_POINT('',#474);
#474 = CARTESIAN_POINT('',(23.168584287042,66.129165124599,
    24.741669750802));
#475 = SURFACE_CURVE('',#476,(#480,#487),.PCURVE_S1.);
#476 = LINE('',#477,#478);
#477 = CARTESIAN_POINT('',(45.685244785438,53.129165124599,
    24.741669750802));
#478 = VECTOR('',#479,1.);
#479 = DIRECTION('',(-0.866025403784,0.5,-2.775557561563E-17));
#480 = PCURVE('',#72,#481);
#481 = DEFINITIONAL_REPRESENTATION('',(#482),#486);
#482 = LINE('',#483,#484);
#483 = CARTESIAN_POINT('',(24.,0.));
#484 = VECTOR('',#485,1.);
#485 = DIRECTION('',(0.,1.));
#486 = ( GEOMETRIC_REPRESENTATION_CONTEXT(2) 
PARAMETRIC_REPRESENTATION_CONTEXT() REPRESENTATION_CONTEXT('2D SPACE',''
  ) );
#487 = PCURVE('',#44,#488);
#488 = DEFINITIONAL_REPRESENTATION('',(#489),#493);
#489 = LINE('',#490,#491);
#490 = CARTESIAN_POINT('',(0.,0.));
#491 = VECTOR('',#492,1.);
#492 = DIRECTION('',(1.,0.));
#493 = ( GEOMETRIC_REPRESENTATION_CONTEXT(2) 
PARAMETRIC_REPRESENTATION_CONTEXT() REPRESENTATION_CONTEXT('2D SPACE',''
  ) );
#494 = ORIENTED_EDGE('',*,*,#495,.F.);
#495 = EDGE_CURVE('',#449,#473,#496,.T.);
#496 = SURFACE_CURVE('',#497,(#501,#508),.PCURVE_S1.);
#497 = LINE('',#498,#499);
#498 = CARTESIAN_POINT('',(12.776279441629,48.129165124599,
    12.741669750802));
#499 = VECTOR('',#500,1.);
#500 = DIRECTION('',(0.433012701892,0.75,0.5));
#501 = PCURVE('',#72,#502);
#502 = DEFINITIONAL_REPRESENTATION('',(#503),#507);
#503 = LINE('',#504,#505);
#504 = CARTESIAN_POINT('',(0.,26.));
#505 = VECTOR('',#506,1.);
#506 = DIRECTION('',(1.,0.));
#507 = ( GEOMETRIC_REPRESENTATION_CONTEXT(2) 
PARAMETRIC_REPRESENTATION_CONTEXT() REPRESENTATION_CONTEXT('2D SPACE',''
  ) );
#508 = PCURVE('',#509,#514);
#509 = PLANE('',#510);
#510 = AXIS2_PLACEMENT_3D('',#511,#512,#513);
#511 = CARTESIAN_POINT('',(12.776279441629,48.129165124599,
    12.741669750802));
#512 = DIRECTION('',(-0.866025403784,0.5,-2.775557561563E-17));
#513 = DIRECTION('',(0.433012701892,0.75,0.5));
#514 = DEFINITIONAL_REPRESENTATION('',(#515),#519);
#515 = LINE('',#516,#517);
#516 = CARTESIAN_POINT('',(0.,0.));
#517 = VECTOR('',#518,1.);
#518 = DIRECTION('',(1.,0.));
#519 = ( GEOMETRIC_REPRESENTATION_CONTEXT(2) 
PARAMETRIC_REPRESENTATION_CONTEXT() REPRESENTATION_CONTEXT('2D SPACE',''
  ) );
#520 = ADVANCED_FACE('',(#521),#509,.T.);
#521 = FACE_BOUND('',#522,.T.);
#522 = EDGE_LOOP('',(#523,#546,#547,#570,#593,#616,#642,#663,#689,#711,
    #737,#758,#784,#810,#838,#859));
#523 = ORIENTED_EDGE('',*,*,#524,.F.);
#524 = EDGE_CURVE('',#473,#525,#527,.T.);
#525 = VERTEX_POINT('',#526);
#526 = CARTESIAN_POINT('',(21.650635094611,63.5,30.));
#527 = SURFACE_CURVE('',#528,(#532,#539),.PCURVE_S1.);
#528 = LINE('',#529,#530);
#529 = CARTESIAN_POINT('',(23.168584287042,66.129165124599,
    24.741669750802));
#530 = VECTOR('',#531,1.);
#531 = DIRECTION('',(-0.25,-0.433012701892,0.866025403784));
#532 = PCURVE('',#509,#533);
#533 = DEFINITIONAL_REPRESENTATION('',(#534),#538);
#534 = LINE('',#535,#536);
#535 = CARTESIAN_POINT('',(24.,0.));
#536 = VECTOR('',#537,1.);
#537 = DIRECTION('',(0.,-1.));
#538 = ( GEOMETRIC_REPRESENTATION_CONTEXT(2) 
PARAMETRIC_REPRESENTATION_CONTEXT() REPRESENTATION_CONTEXT('2D SPACE',''
  ) );
#539 = PCURVE('',#44,#540);
#540 = DEFINITIONAL_REPRESENTATION('',(#541),#545);
#541 = LINE('',#542,#543);
#542 = CARTESIAN_POINT('',(26.,0.));
#543 = VECTOR('',#544,1.);
#544 = DIRECTION('',(0.,1.));
#545 = ( GEOMETRIC_REPRESENTATION_CONTEXT(2) 
PARAMETRIC_REPRESENTATION_CONTEXT() REPRESENTATION_CONTEXT('2D SPACE',''
  ) );
#546 = ORIENTED_EDGE('',*,*,#495,.F.);
#547 = ORIENTED_EDGE('',*,*,#548,.T.);
#548 = EDGE_CURVE('',#449,#549,#551,.T.);
#549 = VERTEX_POINT('',#550);
#550 = CARTESIAN_POINT('',(6.276279441629,36.870834875401,
    35.258330249198));
#551 = SURFACE_CURVE('',#552,(#556,#563),.PCURVE_S1.);
#552 = LINE('',#553,#554);
#553 = CARTESIAN_POINT('',(12.776279441629,48.129165124599,
    12.741669750802));
#554 = VECTOR('',#555,1.);
#555 = DIRECTION('',(-0.25,-0.433012701892,0.866025403784));
#556 = PCURVE('',#509,#557);
#557 = DEFINITIONAL_REPRESENTATION('',(#558),#562);
#558 = LINE('',#559,#560);
#559 = CARTESIAN_POINT('',(0.,0.));
#560 = VECTOR('',#561,1.);
#561 = DIRECTION('',(0.,-1.));
#562 = ( GEOMETRIC_REPRESENTATION_CONTEXT(2) 
PARAMETRIC_REPRESENTATION_CONTEXT() REPRESENTATION_CONTEXT('2D SPACE',''
  ) );
#563 = PCURVE('',#100,#564);
#564 = DEFINITIONAL_REPRESENTATION('',(#565),#569);
#565 = LINE('',#566,#567);
#566 = CARTESIAN_POINT('',(26.,0.));
#567 = VECTOR('',#568,1.);
#568 = DIRECTION('',(0.,1.));
#569 = ( GEOMETRIC_REPRESENTATION_CONTEXT(2) 
PARAMETRIC_REPRESENTATION_CONTEXT() REPRESENTATION_CONTEXT('2D SPACE',''
  ) );
#570 = ORIENTED_EDGE('',*,*,#571,.T.);
#571 = EDGE_CURVE('',#549,#572,#574,.T.);
#572 = VERTEX_POINT('',#573);
#573 = CARTESIAN_POINT('',(16.668584287042,54.870834875401,
    47.258330249198));
#574 = SURFACE_CURVE('',#575,(#579,#586),.PCURVE_S1.);
#575 = LINE('',#576,#577);
#576 = CARTESIAN_POINT('',(6.276279441629,36.870834875401,
    35.258330249198));
#577 = VECTOR('',#578,1.);
#578 = DIRECTION('',(0.433012701892,0.75,0.5));
#579 = PCURVE('',#509,#580);
#580 = DEFINITIONAL_REPRESENTATION('',(#581),#585);
#581 = LINE('',#582,#583);
#582 = CARTESIAN_POINT('',(0.,-26.));
#583 = VECTOR('',#584,1.);
#584 = DIRECTION('',(1.,0.));
#585 = ( GEOMETRIC_REPRESENTATION_CONTEXT(2) 
PARAMETRIC_REPRESENTATION_CONTEXT() REPRESENTATION_CONTEXT('2D SPACE',''
  ) );
#586 = PCURVE('',#128,#587);
#587 = DEFINITIONAL_REPRESENTATION('',(#588),#592);
#588 = LINE('',#589,#590);
#589 = CARTESIAN_POINT('',(0.,26.));
#590 = VECTOR('',#591,1.);
#591 = DIRECTION('',(1.,0.));
#592 = ( GEOMETRIC_REPRESENTATION_CONTEXT(2) 
PARAMETRIC_REPRESENTATION_CONTEXT() REPRESENTATION_CONTEXT('2D SPACE',''
  ) );
#593 = ORIENTED_EDGE('',*,*,#594,.F.);
#594 = EDGE_CURVE('',#595,#572,#597,.T.);
#595 = VERTEX_POINT('',#596);
#596 = CARTESIAN_POINT('',(18.733887532265,58.448045029164,
    40.103909941672));
#597 = SURFACE_CURVE('',#598,(#602,#609),.PCURVE_S1.);
#598 = LINE('',#599,#600);
#599 = CARTESIAN_POINT('',(23.168584287042,66.129165124599,
    24.741669750802));
#600 = VECTOR('',#601,1.);
#601 = DIRECTION('',(-0.25,-0.433012701892,0.866025403784));
#602 = PCURVE('',#509,#603);
#603 = DEFINITIONAL_REPRESENTATION('',(#604),#608);
#604 = LINE('',#605,#606);
#605 = CARTESIAN_POINT('',(24.,0.));
#606 = VECTOR('',#607,1.);
#607 = DIRECTION('',(0.,-1.));
#608 = ( GEOMETRIC_REPRESENTATION_CONTEXT(2) 
PARAMETRIC_REPRESENTATION_CONTEXT() REPRESENTATION_CONTEXT('2D SPACE',''
  ) );
#609 = PCURVE('',#156,#610);
#610 = DEFINITIONAL_REPRESENTATION('',(#611),#615);
#611 = LINE('',#612,#613);
#612 = CARTESIAN_POINT('',(26.,0.));
#613 = VECTOR('',#614,1.);
#614 = DIRECTION('',(0.,1.));
#615 = ( GEOMETRIC_REPRESENTATION_CONTEXT(2) 
PARAMETRIC_REPRESENTATION_CONTEXT() REPRESENTATION_CONTEXT('2D SPACE',''
  ) );
#616 = ORIENTED_EDGE('',*,*,#617,.F.);
#617 = EDGE_CURVE('',#618,#595,#620,.T.);
#618 = VERTEX_POINT('',#619);
#619 = CARTESIAN_POINT('',(18.733887532265,58.448045029164,39.5));
#620 = SURFACE_CURVE('',#621,(#625,#631),.PCURVE_S1.);
#621 = LINE('',#622,#623);
#622 = CARTESIAN_POINT('',(18.733887532265,58.448045029164,35.));
#623 = VECTOR('',#624,1.);
#624 = DIRECTION('',(0.,0.,1.));
#625 = PCURVE('',#509,#626);
#626 = DEFINITIONAL_REPRESENTATION('',(#627),#630);
#627 = B_SPLINE_CURVE_WITH_KNOTS('',1,(#628,#629),.UNSPECIFIED.,.F.,.F.,
  (2,2),(-5.999999999062E-07,5.5000006),.PIECEWISE_BEZIER_KNOTS.);
#628 = CARTESIAN_POINT('',(21.448044729164,-13.31867083137));
#629 = CARTESIAN_POINT('',(24.198045329164,-18.08181159142));
#630 = ( GEOMETRIC_REPRESENTATION_CONTEXT(2) 
PARAMETRIC_REPRESENTATION_CONTEXT() REPRESENTATION_CONTEXT('2D SPACE',''
  ) );
#631 = PCURVE('',#632,#637);
#632 = CYLINDRICAL_SURFACE('',#633,2.25);
#633 = AXIS2_PLACEMENT_3D('',#634,#635,#636);
#634 = CARTESIAN_POINT('',(20.607695154587,59.693575034635,35.));
#635 = DIRECTION('',(0.,0.,1.));
#636 = DIRECTION('',(1.,0.,-0.));
#637 = DEFINITIONAL_REPRESENTATION('',(#638),#641);
#638 = B_SPLINE_CURVE_WITH_KNOTS('',1,(#639,#640),.UNSPECIFIED.,.F.,.F.,
  (2,2),(-5.999999999062E-07,5.5000006),.PIECEWISE_BEZIER_KNOTS.);
#639 = CARTESIAN_POINT('',(3.728236213105,-5.999999999062E-07));
#640 = CARTESIAN_POINT('',(3.728236213105,5.5000006));
#641 = ( GEOMETRIC_REPRESENTATION_CONTEXT(2) 
PARAMETRIC_REPRESENTATION_CONTEXT() REPRESENTATION_CONTEXT('2D SPACE',''
  ) );
#642 = ORIENTED_EDGE('',*,*,#643,.F.);
#643 = EDGE_CURVE('',#644,#618,#646,.T.);
#644 = VERTEX_POINT('',#645);
#645 = CARTESIAN_POINT('',(16.741669750802,54.997422611929,39.5));
#646 = SURFACE_CURVE('',#647,(#651,#657),.PCURVE_S1.);
#647 = LINE('',#648,#649);
#648 = CARTESIAN_POINT('',(14.758974596216,51.563293868264,39.5));
#649 = VECTOR('',#650,1.);
#650 = DIRECTION('',(0.5,0.866025403784,-0.));
#651 = PCURVE('',#509,#652);
#652 = DEFINITIONAL_REPRESENTATION('',(#653),#656);
#653 = B_SPLINE_CURVE_WITH_KNOTS('',1,(#654,#655),.UNSPECIFIED.,.F.,.F.,
  (2,2),(3.965390309173,8.298493439489),.PIECEWISE_BEZIER_KNOTS.);
#654 = CARTESIAN_POINT('',(20.247422611929,-19.20800344948));
#655 = CARTESIAN_POINT('',(24.,-17.04145188432));
#656 = ( GEOMETRIC_REPRESENTATION_CONTEXT(2) 
PARAMETRIC_REPRESENTATION_CONTEXT() REPRESENTATION_CONTEXT('2D SPACE',''
  ) );
#657 = PCURVE('',#209,#658);
#658 = DEFINITIONAL_REPRESENTATION('',(#659),#662);
#659 = B_SPLINE_CURVE_WITH_KNOTS('',1,(#660,#661),.UNSPECIFIED.,.F.,.F.,
  (2,2),(3.965390309173,8.298493439489),.PIECEWISE_BEZIER_KNOTS.);
#660 = CARTESIAN_POINT('',(0.,32.));
#661 = CARTESIAN_POINT('',(4.333103130316,32.));
#662 = ( GEOMETRIC_REPRESENTATION_CONTEXT(2) 
PARAMETRIC_REPRESENTATION_CONTEXT() REPRESENTATION_CONTEXT('2D SPACE',''
  ) );
#663 = ORIENTED_EDGE('',*,*,#664,.T.);
#664 = EDGE_CURVE('',#644,#665,#667,.T.);
#665 = VERTEX_POINT('',#666);
#666 = CARTESIAN_POINT('',(16.741669750802,54.997422611929,36.));
#667 = SURFACE_CURVE('',#668,(#672,#678),.PCURVE_S1.);
#668 = LINE('',#669,#670);
#669 = CARTESIAN_POINT('',(16.741669750802,54.997422611929,
    24.370834875401));
#670 = VECTOR('',#671,1.);
#671 = DIRECTION('',(2.403703357979E-17,-1.387778780781E-17,-1.));
#672 = PCURVE('',#509,#673);
#673 = DEFINITIONAL_REPRESENTATION('',(#674),#677);
#674 = B_SPLINE_CURVE_WITH_KNOTS('',1,(#675,#676),.UNSPECIFIED.,.F.,.F.,
  (2,2),(-15.12916512459,-11.62916512459),.PIECEWISE_BEZIER_KNOTS.);
#675 = CARTESIAN_POINT('',(20.247422611929,-19.20800344948));
#676 = CARTESIAN_POINT('',(18.497422611929,-16.17691453624));
#677 = ( GEOMETRIC_REPRESENTATION_CONTEXT(2) 
PARAMETRIC_REPRESENTATION_CONTEXT() REPRESENTATION_CONTEXT('2D SPACE',''
  ) );
#678 = PCURVE('',#679,#684);
#679 = PLANE('',#680);
#680 = AXIS2_PLACEMENT_3D('',#681,#682,#683);
#681 = CARTESIAN_POINT('',(44.454482671904,38.997422611929,36.));
#682 = DIRECTION('',(0.5,0.866025403784,0.));
#683 = DIRECTION('',(0.,0.,1.));
#684 = DEFINITIONAL_REPRESENTATION('',(#685),#688);
#685 = B_SPLINE_CURVE_WITH_KNOTS('',1,(#686,#687),.UNSPECIFIED.,.F.,.F.,
  (2,2),(-15.12916512459,-11.62916512459),.PIECEWISE_BEZIER_KNOTS.);
#686 = CARTESIAN_POINT('',(3.5,-32.));
#687 = CARTESIAN_POINT('',(0.,-32.));
#688 = ( GEOMETRIC_REPRESENTATION_CONTEXT(2) 
PARAMETRIC_REPRESENTATION_CONTEXT() REPRESENTATION_CONTEXT('2D SPACE',''
  ) );
#689 = ORIENTED_EDGE('',*,*,#690,.F.);
#690 = EDGE_CURVE('',#691,#665,#693,.T.);
#691 = VERTEX_POINT('',#692);
#692 = CARTESIAN_POINT('',(11.844699855098,46.515621949434,36.));
#693 = SURFACE_CURVE('',#694,(#698,#704),.PCURVE_S1.);
#694 = LINE('',#695,#696);
#695 = CARTESIAN_POINT('',(0.758974596216,27.314582562299,36.));
#696 = VECTOR('',#697,1.);
#697 = DIRECTION('',(0.5,0.866025403784,-0.));
#698 = PCURVE('',#509,#699);
#699 = DEFINITIONAL_REPRESENTATION('',(#700),#703);
#700 = B_SPLINE_CURVE_WITH_KNOTS('',1,(#701,#702),.UNSPECIFIED.,.F.,.F.,
  (2,2),(12.319219381653,38.319219381653),.PIECEWISE_BEZIER_KNOTS.);
#701 = CARTESIAN_POINT('',(1.483339501605,-26.));
#702 = CARTESIAN_POINT('',(24.,-13.));
#703 = ( GEOMETRIC_REPRESENTATION_CONTEXT(2) 
PARAMETRIC_REPRESENTATION_CONTEXT() REPRESENTATION_CONTEXT('2D SPACE',''
  ) );
#704 = PCURVE('',#261,#705);
#705 = DEFINITIONAL_REPRESENTATION('',(#706),#710);
#706 = LINE('',#707,#708);
#707 = CARTESIAN_POINT('',(-31.96539030917,32.));
#708 = VECTOR('',#709,1.);
#709 = DIRECTION('',(1.,-5.551115123126E-17));
#710 = ( GEOMETRIC_REPRESENTATION_CONTEXT(2) 
PARAMETRIC_REPRESENTATION_CONTEXT() REPRESENTATION_CONTEXT('2D SPACE',''
  ) );
#711 = ORIENTED_EDGE('',*,*,#712,.F.);
#712 = EDGE_CURVE('',#713,#691,#715,.T.);
#713 = VERTEX_POINT('',#714);
#714 = CARTESIAN_POINT('',(11.844699855098,46.515621949434,30.));
#715 = SURFACE_CURVE('',#716,(#720,#726),.PCURVE_S1.);
#716 = LINE('',#717,#718);
#717 = CARTESIAN_POINT('',(11.844699855098,46.515621949434,29.));
#718 = VECTOR('',#719,1.);
#719 = DIRECTION('',(0.,0.,1.));
#720 = PCURVE('',#509,#721);
#721 = DEFINITIONAL_REPRESENTATION('',(#722),#725);
#722 = B_SPLINE_CURVE_WITH_KNOTS('',1,(#723,#724),.UNSPECIFIED.,.F.,.F.,
  (2,2),(0.9999994,7.0000006),.PIECEWISE_BEZIER_KNOTS.);
#723 = CARTESIAN_POINT('',(7.015621649434,-15.87773148962));
#724 = CARTESIAN_POINT('',(10.015622249434,-21.07388495155));
#725 = ( GEOMETRIC_REPRESENTATION_CONTEXT(2) 
PARAMETRIC_REPRESENTATION_CONTEXT() REPRESENTATION_CONTEXT('2D SPACE',''
  ) );
#726 = PCURVE('',#727,#732);
#727 = CYLINDRICAL_SURFACE('',#728,48.);
#728 = AXIS2_PLACEMENT_3D('',#729,#730,#731);
#729 = CARTESIAN_POINT('',(0.,0.,29.));
#730 = DIRECTION('',(0.,0.,1.));
#731 = DIRECTION('',(1.,0.,-0.));
#732 = DEFINITIONAL_REPRESENTATION('',(#733),#736);
#733 = B_SPLINE_CURVE_WITH_KNOTS('',1,(#734,#735),.UNSPECIFIED.,.F.,.F.,
  (2,2),(0.9999994,7.0000006),.PIECEWISE_BEZIER_KNOTS.);
#734 = CARTESIAN_POINT('',(1.321456164685,0.9999994));
#735 = CARTESIAN_POINT('',(1.321456164685,7.0000006));
#736 = ( GEOMETRIC_REPRESENTATION_CONTEXT(2) 
PARAMETRIC_REPRESENTATION_CONTEXT() REPRESENTATION_CONTEXT('2D SPACE',''
  ) );
#737 = ORIENTED_EDGE('',*,*,#738,.T.);
#738 = EDGE_CURVE('',#713,#739,#741,.T.);
#739 = VERTEX_POINT('',#740);
#740 = CARTESIAN_POINT('',(18.733887532265,58.448045029164,30.));
#741 = SURFACE_CURVE('',#742,(#746,#752),.PCURVE_S1.);
#742 = LINE('',#743,#744);
#743 = CARTESIAN_POINT('',(0.758974596216,27.314582562299,30.));
#744 = VECTOR('',#745,1.);
#745 = DIRECTION('',(0.5,0.866025403784,-0.));
#746 = PCURVE('',#509,#747);
#747 = DEFINITIONAL_REPRESENTATION('',(#748),#751);
#748 = B_SPLINE_CURVE_WITH_KNOTS('',1,(#749,#750),.UNSPECIFIED.,.F.,.F.,
  (2,2),(14.070508075689,41.783320996791),.PIECEWISE_BEZIER_KNOTS.);
#749 = CARTESIAN_POINT('',(3.552713678801E-15,-19.92820323027));
#750 = CARTESIAN_POINT('',(24.,-6.071796769724));
#751 = ( GEOMETRIC_REPRESENTATION_CONTEXT(2) 
PARAMETRIC_REPRESENTATION_CONTEXT() REPRESENTATION_CONTEXT('2D SPACE',''
  ) );
#752 = PCURVE('',#314,#753);
#753 = DEFINITIONAL_REPRESENTATION('',(#754),#757);
#754 = B_SPLINE_CURVE_WITH_KNOTS('',1,(#755,#756),.UNSPECIFIED.,.F.,.F.,
  (2,2),(14.070508075689,41.783320996791),.PIECEWISE_BEZIER_KNOTS.);
#755 = CARTESIAN_POINT('',(7.79422863406,39.5));
#756 = CARTESIAN_POINT('',(21.650635094611,63.5));
#757 = ( GEOMETRIC_REPRESENTATION_CONTEXT(2) 
PARAMETRIC_REPRESENTATION_CONTEXT() REPRESENTATION_CONTEXT('2D SPACE',''
  ) );
#758 = ORIENTED_EDGE('',*,*,#759,.T.);
#759 = EDGE_CURVE('',#739,#760,#762,.T.);
#760 = VERTEX_POINT('',#761);
#761 = CARTESIAN_POINT('',(18.733887532265,58.448045029164,35.));
#762 = SURFACE_CURVE('',#763,(#767,#773),.PCURVE_S1.);
#763 = LINE('',#764,#765);
#764 = CARTESIAN_POINT('',(18.733887532265,58.448045029164,29.));
#765 = VECTOR('',#766,1.);
#766 = DIRECTION('',(0.,0.,1.));
#767 = PCURVE('',#509,#768);
#768 = DEFINITIONAL_REPRESENTATION('',(#769),#772);
#769 = B_SPLINE_CURVE_WITH_KNOTS('',1,(#770,#771),.UNSPECIFIED.,.F.,.F.,
  (2,2),(0.9999994,7.0000006),.PIECEWISE_BEZIER_KNOTS.);
#770 = CARTESIAN_POINT('',(18.948044729164,-8.988543812455));
#771 = CARTESIAN_POINT('',(21.948045329164,-14.18469727439));
#772 = ( GEOMETRIC_REPRESENTATION_CONTEXT(2) 
PARAMETRIC_REPRESENTATION_CONTEXT() REPRESENTATION_CONTEXT('2D SPACE',''
  ) );
#773 = PCURVE('',#774,#779);
#774 = CYLINDRICAL_SURFACE('',#775,2.25);
#775 = AXIS2_PLACEMENT_3D('',#776,#777,#778);
#776 = CARTESIAN_POINT('',(20.607695154587,59.693575034635,29.));
#777 = DIRECTION('',(0.,0.,1.));
#778 = DIRECTION('',(1.,0.,-0.));
#779 = DEFINITIONAL_REPRESENTATION('',(#780),#783);
#780 = B_SPLINE_CURVE_WITH_KNOTS('',1,(#781,#782),.UNSPECIFIED.,.F.,.F.,
  (2,2),(1.,7.0000006),.PIECEWISE_BEZIER_KNOTS.);
#781 = CARTESIAN_POINT('',(3.728236213105,1.));
#782 = CARTESIAN_POINT('',(3.728236213105,7.0000006));
#783 = ( GEOMETRIC_REPRESENTATION_CONTEXT(2) 
PARAMETRIC_REPRESENTATION_CONTEXT() REPRESENTATION_CONTEXT('2D SPACE',''
  ) );
#784 = ORIENTED_EDGE('',*,*,#785,.T.);
#785 = EDGE_CURVE('',#760,#786,#788,.T.);
#786 = VERTEX_POINT('',#787);
#787 = CARTESIAN_POINT('',(20.207259421637,61.,35.));
#788 = SURFACE_CURVE('',#789,(#793,#799),.PCURVE_S1.);
#789 = LINE('',#790,#791);
#790 = CARTESIAN_POINT('',(16.258974596216,54.161370079617,35.));
#791 = VECTOR('',#792,1.);
#792 = DIRECTION('',(0.5,0.866025403784,-0.));
#793 = PCURVE('',#509,#794);
#794 = DEFINITIONAL_REPRESENTATION('',(#795),#798);
#795 = B_SPLINE_CURVE_WITH_KNOTS('',1,(#796,#797),.UNSPECIFIED.,.F.,.F.,
  (2,2),(4.197441116742,7.896569650843),.PIECEWISE_BEZIER_KNOTS.);
#796 = CARTESIAN_POINT('',(20.796460717605,-13.69486372867));
#797 = CARTESIAN_POINT('',(24.,-11.84529946162));
#798 = ( GEOMETRIC_REPRESENTATION_CONTEXT(2) 
PARAMETRIC_REPRESENTATION_CONTEXT() REPRESENTATION_CONTEXT('2D SPACE',''
  ) );
#799 = PCURVE('',#800,#805);
#800 = PLANE('',#801);
#801 = AXIS2_PLACEMENT_3D('',#802,#803,#804);
#802 = CARTESIAN_POINT('',(20.607695154587,59.693575034635,35.));
#803 = DIRECTION('',(0.,0.,1.));
#804 = DIRECTION('',(1.,0.,-0.));
#805 = DEFINITIONAL_REPRESENTATION('',(#806),#809);
#806 = B_SPLINE_CURVE_WITH_KNOTS('',1,(#807,#808),.UNSPECIFIED.,.F.,.F.,
  (2,2),(4.197441116742,7.896569650843),.PIECEWISE_BEZIER_KNOTS.);
#807 = CARTESIAN_POINT('',(-2.25,-1.89711431703));
#808 = CARTESIAN_POINT('',(-0.40043573295,1.306424965365));
#809 = ( GEOMETRIC_REPRESENTATION_CONTEXT(2) 
PARAMETRIC_REPRESENTATION_CONTEXT() REPRESENTATION_CONTEXT('2D SPACE',''
  ) );
#810 = ORIENTED_EDGE('',*,*,#811,.F.);
#811 = EDGE_CURVE('',#812,#786,#814,.T.);
#812 = VERTEX_POINT('',#813);
#813 = CARTESIAN_POINT('',(20.74945196934,61.939105040106,
    33.121789919787));
#814 = SURFACE_CURVE('',#815,(#819,#826),.PCURVE_S1.);
#815 = LINE('',#816,#817);
#816 = CARTESIAN_POINT('',(23.168584287042,66.129165124599,
    24.741669750802));
#817 = VECTOR('',#818,1.);
#818 = DIRECTION('',(-0.25,-0.433012701892,0.866025403784));
#819 = PCURVE('',#509,#820);
#820 = DEFINITIONAL_REPRESENTATION('',(#821),#825);
#821 = LINE('',#822,#823);
#822 = CARTESIAN_POINT('',(24.,0.));
#823 = VECTOR('',#824,1.);
#824 = DIRECTION('',(0.,-1.));
#825 = ( GEOMETRIC_REPRESENTATION_CONTEXT(2) 
PARAMETRIC_REPRESENTATION_CONTEXT() REPRESENTATION_CONTEXT('2D SPACE',''
  ) );
#826 = PCURVE('',#827,#832);
#827 = PLANE('',#828);
#828 = AXIS2_PLACEMENT_3D('',#829,#830,#831);
#829 = CARTESIAN_POINT('',(45.685244785438,53.129165124599,
    24.741669750802));
#830 = DIRECTION('',(0.433012701892,0.75,0.5));
#831 = DIRECTION('',(-0.866025403784,0.5,-2.775557561563E-17));
#832 = DEFINITIONAL_REPRESENTATION('',(#833),#837);
#833 = LINE('',#834,#835);
#834 = CARTESIAN_POINT('',(26.,0.));
#835 = VECTOR('',#836,1.);
#836 = DIRECTION('',(0.,1.));
#837 = ( GEOMETRIC_REPRESENTATION_CONTEXT(2) 
PARAMETRIC_REPRESENTATION_CONTEXT() REPRESENTATION_CONTEXT('2D SPACE',''
  ) );
#838 = ORIENTED_EDGE('',*,*,#839,.F.);
#839 = EDGE_CURVE('',#840,#812,#842,.T.);
#840 = VERTEX_POINT('',#841);
#841 = CARTESIAN_POINT('',(20.74945196934,61.939105040106,30.));
#842 = SURFACE_CURVE('',#843,(#847,#853),.PCURVE_S1.);
#843 = LINE('',#844,#845);
#844 = CARTESIAN_POINT('',(20.74945196934,61.939105040106,29.));
#845 = VECTOR('',#846,1.);
#846 = DIRECTION('',(0.,0.,1.));
#847 = PCURVE('',#509,#848);
#848 = DEFINITIONAL_REPRESENTATION('',(#849),#852);
#849 = B_SPLINE_CURVE_WITH_KNOTS('',1,(#850,#851),.UNSPECIFIED.,.F.,.F.,
  (2,2),(0.9999994,7.0000006),.PIECEWISE_BEZIER_KNOTS.);
#850 = CARTESIAN_POINT('',(22.439104740106,-6.972979375381));
#851 = CARTESIAN_POINT('',(25.439105340106,-12.16913283731));
#852 = ( GEOMETRIC_REPRESENTATION_CONTEXT(2) 
PARAMETRIC_REPRESENTATION_CONTEXT() REPRESENTATION_CONTEXT('2D SPACE',''
  ) );
#853 = PCURVE('',#774,#854);
#854 = DEFINITIONAL_REPRESENTATION('',(#855),#858);
#855 = B_SPLINE_CURVE_WITH_KNOTS('',1,(#856,#857),.UNSPECIFIED.,.F.,.F.,
  (2,2),(1.,4.121789919787),.PIECEWISE_BEZIER_KNOTS.);
#856 = CARTESIAN_POINT('',(7.790936850058,1.));
#857 = CARTESIAN_POINT('',(7.790936850058,4.121789919787));
#858 = ( GEOMETRIC_REPRESENTATION_CONTEXT(2) 
PARAMETRIC_REPRESENTATION_CONTEXT() REPRESENTATION_CONTEXT('2D SPACE',''
  ) );
#859 = ORIENTED_EDGE('',*,*,#860,.T.);
#860 = EDGE_CURVE('',#840,#525,#861,.T.);
#861 = SURFACE_CURVE('',#862,(#866,#872),.PCURVE_S1.);
#862 = LINE('',#863,#864);
#863 = CARTESIAN_POINT('',(0.758974596216,27.314582562299,30.));
#864 = VECTOR('',#865,1.);
#865 = DIRECTION('',(0.5,0.866025403784,-0.));
#866 = PCURVE('',#509,#867);
#867 = DEFINITIONAL_REPRESENTATION('',(#868),#871);
#868 = B_SPLINE_CURVE_WITH_KNOTS('',1,(#869,#870),.UNSPECIFIED.,.F.,.F.,
  (2,2),(14.070508075689,41.783320996791),.PIECEWISE_BEZIER_KNOTS.);
#869 = CARTESIAN_POINT('',(3.552713678801E-15,-19.92820323027));
#870 = CARTESIAN_POINT('',(24.,-6.071796769724));
#871 = ( GEOMETRIC_REPRESENTATION_CONTEXT(2) 
PARAMETRIC_REPRESENTATION_CONTEXT() REPRESENTATION_CONTEXT('2D SPACE',''
  ) );
#872 = PCURVE('',#314,#873);
#873 = DEFINITIONAL_REPRESENTATION('',(#874),#877);
#874 = B_SPLINE_CURVE_WITH_KNOTS('',1,(#875,#876),.UNSPECIFIED.,.F.,.F.,
  (2,2),(14.070508075689,41.783320996791),.PIECEWISE_BEZIER_KNOTS.);
#875 = CARTESIAN_POINT('',(7.79422863406,39.5));
#876 = CARTESIAN_POINT('',(21.650635094611,63.5));
#877 = ( GEOMETRIC_REPRESENTATION_CONTEXT(2) 
PARAMETRIC_REPRESENTATION_CONTEXT() REPRESENTATION_CONTEXT('2D SPACE',''
  ) );
#878 = ADVANCED_FACE('',(#879),#632,.F.);
#879 = FACE_BOUND('',#880,.F.);
#880 = EDGE_LOOP('',(#881,#912,#938,#939,#963,#986,#1008,#1009,#1033));
#881 = ORIENTED_EDGE('',*,*,#882,.F.);
#882 = EDGE_CURVE('',#883,#885,#887,.T.);
#883 = VERTEX_POINT('',#884);
#884 = CARTESIAN_POINT('',(19.346319709964,57.830397107624,40.5));
#885 = VERTEX_POINT('',#886);
#886 = CARTESIAN_POINT('',(19.624823460336,57.669602892376,40.5));
#887 = SURFACE_CURVE('',#888,(#893,#900),.PCURVE_S1.);
#888 = CIRCLE('',#889,2.25);
#889 = AXIS2_PLACEMENT_3D('',#890,#891,#892);
#890 = CARTESIAN_POINT('',(20.607695154587,59.693575034635,40.5));
#891 = DIRECTION('',(0.,0.,1.));
#892 = DIRECTION('',(1.,0.,-0.));
#893 = PCURVE('',#632,#894);
#894 = DEFINITIONAL_REPRESENTATION('',(#895),#899);
#895 = LINE('',#896,#897);
#896 = CARTESIAN_POINT('',(0.,5.5));
#897 = VECTOR('',#898,1.);
#898 = DIRECTION('',(1.,0.));
#899 = ( GEOMETRIC_REPRESENTATION_CONTEXT(2) 
PARAMETRIC_REPRESENTATION_CONTEXT() REPRESENTATION_CONTEXT('2D SPACE',''
  ) );
#900 = PCURVE('',#901,#906);
#901 = PLANE('',#902);
#902 = AXIS2_PLACEMENT_3D('',#903,#904,#905);
#903 = CARTESIAN_POINT('',(20.607695154587,59.693575034635,40.5));
#904 = DIRECTION('',(0.,0.,1.));
#905 = DIRECTION('',(1.,0.,-0.));
#906 = DEFINITIONAL_REPRESENTATION('',(#907),#911);
#907 = CIRCLE('',#908,2.25);
#908 = AXIS2_PLACEMENT_2D('',#909,#910);
#909 = CARTESIAN_POINT('',(0.,0.));
#910 = DIRECTION('',(1.,0.));
#911 = ( GEOMETRIC_REPRESENTATION_CONTEXT(2) 
PARAMETRIC_REPRESENTATION_CONTEXT() REPRESENTATION_CONTEXT('2D SPACE',''
  ) );
#912 = ORIENTED_EDGE('',*,*,#913,.F.);
#913 = EDGE_CURVE('',#595,#883,#914,.T.);
#914 = SURFACE_CURVE('',#915,(#920,#931),.PCURVE_S1.);
#915 = ELLIPSE('',#916,4.5,2.25);
#916 = AXIS2_PLACEMENT_3D('',#917,#918,#919);
#917 = CARTESIAN_POINT('',(20.607695154587,59.693575034635,
    36.61284993073));
#918 = DIRECTION('',(0.433012701892,0.75,0.5));
#919 = DIRECTION('',(-0.25,-0.433012701892,0.866025403784));
#920 = PCURVE('',#632,#921);
#921 = DEFINITIONAL_REPRESENTATION('',(#922),#930);
#922 = B_SPLINE_CURVE_WITH_KNOTS('',6,(#923,#924,#925,#926,#927,#928,
    #929),.UNSPECIFIED.,.F.,.F.,(7,7),(5.284923593314,6.211662396442),
  .PIECEWISE_BEZIER_KNOTS.);
#923 = CARTESIAN_POINT('',(3.190528490921,3.72416697508));
#924 = CARTESIAN_POINT('',(3.344984958109,4.230111297838));
#925 = CARTESIAN_POINT('',(3.499441425297,4.675611074955));
#926 = CARTESIAN_POINT('',(3.653897892485,5.038950595257));
#927 = CARTESIAN_POINT('',(3.808354359673,5.302689037416));
#928 = CARTESIAN_POINT('',(3.962810826861,5.456985188112));
#929 = CARTESIAN_POINT('',(4.117267294049,5.5000006));
#930 = ( GEOMETRIC_REPRESENTATION_CONTEXT(2) 
PARAMETRIC_REPRESENTATION_CONTEXT() REPRESENTATION_CONTEXT('2D SPACE',''
  ) );
#931 = PCURVE('',#156,#932);
#932 = DEFINITIONAL_REPRESENTATION('',(#933),#937);
#933 = ELLIPSE('',#934,4.5,2.25);
#934 = AXIS2_PLACEMENT_2D('',#935,#936);
#935 = CARTESIAN_POINT('',(25.,13.707658144959));
#936 = DIRECTION('',(-7.954818481105E-17,1.));
#937 = ( GEOMETRIC_REPRESENTATION_CONTEXT(2) 
PARAMETRIC_REPRESENTATION_CONTEXT() REPRESENTATION_CONTEXT('2D SPACE',''
  ) );
#938 = ORIENTED_EDGE('',*,*,#617,.F.);
#939 = ORIENTED_EDGE('',*,*,#940,.F.);
#940 = EDGE_CURVE('',#941,#618,#943,.T.);
#941 = VERTEX_POINT('',#942);
#942 = CARTESIAN_POINT('',(22.857695154587,59.693575034635,39.5));
#943 = SURFACE_CURVE('',#944,(#949,#956),.PCURVE_S1.);
#944 = CIRCLE('',#945,2.25);
#945 = AXIS2_PLACEMENT_3D('',#946,#947,#948);
#946 = CARTESIAN_POINT('',(20.607695154587,59.693575034635,39.5));
#947 = DIRECTION('',(0.,0.,1.));
#948 = DIRECTION('',(1.,0.,-0.));
#949 = PCURVE('',#632,#950);
#950 = DEFINITIONAL_REPRESENTATION('',(#951),#955);
#951 = LINE('',#952,#953);
#952 = CARTESIAN_POINT('',(0.,4.5));
#953 = VECTOR('',#954,1.);
#954 = DIRECTION('',(1.,0.));
#955 = ( GEOMETRIC_REPRESENTATION_CONTEXT(2) 
PARAMETRIC_REPRESENTATION_CONTEXT() REPRESENTATION_CONTEXT('2D SPACE',''
  ) );
#956 = PCURVE('',#209,#957);
#957 = DEFINITIONAL_REPRESENTATION('',(#958),#962);
#958 = CIRCLE('',#959,2.25);
#959 = AXIS2_PLACEMENT_2D('',#960,#961);
#960 = CARTESIAN_POINT('',(6.,31.));
#961 = DIRECTION('',(0.5,-0.866025403784));
#962 = ( GEOMETRIC_REPRESENTATION_CONTEXT(2) 
PARAMETRIC_REPRESENTATION_CONTEXT() REPRESENTATION_CONTEXT('2D SPACE',''
  ) );
#963 = ORIENTED_EDGE('',*,*,#964,.F.);
#964 = EDGE_CURVE('',#965,#941,#967,.T.);
#965 = VERTEX_POINT('',#966);
#966 = CARTESIAN_POINT('',(22.857695154587,59.693575034635,36.));
#967 = SEAM_CURVE('',#968,(#972,#979),.PCURVE_S1.);
#968 = LINE('',#969,#970);
#969 = CARTESIAN_POINT('',(22.857695154587,59.693575034635,35.));
#970 = VECTOR('',#971,1.);
#971 = DIRECTION('',(0.,0.,1.));
#972 = PCURVE('',#632,#973);
#973 = DEFINITIONAL_REPRESENTATION('',(#974),#978);
#974 = LINE('',#975,#976);
#975 = CARTESIAN_POINT('',(0.,-0.));
#976 = VECTOR('',#977,1.);
#977 = DIRECTION('',(0.,1.));
#978 = ( GEOMETRIC_REPRESENTATION_CONTEXT(2) 
PARAMETRIC_REPRESENTATION_CONTEXT() REPRESENTATION_CONTEXT('2D SPACE',''
  ) );
#979 = PCURVE('',#632,#980);
#980 = DEFINITIONAL_REPRESENTATION('',(#981),#985);
#981 = LINE('',#982,#983);
#982 = CARTESIAN_POINT('',(6.28318530718,-0.));
#983 = VECTOR('',#984,1.);
#984 = DIRECTION('',(0.,1.));
#985 = ( GEOMETRIC_REPRESENTATION_CONTEXT(2) 
PARAMETRIC_REPRESENTATION_CONTEXT() REPRESENTATION_CONTEXT('2D SPACE',''
  ) );
#986 = ORIENTED_EDGE('',*,*,#987,.T.);
#987 = EDGE_CURVE('',#965,#965,#988,.T.);
#988 = SURFACE_CURVE('',#989,(#994,#1001),.PCURVE_S1.);
#989 = CIRCLE('',#990,2.25);
#990 = AXIS2_PLACEMENT_3D('',#991,#992,#993);
#991 = CARTESIAN_POINT('',(20.607695154587,59.693575034635,36.));
#992 = DIRECTION('',(0.,0.,1.));
#993 = DIRECTION('',(1.,0.,-0.));
#994 = PCURVE('',#632,#995);
#995 = DEFINITIONAL_REPRESENTATION('',(#996),#1000);
#996 = LINE('',#997,#998);
#997 = CARTESIAN_POINT('',(0.,1.));
#998 = VECTOR('',#999,1.);
#999 = DIRECTION('',(1.,0.));
#1000 = ( GEOMETRIC_REPRESENTATION_CONTEXT(2) 
PARAMETRIC_REPRESENTATION_CONTEXT() REPRESENTATION_CONTEXT('2D SPACE',''
  ) );
#1001 = PCURVE('',#261,#1002);
#1002 = DEFINITIONAL_REPRESENTATION('',(#1003),#1007);
#1003 = CIRCLE('',#1004,2.25);
#1004 = AXIS2_PLACEMENT_2D('',#1005,#1006);
#1005 = CARTESIAN_POINT('',(6.,31.));
#1006 = DIRECTION('',(0.5,-0.866025403784));
#1007 = ( GEOMETRIC_REPRESENTATION_CONTEXT(2) 
PARAMETRIC_REPRESENTATION_CONTEXT() REPRESENTATION_CONTEXT('2D SPACE',''
  ) );
#1008 = ORIENTED_EDGE('',*,*,#964,.T.);
#1009 = ORIENTED_EDGE('',*,*,#1010,.F.);
#1010 = EDGE_CURVE('',#1011,#941,#1013,.T.);
#1011 = VERTEX_POINT('',#1012);
#1012 = CARTESIAN_POINT('',(21.083050035517,57.494362053322,39.5));
#1013 = SURFACE_CURVE('',#1014,(#1019,#1026),.PCURVE_S1.);
#1014 = CIRCLE('',#1015,2.25);
#1015 = AXIS2_PLACEMENT_3D('',#1016,#1017,#1018);
#1016 = CARTESIAN_POINT('',(20.607695154587,59.693575034635,39.5));
#1017 = DIRECTION('',(0.,0.,1.));
#1018 = DIRECTION('',(1.,0.,-0.));
#1019 = PCURVE('',#632,#1020);
#1020 = DEFINITIONAL_REPRESENTATION('',(#1021),#1025);
#1021 = LINE('',#1022,#1023);
#1022 = CARTESIAN_POINT('',(0.,4.5));
#1023 = VECTOR('',#1024,1.);
#1024 = DIRECTION('',(1.,0.));
#1025 = ( GEOMETRIC_REPRESENTATION_CONTEXT(2) 
PARAMETRIC_REPRESENTATION_CONTEXT() REPRESENTATION_CONTEXT('2D SPACE',''
  ) );
#1026 = PCURVE('',#209,#1027);
#1027 = DEFINITIONAL_REPRESENTATION('',(#1028),#1032);
#1028 = CIRCLE('',#1029,2.25);
#1029 = AXIS2_PLACEMENT_2D('',#1030,#1031);
#1030 = CARTESIAN_POINT('',(6.,31.));
#1031 = DIRECTION('',(0.5,-0.866025403784));
#1032 = ( GEOMETRIC_REPRESENTATION_CONTEXT(2) 
PARAMETRIC_REPRESENTATION_CONTEXT() REPRESENTATION_CONTEXT('2D SPACE',''
  ) );
#1033 = ORIENTED_EDGE('',*,*,#1034,.F.);
#1034 = EDGE_CURVE('',#885,#1011,#1035,.T.);
#1035 = SURFACE_CURVE('',#1036,(#1041,#1052),.PCURVE_S1.);
#1036 = ELLIPSE('',#1037,4.5,2.25);
#1037 = AXIS2_PLACEMENT_3D('',#1038,#1039,#1040);
#1038 = CARTESIAN_POINT('',(20.607695154587,59.693575034635,
    36.61284993073));
#1039 = DIRECTION('',(0.433012701892,0.75,0.5));
#1040 = DIRECTION('',(-0.25,-0.433012701892,0.866025403784));
#1041 = PCURVE('',#632,#1042);
#1042 = DEFINITIONAL_REPRESENTATION('',(#1043),#1051);
#1043 = B_SPLINE_CURVE_WITH_KNOTS('',6,(#1044,#1045,#1046,#1047,#1048,
    #1049,#1050),.UNSPECIFIED.,.F.,.F.,(7,7),(7.152291073735E-02,
    0.998261713865),.PIECEWISE_BEZIER_KNOTS.);
#1044 = CARTESIAN_POINT('',(4.260313115524,5.5000006));
#1045 = CARTESIAN_POINT('',(4.414769582712,5.456985188112));
#1046 = CARTESIAN_POINT('',(4.5692260499,5.302689037416));
#1047 = CARTESIAN_POINT('',(4.723682517088,5.038950595258));
#1048 = CARTESIAN_POINT('',(4.878138984276,4.675611074955));
#1049 = CARTESIAN_POINT('',(5.032595451464,4.230111297838));
#1050 = CARTESIAN_POINT('',(5.187051918652,3.72416697508));
#1051 = ( GEOMETRIC_REPRESENTATION_CONTEXT(2) 
PARAMETRIC_REPRESENTATION_CONTEXT() REPRESENTATION_CONTEXT('2D SPACE',''
  ) );
#1052 = PCURVE('',#156,#1053);
#1053 = DEFINITIONAL_REPRESENTATION('',(#1054),#1058);
#1054 = ELLIPSE('',#1055,4.5,2.25);
#1055 = AXIS2_PLACEMENT_2D('',#1056,#1057);
#1056 = CARTESIAN_POINT('',(25.,13.707658144959));
#1057 = DIRECTION('',(-7.954818481105E-17,1.));
#1058 = ( GEOMETRIC_REPRESENTATION_CONTEXT(2) 
PARAMETRIC_REPRESENTATION_CONTEXT() REPRESENTATION_CONTEXT('2D SPACE',''
  ) );
#1059 = ADVANCED_FACE('',(#1060),#901,.F.);
#1060 = FACE_BOUND('',#1061,.F.);
#1061 = EDGE_LOOP('',(#1062,#1081));
#1062 = ORIENTED_EDGE('',*,*,#1063,.F.);
#1063 = EDGE_CURVE('',#883,#885,#1064,.T.);
#1064 = SURFACE_CURVE('',#1065,(#1069,#1075),.PCURVE_S1.);
#1065 = LINE('',#1066,#1067);
#1066 = CARTESIAN_POINT('',(30.310889132455,51.5,40.5));
#1067 = VECTOR('',#1068,1.);
#1068 = DIRECTION('',(0.866025403784,-0.5,0.));
#1069 = PCURVE('',#901,#1070);
#1070 = DEFINITIONAL_REPRESENTATION('',(#1071),#1074);
#1071 = B_SPLINE_CURVE_WITH_KNOTS('',1,(#1072,#1073),.UNSPECIFIED.,.F.,
  .F.,(2,2),(-13.5,-11.88715006927),.PIECEWISE_BEZIER_KNOTS.);
#1072 = CARTESIAN_POINT('',(-1.988148973221,-1.443575034635));
#1073 = CARTESIAN_POINT('',(-0.591379960717,-2.25));
#1074 = ( GEOMETRIC_REPRESENTATION_CONTEXT(2) 
PARAMETRIC_REPRESENTATION_CONTEXT() REPRESENTATION_CONTEXT('2D SPACE',''
  ) );
#1075 = PCURVE('',#156,#1076);
#1076 = DEFINITIONAL_REPRESENTATION('',(#1077),#1080);
#1077 = B_SPLINE_CURVE_WITH_KNOTS('',1,(#1078,#1079),.UNSPECIFIED.,.F.,
  .F.,(2,2),(-13.5,-11.88715006927),.PIECEWISE_BEZIER_KNOTS.);
#1078 = CARTESIAN_POINT('',(26.,18.196152422707));
#1079 = CARTESIAN_POINT('',(24.38715006927,18.196152422707));
#1080 = ( GEOMETRIC_REPRESENTATION_CONTEXT(2) 
PARAMETRIC_REPRESENTATION_CONTEXT() REPRESENTATION_CONTEXT('2D SPACE',''
  ) );
#1081 = ORIENTED_EDGE('',*,*,#882,.T.);
#1082 = ADVANCED_FACE('',(#1083),#679,.F.);
#1083 = FACE_BOUND('',#1084,.F.);
#1084 = EDGE_LOOP('',(#1085,#1108,#1109,#1132));
#1085 = ORIENTED_EDGE('',*,*,#1086,.F.);
#1086 = EDGE_CURVE('',#644,#1087,#1089,.T.);
#1087 = VERTEX_POINT('',#1088);
#1088 = CARTESIAN_POINT('',(11.545517328096,57.997422611929,39.5));
#1089 = SURFACE_CURVE('',#1090,(#1094,#1101),.PCURVE_S1.);
#1090 = LINE('',#1091,#1092);
#1091 = CARTESIAN_POINT('',(44.454482671904,38.997422611929,39.5));
#1092 = VECTOR('',#1093,1.);
#1093 = DIRECTION('',(-0.866025403784,0.5,0.));
#1094 = PCURVE('',#679,#1095);
#1095 = DEFINITIONAL_REPRESENTATION('',(#1096),#1100);
#1096 = LINE('',#1097,#1098);
#1097 = CARTESIAN_POINT('',(3.5,0.));
#1098 = VECTOR('',#1099,1.);
#1099 = DIRECTION('',(0.,-1.));
#1100 = ( GEOMETRIC_REPRESENTATION_CONTEXT(2) 
PARAMETRIC_REPRESENTATION_CONTEXT() REPRESENTATION_CONTEXT('2D SPACE',''
  ) );
#1101 = PCURVE('',#209,#1102);
#1102 = DEFINITIONAL_REPRESENTATION('',(#1103),#1107);
#1103 = LINE('',#1104,#1105);
#1104 = CARTESIAN_POINT('',(0.,0.));
#1105 = VECTOR('',#1106,1.);
#1106 = DIRECTION('',(0.,1.));
#1107 = ( GEOMETRIC_REPRESENTATION_CONTEXT(2) 
PARAMETRIC_REPRESENTATION_CONTEXT() REPRESENTATION_CONTEXT('2D SPACE',''
  ) );
#1108 = ORIENTED_EDGE('',*,*,#664,.T.);
#1109 = ORIENTED_EDGE('',*,*,#1110,.T.);
#1110 = EDGE_CURVE('',#665,#1111,#1113,.T.);
#1111 = VERTEX_POINT('',#1112);
#1112 = CARTESIAN_POINT('',(11.545517328096,57.997422611929,36.));
#1113 = SURFACE_CURVE('',#1114,(#1118,#1125),.PCURVE_S1.);
#1114 = LINE('',#1115,#1116);
#1115 = CARTESIAN_POINT('',(44.454482671904,38.997422611929,36.));
#1116 = VECTOR('',#1117,1.);
#1117 = DIRECTION('',(-0.866025403784,0.5,0.));
#1118 = PCURVE('',#679,#1119);
#1119 = DEFINITIONAL_REPRESENTATION('',(#1120),#1124);
#1120 = LINE('',#1121,#1122);
#1121 = CARTESIAN_POINT('',(0.,0.));
#1122 = VECTOR('',#1123,1.);
#1123 = DIRECTION('',(0.,-1.));
#1124 = ( GEOMETRIC_REPRESENTATION_CONTEXT(2) 
PARAMETRIC_REPRESENTATION_CONTEXT() REPRESENTATION_CONTEXT('2D SPACE',''
  ) );
#1125 = PCURVE('',#261,#1126);
#1126 = DEFINITIONAL_REPRESENTATION('',(#1127),#1131);
#1127 = LINE('',#1128,#1129);
#1128 = CARTESIAN_POINT('',(0.,0.));
#1129 = VECTOR('',#1130,1.);
#1130 = DIRECTION('',(0.,1.));
#1131 = ( GEOMETRIC_REPRESENTATION_CONTEXT(2) 
PARAMETRIC_REPRESENTATION_CONTEXT() REPRESENTATION_CONTEXT('2D SPACE',''
  ) );
#1132 = ORIENTED_EDGE('',*,*,#1133,.T.);
#1133 = EDGE_CURVE('',#1111,#1087,#1134,.T.);
#1134 = SURFACE_CURVE('',#1135,(#1139,#1146),.PCURVE_S1.);
#1135 = LINE('',#1136,#1137);
#1136 = CARTESIAN_POINT('',(11.545517328096,57.997422611929,36.));
#1137 = VECTOR('',#1138,1.);
#1138 = DIRECTION('',(0.,0.,1.));
#1139 = PCURVE('',#679,#1140);
#1140 = DEFINITIONAL_REPRESENTATION('',(#1141),#1145);
#1141 = LINE('',#1142,#1143);
#1142 = CARTESIAN_POINT('',(0.,-38.));
#1143 = VECTOR('',#1144,1.);
#1144 = DIRECTION('',(1.,0.));
#1145 = ( GEOMETRIC_REPRESENTATION_CONTEXT(2) 
PARAMETRIC_REPRESENTATION_CONTEXT() REPRESENTATION_CONTEXT('2D SPACE',''
  ) );
#1146 = PCURVE('',#1147,#1152);
#1147 = PLANE('',#1148);
#1148 = AXIS2_PLACEMENT_3D('',#1149,#1150,#1151);
#1149 = CARTESIAN_POINT('',(11.545517328096,57.997422611929,36.));
#1150 = DIRECTION('',(-0.866025403784,0.5,0.));
#1151 = DIRECTION('',(0.,0.,1.));
#1152 = DEFINITIONAL_REPRESENTATION('',(#1153),#1157);
#1153 = LINE('',#1154,#1155);
#1154 = CARTESIAN_POINT('',(0.,0.));
#1155 = VECTOR('',#1156,1.);
#1156 = DIRECTION('',(1.,0.));
#1157 = ( GEOMETRIC_REPRESENTATION_CONTEXT(2) 
PARAMETRIC_REPRESENTATION_CONTEXT() REPRESENTATION_CONTEXT('2D SPACE',''
  ) );
#1158 = ADVANCED_FACE('',(#1159),#1147,.T.);
#1159 = FACE_BOUND('',#1160,.T.);
#1160 = EDGE_LOOP('',(#1161,#1184,#1185,#1208));
#1161 = ORIENTED_EDGE('',*,*,#1162,.F.);
#1162 = EDGE_CURVE('',#1111,#1163,#1165,.T.);
#1163 = VERTEX_POINT('',#1164);
#1164 = CARTESIAN_POINT('',(18.545517328096,70.121778264911,36.));
#1165 = SURFACE_CURVE('',#1166,(#1170,#1177),.PCURVE_S1.);
#1166 = LINE('',#1167,#1168);
#1167 = CARTESIAN_POINT('',(11.545517328096,57.997422611929,36.));
#1168 = VECTOR('',#1169,1.);
#1169 = DIRECTION('',(0.5,0.866025403784,0.));
#1170 = PCURVE('',#1147,#1171);
#1171 = DEFINITIONAL_REPRESENTATION('',(#1172),#1176);
#1172 = LINE('',#1173,#1174);
#1173 = CARTESIAN_POINT('',(0.,1.42108547152E-14));
#1174 = VECTOR('',#1175,1.);
#1175 = DIRECTION('',(0.,1.));
#1176 = ( GEOMETRIC_REPRESENTATION_CONTEXT(2) 
PARAMETRIC_REPRESENTATION_CONTEXT() REPRESENTATION_CONTEXT('2D SPACE',''
  ) );
#1177 = PCURVE('',#261,#1178);
#1178 = DEFINITIONAL_REPRESENTATION('',(#1179),#1183);
#1179 = LINE('',#1180,#1181);
#1180 = CARTESIAN_POINT('',(3.552713678801E-15,38.));
#1181 = VECTOR('',#1182,1.);
#1182 = DIRECTION('',(1.,3.330669073875E-16));
#1183 = ( GEOMETRIC_REPRESENTATION_CONTEXT(2) 
PARAMETRIC_REPRESENTATION_CONTEXT() REPRESENTATION_CONTEXT('2D SPACE',''
  ) );
#1184 = ORIENTED_EDGE('',*,*,#1133,.T.);
#1185 = ORIENTED_EDGE('',*,*,#1186,.T.);
#1186 = EDGE_CURVE('',#1087,#1187,#1189,.T.);
#1187 = VERTEX_POINT('',#1188);
#1188 = CARTESIAN_POINT('',(18.545517328096,70.121778264911,39.5));
#1189 = SURFACE_CURVE('',#1190,(#1194,#1201),.PCURVE_S1.);
#1190 = LINE('',#1191,#1192);
#1191 = CARTESIAN_POINT('',(11.545517328096,57.997422611929,39.5));
#1192 = VECTOR('',#1193,1.);
#1193 = DIRECTION('',(0.5,0.866025403784,0.));
#1194 = PCURVE('',#1147,#1195);
#1195 = DEFINITIONAL_REPRESENTATION('',(#1196),#1200);
#1196 = LINE('',#1197,#1198);
#1197 = CARTESIAN_POINT('',(3.5,0.));
#1198 = VECTOR('',#1199,1.);
#1199 = DIRECTION('',(0.,1.));
#1200 = ( GEOMETRIC_REPRESENTATION_CONTEXT(2) 
PARAMETRIC_REPRESENTATION_CONTEXT() REPRESENTATION_CONTEXT('2D SPACE',''
  ) );
#1201 = PCURVE('',#209,#1202);
#1202 = DEFINITIONAL_REPRESENTATION('',(#1203),#1207);
#1203 = LINE('',#1204,#1205);
#1204 = CARTESIAN_POINT('',(0.,38.));
#1205 = VECTOR('',#1206,1.);
#1206 = DIRECTION('',(1.,0.));
#1207 = ( GEOMETRIC_REPRESENTATION_CONTEXT(2) 
PARAMETRIC_REPRESENTATION_CONTEXT() REPRESENTATION_CONTEXT('2D SPACE',''
  ) );
#1208 = ORIENTED_EDGE('',*,*,#1209,.F.);
#1209 = EDGE_CURVE('',#1163,#1187,#1210,.T.);
#1210 = SURFACE_CURVE('',#1211,(#1215,#1222),.PCURVE_S1.);
#1211 = LINE('',#1212,#1213);
#1212 = CARTESIAN_POINT('',(18.545517328096,70.121778264911,36.));
#1213 = VECTOR('',#1214,1.);
#1214 = DIRECTION('',(0.,0.,1.));
#1215 = PCURVE('',#1147,#1216);
#1216 = DEFINITIONAL_REPRESENTATION('',(#1217),#1221);
#1217 = LINE('',#1218,#1219);
#1218 = CARTESIAN_POINT('',(0.,14.));
#1219 = VECTOR('',#1220,1.);
#1220 = DIRECTION('',(1.,0.));
#1221 = ( GEOMETRIC_REPRESENTATION_CONTEXT(2) 
PARAMETRIC_REPRESENTATION_CONTEXT() REPRESENTATION_CONTEXT('2D SPACE',''
  ) );
#1222 = PCURVE('',#1223,#1228);
#1223 = PLANE('',#1224);
#1224 = AXIS2_PLACEMENT_3D('',#1225,#1226,#1227);
#1225 = CARTESIAN_POINT('',(51.454482671904,51.121778264911,36.));
#1226 = DIRECTION('',(0.5,0.866025403784,0.));
#1227 = DIRECTION('',(0.,0.,1.));
#1228 = DEFINITIONAL_REPRESENTATION('',(#1229),#1233);
#1229 = LINE('',#1230,#1231);
#1230 = CARTESIAN_POINT('',(0.,-38.));
#1231 = VECTOR('',#1232,1.);
#1232 = DIRECTION('',(1.,0.));
#1233 = ( GEOMETRIC_REPRESENTATION_CONTEXT(2) 
PARAMETRIC_REPRESENTATION_CONTEXT() REPRESENTATION_CONTEXT('2D SPACE',''
  ) );
#1234 = ADVANCED_FACE('',(#1235),#1223,.T.);
#1235 = FACE_BOUND('',#1236,.T.);
#1236 = EDGE_LOOP('',(#1237,#1267,#1288,#1289));
#1237 = ORIENTED_EDGE('',*,*,#1238,.F.);
#1238 = EDGE_CURVE('',#1239,#1241,#1243,.T.);
#1239 = VERTEX_POINT('',#1240);
#1240 = CARTESIAN_POINT('',(51.454482671904,51.121778264911,36.));
#1241 = VERTEX_POINT('',#1242);
#1242 = CARTESIAN_POINT('',(51.454482671904,51.121778264911,39.5));
#1243 = SURFACE_CURVE('',#1244,(#1248,#1255),.PCURVE_S1.);
#1244 = LINE('',#1245,#1246);
#1245 = CARTESIAN_POINT('',(51.454482671904,51.121778264911,36.));
#1246 = VECTOR('',#1247,1.);
#1247 = DIRECTION('',(0.,0.,1.));
#1248 = PCURVE('',#1223,#1249);
#1249 = DEFINITIONAL_REPRESENTATION('',(#1250),#1254);
#1250 = LINE('',#1251,#1252);
#1251 = CARTESIAN_POINT('',(0.,0.));
#1252 = VECTOR('',#1253,1.);
#1253 = DIRECTION('',(1.,0.));
#1254 = ( GEOMETRIC_REPRESENTATION_CONTEXT(2) 
PARAMETRIC_REPRESENTATION_CONTEXT() REPRESENTATION_CONTEXT('2D SPACE',''
  ) );
#1255 = PCURVE('',#1256,#1261);
#1256 = PLANE('',#1257);
#1257 = AXIS2_PLACEMENT_3D('',#1258,#1259,#1260);
#1258 = CARTESIAN_POINT('',(44.454482671904,38.997422611929,36.));
#1259 = DIRECTION('',(-0.866025403784,0.5,0.));
#1260 = DIRECTION('',(0.,0.,1.));
#1261 = DEFINITIONAL_REPRESENTATION('',(#1262),#1266);
#1262 = LINE('',#1263,#1264);
#1263 = CARTESIAN_POINT('',(0.,14.));
#1264 = VECTOR('',#1265,1.);
#1265 = DIRECTION('',(1.,0.));
#1266 = ( GEOMETRIC_REPRESENTATION_CONTEXT(2) 
PARAMETRIC_REPRESENTATION_CONTEXT() REPRESENTATION_CONTEXT('2D SPACE',''
  ) );
#1267 = ORIENTED_EDGE('',*,*,#1268,.F.);
#1268 = EDGE_CURVE('',#1163,#1239,#1269,.T.);
#1269 = SURFACE_CURVE('',#1270,(#1274,#1281),.PCURVE_S1.);
#1270 = LINE('',#1271,#1272);
#1271 = CARTESIAN_POINT('',(18.545517328096,70.121778264911,36.));
#1272 = VECTOR('',#1273,1.);
#1273 = DIRECTION('',(0.866025403784,-0.5,0.));
#1274 = PCURVE('',#1223,#1275);
#1275 = DEFINITIONAL_REPRESENTATION('',(#1276),#1280);
#1276 = LINE('',#1277,#1278);
#1277 = CARTESIAN_POINT('',(0.,-38.));
#1278 = VECTOR('',#1279,1.);
#1279 = DIRECTION('',(0.,1.));
#1280 = ( GEOMETRIC_REPRESENTATION_CONTEXT(2) 
PARAMETRIC_REPRESENTATION_CONTEXT() REPRESENTATION_CONTEXT('2D SPACE',''
  ) );
#1281 = PCURVE('',#261,#1282);
#1282 = DEFINITIONAL_REPRESENTATION('',(#1283),#1287);
#1283 = LINE('',#1284,#1285);
#1284 = CARTESIAN_POINT('',(14.,38.));
#1285 = VECTOR('',#1286,1.);
#1286 = DIRECTION('',(-2.22044604925E-16,-1.));
#1287 = ( GEOMETRIC_REPRESENTATION_CONTEXT(2) 
PARAMETRIC_REPRESENTATION_CONTEXT() REPRESENTATION_CONTEXT('2D SPACE',''
  ) );
#1288 = ORIENTED_EDGE('',*,*,#1209,.T.);
#1289 = ORIENTED_EDGE('',*,*,#1290,.F.);
#1290 = EDGE_CURVE('',#1241,#1187,#1291,.T.);
#1291 = SURFACE_CURVE('',#1292,(#1296,#1303),.PCURVE_S1.);
#1292 = LINE('',#1293,#1294);
#1293 = CARTESIAN_POINT('',(51.454482671904,51.121778264911,39.5));
#1294 = VECTOR('',#1295,1.);
#1295 = DIRECTION('',(-0.866025403784,0.5,0.));
#1296 = PCURVE('',#1223,#1297);
#1297 = DEFINITIONAL_REPRESENTATION('',(#1298),#1302);
#1298 = LINE('',#1299,#1300);
#1299 = CARTESIAN_POINT('',(3.5,0.));
#1300 = VECTOR('',#1301,1.);
#1301 = DIRECTION('',(0.,-1.));
#1302 = ( GEOMETRIC_REPRESENTATION_CONTEXT(2) 
PARAMETRIC_REPRESENTATION_CONTEXT() REPRESENTATION_CONTEXT('2D SPACE',''
  ) );
#1303 = PCURVE('',#209,#1304);
#1304 = DEFINITIONAL_REPRESENTATION('',(#1305),#1309);
#1305 = LINE('',#1306,#1307);
#1306 = CARTESIAN_POINT('',(14.,0.));
#1307 = VECTOR('',#1308,1.);
#1308 = DIRECTION('',(0.,1.));
#1309 = ( GEOMETRIC_REPRESENTATION_CONTEXT(2) 
PARAMETRIC_REPRESENTATION_CONTEXT() REPRESENTATION_CONTEXT('2D SPACE',''
  ) );
#1310 = ADVANCED_FACE('',(#1311),#1256,.F.);
#1311 = FACE_BOUND('',#1312,.F.);
#1312 = EDGE_LOOP('',(#1313,#1336,#1359,#1380));
#1313 = ORIENTED_EDGE('',*,*,#1314,.T.);
#1314 = EDGE_CURVE('',#1239,#1315,#1317,.T.);
#1315 = VERTEX_POINT('',#1316);
#1316 = CARTESIAN_POINT('',(44.454482671904,38.997422611929,36.));
#1317 = SURFACE_CURVE('',#1318,(#1322,#1329),.PCURVE_S1.);
#1318 = LINE('',#1319,#1320);
#1319 = CARTESIAN_POINT('',(51.454482671904,51.121778264911,36.));
#1320 = VECTOR('',#1321,1.);
#1321 = DIRECTION('',(-0.5,-0.866025403784,0.));
#1322 = PCURVE('',#1256,#1323);
#1323 = DEFINITIONAL_REPRESENTATION('',(#1324),#1328);
#1324 = LINE('',#1325,#1326);
#1325 = CARTESIAN_POINT('',(0.,14.));
#1326 = VECTOR('',#1327,1.);
#1327 = DIRECTION('',(0.,-1.));
#1328 = ( GEOMETRIC_REPRESENTATION_CONTEXT(2) 
PARAMETRIC_REPRESENTATION_CONTEXT() REPRESENTATION_CONTEXT('2D SPACE',''
  ) );
#1329 = PCURVE('',#261,#1330);
#1330 = DEFINITIONAL_REPRESENTATION('',(#1331),#1335);
#1331 = LINE('',#1332,#1333);
#1332 = CARTESIAN_POINT('',(14.,8.881784197001E-16));
#1333 = VECTOR('',#1334,1.);
#1334 = DIRECTION('',(-1.,0.));
#1335 = ( GEOMETRIC_REPRESENTATION_CONTEXT(2) 
PARAMETRIC_REPRESENTATION_CONTEXT() REPRESENTATION_CONTEXT('2D SPACE',''
  ) );
#1336 = ORIENTED_EDGE('',*,*,#1337,.T.);
#1337 = EDGE_CURVE('',#1315,#1338,#1340,.T.);
#1338 = VERTEX_POINT('',#1339);
#1339 = CARTESIAN_POINT('',(44.454482671904,38.997422611929,39.5));
#1340 = SURFACE_CURVE('',#1341,(#1345,#1352),.PCURVE_S1.);
#1341 = LINE('',#1342,#1343);
#1342 = CARTESIAN_POINT('',(44.454482671904,38.997422611929,36.));
#1343 = VECTOR('',#1344,1.);
#1344 = DIRECTION('',(0.,0.,1.));
#1345 = PCURVE('',#1256,#1346);
#1346 = DEFINITIONAL_REPRESENTATION('',(#1347),#1351);
#1347 = LINE('',#1348,#1349);
#1348 = CARTESIAN_POINT('',(0.,0.));
#1349 = VECTOR('',#1350,1.);
#1350 = DIRECTION('',(1.,0.));
#1351 = ( GEOMETRIC_REPRESENTATION_CONTEXT(2) 
PARAMETRIC_REPRESENTATION_CONTEXT() REPRESENTATION_CONTEXT('2D SPACE',''
  ) );
#1352 = PCURVE('',#235,#1353);
#1353 = DEFINITIONAL_REPRESENTATION('',(#1354),#1358);
#1354 = LINE('',#1355,#1356);
#1355 = CARTESIAN_POINT('',(0.,0.));
#1356 = VECTOR('',#1357,1.);
#1357 = DIRECTION('',(1.,0.));
#1358 = ( GEOMETRIC_REPRESENTATION_CONTEXT(2) 
PARAMETRIC_REPRESENTATION_CONTEXT() REPRESENTATION_CONTEXT('2D SPACE',''
  ) );
#1359 = ORIENTED_EDGE('',*,*,#1360,.T.);
#1360 = EDGE_CURVE('',#1338,#1241,#1361,.T.);
#1361 = SURFACE_CURVE('',#1362,(#1366,#1373),.PCURVE_S1.);
#1362 = LINE('',#1363,#1364);
#1363 = CARTESIAN_POINT('',(44.454482671904,38.997422611929,39.5));
#1364 = VECTOR('',#1365,1.);
#1365 = DIRECTION('',(0.5,0.866025403784,0.));
#1366 = PCURVE('',#1256,#1367);
#1367 = DEFINITIONAL_REPRESENTATION('',(#1368),#1372);
#1368 = LINE('',#1369,#1370);
#1369 = CARTESIAN_POINT('',(3.5,0.));
#1370 = VECTOR('',#1371,1.);
#1371 = DIRECTION('',(0.,1.));
#1372 = ( GEOMETRIC_REPRESENTATION_CONTEXT(2) 
PARAMETRIC_REPRESENTATION_CONTEXT() REPRESENTATION_CONTEXT('2D SPACE',''
  ) );
#1373 = PCURVE('',#209,#1374);
#1374 = DEFINITIONAL_REPRESENTATION('',(#1375),#1379);
#1375 = LINE('',#1376,#1377);
#1376 = CARTESIAN_POINT('',(0.,0.));
#1377 = VECTOR('',#1378,1.);
#1378 = DIRECTION('',(1.,0.));
#1379 = ( GEOMETRIC_REPRESENTATION_CONTEXT(2) 
PARAMETRIC_REPRESENTATION_CONTEXT() REPRESENTATION_CONTEXT('2D SPACE',''
  ) );
#1380 = ORIENTED_EDGE('',*,*,#1238,.F.);
#1381 = ADVANCED_FACE('',(#1382),#727,.T.);
#1382 = FACE_BOUND('',#1383,.T.);
#1383 = EDGE_LOOP('',(#1384,#1408,#1409,#1437));
#1384 = ORIENTED_EDGE('',*,*,#1385,.T.);
#1385 = EDGE_CURVE('',#1386,#713,#1388,.T.);
#1386 = VERTEX_POINT('',#1387);
#1387 = CARTESIAN_POINT('',(16.736115902123,44.987803063838,30.));
#1388 = SURFACE_CURVE('',#1389,(#1394,#1401),.PCURVE_S1.);
#1389 = CIRCLE('',#1390,48.);
#1390 = AXIS2_PLACEMENT_3D('',#1391,#1392,#1393);
#1391 = CARTESIAN_POINT('',(0.,0.,30.));
#1392 = DIRECTION('',(0.,-0.,1.));
#1393 = DIRECTION('',(0.348669081294,0.937245897163,0.));
#1394 = PCURVE('',#727,#1395);
#1395 = DEFINITIONAL_REPRESENTATION('',(#1396),#1400);
#1396 = LINE('',#1397,#1398);
#1397 = CARTESIAN_POINT('',(1.214645630416,1.));
#1398 = VECTOR('',#1399,1.);
#1399 = DIRECTION('',(1.,0.));
#1400 = ( GEOMETRIC_REPRESENTATION_CONTEXT(2) 
PARAMETRIC_REPRESENTATION_CONTEXT() REPRESENTATION_CONTEXT('2D SPACE',''
  ) );
#1401 = PCURVE('',#314,#1402);
#1402 = DEFINITIONAL_REPRESENTATION('',(#1403),#1407);
#1403 = CIRCLE('',#1404,48.);
#1404 = AXIS2_PLACEMENT_2D('',#1405,#1406);
#1405 = CARTESIAN_POINT('',(0.,0.));
#1406 = DIRECTION('',(0.348669081294,0.937245897163));
#1407 = ( GEOMETRIC_REPRESENTATION_CONTEXT(2) 
PARAMETRIC_REPRESENTATION_CONTEXT() REPRESENTATION_CONTEXT('2D SPACE',''
  ) );
#1408 = ORIENTED_EDGE('',*,*,#712,.T.);
#1409 = ORIENTED_EDGE('',*,*,#1410,.T.);
#1410 = EDGE_CURVE('',#691,#1411,#1413,.T.);
#1411 = VERTEX_POINT('',#1412);
#1412 = CARTESIAN_POINT('',(16.736115902123,44.987803063838,36.));
#1413 = SURFACE_CURVE('',#1414,(#1419,#1426),.PCURVE_S1.);
#1414 = CIRCLE('',#1415,48.);
#1415 = AXIS2_PLACEMENT_3D('',#1416,#1417,#1418);
#1416 = CARTESIAN_POINT('',(0.,0.,36.));
#1417 = DIRECTION('',(0.,0.,-1.));
#1418 = DIRECTION('',(0.637344215889,0.770579230497,0.));
#1419 = PCURVE('',#727,#1420);
#1420 = DEFINITIONAL_REPRESENTATION('',(#1421),#1425);
#1421 = LINE('',#1422,#1423);
#1422 = CARTESIAN_POINT('',(7.162934779156,7.));
#1423 = VECTOR('',#1424,1.);
#1424 = DIRECTION('',(-1.,-0.));
#1425 = ( GEOMETRIC_REPRESENTATION_CONTEXT(2) 
PARAMETRIC_REPRESENTATION_CONTEXT() REPRESENTATION_CONTEXT('2D SPACE',''
  ) );
#1426 = PCURVE('',#261,#1427);
#1427 = DEFINITIONAL_REPRESENTATION('',(#1428),#1436);
#1428 = ( BOUNDED_CURVE() B_SPLINE_CURVE(2,(#1429,#1430,#1431,#1432,
#1433,#1434,#1435),.UNSPECIFIED.,.T.,.F.) B_SPLINE_CURVE_WITH_KNOTS((1,2
    ,2,2,2,1),(-2.094395102393,0.,2.094395102393,4.188790204786,
6.28318530718,8.377580409573),.UNSPECIFIED.) CURVE() 
GEOMETRIC_REPRESENTATION_ITEM() RATIONAL_B_SPLINE_CURVE((1.,0.5,1.,0.5,
1.,0.5,1.)) REPRESENTATION_ITEM('') );
#1429 = CARTESIAN_POINT('',(-8.671361735203,11.));
#1430 = CARTESIAN_POINT('',(-22.52776819575,-70.97560612767));
#1431 = CARTESIAN_POINT('',(-86.59252236267,-17.98780306383));
#1432 = CARTESIAN_POINT('',(-150.6572765295,35.));
#1433 = CARTESIAN_POINT('',(-72.73611590212,63.987803063838));
#1434 = CARTESIAN_POINT('',(5.185044725348,92.975606127677));
#1435 = CARTESIAN_POINT('',(-8.671361735203,11.));
#1436 = ( GEOMETRIC_REPRESENTATION_CONTEXT(2) 
PARAMETRIC_REPRESENTATION_CONTEXT() REPRESENTATION_CONTEXT('2D SPACE',''
  ) );
#1437 = ORIENTED_EDGE('',*,*,#1438,.F.);
#1438 = EDGE_CURVE('',#1386,#1411,#1439,.T.);
#1439 = SURFACE_CURVE('',#1440,(#1444,#1450),.PCURVE_S1.);
#1440 = LINE('',#1441,#1442);
#1441 = CARTESIAN_POINT('',(16.736115902123,44.987803063838,29.));
#1442 = VECTOR('',#1443,1.);
#1443 = DIRECTION('',(0.,0.,1.));
#1444 = PCURVE('',#727,#1445);
#1445 = DEFINITIONAL_REPRESENTATION('',(#1446),#1449);
#1446 = B_SPLINE_CURVE_WITH_KNOTS('',1,(#1447,#1448),.UNSPECIFIED.,.F.,
  .F.,(2,2),(1.,7.),.PIECEWISE_BEZIER_KNOTS.);
#1447 = CARTESIAN_POINT('',(1.214645630416,1.));
#1448 = CARTESIAN_POINT('',(1.214645630416,7.));
#1449 = ( GEOMETRIC_REPRESENTATION_CONTEXT(2) 
PARAMETRIC_REPRESENTATION_CONTEXT() REPRESENTATION_CONTEXT('2D SPACE',''
  ) );
#1450 = PCURVE('',#1451,#1456);
#1451 = PLANE('',#1452);
#1452 = AXIS2_PLACEMENT_3D('',#1453,#1454,#1455);
#1453 = CARTESIAN_POINT('',(15.071796769724,42.105117766515,29.));
#1454 = DIRECTION('',(-0.866025403784,0.5,0.));
#1455 = DIRECTION('',(0.,0.,1.));
#1456 = DEFINITIONAL_REPRESENTATION('',(#1457),#1460);
#1457 = B_SPLINE_CURVE_WITH_KNOTS('',1,(#1458,#1459),.UNSPECIFIED.,.F.,
  .F.,(2,2),(0.9999994,7.0000006),.PIECEWISE_BEZIER_KNOTS.);
#1458 = CARTESIAN_POINT('',(0.9999994,3.328638264797));
#1459 = CARTESIAN_POINT('',(7.0000006,3.328638264797));
#1460 = ( GEOMETRIC_REPRESENTATION_CONTEXT(2) 
PARAMETRIC_REPRESENTATION_CONTEXT() REPRESENTATION_CONTEXT('2D SPACE',''
  ) );
#1461 = ADVANCED_FACE('',(#1462),#1451,.T.);
#1462 = FACE_BOUND('',#1463,.T.);
#1463 = EDGE_LOOP('',(#1464,#1494,#1513,#1514,#1536,#1562,#1588));
#1464 = ORIENTED_EDGE('',*,*,#1465,.F.);
#1465 = EDGE_CURVE('',#1466,#1468,#1470,.T.);
#1466 = VERTEX_POINT('',#1467);
#1467 = CARTESIAN_POINT('',(24.071796769725,57.693575034635,30.));
#1468 = VERTEX_POINT('',#1469);
#1469 = CARTESIAN_POINT('',(24.071796769725,57.693575034635,
    33.139905451485));
#1470 = SURFACE_CURVE('',#1471,(#1475,#1482),.PCURVE_S1.);
#1471 = LINE('',#1472,#1473);
#1472 = CARTESIAN_POINT('',(24.071796769725,57.693575034635,29.));
#1473 = VECTOR('',#1474,1.);
#1474 = DIRECTION('',(0.,0.,1.));
#1475 = PCURVE('',#1451,#1476);
#1476 = DEFINITIONAL_REPRESENTATION('',(#1477),#1481);
#1477 = LINE('',#1478,#1479);
#1478 = CARTESIAN_POINT('',(0.,18.));
#1479 = VECTOR('',#1480,1.);
#1480 = DIRECTION('',(1.,0.));
#1481 = ( GEOMETRIC_REPRESENTATION_CONTEXT(2) 
PARAMETRIC_REPRESENTATION_CONTEXT() REPRESENTATION_CONTEXT('2D SPACE',''
  ) );
#1482 = PCURVE('',#1483,#1488);
#1483 = PLANE('',#1484);
#1484 = AXIS2_PLACEMENT_3D('',#1485,#1486,#1487);
#1485 = CARTESIAN_POINT('',(37.928203230276,49.693575034635,29.));
#1486 = DIRECTION('',(0.5,0.866025403784,0.));
#1487 = DIRECTION('',(0.,0.,1.));
#1488 = DEFINITIONAL_REPRESENTATION('',(#1489),#1493);
#1489 = LINE('',#1490,#1491);
#1490 = CARTESIAN_POINT('',(0.,-16.));
#1491 = VECTOR('',#1492,1.);
#1492 = DIRECTION('',(1.,0.));
#1493 = ( GEOMETRIC_REPRESENTATION_CONTEXT(2) 
PARAMETRIC_REPRESENTATION_CONTEXT() REPRESENTATION_CONTEXT('2D SPACE',''
  ) );
#1494 = ORIENTED_EDGE('',*,*,#1495,.T.);
#1495 = EDGE_CURVE('',#1466,#1386,#1496,.T.);
#1496 = SURFACE_CURVE('',#1497,(#1501,#1507),.PCURVE_S1.);
#1497 = LINE('',#1498,#1499);
#1498 = CARTESIAN_POINT('',(4.071796769724,23.052558883258,30.));
#1499 = VECTOR('',#1500,1.);
#1500 = DIRECTION('',(-0.5,-0.866025403784,0.));
#1501 = PCURVE('',#1451,#1502);
#1502 = DEFINITIONAL_REPRESENTATION('',(#1503),#1506);
#1503 = B_SPLINE_CURVE_WITH_KNOTS('',1,(#1504,#1505),.UNSPECIFIED.,.F.,
  .F.,(2,2),(-40.,-22.),.PIECEWISE_BEZIER_KNOTS.);
#1504 = CARTESIAN_POINT('',(1.,18.));
#1505 = CARTESIAN_POINT('',(1.,0.));
#1506 = ( GEOMETRIC_REPRESENTATION_CONTEXT(2) 
PARAMETRIC_REPRESENTATION_CONTEXT() REPRESENTATION_CONTEXT('2D SPACE',''
  ) );
#1507 = PCURVE('',#314,#1508);
#1508 = DEFINITIONAL_REPRESENTATION('',(#1509),#1512);
#1509 = B_SPLINE_CURVE_WITH_KNOTS('',1,(#1510,#1511),.UNSPECIFIED.,.F.,
  .F.,(2,2),(-40.,-22.),.PIECEWISE_BEZIER_KNOTS.);
#1510 = CARTESIAN_POINT('',(24.071796769725,57.693575034635));
#1511 = CARTESIAN_POINT('',(15.071796769724,42.105117766515));
#1512 = ( GEOMETRIC_REPRESENTATION_CONTEXT(2) 
PARAMETRIC_REPRESENTATION_CONTEXT() REPRESENTATION_CONTEXT('2D SPACE',''
  ) );
#1513 = ORIENTED_EDGE('',*,*,#1438,.T.);
#1514 = ORIENTED_EDGE('',*,*,#1515,.F.);
#1515 = EDGE_CURVE('',#1516,#1411,#1518,.T.);
#1516 = VERTEX_POINT('',#1517);
#1517 = CARTESIAN_POINT('',(21.948711305964,54.016283142592,36.));
#1518 = SURFACE_CURVE('',#1519,(#1523,#1529),.PCURVE_S1.);
#1519 = LINE('',#1520,#1521);
#1520 = CARTESIAN_POINT('',(4.071796769724,23.052558883258,36.));
#1521 = VECTOR('',#1522,1.);
#1522 = DIRECTION('',(-0.5,-0.866025403784,0.));
#1523 = PCURVE('',#1451,#1524);
#1524 = DEFINITIONAL_REPRESENTATION('',(#1525),#1528);
#1525 = B_SPLINE_CURVE_WITH_KNOTS('',1,(#1526,#1527),.UNSPECIFIED.,.F.,
  .F.,(2,2),(-40.,-22.),.PIECEWISE_BEZIER_KNOTS.);
#1526 = CARTESIAN_POINT('',(7.,18.));
#1527 = CARTESIAN_POINT('',(7.,0.));
#1528 = ( GEOMETRIC_REPRESENTATION_CONTEXT(2) 
PARAMETRIC_REPRESENTATION_CONTEXT() REPRESENTATION_CONTEXT('2D SPACE',''
  ) );
#1529 = PCURVE('',#261,#1530);
#1530 = DEFINITIONAL_REPRESENTATION('',(#1531),#1535);
#1531 = LINE('',#1532,#1533);
#1532 = CARTESIAN_POINT('',(-34.,27.));
#1533 = VECTOR('',#1534,1.);
#1534 = DIRECTION('',(-1.,0.));
#1535 = ( GEOMETRIC_REPRESENTATION_CONTEXT(2) 
PARAMETRIC_REPRESENTATION_CONTEXT() REPRESENTATION_CONTEXT('2D SPACE',''
  ) );
#1536 = ORIENTED_EDGE('',*,*,#1537,.F.);
#1537 = EDGE_CURVE('',#1538,#1516,#1540,.T.);
#1538 = VERTEX_POINT('',#1539);
#1539 = CARTESIAN_POINT('',(20.642622392719,51.754070785648,
    34.491858428704));
#1540 = SURFACE_CURVE('',#1541,(#1545,#1551),.PCURVE_S1.);
#1541 = LINE('',#1542,#1543);
#1542 = CARTESIAN_POINT('',(20.642622392719,51.754070785648,
    34.491858428704));
#1543 = VECTOR('',#1544,1.);
#1544 = DIRECTION('',(0.433012701892,0.75,0.5));
#1545 = PCURVE('',#1451,#1546);
#1546 = DEFINITIONAL_REPRESENTATION('',(#1547),#1550);
#1547 = B_SPLINE_CURVE_WITH_KNOTS('',1,(#1548,#1549),.UNSPECIFIED.,.F.,
  .F.,(2,2),(-6.000000044042E-07,4.216283142592),
  .PIECEWISE_BEZIER_KNOTS.);
#1548 = CARTESIAN_POINT('',(5.491858128704,11.141650726373));
#1549 = CARTESIAN_POINT('',(7.6,14.793059557021));
#1550 = ( GEOMETRIC_REPRESENTATION_CONTEXT(2) 
PARAMETRIC_REPRESENTATION_CONTEXT() REPRESENTATION_CONTEXT('2D SPACE',''
  ) );
#1551 = PCURVE('',#1552,#1557);
#1552 = CYLINDRICAL_SURFACE('',#1553,2.3);
#1553 = AXIS2_PLACEMENT_3D('',#1554,#1555,#1556);
#1554 = CARTESIAN_POINT('',(21.217622392719,52.75,32.5));
#1555 = DIRECTION('',(0.433012701892,0.75,0.5));
#1556 = DIRECTION('',(-0.866025403784,0.5,-2.775557561563E-17));
#1557 = DEFINITIONAL_REPRESENTATION('',(#1558),#1561);
#1558 = B_SPLINE_CURVE_WITH_KNOTS('',1,(#1559,#1560),.UNSPECIFIED.,.F.,
  .F.,(2,2),(-6.000000044042E-07,4.216283142592),
  .PIECEWISE_BEZIER_KNOTS.);
#1559 = CARTESIAN_POINT('',(7.853981633974,-6.000000011845E-07));
#1560 = CARTESIAN_POINT('',(7.853981633974,4.216283142592));
#1561 = ( GEOMETRIC_REPRESENTATION_CONTEXT(2) 
PARAMETRIC_REPRESENTATION_CONTEXT() REPRESENTATION_CONTEXT('2D SPACE',''
  ) );
#1562 = ORIENTED_EDGE('',*,*,#1563,.F.);
#1563 = EDGE_CURVE('',#1564,#1538,#1566,.T.);
#1564 = VERTEX_POINT('',#1565);
#1565 = CARTESIAN_POINT('',(21.792622392719,53.745929214352,
    30.508141571296));
#1566 = SURFACE_CURVE('',#1567,(#1571,#1577),.PCURVE_S1.);
#1567 = LINE('',#1568,#1569);
#1568 = CARTESIAN_POINT('',(20.828280304,52.075639720814,33.848720558371
    ));
#1569 = VECTOR('',#1570,1.);
#1570 = DIRECTION('',(-0.25,-0.433012701892,0.866025403784));
#1571 = PCURVE('',#1451,#1572);
#1572 = DEFINITIONAL_REPRESENTATION('',(#1573),#1576);
#1573 = B_SPLINE_CURVE_WITH_KNOTS('',1,(#1574,#1575),.UNSPECIFIED.,.F.,
  .F.,(2,2),(-3.857368354874,0.742631645126),.PIECEWISE_BEZIER_KNOTS.);
#1574 = CARTESIAN_POINT('',(1.508141571296,13.441651245989));
#1575 = CARTESIAN_POINT('',(5.491858428704,11.141651245989));
#1576 = ( GEOMETRIC_REPRESENTATION_CONTEXT(2) 
PARAMETRIC_REPRESENTATION_CONTEXT() REPRESENTATION_CONTEXT('2D SPACE',''
  ) );
#1577 = PCURVE('',#1578,#1583);
#1578 = PLANE('',#1579);
#1579 = AXIS2_PLACEMENT_3D('',#1580,#1581,#1582);
#1580 = CARTESIAN_POINT('',(21.217622392719,52.75,32.5));
#1581 = DIRECTION('',(0.433012701892,0.75,0.5));
#1582 = DIRECTION('',(-0.866025403784,0.5,-2.775557561563E-17));
#1583 = DEFINITIONAL_REPRESENTATION('',(#1584),#1587);
#1584 = B_SPLINE_CURVE_WITH_KNOTS('',1,(#1585,#1586),.UNSPECIFIED.,.F.,
  .F.,(2,2),(-3.857368354874,0.742631645126),.PIECEWISE_BEZIER_KNOTS.);
#1585 = CARTESIAN_POINT('',(-1.191659232832E-16,-2.3));
#1586 = CARTESIAN_POINT('',(-4.85087573414E-16,2.3));
#1587 = ( GEOMETRIC_REPRESENTATION_CONTEXT(2) 
PARAMETRIC_REPRESENTATION_CONTEXT() REPRESENTATION_CONTEXT('2D SPACE',''
  ) );
#1588 = ORIENTED_EDGE('',*,*,#1589,.T.);
#1589 = EDGE_CURVE('',#1564,#1468,#1590,.T.);
#1590 = SURFACE_CURVE('',#1591,(#1595,#1601),.PCURVE_S1.);
#1591 = LINE('',#1592,#1593);
#1592 = CARTESIAN_POINT('',(21.792622392719,53.745929214352,
    30.508141571296));
#1593 = VECTOR('',#1594,1.);
#1594 = DIRECTION('',(0.433012701892,0.75,0.5));
#1595 = PCURVE('',#1451,#1596);
#1596 = DEFINITIONAL_REPRESENTATION('',(#1597),#1600);
#1597 = B_SPLINE_CURVE_WITH_KNOTS('',1,(#1598,#1599),.UNSPECIFIED.,.F.,
  .F.,(2,2),(-5.999999972987E-07,6.957630689817),
  .PIECEWISE_BEZIER_KNOTS.);
#1598 = CARTESIAN_POINT('',(1.508141271296,13.441650726373));
#1599 = CARTESIAN_POINT('',(4.986956916204,19.46713617352));
#1600 = ( GEOMETRIC_REPRESENTATION_CONTEXT(2) 
PARAMETRIC_REPRESENTATION_CONTEXT() REPRESENTATION_CONTEXT('2D SPACE',''
  ) );
#1601 = PCURVE('',#1602,#1607);
#1602 = CYLINDRICAL_SURFACE('',#1603,2.3);
#1603 = AXIS2_PLACEMENT_3D('',#1604,#1605,#1606);
#1604 = CARTESIAN_POINT('',(21.217622392719,52.75,32.5));
#1605 = DIRECTION('',(0.433012701892,0.75,0.5));
#1606 = DIRECTION('',(-0.866025403784,0.5,-2.775557561563E-17));
#1607 = DEFINITIONAL_REPRESENTATION('',(#1608),#1611);
#1608 = B_SPLINE_CURVE_WITH_KNOTS('',1,(#1609,#1610),.UNSPECIFIED.,.F.,
  .F.,(2,2),(-5.999999972987E-07,6.957630689817),
  .PIECEWISE_BEZIER_KNOTS.);
#1609 = CARTESIAN_POINT('',(4.712388980385,-5.99999998742E-07));
#1610 = CARTESIAN_POINT('',(4.712388980385,6.957630689817));
#1611 = ( GEOMETRIC_REPRESENTATION_CONTEXT(2) 
PARAMETRIC_REPRESENTATION_CONTEXT() REPRESENTATION_CONTEXT('2D SPACE',''
  ) );
#1612 = ADVANCED_FACE('',(#1613),#1552,.F.);
#1613 = FACE_BOUND('',#1614,.F.);
#1614 = EDGE_LOOP('',(#1615,#1643,#1669,#1704));
#1615 = ORIENTED_EDGE('',*,*,#1616,.F.);
#1616 = EDGE_CURVE('',#1617,#1538,#1619,.T.);
#1617 = VERTEX_POINT('',#1618);
#1618 = CARTESIAN_POINT('',(22.01700762679,51.253325840232,
    34.052723319536));
#1619 = SURFACE_CURVE('',#1620,(#1625,#1632),.PCURVE_S1.);
#1620 = CIRCLE('',#1621,2.3);
#1621 = AXIS2_PLACEMENT_3D('',#1622,#1623,#1624);
#1622 = CARTESIAN_POINT('',(21.217622392719,52.75,32.5));
#1623 = DIRECTION('',(-0.433012701892,-0.75,-0.5));
#1624 = DIRECTION('',(0.347558797422,-0.650727895551,0.67509709545));
#1625 = PCURVE('',#1552,#1626);
#1626 = DEFINITIONAL_REPRESENTATION('',(#1627),#1631);
#1627 = LINE('',#1628,#1629);
#1628 = CARTESIAN_POINT('',(8.530854905636,0.));
#1629 = VECTOR('',#1630,1.);
#1630 = DIRECTION('',(-1.,-0.));
#1631 = ( GEOMETRIC_REPRESENTATION_CONTEXT(2) 
PARAMETRIC_REPRESENTATION_CONTEXT() REPRESENTATION_CONTEXT('2D SPACE',''
  ) );
#1632 = PCURVE('',#1578,#1633);
#1633 = DEFINITIONAL_REPRESENTATION('',(#1634),#1642);
#1634 = ( BOUNDED_CURVE() B_SPLINE_CURVE(2,(#1635,#1636,#1637,#1638,
#1639,#1640,#1641),.UNSPECIFIED.,.T.,.F.) B_SPLINE_CURVE_WITH_KNOTS((1,2
    ,2,2,2,1),(-2.094395102393,0.,2.094395102393,4.188790204786,
6.28318530718,8.377580409573),.UNSPECIFIED.) CURVE() 
GEOMETRIC_REPRESENTATION_ITEM() RATIONAL_B_SPLINE_CURVE((1.,0.5,1.,0.5,
1.,0.5,1.)) REPRESENTATION_ITEM('') );
#1635 = CARTESIAN_POINT('',(-1.440625,1.792930453022));
#1636 = CARTESIAN_POINT('',(1.664821639072,4.288166147676));
#1637 = CARTESIAN_POINT('',(2.273035819536,0.351152620816));
#1638 = CARTESIAN_POINT('',(2.88125,-3.585860906045));
#1639 = CARTESIAN_POINT('',(-0.832410819536,-2.144083073838));
#1640 = CARTESIAN_POINT('',(-4.546071639072,-0.702305241632));
#1641 = CARTESIAN_POINT('',(-1.440625,1.792930453022));
#1642 = ( GEOMETRIC_REPRESENTATION_CONTEXT(2) 
PARAMETRIC_REPRESENTATION_CONTEXT() REPRESENTATION_CONTEXT('2D SPACE',''
  ) );
#1643 = ORIENTED_EDGE('',*,*,#1644,.T.);
#1644 = EDGE_CURVE('',#1617,#1645,#1647,.T.);
#1645 = VERTEX_POINT('',#1646);
#1646 = CARTESIAN_POINT('',(23.703398700269,54.174240860928,36.));
#1647 = SURFACE_CURVE('',#1648,(#1652,#1658),.PCURVE_S1.);
#1648 = LINE('',#1649,#1650);
#1649 = CARTESIAN_POINT('',(17.686880607868,43.753325840232,
    29.052723319536));
#1650 = VECTOR('',#1651,1.);
#1651 = DIRECTION('',(0.433012701892,0.75,0.5));
#1652 = PCURVE('',#1552,#1653);
#1653 = DEFINITIONAL_REPRESENTATION('',(#1654),#1657);
#1654 = B_SPLINE_CURVE_WITH_KNOTS('',1,(#1655,#1656),.UNSPECIFIED.,.F.,
  .F.,(2,2),(10.,13.894553360928),.PIECEWISE_BEZIER_KNOTS.);
#1655 = CARTESIAN_POINT('',(8.530854905636,0.));
#1656 = CARTESIAN_POINT('',(8.530854905636,3.894553360928));
#1657 = ( GEOMETRIC_REPRESENTATION_CONTEXT(2) 
PARAMETRIC_REPRESENTATION_CONTEXT() REPRESENTATION_CONTEXT('2D SPACE',''
  ) );
#1658 = PCURVE('',#1659,#1664);
#1659 = CYLINDRICAL_SURFACE('',#1660,6.8);
#1660 = AXIS2_PLACEMENT_3D('',#1661,#1662,#1663);
#1661 = CARTESIAN_POINT('',(23.815698604072,41.25,27.5));
#1662 = DIRECTION('',(0.433012701892,0.75,0.5));
#1663 = DIRECTION('',(-0.866025403784,0.5,-2.775557561563E-17));
#1664 = DEFINITIONAL_REPRESENTATION('',(#1665),#1668);
#1665 = B_SPLINE_CURVE_WITH_KNOTS('',1,(#1666,#1667),.UNSPECIFIED.,.F.,
  .F.,(2,2),(9.9999994,16.0000006),.PIECEWISE_BEZIER_KNOTS.);
#1666 = CARTESIAN_POINT('',(0.266820975866,9.9999994));
#1667 = CARTESIAN_POINT('',(0.266820975866,16.0000006));
#1668 = ( GEOMETRIC_REPRESENTATION_CONTEXT(2) 
PARAMETRIC_REPRESENTATION_CONTEXT() REPRESENTATION_CONTEXT('2D SPACE',''
  ) );
#1669 = ORIENTED_EDGE('',*,*,#1670,.F.);
#1670 = EDGE_CURVE('',#1516,#1645,#1671,.T.);
#1671 = SURFACE_CURVE('',#1672,(#1677,#1697),.PCURVE_S1.);
#1672 = ELLIPSE('',#1673,4.6,2.3);
#1673 = AXIS2_PLACEMENT_3D('',#1674,#1675,#1676);
#1674 = CARTESIAN_POINT('',(24.248711305964,58.,36.));
#1675 = DIRECTION('',(0.,0.,1.));
#1676 = DIRECTION('',(0.5,0.866025403784,-0.));
#1677 = PCURVE('',#1552,#1678);
#1678 = DEFINITIONAL_REPRESENTATION('',(#1679),#1696);
#1679 = B_SPLINE_CURVE_WITH_KNOTS('',8,(#1680,#1681,#1682,#1683,#1684,
    #1685,#1686,#1687,#1688,#1689,#1690,#1691,#1692,#1693,#1694,#1695),
  .UNSPECIFIED.,.F.,.F.,(9,7,9),(1.570796326795,3.141592728896,
    3.818465925252),.UNSPECIFIED.);
#1680 = CARTESIAN_POINT('',(6.28318530718,7.));
#1681 = CARTESIAN_POINT('',(6.479534857442,6.217798986674));
#1682 = CARTESIAN_POINT('',(6.675884407705,5.435597787636));
#1683 = CARTESIAN_POINT('',(6.872233957965,4.699350580018));
#1684 = CARTESIAN_POINT('',(7.068583508228,4.055002329791));
#1685 = CARTESIAN_POINT('',(7.26493305849,3.54285849685));
#1686 = CARTESIAN_POINT('',(7.461282608756,3.191808697662));
#1687 = CARTESIAN_POINT('',(7.657632159018,3.016283083687));
#1688 = CARTESIAN_POINT('',(7.938590858825,3.016283167974));
#1689 = CARTESIAN_POINT('',(8.023200008369,3.048875529012));
#1690 = CARTESIAN_POINT('',(8.107809157914,3.114060106121));
#1691 = CARTESIAN_POINT('',(8.192418307458,3.211339299525));
#1692 = CARTESIAN_POINT('',(8.277027457002,3.339717571654));
#1693 = CARTESIAN_POINT('',(8.361636606545,3.497720672392));
#1694 = CARTESIAN_POINT('',(8.446245756089,3.683433604498));
#1695 = CARTESIAN_POINT('',(8.530854905633,3.894553370528));
#1696 = ( GEOMETRIC_REPRESENTATION_CONTEXT(2) 
PARAMETRIC_REPRESENTATION_CONTEXT() REPRESENTATION_CONTEXT('2D SPACE',''
  ) );
#1697 = PCURVE('',#261,#1698);
#1698 = DEFINITIONAL_REPRESENTATION('',(#1699),#1703);
#1699 = ELLIPSE('',#1700,4.6,2.3);
#1700 = AXIS2_PLACEMENT_2D('',#1701,#1702);
#1701 = CARTESIAN_POINT('',(6.35382907248,27.));
#1702 = DIRECTION('',(1.,0.));
#1703 = ( GEOMETRIC_REPRESENTATION_CONTEXT(2) 
PARAMETRIC_REPRESENTATION_CONTEXT() REPRESENTATION_CONTEXT('2D SPACE',''
  ) );
#1704 = ORIENTED_EDGE('',*,*,#1537,.F.);
#1705 = ADVANCED_FACE('',(#1706),#1659,.F.);
#1706 = FACE_BOUND('',#1707,.F.);
#1707 = EDGE_LOOP('',(#1708,#1737,#1760,#1784,#1805,#1833,#1862,#1891,
    #1921,#1954,#1980,#2009,#2035,#2063,#2096,#2131,#2160,#2190,#2218,
    #2244,#2245,#2267));
#1708 = ORIENTED_EDGE('',*,*,#1709,.T.);
#1709 = EDGE_CURVE('',#1710,#1710,#1712,.T.);
#1710 = VERTEX_POINT('',#1711);
#1711 = CARTESIAN_POINT('',(17.926725858338,44.65,27.5));
#1712 = SURFACE_CURVE('',#1713,(#1718,#1725),.PCURVE_S1.);
#1713 = CIRCLE('',#1714,6.8);
#1714 = AXIS2_PLACEMENT_3D('',#1715,#1716,#1717);
#1715 = CARTESIAN_POINT('',(23.815698604072,41.25,27.5));
#1716 = DIRECTION('',(0.433012701892,0.75,0.5));
#1717 = DIRECTION('',(-0.866025403784,0.5,-2.775557561563E-17));
#1718 = PCURVE('',#1659,#1719);
#1719 = DEFINITIONAL_REPRESENTATION('',(#1720),#1724);
#1720 = LINE('',#1721,#1722);
#1721 = CARTESIAN_POINT('',(0.,0.));
#1722 = VECTOR('',#1723,1.);
#1723 = DIRECTION('',(1.,0.));
#1724 = ( GEOMETRIC_REPRESENTATION_CONTEXT(2) 
PARAMETRIC_REPRESENTATION_CONTEXT() REPRESENTATION_CONTEXT('2D SPACE',''
  ) );
#1725 = PCURVE('',#1726,#1731);
#1726 = PLANE('',#1727);
#1727 = AXIS2_PLACEMENT_3D('',#1728,#1729,#1730);
#1728 = CARTESIAN_POINT('',(23.815698604072,41.25,27.5));
#1729 = DIRECTION('',(0.433012701892,0.75,0.5));
#1730 = DIRECTION('',(-0.866025403784,0.5,-2.775557561563E-17));
#1731 = DEFINITIONAL_REPRESENTATION('',(#1732),#1736);
#1732 = CIRCLE('',#1733,6.8);
#1733 = AXIS2_PLACEMENT_2D('',#1734,#1735);
#1734 = CARTESIAN_POINT('',(0.,0.));
#1735 = DIRECTION('',(1.,0.));
#1736 = ( GEOMETRIC_REPRESENTATION_CONTEXT(2) 
PARAMETRIC_REPRESENTATION_CONTEXT() REPRESENTATION_CONTEXT('2D SPACE',''
  ) );
#1737 = ORIENTED_EDGE('',*,*,#1738,.T.);
#1738 = EDGE_CURVE('',#1710,#1739,#1741,.T.);
#1739 = VERTEX_POINT('',#1740);
#1740 = CARTESIAN_POINT('',(22.25685287726,52.15,32.5));
#1741 = SEAM_CURVE('',#1742,(#1746,#1753),.PCURVE_S1.);
#1742 = LINE('',#1743,#1744);
#1743 = CARTESIAN_POINT('',(17.926725858338,44.65,27.5));
#1744 = VECTOR('',#1745,1.);
#1745 = DIRECTION('',(0.433012701892,0.75,0.5));
#1746 = PCURVE('',#1659,#1747);
#1747 = DEFINITIONAL_REPRESENTATION('',(#1748),#1752);
#1748 = LINE('',#1749,#1750);
#1749 = CARTESIAN_POINT('',(0.,-0.));
#1750 = VECTOR('',#1751,1.);
#1751 = DIRECTION('',(0.,1.));
#1752 = ( GEOMETRIC_REPRESENTATION_CONTEXT(2) 
PARAMETRIC_REPRESENTATION_CONTEXT() REPRESENTATION_CONTEXT('2D SPACE',''
  ) );
#1753 = PCURVE('',#1659,#1754);
#1754 = DEFINITIONAL_REPRESENTATION('',(#1755),#1759);
#1755 = LINE('',#1756,#1757);
#1756 = CARTESIAN_POINT('',(6.28318530718,-0.));
#1757 = VECTOR('',#1758,1.);
#1758 = DIRECTION('',(0.,1.));
#1759 = ( GEOMETRIC_REPRESENTATION_CONTEXT(2) 
PARAMETRIC_REPRESENTATION_CONTEXT() REPRESENTATION_CONTEXT('2D SPACE',''
  ) );
#1760 = ORIENTED_EDGE('',*,*,#1761,.F.);
#1761 = EDGE_CURVE('',#1762,#1739,#1764,.T.);
#1762 = VERTEX_POINT('',#1763);
#1763 = CARTESIAN_POINT('',(22.913472853301,52.806049159768,
    30.947276680464));
#1764 = SURFACE_CURVE('',#1765,(#1770,#1777),.PCURVE_S1.);
#1765 = CIRCLE('',#1766,6.8);
#1766 = AXIS2_PLACEMENT_3D('',#1767,#1768,#1769);
#1767 = CARTESIAN_POINT('',(28.145825622994,48.75,32.5));
#1768 = DIRECTION('',(0.433012701892,0.75,0.5));
#1769 = DIRECTION('',(-0.866025403784,0.5,-2.775557561563E-17));
#1770 = PCURVE('',#1659,#1771);
#1771 = DEFINITIONAL_REPRESENTATION('',(#1772),#1776);
#1772 = LINE('',#1773,#1774);
#1773 = CARTESIAN_POINT('',(0.,10.));
#1774 = VECTOR('',#1775,1.);
#1775 = DIRECTION('',(1.,0.));
#1776 = ( GEOMETRIC_REPRESENTATION_CONTEXT(2) 
PARAMETRIC_REPRESENTATION_CONTEXT() REPRESENTATION_CONTEXT('2D SPACE',''
  ) );
#1777 = PCURVE('',#1578,#1778);
#1778 = DEFINITIONAL_REPRESENTATION('',(#1779),#1783);
#1779 = CIRCLE('',#1780,6.8);
#1780 = AXIS2_PLACEMENT_2D('',#1781,#1782);
#1781 = CARTESIAN_POINT('',(-8.,0.));
#1782 = DIRECTION('',(1.,0.));
#1783 = ( GEOMETRIC_REPRESENTATION_CONTEXT(2) 
PARAMETRIC_REPRESENTATION_CONTEXT() REPRESENTATION_CONTEXT('2D SPACE',''
  ) );
#1784 = ORIENTED_EDGE('',*,*,#1785,.T.);
#1785 = EDGE_CURVE('',#1762,#1786,#1788,.T.);
#1786 = VERTEX_POINT('',#1787);
#1787 = CARTESIAN_POINT('',(25.319414617051,56.973262534635,
    33.725418930375));
#1788 = SURFACE_CURVE('',#1789,(#1793,#1799),.PCURVE_S1.);
#1789 = LINE('',#1790,#1791);
#1790 = CARTESIAN_POINT('',(18.583345834379,45.306049159768,
    25.947276680464));
#1791 = VECTOR('',#1792,1.);
#1792 = DIRECTION('',(0.433012701892,0.75,0.5));
#1793 = PCURVE('',#1659,#1794);
#1794 = DEFINITIONAL_REPRESENTATION('',(#1795),#1798);
#1795 = B_SPLINE_CURVE_WITH_KNOTS('',1,(#1796,#1797),.UNSPECIFIED.,.F.,
  .F.,(2,2),(9.9999994,16.0000006),.PIECEWISE_BEZIER_KNOTS.);
#1796 = CARTESIAN_POINT('',(6.016364331314,9.9999994));
#1797 = CARTESIAN_POINT('',(6.016364331314,16.0000006));
#1798 = ( GEOMETRIC_REPRESENTATION_CONTEXT(2) 
PARAMETRIC_REPRESENTATION_CONTEXT() REPRESENTATION_CONTEXT('2D SPACE',''
  ) );
#1799 = PCURVE('',#1602,#1800);
#1800 = DEFINITIONAL_REPRESENTATION('',(#1801),#1804);
#1801 = B_SPLINE_CURVE_WITH_KNOTS('',1,(#1802,#1803),.UNSPECIFIED.,.F.,
  .F.,(2,2),(10.,16.),.PIECEWISE_BEZIER_KNOTS.);
#1802 = CARTESIAN_POINT('',(4.035515708723,0.));
#1803 = CARTESIAN_POINT('',(4.035515708723,6.));
#1804 = ( GEOMETRIC_REPRESENTATION_CONTEXT(2) 
PARAMETRIC_REPRESENTATION_CONTEXT() REPRESENTATION_CONTEXT('2D SPACE',''
  ) );
#1805 = ORIENTED_EDGE('',*,*,#1806,.F.);
#1806 = EDGE_CURVE('',#1807,#1786,#1809,.T.);
#1807 = VERTEX_POINT('',#1808);
#1808 = CARTESIAN_POINT('',(27.02691073857,55.987439189236,30.));
#1809 = SURFACE_CURVE('',#1810,(#1815,#1826),.PCURVE_S1.);
#1810 = ELLIPSE('',#1811,7.851963660979,6.8);
#1811 = AXIS2_PLACEMENT_3D('',#1812,#1813,#1814);
#1812 = CARTESIAN_POINT('',(31.,53.693575034635,35.795716689757));
#1813 = DIRECTION('',(0.5,0.866025403784,0.));
#1814 = DIRECTION('',(-0.,0.,1.));
#1815 = PCURVE('',#1659,#1816);
#1816 = DEFINITIONAL_REPRESENTATION('',(#1817),#1825);
#1817 = B_SPLINE_CURVE_WITH_KNOTS('',6,(#1818,#1819,#1820,#1821,#1822,
    #1823,#1824),.UNSPECIFIED.,.F.,.F.,(7,7),(3.760457967986,
    4.561167457718),.PIECEWISE_BEZIER_KNOTS.);
#1818 = CARTESIAN_POINT('',(5.331254294781,13.393575034635));
#1819 = CARTESIAN_POINT('',(5.464705876403,13.697511864035));
#1820 = CARTESIAN_POINT('',(5.598157458025,14.069789942798));
#1821 = CARTESIAN_POINT('',(5.731609039647,14.500671733899));
#1822 = CARTESIAN_POINT('',(5.865060621269,14.976742431451));
#1823 = CARTESIAN_POINT('',(5.998512202891,15.48205129288));
#1824 = CARTESIAN_POINT('',(6.131963784513,16.0000006));
#1825 = ( GEOMETRIC_REPRESENTATION_CONTEXT(2) 
PARAMETRIC_REPRESENTATION_CONTEXT() REPRESENTATION_CONTEXT('2D SPACE',''
  ) );
#1826 = PCURVE('',#1483,#1827);
#1827 = DEFINITIONAL_REPRESENTATION('',(#1828),#1832);
#1828 = ELLIPSE('',#1829,7.851963660979,6.8);
#1829 = AXIS2_PLACEMENT_2D('',#1830,#1831);
#1830 = CARTESIAN_POINT('',(6.795716689757,-8.));
#1831 = DIRECTION('',(1.,0.));
#1832 = ( GEOMETRIC_REPRESENTATION_CONTEXT(2) 
PARAMETRIC_REPRESENTATION_CONTEXT() REPRESENTATION_CONTEXT('2D SPACE',''
  ) );
#1833 = ORIENTED_EDGE('',*,*,#1834,.F.);
#1834 = EDGE_CURVE('',#1835,#1807,#1837,.T.);
#1835 = VERTEX_POINT('',#1836);
#1836 = CARTESIAN_POINT('',(30.226858556634,57.215181742237,30.));
#1837 = SURFACE_CURVE('',#1838,(#1843,#1855),.PCURVE_S1.);
#1838 = ELLIPSE('',#1839,13.6,6.8);
#1839 = AXIS2_PLACEMENT_3D('',#1840,#1841,#1842);
#1840 = CARTESIAN_POINT('',(25.980762113533,45.,30.));
#1841 = DIRECTION('',(0.,0.,1.));
#1842 = DIRECTION('',(0.5,0.866025403784,-0.));
#1843 = PCURVE('',#1659,#1844);
#1844 = DEFINITIONAL_REPRESENTATION('',(#1845),#1854);
#1845 = B_SPLINE_CURVE_WITH_KNOTS('',7,(#1846,#1847,#1848,#1849,#1850,
    #1851,#1852,#1853),.UNSPECIFIED.,.F.,.F.,(8,8),(0.365489239151,
    1.570796326795),.PIECEWISE_BEZIER_KNOTS.);
#1846 = CARTESIAN_POINT('',(5.077878219536,16.0000006));
#1847 = CARTESIAN_POINT('',(5.250064946342,15.275178598856));
#1848 = CARTESIAN_POINT('',(5.422251673149,14.169869274917));
#1849 = CARTESIAN_POINT('',(5.594438399954,12.719182356524));
#1850 = CARTESIAN_POINT('',(5.766625126763,10.985815560469));
#1851 = CARTESIAN_POINT('',(5.938811853566,9.056010728961));
#1852 = CARTESIAN_POINT('',(6.110998580373,7.028005882678));
#1853 = CARTESIAN_POINT('',(6.28318530718,5.));
#1854 = ( GEOMETRIC_REPRESENTATION_CONTEXT(2) 
PARAMETRIC_REPRESENTATION_CONTEXT() REPRESENTATION_CONTEXT('2D SPACE',''
  ) );
#1855 = PCURVE('',#314,#1856);
#1856 = DEFINITIONAL_REPRESENTATION('',(#1857),#1861);
#1857 = ELLIPSE('',#1858,13.6,6.8);
#1858 = AXIS2_PLACEMENT_2D('',#1859,#1860);
#1859 = CARTESIAN_POINT('',(25.980762113533,45.));
#1860 = DIRECTION('',(0.5,0.866025403784));
#1861 = ( GEOMETRIC_REPRESENTATION_CONTEXT(2) 
PARAMETRIC_REPRESENTATION_CONTEXT() REPRESENTATION_CONTEXT('2D SPACE',''
  ) );
#1862 = ORIENTED_EDGE('',*,*,#1863,.F.);
#1863 = EDGE_CURVE('',#1864,#1835,#1866,.T.);
#1864 = VERTEX_POINT('',#1865);
#1865 = CARTESIAN_POINT('',(34.436371592604,54.784818257763,30.));
#1866 = SURFACE_CURVE('',#1867,(#1872,#1879),.PCURVE_S1.);
#1867 = CIRCLE('',#1868,6.8);
#1868 = AXIS2_PLACEMENT_3D('',#1869,#1870,#1871);
#1869 = CARTESIAN_POINT('',(30.743901834348,53.25,35.5));
#1870 = DIRECTION('',(0.433012701892,0.75,0.5));
#1871 = DIRECTION('',(-0.866025403784,0.5,-2.775557561563E-17));
#1872 = PCURVE('',#1659,#1873);
#1873 = DEFINITIONAL_REPRESENTATION('',(#1874),#1878);
#1874 = LINE('',#1875,#1876);
#1875 = CARTESIAN_POINT('',(0.,16.));
#1876 = VECTOR('',#1877,1.);
#1877 = DIRECTION('',(1.,0.));
#1878 = ( GEOMETRIC_REPRESENTATION_CONTEXT(2) 
PARAMETRIC_REPRESENTATION_CONTEXT() REPRESENTATION_CONTEXT('2D SPACE',''
  ) );
#1879 = PCURVE('',#1880,#1885);
#1880 = PLANE('',#1881);
#1881 = AXIS2_PLACEMENT_3D('',#1882,#1883,#1884);
#1882 = CARTESIAN_POINT('',(30.743901834348,53.25,35.5));
#1883 = DIRECTION('',(0.433012701892,0.75,0.5));
#1884 = DIRECTION('',(-0.866025403784,0.5,-2.775557561563E-17));
#1885 = DEFINITIONAL_REPRESENTATION('',(#1886),#1890);
#1886 = CIRCLE('',#1887,6.8);
#1887 = AXIS2_PLACEMENT_2D('',#1888,#1889);
#1888 = CARTESIAN_POINT('',(0.,0.));
#1889 = DIRECTION('',(1.,0.));
#1890 = ( GEOMETRIC_REPRESENTATION_CONTEXT(2) 
PARAMETRIC_REPRESENTATION_CONTEXT() REPRESENTATION_CONTEXT('2D SPACE',''
  ) );
#1891 = ORIENTED_EDGE('',*,*,#1892,.F.);
#1892 = EDGE_CURVE('',#1893,#1864,#1895,.T.);
#1893 = VERTEX_POINT('',#1894);
#1894 = CARTESIAN_POINT('',(34.97308926143,51.399710880034,30.));
#1895 = SURFACE_CURVE('',#1896,(#1901,#1914),.PCURVE_S1.);
#1896 = ELLIPSE('',#1897,13.6,6.8);
#1897 = AXIS2_PLACEMENT_3D('',#1898,#1899,#1900);
#1898 = CARTESIAN_POINT('',(25.980762113533,45.,30.));
#1899 = DIRECTION('',(0.,0.,1.));
#1900 = DIRECTION('',(0.5,0.866025403784,-0.));
#1901 = PCURVE('',#1659,#1902);
#1902 = DEFINITIONAL_REPRESENTATION('',(#1903),#1913);
#1903 = B_SPLINE_CURVE_WITH_KNOTS('',8,(#1904,#1905,#1906,#1907,#1908,
    #1909,#1910,#1911,#1912),.UNSPECIFIED.,.F.,.F.,(9,9),(4.273954753487
    ,5.917696068028),.PIECEWISE_BEZIER_KNOTS.);
#1904 = CARTESIAN_POINT('',(2.703158426693,-5.999999999062E-07));
#1905 = CARTESIAN_POINT('',(2.90862609101,2.191097882664));
#1906 = CARTESIAN_POINT('',(3.114093755326,4.623437222678));
#1907 = CARTESIAN_POINT('',(3.319561419643,7.156053156588));
#1908 = CARTESIAN_POINT('',(3.52502908395,9.626305804071));
#1909 = CARTESIAN_POINT('',(3.730496748272,11.868709267823));
#1910 = CARTESIAN_POINT('',(3.935964412597,13.739435075711));
#1911 = CARTESIAN_POINT('',(4.141432076916,15.135082110733));
#1912 = CARTESIAN_POINT('',(4.346899741234,16.0000006));
#1913 = ( GEOMETRIC_REPRESENTATION_CONTEXT(2) 
PARAMETRIC_REPRESENTATION_CONTEXT() REPRESENTATION_CONTEXT('2D SPACE',''
  ) );
#1914 = PCURVE('',#314,#1915);
#1915 = DEFINITIONAL_REPRESENTATION('',(#1916),#1920);
#1916 = ELLIPSE('',#1917,13.6,6.8);
#1917 = AXIS2_PLACEMENT_2D('',#1918,#1919);
#1918 = CARTESIAN_POINT('',(25.980762113533,45.));
#1919 = DIRECTION('',(0.5,0.866025403784));
#1920 = ( GEOMETRIC_REPRESENTATION_CONTEXT(2) 
PARAMETRIC_REPRESENTATION_CONTEXT() REPRESENTATION_CONTEXT('2D SPACE',''
  ) );
#1921 = ORIENTED_EDGE('',*,*,#1922,.F.);
#1922 = EDGE_CURVE('',#1923,#1893,#1925,.T.);
#1923 = VERTEX_POINT('',#1924);
#1924 = CARTESIAN_POINT('',(36.680585382949,50.413887534635,
    33.725418930375));
#1925 = SURFACE_CURVE('',#1926,(#1931,#1942),.PCURVE_S1.);
#1926 = ELLIPSE('',#1927,7.851963660979,6.8);
#1927 = AXIS2_PLACEMENT_3D('',#1928,#1929,#1930);
#1928 = CARTESIAN_POINT('',(31.,53.693575034635,35.795716689757));
#1929 = DIRECTION('',(0.5,0.866025403784,0.));
#1930 = DIRECTION('',(-0.,0.,1.));
#1931 = PCURVE('',#1659,#1932);
#1932 = DEFINITIONAL_REPRESENTATION('',(#1933),#1941);
#1933 = B_SPLINE_CURVE_WITH_KNOTS('',6,(#1934,#1935,#1936,#1937,#1938,
    #1939,#1940),.UNSPECIFIED.,.F.,.F.,(7,7),(1.722017849462,
    2.522727339194),.PIECEWISE_BEZIER_KNOTS.);
#1934 = CARTESIAN_POINT('',(3.292814176257,16.0000006));
#1935 = CARTESIAN_POINT('',(3.426265757879,15.48205129288));
#1936 = CARTESIAN_POINT('',(3.559717339501,14.976742431452));
#1937 = CARTESIAN_POINT('',(3.693168921122,14.500671733899));
#1938 = CARTESIAN_POINT('',(3.826620502745,14.069789942798));
#1939 = CARTESIAN_POINT('',(3.960072084367,13.697511864035));
#1940 = CARTESIAN_POINT('',(4.093523665989,13.393575034635));
#1941 = ( GEOMETRIC_REPRESENTATION_CONTEXT(2) 
PARAMETRIC_REPRESENTATION_CONTEXT() REPRESENTATION_CONTEXT('2D SPACE',''
  ) );
#1942 = PCURVE('',#1943,#1948);
#1943 = PLANE('',#1944);
#1944 = AXIS2_PLACEMENT_3D('',#1945,#1946,#1947);
#1945 = CARTESIAN_POINT('',(37.928203230276,49.693575034635,29.));
#1946 = DIRECTION('',(0.5,0.866025403784,0.));
#1947 = DIRECTION('',(0.,0.,1.));
#1948 = DEFINITIONAL_REPRESENTATION('',(#1949),#1953);
#1949 = ELLIPSE('',#1950,7.851963660979,6.8);
#1950 = AXIS2_PLACEMENT_2D('',#1951,#1952);
#1951 = CARTESIAN_POINT('',(6.795716689757,-8.));
#1952 = DIRECTION('',(1.,0.));
#1953 = ( GEOMETRIC_REPRESENTATION_CONTEXT(2) 
PARAMETRIC_REPRESENTATION_CONTEXT() REPRESENTATION_CONTEXT('2D SPACE',''
  ) );
#1954 = ORIENTED_EDGE('',*,*,#1955,.F.);
#1955 = EDGE_CURVE('',#1956,#1923,#1958,.T.);
#1956 = VERTEX_POINT('',#1957);
#1957 = CARTESIAN_POINT('',(34.274643619198,46.246674159768,
    30.947276680464));
#1958 = SURFACE_CURVE('',#1959,(#1963,#1969),.PCURVE_S1.);
#1959 = LINE('',#1960,#1961);
#1960 = CARTESIAN_POINT('',(29.944516600276,38.746674159768,
    25.947276680464));
#1961 = VECTOR('',#1962,1.);
#1962 = DIRECTION('',(0.433012701892,0.75,0.5));
#1963 = PCURVE('',#1659,#1964);
#1964 = DEFINITIONAL_REPRESENTATION('',(#1965),#1968);
#1965 = B_SPLINE_CURVE_WITH_KNOTS('',1,(#1966,#1967),.UNSPECIFIED.,.F.,
  .F.,(2,2),(9.9999994,16.0000006),.PIECEWISE_BEZIER_KNOTS.);
#1966 = CARTESIAN_POINT('',(3.408413629456,9.9999994));
#1967 = CARTESIAN_POINT('',(3.408413629456,16.0000006));
#1968 = ( GEOMETRIC_REPRESENTATION_CONTEXT(2) 
PARAMETRIC_REPRESENTATION_CONTEXT() REPRESENTATION_CONTEXT('2D SPACE',''
  ) );
#1969 = PCURVE('',#1970,#1975);
#1970 = CYLINDRICAL_SURFACE('',#1971,2.3);
#1971 = AXIS2_PLACEMENT_3D('',#1972,#1973,#1974);
#1972 = CARTESIAN_POINT('',(35.07402885327,44.75,32.5));
#1973 = DIRECTION('',(0.433012701892,0.75,0.5));
#1974 = DIRECTION('',(-0.866025403784,0.5,-2.775557561563E-17));
#1975 = DEFINITIONAL_REPRESENTATION('',(#1976),#1979);
#1976 = B_SPLINE_CURVE_WITH_KNOTS('',1,(#1977,#1978),.UNSPECIFIED.,.F.,
  .F.,(2,2),(10.,16.),.PIECEWISE_BEZIER_KNOTS.);
#1977 = CARTESIAN_POINT('',(5.389262252046,0.));
#1978 = CARTESIAN_POINT('',(5.389262252046,6.));
#1979 = ( GEOMETRIC_REPRESENTATION_CONTEXT(2) 
PARAMETRIC_REPRESENTATION_CONTEXT() REPRESENTATION_CONTEXT('2D SPACE',''
  ) );
#1980 = ORIENTED_EDGE('',*,*,#1981,.F.);
#1981 = EDGE_CURVE('',#1982,#1956,#1984,.T.);
#1982 = VERTEX_POINT('',#1983);
#1983 = CARTESIAN_POINT('',(33.378178392687,44.693950840232,
    34.052723319536));
#1984 = SURFACE_CURVE('',#1985,(#1990,#1997),.PCURVE_S1.);
#1985 = CIRCLE('',#1986,6.8);
#1986 = AXIS2_PLACEMENT_3D('',#1987,#1988,#1989);
#1987 = CARTESIAN_POINT('',(28.145825622994,48.75,32.5));
#1988 = DIRECTION('',(0.433012701892,0.75,0.5));
#1989 = DIRECTION('',(-0.866025403784,0.5,-2.775557561563E-17));
#1990 = PCURVE('',#1659,#1991);
#1991 = DEFINITIONAL_REPRESENTATION('',(#1992),#1996);
#1992 = LINE('',#1993,#1994);
#1993 = CARTESIAN_POINT('',(0.,10.));
#1994 = VECTOR('',#1995,1.);
#1995 = DIRECTION('',(1.,0.));
#1996 = ( GEOMETRIC_REPRESENTATION_CONTEXT(2) 
PARAMETRIC_REPRESENTATION_CONTEXT() REPRESENTATION_CONTEXT('2D SPACE',''
  ) );
#1997 = PCURVE('',#1998,#2003);
#1998 = PLANE('',#1999);
#1999 = AXIS2_PLACEMENT_3D('',#2000,#2001,#2002);
#2000 = CARTESIAN_POINT('',(35.07402885327,44.75,32.5));
#2001 = DIRECTION('',(0.433012701892,0.75,0.5));
#2002 = DIRECTION('',(-0.866025403784,0.5,-2.775557561563E-17));
#2003 = DEFINITIONAL_REPRESENTATION('',(#2004),#2008);
#2004 = CIRCLE('',#2005,6.8);
#2005 = AXIS2_PLACEMENT_2D('',#2006,#2007);
#2006 = CARTESIAN_POINT('',(8.,0.));
#2007 = DIRECTION('',(1.,0.));
#2008 = ( GEOMETRIC_REPRESENTATION_CONTEXT(2) 
PARAMETRIC_REPRESENTATION_CONTEXT() REPRESENTATION_CONTEXT('2D SPACE',''
  ) );
#2009 = ORIENTED_EDGE('',*,*,#2010,.T.);
#2010 = EDGE_CURVE('',#1982,#2011,#2013,.T.);
#2011 = VERTEX_POINT('',#2012);
#2012 = CARTESIAN_POINT('',(35.064569466166,47.614865860928,36.));
#2013 = SURFACE_CURVE('',#2014,(#2018,#2024),.PCURVE_S1.);
#2014 = LINE('',#2015,#2016);
#2015 = CARTESIAN_POINT('',(29.048051373765,37.193950840232,
    29.052723319536));
#2016 = VECTOR('',#2017,1.);
#2017 = DIRECTION('',(0.433012701892,0.75,0.5));
#2018 = PCURVE('',#1659,#2019);
#2019 = DEFINITIONAL_REPRESENTATION('',(#2020),#2023);
#2020 = B_SPLINE_CURVE_WITH_KNOTS('',1,(#2021,#2022),.UNSPECIFIED.,.F.,
  .F.,(2,2),(9.9999994,16.0000006),.PIECEWISE_BEZIER_KNOTS.);
#2021 = CARTESIAN_POINT('',(2.874771677724,9.9999994));
#2022 = CARTESIAN_POINT('',(2.874771677724,16.0000006));
#2023 = ( GEOMETRIC_REPRESENTATION_CONTEXT(2) 
PARAMETRIC_REPRESENTATION_CONTEXT() REPRESENTATION_CONTEXT('2D SPACE',''
  ) );
#2024 = PCURVE('',#2025,#2030);
#2025 = CYLINDRICAL_SURFACE('',#2026,2.3);
#2026 = AXIS2_PLACEMENT_3D('',#2027,#2028,#2029);
#2027 = CARTESIAN_POINT('',(35.07402885327,44.75,32.5));
#2028 = DIRECTION('',(0.433012701892,0.75,0.5));
#2029 = DIRECTION('',(-0.866025403784,0.5,-2.775557561563E-17));
#2030 = DEFINITIONAL_REPRESENTATION('',(#2031),#2034);
#2031 = B_SPLINE_CURVE_WITH_KNOTS('',1,(#2032,#2033),.UNSPECIFIED.,.F.,
  .F.,(2,2),(10.,13.894553360928),.PIECEWISE_BEZIER_KNOTS.);
#2032 = CARTESIAN_POINT('',(0.893923055133,0.));
#2033 = CARTESIAN_POINT('',(0.893923055133,3.894553360928));
#2034 = ( GEOMETRIC_REPRESENTATION_CONTEXT(2) 
PARAMETRIC_REPRESENTATION_CONTEXT() REPRESENTATION_CONTEXT('2D SPACE',''
  ) );
#2035 = ORIENTED_EDGE('',*,*,#2036,.F.);
#2036 = EDGE_CURVE('',#2037,#2011,#2039,.T.);
#2037 = VERTEX_POINT('',#2038);
#2038 = CARTESIAN_POINT('',(33.20676584091,45.491294952072,36.));
#2039 = SURFACE_CURVE('',#2040,(#2045,#2056),.PCURVE_S1.);
#2040 = ELLIPSE('',#2041,13.6,6.8);
#2041 = AXIS2_PLACEMENT_3D('',#2042,#2043,#2044);
#2042 = CARTESIAN_POINT('',(31.17691453624,54.,36.));
#2043 = DIRECTION('',(0.,0.,1.));
#2044 = DIRECTION('',(0.5,0.866025403784,-0.));
#2045 = PCURVE('',#1659,#2046);
#2046 = DEFINITIONAL_REPRESENTATION('',(#2047),#2055);
#2047 = B_SPLINE_CURVE_WITH_KNOTS('',6,(#2048,#2049,#2050,#2051,#2052,
    #2053,#2054),.UNSPECIFIED.,.F.,.F.,(7,7),(4.105719431227,
    4.627382391818),.PIECEWISE_BEZIER_KNOTS.);
#2048 = CARTESIAN_POINT('',(2.534923104432,10.28498704663));
#2049 = CARTESIAN_POINT('',(2.621866931197,11.126271800657));
#2050 = CARTESIAN_POINT('',(2.708810757962,12.028468807156));
#2051 = CARTESIAN_POINT('',(2.795754584727,12.980131995304));
#2052 = CARTESIAN_POINT('',(2.882698411492,13.968429516967));
#2053 = CARTESIAN_POINT('',(2.969642238258,14.979680364614));
#2054 = CARTESIAN_POINT('',(3.056586065023,16.0000024));
#2055 = ( GEOMETRIC_REPRESENTATION_CONTEXT(2) 
PARAMETRIC_REPRESENTATION_CONTEXT() REPRESENTATION_CONTEXT('2D SPACE',''
  ) );
#2056 = PCURVE('',#261,#2057);
#2057 = DEFINITIONAL_REPRESENTATION('',(#2058),#2062);
#2058 = ELLIPSE('',#2059,13.6,6.8);
#2059 = AXIS2_PLACEMENT_2D('',#2060,#2061);
#2060 = CARTESIAN_POINT('',(6.35382907248,19.));
#2061 = DIRECTION('',(1.,0.));
#2062 = ( GEOMETRIC_REPRESENTATION_CONTEXT(2) 
PARAMETRIC_REPRESENTATION_CONTEXT() REPRESENTATION_CONTEXT('2D SPACE',''
  ) );
#2063 = ORIENTED_EDGE('',*,*,#2064,.F.);
#2064 = EDGE_CURVE('',#2065,#2037,#2067,.T.);
#2065 = VERTEX_POINT('',#2066);
#2066 = CARTESIAN_POINT('',(30.403231132951,47.109916470395,39.5));
#2067 = SURFACE_CURVE('',#2068,(#2073,#2084),.PCURVE_S1.);
#2068 = ELLIPSE('',#2069,7.851963660979,6.8);
#2069 = AXIS2_PLACEMENT_3D('',#2070,#2071,#2072);
#2070 = CARTESIAN_POINT('',(28.,48.497422611929,32.331615074619));
#2071 = DIRECTION('',(0.5,0.866025403784,0.));
#2072 = DIRECTION('',(-0.,0.,1.));
#2073 = PCURVE('',#1659,#2074);
#2074 = DEFINITIONAL_REPRESENTATION('',(#2075),#2083);
#2075 = B_SPLINE_CURVE_WITH_KNOTS('',6,(#2076,#2077,#2078,#2079,#2080,
    #2081,#2082),.UNSPECIFIED.,.F.,.F.,(7,7),(0.29253287692,
    1.134463776071),.PIECEWISE_BEZIER_KNOTS.);
#2076 = CARTESIAN_POINT('',(1.863329203715,13.422422611929));
#2077 = CARTESIAN_POINT('',(2.00365102024,13.263554680729));
#2078 = CARTESIAN_POINT('',(2.143972836765,13.01586443293));
#2079 = CARTESIAN_POINT('',(2.28429465329,12.684976504116));
#2080 = CARTESIAN_POINT('',(2.424616469815,12.281789316223));
#2081 = CARTESIAN_POINT('',(2.56493828634,11.821708334039));
#2082 = CARTESIAN_POINT('',(2.705260102865,11.322422611929));
#2083 = ( GEOMETRIC_REPRESENTATION_CONTEXT(2) 
PARAMETRIC_REPRESENTATION_CONTEXT() REPRESENTATION_CONTEXT('2D SPACE',''
  ) );
#2084 = PCURVE('',#2085,#2090);
#2085 = PLANE('',#2086);
#2086 = AXIS2_PLACEMENT_3D('',#2087,#2088,#2089);
#2087 = CARTESIAN_POINT('',(44.454482671904,38.997422611929,36.));
#2088 = DIRECTION('',(0.5,0.866025403784,0.));
#2089 = DIRECTION('',(0.,0.,1.));
#2090 = DEFINITIONAL_REPRESENTATION('',(#2091),#2095);
#2091 = ELLIPSE('',#2092,7.851963660979,6.8);
#2092 = AXIS2_PLACEMENT_2D('',#2093,#2094);
#2093 = CARTESIAN_POINT('',(-3.668384925381,-19.));
#2094 = DIRECTION('',(1.,0.));
#2095 = ( GEOMETRIC_REPRESENTATION_CONTEXT(2) 
PARAMETRIC_REPRESENTATION_CONTEXT() REPRESENTATION_CONTEXT('2D SPACE',''
  ) );
#2096 = ORIENTED_EDGE('',*,*,#2097,.T.);
#2097 = EDGE_CURVE('',#2065,#2098,#2100,.T.);
#2098 = VERTEX_POINT('',#2099);
#2099 = CARTESIAN_POINT('',(33.911237852963,48.754671030372,39.5));
#2100 = SURFACE_CURVE('',#2101,(#2106,#2119),.PCURVE_S1.);
#2101 = ELLIPSE('',#2102,13.6,6.8);
#2102 = AXIS2_PLACEMENT_3D('',#2103,#2104,#2105);
#2103 = CARTESIAN_POINT('',(34.208003449485,59.25,39.5));
#2104 = DIRECTION('',(0.,0.,1.));
#2105 = DIRECTION('',(0.5,0.866025403784,-0.));
#2106 = PCURVE('',#1659,#2107);
#2107 = DEFINITIONAL_REPRESENTATION('',(#2108),#2118);
#2108 = B_SPLINE_CURVE_WITH_KNOTS('',8,(#2109,#2110,#2111,#2112,#2113,
    #2114,#2115,#2116,#2117),.UNSPECIFIED.,.F.,.F.,(9,9),(2.317516665894
    ,3.965668641285),.PIECEWISE_BEZIER_KNOTS.);
#2109 = CARTESIAN_POINT('',(0.746720339099,16.0000024));
#2110 = CARTESIAN_POINT('',(0.952739336023,14.219158670115));
#2111 = CARTESIAN_POINT('',(1.158758332948,12.826372610116));
#2112 = CARTESIAN_POINT('',(1.364777329866,11.936823339827));
#2113 = CARTESIAN_POINT('',(1.570796326797,11.630547588546));
#2114 = CARTESIAN_POINT('',(1.776815323715,11.936823339805));
#2115 = CARTESIAN_POINT('',(1.982834320642,12.826372610109));
#2116 = CARTESIAN_POINT('',(2.188853317567,14.219158670115));
#2117 = CARTESIAN_POINT('',(2.394872314491,16.0000024));
#2118 = ( GEOMETRIC_REPRESENTATION_CONTEXT(2) 
PARAMETRIC_REPRESENTATION_CONTEXT() REPRESENTATION_CONTEXT('2D SPACE',''
  ) );
#2119 = PCURVE('',#2120,#2125);
#2120 = PLANE('',#2121);
#2121 = AXIS2_PLACEMENT_3D('',#2122,#2123,#2124);
#2122 = CARTESIAN_POINT('',(44.454482671904,38.997422611929,39.5));
#2123 = DIRECTION('',(0.,0.,1.));
#2124 = DIRECTION('',(0.5,0.866025403784,0.));
#2125 = DEFINITIONAL_REPRESENTATION('',(#2126),#2130);
#2126 = ELLIPSE('',#2127,13.6,6.8);
#2127 = AXIS2_PLACEMENT_2D('',#2128,#2129);
#2128 = CARTESIAN_POINT('',(12.416006898971,19.));
#2129 = DIRECTION('',(1.,0.));
#2130 = ( GEOMETRIC_REPRESENTATION_CONTEXT(2) 
PARAMETRIC_REPRESENTATION_CONTEXT() REPRESENTATION_CONTEXT('2D SPACE',''
  ) );
#2131 = ORIENTED_EDGE('',*,*,#2132,.F.);
#2132 = EDGE_CURVE('',#2133,#2098,#2135,.T.);
#2133 = VERTEX_POINT('',#2134);
#2134 = CARTESIAN_POINT('',(25.267164738973,53.745328969628,39.5));
#2135 = SURFACE_CURVE('',#2136,(#2141,#2148),.PCURVE_S1.);
#2136 = CIRCLE('',#2137,6.8);
#2137 = AXIS2_PLACEMENT_3D('',#2138,#2139,#2140);
#2138 = CARTESIAN_POINT('',(30.743901834348,53.25,35.5));
#2139 = DIRECTION('',(0.433012701892,0.75,0.5));
#2140 = DIRECTION('',(-0.866025403784,0.5,-2.775557561563E-17));
#2141 = PCURVE('',#1659,#2142);
#2142 = DEFINITIONAL_REPRESENTATION('',(#2143),#2147);
#2143 = LINE('',#2144,#2145);
#2144 = CARTESIAN_POINT('',(0.,16.));
#2145 = VECTOR('',#2146,1.);
#2146 = DIRECTION('',(1.,0.));
#2147 = ( GEOMETRIC_REPRESENTATION_CONTEXT(2) 
PARAMETRIC_REPRESENTATION_CONTEXT() REPRESENTATION_CONTEXT('2D SPACE',''
  ) );
#2148 = PCURVE('',#2149,#2154);
#2149 = PLANE('',#2150);
#2150 = AXIS2_PLACEMENT_3D('',#2151,#2152,#2153);
#2151 = CARTESIAN_POINT('',(30.743901834348,53.25,35.5));
#2152 = DIRECTION('',(0.433012701892,0.75,0.5));
#2153 = DIRECTION('',(-0.866025403784,0.5,-2.775557561563E-17));
#2154 = DEFINITIONAL_REPRESENTATION('',(#2155),#2159);
#2155 = CIRCLE('',#2156,6.8);
#2156 = AXIS2_PLACEMENT_2D('',#2157,#2158);
#2157 = CARTESIAN_POINT('',(0.,0.));
#2158 = DIRECTION('',(1.,0.));
#2159 = ( GEOMETRIC_REPRESENTATION_CONTEXT(2) 
PARAMETRIC_REPRESENTATION_CONTEXT() REPRESENTATION_CONTEXT('2D SPACE',''
  ) );
#2160 = ORIENTED_EDGE('',*,*,#2161,.T.);
#2161 = EDGE_CURVE('',#2133,#2162,#2164,.T.);
#2162 = VERTEX_POINT('',#2163);
#2163 = CARTESIAN_POINT('',(25.596768867049,49.884928753463,39.5));
#2164 = SURFACE_CURVE('',#2165,(#2170,#2183),.PCURVE_S1.);
#2165 = ELLIPSE('',#2166,13.6,6.8);
#2166 = AXIS2_PLACEMENT_3D('',#2167,#2168,#2169);
#2167 = CARTESIAN_POINT('',(34.208003449485,59.25,39.5));
#2168 = DIRECTION('',(0.,0.,1.));
#2169 = DIRECTION('',(0.5,0.866025403784,-0.));
#2170 = PCURVE('',#1659,#2171);
#2171 = DEFINITIONAL_REPRESENTATION('',(#2172),#2182);
#2172 = B_SPLINE_CURVE_WITH_KNOTS('',8,(#2173,#2174,#2175,#2176,#2177,
    #2178,#2179,#2180,#2181),.UNSPECIFIED.,.F.,.F.,(9,9),(2.317516665894
    ,3.965668641285),.PIECEWISE_BEZIER_KNOTS.);
#2173 = CARTESIAN_POINT('',(0.746720339099,16.0000024));
#2174 = CARTESIAN_POINT('',(0.952739336023,14.219158670115));
#2175 = CARTESIAN_POINT('',(1.158758332948,12.826372610116));
#2176 = CARTESIAN_POINT('',(1.364777329866,11.936823339827));
#2177 = CARTESIAN_POINT('',(1.570796326797,11.630547588546));
#2178 = CARTESIAN_POINT('',(1.776815323715,11.936823339805));
#2179 = CARTESIAN_POINT('',(1.982834320642,12.826372610109));
#2180 = CARTESIAN_POINT('',(2.188853317567,14.219158670115));
#2181 = CARTESIAN_POINT('',(2.394872314491,16.0000024));
#2182 = ( GEOMETRIC_REPRESENTATION_CONTEXT(2) 
PARAMETRIC_REPRESENTATION_CONTEXT() REPRESENTATION_CONTEXT('2D SPACE',''
  ) );
#2183 = PCURVE('',#2120,#2184);
#2184 = DEFINITIONAL_REPRESENTATION('',(#2185),#2189);
#2185 = ELLIPSE('',#2186,13.6,6.8);
#2186 = AXIS2_PLACEMENT_2D('',#2187,#2188);
#2187 = CARTESIAN_POINT('',(12.416006898971,19.));
#2188 = DIRECTION('',(1.,0.));
#2189 = ( GEOMETRIC_REPRESENTATION_CONTEXT(2) 
PARAMETRIC_REPRESENTATION_CONTEXT() REPRESENTATION_CONTEXT('2D SPACE',''
  ) );
#2190 = ORIENTED_EDGE('',*,*,#2191,.F.);
#2191 = EDGE_CURVE('',#2192,#2162,#2194,.T.);
#2192 = VERTEX_POINT('',#2193);
#2193 = CARTESIAN_POINT('',(22.79323415909,51.503550271786,36.));
#2194 = SURFACE_CURVE('',#2195,(#2200,#2211),.PCURVE_S1.);
#2195 = ELLIPSE('',#2196,7.851963660979,6.8);
#2196 = AXIS2_PLACEMENT_3D('',#2197,#2198,#2199);
#2197 = CARTESIAN_POINT('',(28.,48.497422611929,32.331615074619));
#2198 = DIRECTION('',(0.5,0.866025403784,0.));
#2199 = DIRECTION('',(-0.,0.,1.));
#2200 = PCURVE('',#1659,#2201);
#2201 = DEFINITIONAL_REPRESENTATION('',(#2202),#2210);
#2202 = B_SPLINE_CURVE_WITH_KNOTS('',6,(#2203,#2204,#2205,#2206,#2207,
    #2208,#2209),.UNSPECIFIED.,.F.,.F.,(7,7),(5.148721531109,
    5.99065243026),.PIECEWISE_BEZIER_KNOTS.);
#2203 = CARTESIAN_POINT('',(0.436332550724,11.322422611929));
#2204 = CARTESIAN_POINT('',(0.576654367249,11.821708334039));
#2205 = CARTESIAN_POINT('',(0.716976183775,12.281789316223));
#2206 = CARTESIAN_POINT('',(0.8572980003,12.684976504115));
#2207 = CARTESIAN_POINT('',(0.997619816825,13.01586443293));
#2208 = CARTESIAN_POINT('',(1.13794163335,13.263554680729));
#2209 = CARTESIAN_POINT('',(1.278263449875,13.422422611929));
#2210 = ( GEOMETRIC_REPRESENTATION_CONTEXT(2) 
PARAMETRIC_REPRESENTATION_CONTEXT() REPRESENTATION_CONTEXT('2D SPACE',''
  ) );
#2211 = PCURVE('',#2085,#2212);
#2212 = DEFINITIONAL_REPRESENTATION('',(#2213),#2217);
#2213 = ELLIPSE('',#2214,7.851963660979,6.8);
#2214 = AXIS2_PLACEMENT_2D('',#2215,#2216);
#2215 = CARTESIAN_POINT('',(-3.668384925381,-19.));
#2216 = DIRECTION('',(1.,0.));
#2217 = ( GEOMETRIC_REPRESENTATION_CONTEXT(2) 
PARAMETRIC_REPRESENTATION_CONTEXT() REPRESENTATION_CONTEXT('2D SPACE',''
  ) );
#2218 = ORIENTED_EDGE('',*,*,#2219,.F.);
#2219 = EDGE_CURVE('',#1645,#2192,#2220,.T.);
#2220 = SURFACE_CURVE('',#2221,(#2226,#2237),.PCURVE_S1.);
#2221 = ELLIPSE('',#2222,13.6,6.8);
#2222 = AXIS2_PLACEMENT_3D('',#2223,#2224,#2225);
#2223 = CARTESIAN_POINT('',(31.17691453624,54.,36.));
#2224 = DIRECTION('',(0.,0.,1.));
#2225 = DIRECTION('',(0.5,0.866025403784,-0.));
#2226 = PCURVE('',#1659,#2227);
#2227 = DEFINITIONAL_REPRESENTATION('',(#2228),#2236);
#2228 = B_SPLINE_CURVE_WITH_KNOTS('',6,(#2229,#2230,#2231,#2232,#2233,
    #2234,#2235),.UNSPECIFIED.,.F.,.F.,(7,7),(1.655802915362,
    2.177465875953),.PIECEWISE_BEZIER_KNOTS.);
#2229 = CARTESIAN_POINT('',(8.500658856703E-02,16.0000024));
#2230 = CARTESIAN_POINT('',(0.171950415332,14.979680364614));
#2231 = CARTESIAN_POINT('',(0.258894242097,13.968429516967));
#2232 = CARTESIAN_POINT('',(0.345838068862,12.980131995304));
#2233 = CARTESIAN_POINT('',(0.432781895628,12.028468807156));
#2234 = CARTESIAN_POINT('',(0.519725722393,11.126271800657));
#2235 = CARTESIAN_POINT('',(0.606669549158,10.28498704663));
#2236 = ( GEOMETRIC_REPRESENTATION_CONTEXT(2) 
PARAMETRIC_REPRESENTATION_CONTEXT() REPRESENTATION_CONTEXT('2D SPACE',''
  ) );
#2237 = PCURVE('',#261,#2238);
#2238 = DEFINITIONAL_REPRESENTATION('',(#2239),#2243);
#2239 = ELLIPSE('',#2240,13.6,6.8);
#2240 = AXIS2_PLACEMENT_2D('',#2241,#2242);
#2241 = CARTESIAN_POINT('',(6.35382907248,19.));
#2242 = DIRECTION('',(1.,0.));
#2243 = ( GEOMETRIC_REPRESENTATION_CONTEXT(2) 
PARAMETRIC_REPRESENTATION_CONTEXT() REPRESENTATION_CONTEXT('2D SPACE',''
  ) );
#2244 = ORIENTED_EDGE('',*,*,#1644,.F.);
#2245 = ORIENTED_EDGE('',*,*,#2246,.F.);
#2246 = EDGE_CURVE('',#1739,#1617,#2247,.T.);
#2247 = SURFACE_CURVE('',#2248,(#2253,#2260),.PCURVE_S1.);
#2248 = CIRCLE('',#2249,6.8);
#2249 = AXIS2_PLACEMENT_3D('',#2250,#2251,#2252);
#2250 = CARTESIAN_POINT('',(28.145825622994,48.75,32.5));
#2251 = DIRECTION('',(0.433012701892,0.75,0.5));
#2252 = DIRECTION('',(-0.866025403784,0.5,-2.775557561563E-17));
#2253 = PCURVE('',#1659,#2254);
#2254 = DEFINITIONAL_REPRESENTATION('',(#2255),#2259);
#2255 = LINE('',#2256,#2257);
#2256 = CARTESIAN_POINT('',(0.,10.));
#2257 = VECTOR('',#2258,1.);
#2258 = DIRECTION('',(1.,0.));
#2259 = ( GEOMETRIC_REPRESENTATION_CONTEXT(2) 
PARAMETRIC_REPRESENTATION_CONTEXT() REPRESENTATION_CONTEXT('2D SPACE',''
  ) );
#2260 = PCURVE('',#1578,#2261);
#2261 = DEFINITIONAL_REPRESENTATION('',(#2262),#2266);
#2262 = CIRCLE('',#2263,6.8);
#2263 = AXIS2_PLACEMENT_2D('',#2264,#2265);
#2264 = CARTESIAN_POINT('',(-8.,0.));
#2265 = DIRECTION('',(1.,0.));
#2266 = ( GEOMETRIC_REPRESENTATION_CONTEXT(2) 
PARAMETRIC_REPRESENTATION_CONTEXT() REPRESENTATION_CONTEXT('2D SPACE',''
  ) );
#2267 = ORIENTED_EDGE('',*,*,#1738,.F.);
#2268 = ADVANCED_FACE('',(#2269),#1880,.F.);
#2269 = FACE_BOUND('',#2270,.F.);
#2270 = EDGE_LOOP('',(#2271,#2290));
#2271 = ORIENTED_EDGE('',*,*,#2272,.T.);
#2272 = EDGE_CURVE('',#1835,#1864,#2273,.T.);
#2273 = SURFACE_CURVE('',#2274,(#2278,#2284),.PCURVE_S1.);
#2274 = LINE('',#2275,#2276);
#2275 = CARTESIAN_POINT('',(32.331615074619,56.,30.));
#2276 = VECTOR('',#2277,1.);
#2277 = DIRECTION('',(0.866025403784,-0.5,0.));
#2278 = PCURVE('',#1880,#2279);
#2279 = DEFINITIONAL_REPRESENTATION('',(#2280),#2283);
#2280 = B_SPLINE_CURVE_WITH_KNOTS('',1,(#2281,#2282),.UNSPECIFIED.,.F.,
  .F.,(2,2),(-6.559375,6.559375),.PIECEWISE_BEZIER_KNOTS.);
#2281 = CARTESIAN_POINT('',(6.559375,-6.350852961086));
#2282 = CARTESIAN_POINT('',(-6.559375,-6.350852961086));
#2283 = ( GEOMETRIC_REPRESENTATION_CONTEXT(2) 
PARAMETRIC_REPRESENTATION_CONTEXT() REPRESENTATION_CONTEXT('2D SPACE',''
  ) );
#2284 = PCURVE('',#314,#2285);
#2285 = DEFINITIONAL_REPRESENTATION('',(#2286),#2289);
#2286 = B_SPLINE_CURVE_WITH_KNOTS('',1,(#2287,#2288),.UNSPECIFIED.,.F.,
  .F.,(2,2),(-6.559375,6.559375),.PIECEWISE_BEZIER_KNOTS.);
#2287 = CARTESIAN_POINT('',(26.651029691671,59.2796875));
#2288 = CARTESIAN_POINT('',(38.012200457568,52.7203125));
#2289 = ( GEOMETRIC_REPRESENTATION_CONTEXT(2) 
PARAMETRIC_REPRESENTATION_CONTEXT() REPRESENTATION_CONTEXT('2D SPACE',''
  ) );
#2290 = ORIENTED_EDGE('',*,*,#1863,.T.);
#2291 = ADVANCED_FACE('',(#2292),#1943,.T.);
#2292 = FACE_BOUND('',#2293,.T.);
#2293 = EDGE_LOOP('',(#2294,#2324,#2343,#2344));
#2294 = ORIENTED_EDGE('',*,*,#2295,.F.);
#2295 = EDGE_CURVE('',#2296,#2298,#2300,.T.);
#2296 = VERTEX_POINT('',#2297);
#2297 = CARTESIAN_POINT('',(37.928203230276,49.693575034635,30.));
#2298 = VERTEX_POINT('',#2299);
#2299 = CARTESIAN_POINT('',(37.928203230276,49.693575034635,
    33.139905451485));
#2300 = SURFACE_CURVE('',#2301,(#2305,#2312),.PCURVE_S1.);
#2301 = LINE('',#2302,#2303);
#2302 = CARTESIAN_POINT('',(37.928203230276,49.693575034635,29.));
#2303 = VECTOR('',#2304,1.);
#2304 = DIRECTION('',(0.,0.,1.));
#2305 = PCURVE('',#1943,#2306);
#2306 = DEFINITIONAL_REPRESENTATION('',(#2307),#2311);
#2307 = LINE('',#2308,#2309);
#2308 = CARTESIAN_POINT('',(0.,0.));
#2309 = VECTOR('',#2310,1.);
#2310 = DIRECTION('',(1.,0.));
#2311 = ( GEOMETRIC_REPRESENTATION_CONTEXT(2) 
PARAMETRIC_REPRESENTATION_CONTEXT() REPRESENTATION_CONTEXT('2D SPACE',''
  ) );
#2312 = PCURVE('',#2313,#2318);
#2313 = PLANE('',#2314);
#2314 = AXIS2_PLACEMENT_3D('',#2315,#2316,#2317);
#2315 = CARTESIAN_POINT('',(28.928203230276,34.105117766515,29.));
#2316 = DIRECTION('',(-0.866025403784,0.5,0.));
#2317 = DIRECTION('',(0.,0.,1.));
#2318 = DEFINITIONAL_REPRESENTATION('',(#2319),#2323);
#2319 = LINE('',#2320,#2321);
#2320 = CARTESIAN_POINT('',(0.,18.));
#2321 = VECTOR('',#2322,1.);
#2322 = DIRECTION('',(1.,0.));
#2323 = ( GEOMETRIC_REPRESENTATION_CONTEXT(2) 
PARAMETRIC_REPRESENTATION_CONTEXT() REPRESENTATION_CONTEXT('2D SPACE',''
  ) );
#2324 = ORIENTED_EDGE('',*,*,#2325,.T.);
#2325 = EDGE_CURVE('',#2296,#1893,#2326,.T.);
#2326 = SURFACE_CURVE('',#2327,(#2331,#2337),.PCURVE_S1.);
#2327 = LINE('',#2328,#2329);
#2328 = CARTESIAN_POINT('',(34.464101615138,51.693575034635,30.));
#2329 = VECTOR('',#2330,1.);
#2330 = DIRECTION('',(-0.866025403784,0.5,0.));
#2331 = PCURVE('',#1943,#2332);
#2332 = DEFINITIONAL_REPRESENTATION('',(#2333),#2336);
#2333 = B_SPLINE_CURVE_WITH_KNOTS('',1,(#2334,#2335),.UNSPECIFIED.,.F.,
  .F.,(2,2),(-4.,12.),.PIECEWISE_BEZIER_KNOTS.);
#2334 = CARTESIAN_POINT('',(1.,0.));
#2335 = CARTESIAN_POINT('',(1.,-16.));
#2336 = ( GEOMETRIC_REPRESENTATION_CONTEXT(2) 
PARAMETRIC_REPRESENTATION_CONTEXT() REPRESENTATION_CONTEXT('2D SPACE',''
  ) );
#2337 = PCURVE('',#314,#2338);
#2338 = DEFINITIONAL_REPRESENTATION('',(#2339),#2342);
#2339 = B_SPLINE_CURVE_WITH_KNOTS('',1,(#2340,#2341),.UNSPECIFIED.,.F.,
  .F.,(2,2),(-4.,12.),.PIECEWISE_BEZIER_KNOTS.);
#2340 = CARTESIAN_POINT('',(37.928203230276,49.693575034635));
#2341 = CARTESIAN_POINT('',(24.071796769725,57.693575034635));
#2342 = ( GEOMETRIC_REPRESENTATION_CONTEXT(2) 
PARAMETRIC_REPRESENTATION_CONTEXT() REPRESENTATION_CONTEXT('2D SPACE',''
  ) );
#2343 = ORIENTED_EDGE('',*,*,#1922,.F.);
#2344 = ORIENTED_EDGE('',*,*,#2345,.F.);
#2345 = EDGE_CURVE('',#2298,#1923,#2346,.T.);
#2346 = SURFACE_CURVE('',#2347,(#2352,#2359),.PCURVE_S1.);
#2347 = ELLIPSE('',#2348,2.655811238272,2.3);
#2348 = AXIS2_PLACEMENT_3D('',#2349,#2350,#2351);
#2349 = CARTESIAN_POINT('',(37.928203230276,49.693575034635,
    35.795716689757));
#2350 = DIRECTION('',(0.5,0.866025403784,0.));
#2351 = DIRECTION('',(-0.,0.,1.));
#2352 = PCURVE('',#1943,#2353);
#2353 = DEFINITIONAL_REPRESENTATION('',(#2354),#2358);
#2354 = ELLIPSE('',#2355,2.655811238272,2.3);
#2355 = AXIS2_PLACEMENT_2D('',#2356,#2357);
#2356 = CARTESIAN_POINT('',(6.795716689757,3.552713678801E-15));
#2357 = DIRECTION('',(1.,0.));
#2358 = ( GEOMETRIC_REPRESENTATION_CONTEXT(2) 
PARAMETRIC_REPRESENTATION_CONTEXT() REPRESENTATION_CONTEXT('2D SPACE',''
  ) );
#2359 = PCURVE('',#1970,#2360);
#2360 = DEFINITIONAL_REPRESENTATION('',(#2361),#2376);
#2361 = B_SPLINE_CURVE_WITH_KNOTS('',7,(#2362,#2363,#2364,#2365,#2366,
    #2367,#2368,#2369,#2370,#2371,#2372,#2373,#2374,#2375),
  .UNSPECIFIED.,.F.,.F.,(8,6,8),(2.372265310067,3.669195029067,
    4.966124748067),.UNSPECIFIED.);
#2362 = CARTESIAN_POINT('',(3.943061636862,5.637494178097));
#2363 = CARTESIAN_POINT('',(4.128337311004,5.466343841552));
#2364 = CARTESIAN_POINT('',(4.313612985147,5.333398289144));
#2365 = CARTESIAN_POINT('',(4.49888865929,5.248245674832));
#2366 = CARTESIAN_POINT('',(4.684164333433,5.217292864489));
#2367 = CARTESIAN_POINT('',(4.869440007576,5.242316346666));
#2368 = CARTESIAN_POINT('',(5.054715681719,5.320234439011));
#2369 = CARTESIAN_POINT('',(5.425267030005,5.567967141699));
#2370 = CARTESIAN_POINT('',(5.610542704147,5.737782331144));
#2371 = CARTESIAN_POINT('',(5.79581837829,5.946600036912));
#2372 = CARTESIAN_POINT('',(5.981094052433,6.183617004525));
#2373 = CARTESIAN_POINT('',(6.166369726576,6.435115185124));
#2374 = CARTESIAN_POINT('',(6.351645400719,6.686615590977));
#2375 = CARTESIAN_POINT('',(6.536921074862,6.924766712847));
#2376 = ( GEOMETRIC_REPRESENTATION_CONTEXT(2) 
PARAMETRIC_REPRESENTATION_CONTEXT() REPRESENTATION_CONTEXT('2D SPACE',''
  ) );
#2377 = ADVANCED_FACE('',(#2378),#2313,.F.);
#2378 = FACE_BOUND('',#2379,.F.);
#2379 = EDGE_LOOP('',(#2380,#2381,#2402,#2423,#2445,#2466,#2487));
#2380 = ORIENTED_EDGE('',*,*,#2295,.F.);
#2381 = ORIENTED_EDGE('',*,*,#2382,.T.);
#2382 = EDGE_CURVE('',#2296,#2383,#2385,.T.);
#2383 = VERTEX_POINT('',#2384);
#2384 = CARTESIAN_POINT('',(30.592522362674,36.987803063838,30.));
#2385 = SURFACE_CURVE('',#2386,(#2390,#2396),.PCURVE_S1.);
#2386 = LINE('',#2387,#2388);
#2387 = CARTESIAN_POINT('',(17.928203230276,15.052558883258,30.));
#2388 = VECTOR('',#2389,1.);
#2389 = DIRECTION('',(-0.5,-0.866025403784,0.));
#2390 = PCURVE('',#2313,#2391);
#2391 = DEFINITIONAL_REPRESENTATION('',(#2392),#2395);
#2392 = B_SPLINE_CURVE_WITH_KNOTS('',1,(#2393,#2394),.UNSPECIFIED.,.F.,
  .F.,(2,2),(-40.,-22.),.PIECEWISE_BEZIER_KNOTS.);
#2393 = CARTESIAN_POINT('',(1.,18.));
#2394 = CARTESIAN_POINT('',(1.,0.));
#2395 = ( GEOMETRIC_REPRESENTATION_CONTEXT(2) 
PARAMETRIC_REPRESENTATION_CONTEXT() REPRESENTATION_CONTEXT('2D SPACE',''
  ) );
#2396 = PCURVE('',#314,#2397);
#2397 = DEFINITIONAL_REPRESENTATION('',(#2398),#2401);
#2398 = B_SPLINE_CURVE_WITH_KNOTS('',1,(#2399,#2400),.UNSPECIFIED.,.F.,
  .F.,(2,2),(-40.,-22.),.PIECEWISE_BEZIER_KNOTS.);
#2399 = CARTESIAN_POINT('',(37.928203230276,49.693575034635));
#2400 = CARTESIAN_POINT('',(28.928203230276,34.105117766515));
#2401 = ( GEOMETRIC_REPRESENTATION_CONTEXT(2) 
PARAMETRIC_REPRESENTATION_CONTEXT() REPRESENTATION_CONTEXT('2D SPACE',''
  ) );
#2402 = ORIENTED_EDGE('',*,*,#2403,.T.);
#2403 = EDGE_CURVE('',#2383,#2404,#2406,.T.);
#2404 = VERTEX_POINT('',#2405);
#2405 = CARTESIAN_POINT('',(30.592522362674,36.987803063838,36.));
#2406 = SURFACE_CURVE('',#2407,(#2411,#2417),.PCURVE_S1.);
#2407 = LINE('',#2408,#2409);
#2408 = CARTESIAN_POINT('',(30.592522362674,36.987803063838,29.));
#2409 = VECTOR('',#2410,1.);
#2410 = DIRECTION('',(0.,0.,1.));
#2411 = PCURVE('',#2313,#2412);
#2412 = DEFINITIONAL_REPRESENTATION('',(#2413),#2416);
#2413 = B_SPLINE_CURVE_WITH_KNOTS('',1,(#2414,#2415),.UNSPECIFIED.,.F.,
  .F.,(2,2),(0.9999994,7.0000006),.PIECEWISE_BEZIER_KNOTS.);
#2414 = CARTESIAN_POINT('',(0.9999994,3.328638264797));
#2415 = CARTESIAN_POINT('',(7.0000006,3.328638264797));
#2416 = ( GEOMETRIC_REPRESENTATION_CONTEXT(2) 
PARAMETRIC_REPRESENTATION_CONTEXT() REPRESENTATION_CONTEXT('2D SPACE',''
  ) );
#2417 = PCURVE('',#288,#2418);
#2418 = DEFINITIONAL_REPRESENTATION('',(#2419),#2422);
#2419 = B_SPLINE_CURVE_WITH_KNOTS('',1,(#2420,#2421),.UNSPECIFIED.,.F.,
  .F.,(2,2),(1.,7.),.PIECEWISE_BEZIER_KNOTS.);
#2420 = CARTESIAN_POINT('',(7.162934779156,1.));
#2421 = CARTESIAN_POINT('',(7.162934779156,7.));
#2422 = ( GEOMETRIC_REPRESENTATION_CONTEXT(2) 
PARAMETRIC_REPRESENTATION_CONTEXT() REPRESENTATION_CONTEXT('2D SPACE',''
  ) );
#2423 = ORIENTED_EDGE('',*,*,#2424,.F.);
#2424 = EDGE_CURVE('',#2425,#2404,#2427,.T.);
#2425 = VERTEX_POINT('',#2426);
#2426 = CARTESIAN_POINT('',(35.805117766515,46.016283142592,36.));
#2427 = SURFACE_CURVE('',#2428,(#2432,#2438),.PCURVE_S1.);
#2428 = LINE('',#2429,#2430);
#2429 = CARTESIAN_POINT('',(17.928203230276,15.052558883258,36.));
#2430 = VECTOR('',#2431,1.);
#2431 = DIRECTION('',(-0.5,-0.866025403784,0.));
#2432 = PCURVE('',#2313,#2433);
#2433 = DEFINITIONAL_REPRESENTATION('',(#2434),#2437);
#2434 = B_SPLINE_CURVE_WITH_KNOTS('',1,(#2435,#2436),.UNSPECIFIED.,.F.,
  .F.,(2,2),(-40.,-22.),.PIECEWISE_BEZIER_KNOTS.);
#2435 = CARTESIAN_POINT('',(7.,18.));
#2436 = CARTESIAN_POINT('',(7.,0.));
#2437 = ( GEOMETRIC_REPRESENTATION_CONTEXT(2) 
PARAMETRIC_REPRESENTATION_CONTEXT() REPRESENTATION_CONTEXT('2D SPACE',''
  ) );
#2438 = PCURVE('',#261,#2439);
#2439 = DEFINITIONAL_REPRESENTATION('',(#2440),#2444);
#2440 = LINE('',#2441,#2442);
#2441 = CARTESIAN_POINT('',(-34.,11.));
#2442 = VECTOR('',#2443,1.);
#2443 = DIRECTION('',(-1.,0.));
#2444 = ( GEOMETRIC_REPRESENTATION_CONTEXT(2) 
PARAMETRIC_REPRESENTATION_CONTEXT() REPRESENTATION_CONTEXT('2D SPACE',''
  ) );
#2445 = ORIENTED_EDGE('',*,*,#2446,.F.);
#2446 = EDGE_CURVE('',#2447,#2425,#2449,.T.);
#2447 = VERTEX_POINT('',#2448);
#2448 = CARTESIAN_POINT('',(34.49902885327,43.754070785648,
    34.491858428704));
#2449 = SURFACE_CURVE('',#2450,(#2454,#2460),.PCURVE_S1.);
#2450 = LINE('',#2451,#2452);
#2451 = CARTESIAN_POINT('',(34.49902885327,43.754070785648,
    34.491858428704));
#2452 = VECTOR('',#2453,1.);
#2453 = DIRECTION('',(0.433012701892,0.75,0.5));
#2454 = PCURVE('',#2313,#2455);
#2455 = DEFINITIONAL_REPRESENTATION('',(#2456),#2459);
#2456 = B_SPLINE_CURVE_WITH_KNOTS('',1,(#2457,#2458),.UNSPECIFIED.,.F.,
  .F.,(2,2),(-5.999999997891E-07,4.216283142592),
  .PIECEWISE_BEZIER_KNOTS.);
#2457 = CARTESIAN_POINT('',(5.491858128704,11.141650726373));
#2458 = CARTESIAN_POINT('',(7.6,14.793059557021));
#2459 = ( GEOMETRIC_REPRESENTATION_CONTEXT(2) 
PARAMETRIC_REPRESENTATION_CONTEXT() REPRESENTATION_CONTEXT('2D SPACE',''
  ) );
#2460 = PCURVE('',#2025,#2461);
#2461 = DEFINITIONAL_REPRESENTATION('',(#2462),#2465);
#2462 = B_SPLINE_CURVE_WITH_KNOTS('',1,(#2463,#2464),.UNSPECIFIED.,.F.,
  .F.,(2,2),(-5.999999997891E-07,4.216283142592),
  .PIECEWISE_BEZIER_KNOTS.);
#2463 = CARTESIAN_POINT('',(1.570796326795,-5.999999981237E-07));
#2464 = CARTESIAN_POINT('',(1.570796326795,4.216283142592));
#2465 = ( GEOMETRIC_REPRESENTATION_CONTEXT(2) 
PARAMETRIC_REPRESENTATION_CONTEXT() REPRESENTATION_CONTEXT('2D SPACE',''
  ) );
#2466 = ORIENTED_EDGE('',*,*,#2467,.F.);
#2467 = EDGE_CURVE('',#2468,#2447,#2470,.T.);
#2468 = VERTEX_POINT('',#2469);
#2469 = CARTESIAN_POINT('',(35.64902885327,45.745929214352,
    30.508141571296));
#2470 = SURFACE_CURVE('',#2471,(#2475,#2481),.PCURVE_S1.);
#2471 = LINE('',#2472,#2473);
#2472 = CARTESIAN_POINT('',(34.684686764551,44.075639720814,
    33.848720558371));
#2473 = VECTOR('',#2474,1.);
#2474 = DIRECTION('',(-0.25,-0.433012701892,0.866025403784));
#2475 = PCURVE('',#2313,#2476);
#2476 = DEFINITIONAL_REPRESENTATION('',(#2477),#2480);
#2477 = B_SPLINE_CURVE_WITH_KNOTS('',1,(#2478,#2479),.UNSPECIFIED.,.F.,
  .F.,(2,2),(-3.857368354874,0.742631645126),.PIECEWISE_BEZIER_KNOTS.);
#2478 = CARTESIAN_POINT('',(1.508141571296,13.441651245989));
#2479 = CARTESIAN_POINT('',(5.491858428704,11.141651245989));
#2480 = ( GEOMETRIC_REPRESENTATION_CONTEXT(2) 
PARAMETRIC_REPRESENTATION_CONTEXT() REPRESENTATION_CONTEXT('2D SPACE',''
  ) );
#2481 = PCURVE('',#1998,#2482);
#2482 = DEFINITIONAL_REPRESENTATION('',(#2483),#2486);
#2483 = B_SPLINE_CURVE_WITH_KNOTS('',1,(#2484,#2485),.UNSPECIFIED.,.F.,
  .F.,(2,2),(-3.857368354874,0.742631645126),.PIECEWISE_BEZIER_KNOTS.);
#2484 = CARTESIAN_POINT('',(-1.191659232832E-16,-2.3));
#2485 = CARTESIAN_POINT('',(-4.85087573414E-16,2.3));
#2486 = ( GEOMETRIC_REPRESENTATION_CONTEXT(2) 
PARAMETRIC_REPRESENTATION_CONTEXT() REPRESENTATION_CONTEXT('2D SPACE',''
  ) );
#2487 = ORIENTED_EDGE('',*,*,#2488,.T.);
#2488 = EDGE_CURVE('',#2468,#2298,#2489,.T.);
#2489 = SURFACE_CURVE('',#2490,(#2494,#2500),.PCURVE_S1.);
#2490 = LINE('',#2491,#2492);
#2491 = CARTESIAN_POINT('',(35.64902885327,45.745929214352,
    30.508141571296));
#2492 = VECTOR('',#2493,1.);
#2493 = DIRECTION('',(0.433012701892,0.75,0.5));
#2494 = PCURVE('',#2313,#2495);
#2495 = DEFINITIONAL_REPRESENTATION('',(#2496),#2499);
#2496 = B_SPLINE_CURVE_WITH_KNOTS('',1,(#2497,#2498),.UNSPECIFIED.,.F.,
  .F.,(2,2),(-6.000000010894E-07,6.957630689817),
  .PIECEWISE_BEZIER_KNOTS.);
#2497 = CARTESIAN_POINT('',(1.508141271296,13.441650726373));
#2498 = CARTESIAN_POINT('',(4.986956916204,19.46713617352));
#2499 = ( GEOMETRIC_REPRESENTATION_CONTEXT(2) 
PARAMETRIC_REPRESENTATION_CONTEXT() REPRESENTATION_CONTEXT('2D SPACE',''
  ) );
#2500 = PCURVE('',#1970,#2501);
#2501 = DEFINITIONAL_REPRESENTATION('',(#2502),#2505);
#2502 = B_SPLINE_CURVE_WITH_KNOTS('',1,(#2503,#2504),.UNSPECIFIED.,.F.,
  .F.,(2,2),(-6.000000010894E-07,6.957630689817),
  .PIECEWISE_BEZIER_KNOTS.);
#2503 = CARTESIAN_POINT('',(4.712388980385,-6.000000009784E-07));
#2504 = CARTESIAN_POINT('',(4.712388980385,6.957630689817));
#2505 = ( GEOMETRIC_REPRESENTATION_CONTEXT(2) 
PARAMETRIC_REPRESENTATION_CONTEXT() REPRESENTATION_CONTEXT('2D SPACE',''
  ) );
#2506 = ADVANCED_FACE('',(#2507),#1970,.F.);
#2507 = FACE_BOUND('',#2508,.F.);
#2508 = EDGE_LOOP('',(#2509,#2510,#2511,#2512));
#2509 = ORIENTED_EDGE('',*,*,#1955,.T.);
#2510 = ORIENTED_EDGE('',*,*,#2345,.F.);
#2511 = ORIENTED_EDGE('',*,*,#2488,.F.);
#2512 = ORIENTED_EDGE('',*,*,#2513,.T.);
#2513 = EDGE_CURVE('',#2468,#1956,#2514,.T.);
#2514 = SURFACE_CURVE('',#2515,(#2520,#2526),.PCURVE_S1.);
#2515 = CIRCLE('',#2516,2.3);
#2516 = AXIS2_PLACEMENT_3D('',#2517,#2518,#2519);
#2517 = CARTESIAN_POINT('',(35.07402885327,44.75,32.5));
#2518 = DIRECTION('',(0.433012701892,0.75,0.5));
#2519 = DIRECTION('',(-0.866025403784,0.5,-2.775557561563E-17));
#2520 = PCURVE('',#1970,#2521);
#2521 = DEFINITIONAL_REPRESENTATION('',(#2522),#2525);
#2522 = B_SPLINE_CURVE_WITH_KNOTS('',1,(#2523,#2524),.UNSPECIFIED.,.F.,
  .F.,(2,2),(0.893923055133,5.389262252046),.PIECEWISE_BEZIER_KNOTS.);
#2523 = CARTESIAN_POINT('',(0.893923055133,0.));
#2524 = CARTESIAN_POINT('',(5.389262252046,0.));
#2525 = ( GEOMETRIC_REPRESENTATION_CONTEXT(2) 
PARAMETRIC_REPRESENTATION_CONTEXT() REPRESENTATION_CONTEXT('2D SPACE',''
  ) );
#2526 = PCURVE('',#1998,#2527);
#2527 = DEFINITIONAL_REPRESENTATION('',(#2528),#2532);
#2528 = CIRCLE('',#2529,2.3);
#2529 = AXIS2_PLACEMENT_2D('',#2530,#2531);
#2530 = CARTESIAN_POINT('',(0.,0.));
#2531 = DIRECTION('',(1.,0.));
#2532 = ( GEOMETRIC_REPRESENTATION_CONTEXT(2) 
PARAMETRIC_REPRESENTATION_CONTEXT() REPRESENTATION_CONTEXT('2D SPACE',''
  ) );
#2533 = ADVANCED_FACE('',(#2534),#1998,.T.);
#2534 = FACE_BOUND('',#2535,.T.);
#2535 = EDGE_LOOP('',(#2536,#2537,#2558,#2559));
#2536 = ORIENTED_EDGE('',*,*,#1981,.F.);
#2537 = ORIENTED_EDGE('',*,*,#2538,.T.);
#2538 = EDGE_CURVE('',#1982,#2447,#2539,.T.);
#2539 = SURFACE_CURVE('',#2540,(#2545,#2552),.PCURVE_S1.);
#2540 = CIRCLE('',#2541,2.3);
#2541 = AXIS2_PLACEMENT_3D('',#2542,#2543,#2544);
#2542 = CARTESIAN_POINT('',(35.07402885327,44.75,32.5));
#2543 = DIRECTION('',(0.433012701892,0.75,0.5));
#2544 = DIRECTION('',(-0.866025403784,0.5,-2.775557561563E-17));
#2545 = PCURVE('',#1998,#2546);
#2546 = DEFINITIONAL_REPRESENTATION('',(#2547),#2551);
#2547 = CIRCLE('',#2548,2.3);
#2548 = AXIS2_PLACEMENT_2D('',#2549,#2550);
#2549 = CARTESIAN_POINT('',(0.,0.));
#2550 = DIRECTION('',(1.,0.));
#2551 = ( GEOMETRIC_REPRESENTATION_CONTEXT(2) 
PARAMETRIC_REPRESENTATION_CONTEXT() REPRESENTATION_CONTEXT('2D SPACE',''
  ) );
#2552 = PCURVE('',#2025,#2553);
#2553 = DEFINITIONAL_REPRESENTATION('',(#2554),#2557);
#2554 = B_SPLINE_CURVE_WITH_KNOTS('',1,(#2555,#2556),.UNSPECIFIED.,.F.,
  .F.,(2,2),(0.893923055133,5.389262252046),.PIECEWISE_BEZIER_KNOTS.);
#2555 = CARTESIAN_POINT('',(0.893923055133,0.));
#2556 = CARTESIAN_POINT('',(5.389262252046,0.));
#2557 = ( GEOMETRIC_REPRESENTATION_CONTEXT(2) 
PARAMETRIC_REPRESENTATION_CONTEXT() REPRESENTATION_CONTEXT('2D SPACE',''
  ) );
#2558 = ORIENTED_EDGE('',*,*,#2467,.F.);
#2559 = ORIENTED_EDGE('',*,*,#2513,.T.);
#2560 = ADVANCED_FACE('',(#2561),#2025,.F.);
#2561 = FACE_BOUND('',#2562,.F.);
#2562 = EDGE_LOOP('',(#2563,#2564,#2599,#2600));
#2563 = ORIENTED_EDGE('',*,*,#2446,.T.);
#2564 = ORIENTED_EDGE('',*,*,#2565,.F.);
#2565 = EDGE_CURVE('',#2011,#2425,#2566,.T.);
#2566 = SURFACE_CURVE('',#2567,(#2572,#2592),.PCURVE_S1.);
#2567 = ELLIPSE('',#2568,4.6,2.3);
#2568 = AXIS2_PLACEMENT_3D('',#2569,#2570,#2571);
#2569 = CARTESIAN_POINT('',(38.105117766515,50.,36.));
#2570 = DIRECTION('',(0.,0.,1.));
#2571 = DIRECTION('',(0.5,0.866025403784,-0.));
#2572 = PCURVE('',#2025,#2573);
#2573 = DEFINITIONAL_REPRESENTATION('',(#2574),#2591);
#2574 = B_SPLINE_CURVE_WITH_KNOTS('',8,(#2575,#2576,#2577,#2578,#2579,
    #2580,#2581,#2582,#2583,#2584,#2585,#2586,#2587,#2588,#2589,#2590),
  .UNSPECIFIED.,.F.,.F.,(9,7,9),(2.464719381928,3.141592728896,
    4.712388980385),.UNSPECIFIED.);
#2575 = CARTESIAN_POINT('',(0.893923055133,3.894553370533));
#2576 = CARTESIAN_POINT('',(0.978532223504,3.683433557525));
#2577 = CARTESIAN_POINT('',(1.063141391875,3.497720589748));
#2578 = CARTESIAN_POINT('',(1.147750560246,3.339717466183));
#2579 = CARTESIAN_POINT('',(1.232359728617,3.211339185263));
#2580 = CARTESIAN_POINT('',(1.316968896988,3.114059997893));
#2581 = CARTESIAN_POINT('',(1.401578065359,3.048875441987));
#2582 = CARTESIAN_POINT('',(1.48618723373,3.016283117209));
#2583 = CARTESIAN_POINT('',(1.767145933537,3.016283201496));
#2584 = CARTESIAN_POINT('',(1.963495464972,3.191808899617));
#2585 = CARTESIAN_POINT('',(2.159844996412,3.542858742397));
#2586 = CARTESIAN_POINT('',(2.356194527836,4.055002576891));
#2587 = CARTESIAN_POINT('',(2.552544059283,4.699350791822));
#2588 = CARTESIAN_POINT('',(2.748893590718,5.43559793763));
#2589 = CARTESIAN_POINT('',(2.945243122154,6.217799061673));
#2590 = CARTESIAN_POINT('',(3.14159265359,7.));
#2591 = ( GEOMETRIC_REPRESENTATION_CONTEXT(2) 
PARAMETRIC_REPRESENTATION_CONTEXT() REPRESENTATION_CONTEXT('2D SPACE',''
  ) );
#2592 = PCURVE('',#261,#2593);
#2593 = DEFINITIONAL_REPRESENTATION('',(#2594),#2598);
#2594 = ELLIPSE('',#2595,4.6,2.3);
#2595 = AXIS2_PLACEMENT_2D('',#2596,#2597);
#2596 = CARTESIAN_POINT('',(6.35382907248,11.));
#2597 = DIRECTION('',(1.,0.));
#2598 = ( GEOMETRIC_REPRESENTATION_CONTEXT(2) 
PARAMETRIC_REPRESENTATION_CONTEXT() REPRESENTATION_CONTEXT('2D SPACE',''
  ) );
#2599 = ORIENTED_EDGE('',*,*,#2010,.F.);
#2600 = ORIENTED_EDGE('',*,*,#2538,.T.);
#2601 = ADVANCED_FACE('',(#2602),#2149,.F.);
#2602 = FACE_BOUND('',#2603,.F.);
#2603 = EDGE_LOOP('',(#2604,#2605));
#2604 = ORIENTED_EDGE('',*,*,#2132,.T.);
#2605 = ORIENTED_EDGE('',*,*,#2606,.F.);
#2606 = EDGE_CURVE('',#2133,#2098,#2607,.T.);
#2607 = SURFACE_CURVE('',#2608,(#2612,#2618),.PCURVE_S1.);
#2608 = LINE('',#2609,#2610);
#2609 = CARTESIAN_POINT('',(37.81644263192,46.5,39.5));
#2610 = VECTOR('',#2611,1.);
#2611 = DIRECTION('',(0.866025403784,-0.5,0.));
#2612 = PCURVE('',#2149,#2613);
#2613 = DEFINITIONAL_REPRESENTATION('',(#2614),#2617);
#2614 = B_SPLINE_CURVE_WITH_KNOTS('',1,(#2615,#2616),.UNSPECIFIED.,.F.,
  .F.,(2,2),(-16.059375,-2.940625),.PIECEWISE_BEZIER_KNOTS.);
#2615 = CARTESIAN_POINT('',(6.559375,4.618802153517));
#2616 = CARTESIAN_POINT('',(-6.559375,4.618802153517));
#2617 = ( GEOMETRIC_REPRESENTATION_CONTEXT(2) 
PARAMETRIC_REPRESENTATION_CONTEXT() REPRESENTATION_CONTEXT('2D SPACE',''
  ) );
#2618 = PCURVE('',#2120,#2619);
#2619 = DEFINITIONAL_REPRESENTATION('',(#2620),#2623);
#2620 = B_SPLINE_CURVE_WITH_KNOTS('',1,(#2621,#2622),.UNSPECIFIED.,.F.,
  .F.,(2,2),(-16.059375,-2.940625),.PIECEWISE_BEZIER_KNOTS.);
#2621 = CARTESIAN_POINT('',(3.178402591937,25.559375));
#2622 = CARTESIAN_POINT('',(3.178402591937,12.440625));
#2623 = ( GEOMETRIC_REPRESENTATION_CONTEXT(2) 
PARAMETRIC_REPRESENTATION_CONTEXT() REPRESENTATION_CONTEXT('2D SPACE',''
  ) );
#2624 = ADVANCED_FACE('',(#2625),#2120,.T.);
#2625 = FACE_BOUND('',#2626,.T.);
#2626 = EDGE_LOOP('',(#2627,#2648,#2649,#2650));
#2627 = ORIENTED_EDGE('',*,*,#2628,.F.);
#2628 = EDGE_CURVE('',#2065,#2162,#2629,.T.);
#2629 = SURFACE_CURVE('',#2630,(#2634,#2641),.PCURVE_S1.);
#2630 = LINE('',#2631,#2632);
#2631 = CARTESIAN_POINT('',(44.454482671904,38.997422611929,39.5));
#2632 = VECTOR('',#2633,1.);
#2633 = DIRECTION('',(-0.866025403784,0.5,0.));
#2634 = PCURVE('',#2120,#2635);
#2635 = DEFINITIONAL_REPRESENTATION('',(#2636),#2640);
#2636 = LINE('',#2637,#2638);
#2637 = CARTESIAN_POINT('',(0.,0.));
#2638 = VECTOR('',#2639,1.);
#2639 = DIRECTION('',(0.,1.));
#2640 = ( GEOMETRIC_REPRESENTATION_CONTEXT(2) 
PARAMETRIC_REPRESENTATION_CONTEXT() REPRESENTATION_CONTEXT('2D SPACE',''
  ) );
#2641 = PCURVE('',#2085,#2642);
#2642 = DEFINITIONAL_REPRESENTATION('',(#2643),#2647);
#2643 = LINE('',#2644,#2645);
#2644 = CARTESIAN_POINT('',(3.5,0.));
#2645 = VECTOR('',#2646,1.);
#2646 = DIRECTION('',(0.,-1.));
#2647 = ( GEOMETRIC_REPRESENTATION_CONTEXT(2) 
PARAMETRIC_REPRESENTATION_CONTEXT() REPRESENTATION_CONTEXT('2D SPACE',''
  ) );
#2648 = ORIENTED_EDGE('',*,*,#2097,.T.);
#2649 = ORIENTED_EDGE('',*,*,#2606,.F.);
#2650 = ORIENTED_EDGE('',*,*,#2161,.T.);
#2651 = ADVANCED_FACE('',(#2652),#2085,.F.);
#2652 = FACE_BOUND('',#2653,.F.);
#2653 = EDGE_LOOP('',(#2654,#2655,#2656,#2677));
#2654 = ORIENTED_EDGE('',*,*,#2628,.F.);
#2655 = ORIENTED_EDGE('',*,*,#2064,.T.);
#2656 = ORIENTED_EDGE('',*,*,#2657,.T.);
#2657 = EDGE_CURVE('',#2037,#2192,#2658,.T.);
#2658 = SURFACE_CURVE('',#2659,(#2663,#2670),.PCURVE_S1.);
#2659 = LINE('',#2660,#2661);
#2660 = CARTESIAN_POINT('',(44.454482671904,38.997422611929,36.));
#2661 = VECTOR('',#2662,1.);
#2662 = DIRECTION('',(-0.866025403784,0.5,0.));
#2663 = PCURVE('',#2085,#2664);
#2664 = DEFINITIONAL_REPRESENTATION('',(#2665),#2669);
#2665 = LINE('',#2666,#2667);
#2666 = CARTESIAN_POINT('',(0.,0.));
#2667 = VECTOR('',#2668,1.);
#2668 = DIRECTION('',(0.,-1.));
#2669 = ( GEOMETRIC_REPRESENTATION_CONTEXT(2) 
PARAMETRIC_REPRESENTATION_CONTEXT() REPRESENTATION_CONTEXT('2D SPACE',''
  ) );
#2670 = PCURVE('',#261,#2671);
#2671 = DEFINITIONAL_REPRESENTATION('',(#2672),#2676);
#2672 = LINE('',#2673,#2674);
#2673 = CARTESIAN_POINT('',(0.,0.));
#2674 = VECTOR('',#2675,1.);
#2675 = DIRECTION('',(0.,1.));
#2676 = ( GEOMETRIC_REPRESENTATION_CONTEXT(2) 
PARAMETRIC_REPRESENTATION_CONTEXT() REPRESENTATION_CONTEXT('2D SPACE',''
  ) );
#2677 = ORIENTED_EDGE('',*,*,#2191,.T.);
#2678 = ADVANCED_FACE('',(#2679,#2682),#1726,.T.);
#2679 = FACE_BOUND('',#2680,.T.);
#2680 = EDGE_LOOP('',(#2681));
#2681 = ORIENTED_EDGE('',*,*,#1709,.T.);
#2682 = FACE_BOUND('',#2683,.T.);
#2683 = EDGE_LOOP('',(#2684));
#2684 = ORIENTED_EDGE('',*,*,#2685,.F.);
#2685 = EDGE_CURVE('',#2686,#2686,#2688,.T.);
#2686 = VERTEX_POINT('',#2687);
#2687 = CARTESIAN_POINT('',(19.225763964015,43.9,27.5));
#2688 = SURFACE_CURVE('',#2689,(#2694,#2701),.PCURVE_S1.);
#2689 = CIRCLE('',#2690,5.3);
#2690 = AXIS2_PLACEMENT_3D('',#2691,#2692,#2693);
#2691 = CARTESIAN_POINT('',(23.815698604072,41.25,27.5));
#2692 = DIRECTION('',(0.433012701892,0.75,0.5));
#2693 = DIRECTION('',(-0.866025403784,0.5,-2.775557561563E-17));
#2694 = PCURVE('',#1726,#2695);
#2695 = DEFINITIONAL_REPRESENTATION('',(#2696),#2700);
#2696 = CIRCLE('',#2697,5.3);
#2697 = AXIS2_PLACEMENT_2D('',#2698,#2699);
#2698 = CARTESIAN_POINT('',(0.,0.));
#2699 = DIRECTION('',(1.,0.));
#2700 = ( GEOMETRIC_REPRESENTATION_CONTEXT(2) 
PARAMETRIC_REPRESENTATION_CONTEXT() REPRESENTATION_CONTEXT('2D SPACE',''
  ) );
#2701 = PCURVE('',#2702,#2707);
#2702 = CYLINDRICAL_SURFACE('',#2703,5.3);
#2703 = AXIS2_PLACEMENT_3D('',#2704,#2705,#2706);
#2704 = CARTESIAN_POINT('',(21.390827473476,37.05,24.7));
#2705 = DIRECTION('',(0.433012701892,0.75,0.5));
#2706 = DIRECTION('',(-0.866025403784,0.5,-2.775557561563E-17));
#2707 = DEFINITIONAL_REPRESENTATION('',(#2708),#2712);
#2708 = LINE('',#2709,#2710);
#2709 = CARTESIAN_POINT('',(0.,5.6));
#2710 = VECTOR('',#2711,1.);
#2711 = DIRECTION('',(1.,0.));
#2712 = ( GEOMETRIC_REPRESENTATION_CONTEXT(2) 
PARAMETRIC_REPRESENTATION_CONTEXT() REPRESENTATION_CONTEXT('2D SPACE',''
  ) );
#2713 = ADVANCED_FACE('',(#2714),#2702,.F.);
#2714 = FACE_BOUND('',#2715,.F.);
#2715 = EDGE_LOOP('',(#2716,#2717,#2740,#2767));
#2716 = ORIENTED_EDGE('',*,*,#2685,.F.);
#2717 = ORIENTED_EDGE('',*,*,#2718,.F.);
#2718 = EDGE_CURVE('',#2719,#2686,#2721,.T.);
#2719 = VERTEX_POINT('',#2720);
#2720 = CARTESIAN_POINT('',(16.800892833418,39.7,24.7));
#2721 = SEAM_CURVE('',#2722,(#2726,#2733),.PCURVE_S1.);
#2722 = LINE('',#2723,#2724);
#2723 = CARTESIAN_POINT('',(16.800892833418,39.7,24.7));
#2724 = VECTOR('',#2725,1.);
#2725 = DIRECTION('',(0.433012701892,0.75,0.5));
#2726 = PCURVE('',#2702,#2727);
#2727 = DEFINITIONAL_REPRESENTATION('',(#2728),#2732);
#2728 = LINE('',#2729,#2730);
#2729 = CARTESIAN_POINT('',(6.28318530718,-0.));
#2730 = VECTOR('',#2731,1.);
#2731 = DIRECTION('',(0.,1.));
#2732 = ( GEOMETRIC_REPRESENTATION_CONTEXT(2) 
PARAMETRIC_REPRESENTATION_CONTEXT() REPRESENTATION_CONTEXT('2D SPACE',''
  ) );
#2733 = PCURVE('',#2702,#2734);
#2734 = DEFINITIONAL_REPRESENTATION('',(#2735),#2739);
#2735 = LINE('',#2736,#2737);
#2736 = CARTESIAN_POINT('',(0.,-0.));
#2737 = VECTOR('',#2738,1.);
#2738 = DIRECTION('',(0.,1.));
#2739 = ( GEOMETRIC_REPRESENTATION_CONTEXT(2) 
PARAMETRIC_REPRESENTATION_CONTEXT() REPRESENTATION_CONTEXT('2D SPACE',''
  ) );
#2740 = ORIENTED_EDGE('',*,*,#2741,.T.);
#2741 = EDGE_CURVE('',#2719,#2719,#2742,.T.);
#2742 = SURFACE_CURVE('',#2743,(#2748,#2755),.PCURVE_S1.);
#2743 = CIRCLE('',#2744,5.3);
#2744 = AXIS2_PLACEMENT_3D('',#2745,#2746,#2747);
#2745 = CARTESIAN_POINT('',(21.390827473476,37.05,24.7));
#2746 = DIRECTION('',(0.433012701892,0.75,0.5));
#2747 = DIRECTION('',(-0.866025403784,0.5,-2.775557561563E-17));
#2748 = PCURVE('',#2702,#2749);
#2749 = DEFINITIONAL_REPRESENTATION('',(#2750),#2754);
#2750 = LINE('',#2751,#2752);
#2751 = CARTESIAN_POINT('',(0.,0.));
#2752 = VECTOR('',#2753,1.);
#2753 = DIRECTION('',(1.,0.));
#2754 = ( GEOMETRIC_REPRESENTATION_CONTEXT(2) 
PARAMETRIC_REPRESENTATION_CONTEXT() REPRESENTATION_CONTEXT('2D SPACE',''
  ) );
#2755 = PCURVE('',#2756,#2761);
#2756 = PLANE('',#2757);
#2757 = AXIS2_PLACEMENT_3D('',#2758,#2759,#2760);
#2758 = CARTESIAN_POINT('',(21.390827473476,37.05,24.7));
#2759 = DIRECTION('',(0.433012701892,0.75,0.5));
#2760 = DIRECTION('',(-0.866025403784,0.5,-2.775557561563E-17));
#2761 = DEFINITIONAL_REPRESENTATION('',(#2762),#2766);
#2762 = CIRCLE('',#2763,5.3);
#2763 = AXIS2_PLACEMENT_2D('',#2764,#2765);
#2764 = CARTESIAN_POINT('',(0.,0.));
#2765 = DIRECTION('',(1.,0.));
#2766 = ( GEOMETRIC_REPRESENTATION_CONTEXT(2) 
PARAMETRIC_REPRESENTATION_CONTEXT() REPRESENTATION_CONTEXT('2D SPACE',''
  ) );
#2767 = ORIENTED_EDGE('',*,*,#2718,.T.);
#2768 = ADVANCED_FACE('',(#2769),#2756,.T.);
#2769 = FACE_BOUND('',#2770,.F.);
#2770 = EDGE_LOOP('',(#2771));
#2771 = ORIENTED_EDGE('',*,*,#2741,.F.);
#2772 = ADVANCED_FACE('',(#2773),#1578,.T.);
#2773 = FACE_BOUND('',#2774,.T.);
#2774 = EDGE_LOOP('',(#2775,#2776,#2802,#2803,#2804));
#2775 = ORIENTED_EDGE('',*,*,#1761,.F.);
#2776 = ORIENTED_EDGE('',*,*,#2777,.F.);
#2777 = EDGE_CURVE('',#1564,#1762,#2778,.T.);
#2778 = SURFACE_CURVE('',#2779,(#2784,#2795),.PCURVE_S1.);
#2779 = CIRCLE('',#2780,2.3);
#2780 = AXIS2_PLACEMENT_3D('',#2781,#2782,#2783);
#2781 = CARTESIAN_POINT('',(21.217622392719,52.75,32.5));
#2782 = DIRECTION('',(-0.433012701892,-0.75,-0.5));
#2783 = DIRECTION('',(0.347558797422,-0.650727895551,0.67509709545));
#2784 = PCURVE('',#1578,#2785);
#2785 = DEFINITIONAL_REPRESENTATION('',(#2786),#2794);
#2786 = ( BOUNDED_CURVE() B_SPLINE_CURVE(2,(#2787,#2788,#2789,#2790,
#2791,#2792,#2793),.UNSPECIFIED.,.T.,.F.) B_SPLINE_CURVE_WITH_KNOTS((1,2
    ,2,2,2,1),(-2.094395102393,0.,2.094395102393,4.188790204786,
6.28318530718,8.377580409573),.UNSPECIFIED.) CURVE() 
GEOMETRIC_REPRESENTATION_ITEM() RATIONAL_B_SPLINE_CURVE((1.,0.5,1.,0.5,
1.,0.5,1.)) REPRESENTATION_ITEM('') );
#2787 = CARTESIAN_POINT('',(-1.440625,1.792930453022));
#2788 = CARTESIAN_POINT('',(1.664821639072,4.288166147676));
#2789 = CARTESIAN_POINT('',(2.273035819536,0.351152620816));
#2790 = CARTESIAN_POINT('',(2.88125,-3.585860906045));
#2791 = CARTESIAN_POINT('',(-0.832410819536,-2.144083073838));
#2792 = CARTESIAN_POINT('',(-4.546071639072,-0.702305241632));
#2793 = CARTESIAN_POINT('',(-1.440625,1.792930453022));
#2794 = ( GEOMETRIC_REPRESENTATION_CONTEXT(2) 
PARAMETRIC_REPRESENTATION_CONTEXT() REPRESENTATION_CONTEXT('2D SPACE',''
  ) );
#2795 = PCURVE('',#1602,#2796);
#2796 = DEFINITIONAL_REPRESENTATION('',(#2797),#2801);
#2797 = LINE('',#2798,#2799);
#2798 = CARTESIAN_POINT('',(8.530854905636,0.));
#2799 = VECTOR('',#2800,1.);
#2800 = DIRECTION('',(-1.,-0.));
#2801 = ( GEOMETRIC_REPRESENTATION_CONTEXT(2) 
PARAMETRIC_REPRESENTATION_CONTEXT() REPRESENTATION_CONTEXT('2D SPACE',''
  ) );
#2802 = ORIENTED_EDGE('',*,*,#1563,.T.);
#2803 = ORIENTED_EDGE('',*,*,#1616,.F.);
#2804 = ORIENTED_EDGE('',*,*,#2246,.F.);
#2805 = ADVANCED_FACE('',(#2806),#1602,.F.);
#2806 = FACE_BOUND('',#2807,.F.);
#2807 = EDGE_LOOP('',(#2808,#2809,#2810,#2843));
#2808 = ORIENTED_EDGE('',*,*,#2777,.F.);
#2809 = ORIENTED_EDGE('',*,*,#1589,.T.);
#2810 = ORIENTED_EDGE('',*,*,#2811,.F.);
#2811 = EDGE_CURVE('',#1786,#1468,#2812,.T.);
#2812 = SURFACE_CURVE('',#2813,(#2818,#2836),.PCURVE_S1.);
#2813 = ELLIPSE('',#2814,2.655811238272,2.3);
#2814 = AXIS2_PLACEMENT_3D('',#2815,#2816,#2817);
#2815 = CARTESIAN_POINT('',(24.071796769725,57.693575034635,
    35.795716689757));
#2816 = DIRECTION('',(0.5,0.866025403784,0.));
#2817 = DIRECTION('',(-0.,0.,1.));
#2818 = PCURVE('',#1602,#2819);
#2819 = DEFINITIONAL_REPRESENTATION('',(#2820),#2835);
#2820 = B_SPLINE_CURVE_WITH_KNOTS('',7,(#2821,#2822,#2823,#2824,#2825,
    #2826,#2827,#2828,#2829,#2830,#2831,#2832,#2833,#2834),
  .UNSPECIFIED.,.F.,.F.,(8,6,8),(1.317060559112,2.613990278113,
    3.910919997113),.UNSPECIFIED.);
#2821 = CARTESIAN_POINT('',(2.887856885907,6.924766712848));
#2822 = CARTESIAN_POINT('',(3.07313256005,6.686615590978));
#2823 = CARTESIAN_POINT('',(3.258408234193,6.435115185124));
#2824 = CARTESIAN_POINT('',(3.443683908334,6.183617004527));
#2825 = CARTESIAN_POINT('',(3.628959582481,5.94660003691));
#2826 = CARTESIAN_POINT('',(3.814235256621,5.737782331145));
#2827 = CARTESIAN_POINT('',(3.999510930765,5.567967141699));
#2828 = CARTESIAN_POINT('',(4.37006227905,5.320234439011));
#2829 = CARTESIAN_POINT('',(4.555337953193,5.242316346666));
#2830 = CARTESIAN_POINT('',(4.740613627336,5.217292864489));
#2831 = CARTESIAN_POINT('',(4.925889301479,5.248245674832));
#2832 = CARTESIAN_POINT('',(5.111164975622,5.333398289144));
#2833 = CARTESIAN_POINT('',(5.296440649765,5.466343841552));
#2834 = CARTESIAN_POINT('',(5.481716323908,5.637494178097));
#2835 = ( GEOMETRIC_REPRESENTATION_CONTEXT(2) 
PARAMETRIC_REPRESENTATION_CONTEXT() REPRESENTATION_CONTEXT('2D SPACE',''
  ) );
#2836 = PCURVE('',#1483,#2837);
#2837 = DEFINITIONAL_REPRESENTATION('',(#2838),#2842);
#2838 = ELLIPSE('',#2839,2.655811238272,2.3);
#2839 = AXIS2_PLACEMENT_2D('',#2840,#2841);
#2840 = CARTESIAN_POINT('',(6.795716689757,-16.));
#2841 = DIRECTION('',(1.,0.));
#2842 = ( GEOMETRIC_REPRESENTATION_CONTEXT(2) 
PARAMETRIC_REPRESENTATION_CONTEXT() REPRESENTATION_CONTEXT('2D SPACE',''
  ) );
#2843 = ORIENTED_EDGE('',*,*,#1785,.F.);
#2844 = ADVANCED_FACE('',(#2845),#1483,.T.);
#2845 = FACE_BOUND('',#2846,.T.);
#2846 = EDGE_LOOP('',(#2847,#2848,#2867,#2868));
#2847 = ORIENTED_EDGE('',*,*,#1806,.F.);
#2848 = ORIENTED_EDGE('',*,*,#2849,.T.);
#2849 = EDGE_CURVE('',#1807,#1466,#2850,.T.);
#2850 = SURFACE_CURVE('',#2851,(#2855,#2861),.PCURVE_S1.);
#2851 = LINE('',#2852,#2853);
#2852 = CARTESIAN_POINT('',(34.464101615138,51.693575034635,30.));
#2853 = VECTOR('',#2854,1.);
#2854 = DIRECTION('',(-0.866025403784,0.5,0.));
#2855 = PCURVE('',#1483,#2856);
#2856 = DEFINITIONAL_REPRESENTATION('',(#2857),#2860);
#2857 = B_SPLINE_CURVE_WITH_KNOTS('',1,(#2858,#2859),.UNSPECIFIED.,.F.,
  .F.,(2,2),(-4.,12.),.PIECEWISE_BEZIER_KNOTS.);
#2858 = CARTESIAN_POINT('',(1.,0.));
#2859 = CARTESIAN_POINT('',(1.,-16.));
#2860 = ( GEOMETRIC_REPRESENTATION_CONTEXT(2) 
PARAMETRIC_REPRESENTATION_CONTEXT() REPRESENTATION_CONTEXT('2D SPACE',''
  ) );
#2861 = PCURVE('',#314,#2862);
#2862 = DEFINITIONAL_REPRESENTATION('',(#2863),#2866);
#2863 = B_SPLINE_CURVE_WITH_KNOTS('',1,(#2864,#2865),.UNSPECIFIED.,.F.,
  .F.,(2,2),(-4.,12.),.PIECEWISE_BEZIER_KNOTS.);
#2864 = CARTESIAN_POINT('',(37.928203230276,49.693575034635));
#2865 = CARTESIAN_POINT('',(24.071796769725,57.693575034635));
#2866 = ( GEOMETRIC_REPRESENTATION_CONTEXT(2) 
PARAMETRIC_REPRESENTATION_CONTEXT() REPRESENTATION_CONTEXT('2D SPACE',''
  ) );
#2867 = ORIENTED_EDGE('',*,*,#1465,.T.);
#2868 = ORIENTED_EDGE('',*,*,#2811,.F.);
#2869 = ADVANCED_FACE('',(#2870),#800,.T.);
#2870 = FACE_BOUND('',#2871,.T.);
#2871 = EDGE_LOOP('',(#2872,#2873,#2897,#2930));
#2872 = ORIENTED_EDGE('',*,*,#785,.F.);
#2873 = ORIENTED_EDGE('',*,*,#2874,.T.);
#2874 = EDGE_CURVE('',#760,#2875,#2877,.T.);
#2875 = VERTEX_POINT('',#2876);
#2876 = CARTESIAN_POINT('',(21.343678248071,57.567350941876,
    35.000000000002));
#2877 = SURFACE_CURVE('',#2878,(#2883,#2890),.PCURVE_S1.);
#2878 = CIRCLE('',#2879,2.25);
#2879 = AXIS2_PLACEMENT_3D('',#2880,#2881,#2882);
#2880 = CARTESIAN_POINT('',(20.607695154587,59.693575034635,35.));
#2881 = DIRECTION('',(0.,0.,1.));
#2882 = DIRECTION('',(1.,0.,-0.));
#2883 = PCURVE('',#800,#2884);
#2884 = DEFINITIONAL_REPRESENTATION('',(#2885),#2889);
#2885 = CIRCLE('',#2886,2.25);
#2886 = AXIS2_PLACEMENT_2D('',#2887,#2888);
#2887 = CARTESIAN_POINT('',(0.,0.));
#2888 = DIRECTION('',(1.,0.));
#2889 = ( GEOMETRIC_REPRESENTATION_CONTEXT(2) 
PARAMETRIC_REPRESENTATION_CONTEXT() REPRESENTATION_CONTEXT('2D SPACE',''
  ) );
#2890 = PCURVE('',#774,#2891);
#2891 = DEFINITIONAL_REPRESENTATION('',(#2892),#2896);
#2892 = LINE('',#2893,#2894);
#2893 = CARTESIAN_POINT('',(0.,6.));
#2894 = VECTOR('',#2895,1.);
#2895 = DIRECTION('',(1.,0.));
#2896 = ( GEOMETRIC_REPRESENTATION_CONTEXT(2) 
PARAMETRIC_REPRESENTATION_CONTEXT() REPRESENTATION_CONTEXT('2D SPACE',''
  ) );
#2897 = ORIENTED_EDGE('',*,*,#2898,.F.);
#2898 = EDGE_CURVE('',#2899,#2875,#2901,.T.);
#2899 = VERTEX_POINT('',#2900);
#2900 = CARTESIAN_POINT('',(22.814743122864,59.494568583189,35.));
#2901 = SURFACE_CURVE('',#2902,(#2907,#2914),.PCURVE_S1.);
#2902 = ELLIPSE('',#2903,4.6,2.3);
#2903 = AXIS2_PLACEMENT_3D('',#2904,#2905,#2906);
#2904 = CARTESIAN_POINT('',(23.38268590218,56.5,35.));
#2905 = DIRECTION('',(0.,0.,1.));
#2906 = DIRECTION('',(0.5,0.866025403784,-0.));
#2907 = PCURVE('',#800,#2908);
#2908 = DEFINITIONAL_REPRESENTATION('',(#2909),#2913);
#2909 = ELLIPSE('',#2910,4.6,2.3);
#2910 = AXIS2_PLACEMENT_2D('',#2911,#2912);
#2911 = CARTESIAN_POINT('',(2.774990747593,-3.193575034635));
#2912 = DIRECTION('',(0.5,0.866025403784));
#2913 = ( GEOMETRIC_REPRESENTATION_CONTEXT(2) 
PARAMETRIC_REPRESENTATION_CONTEXT() REPRESENTATION_CONTEXT('2D SPACE',''
  ) );
#2914 = PCURVE('',#2915,#2920);
#2915 = CYLINDRICAL_SURFACE('',#2916,2.3);
#2916 = AXIS2_PLACEMENT_3D('',#2917,#2918,#2919);
#2917 = CARTESIAN_POINT('',(21.217622392719,52.75,32.5));
#2918 = DIRECTION('',(0.433012701892,0.75,0.5));
#2919 = DIRECTION('',(-0.866025403784,0.5,-2.775557561563E-17));
#2920 = DEFINITIONAL_REPRESENTATION('',(#2921),#2929);
#2921 = B_SPLINE_CURVE_WITH_KNOTS('',6,(#2922,#2923,#2924,#2925,#2926,
    #2927,#2928),.UNSPECIFIED.,.F.,.F.,(7,7),(1.044835889281,
    1.66148932296),.PIECEWISE_BEZIER_KNOTS.);
#2922 = CARTESIAN_POINT('',(5.757224869665,7.0000006));
#2923 = CARTESIAN_POINT('',(5.860000441945,6.645909330177));
#2924 = CARTESIAN_POINT('',(5.962776014225,6.266467439016));
#2925 = CARTESIAN_POINT('',(6.065551586505,5.868406195415));
#2926 = CARTESIAN_POINT('',(6.168327158785,5.45926522064));
#2927 = CARTESIAN_POINT('',(6.271102731065,5.046945980275));
#2928 = CARTESIAN_POINT('',(6.373878303345,4.639199867423));
#2929 = ( GEOMETRIC_REPRESENTATION_CONTEXT(2) 
PARAMETRIC_REPRESENTATION_CONTEXT() REPRESENTATION_CONTEXT('2D SPACE',''
  ) );
#2930 = ORIENTED_EDGE('',*,*,#2931,.F.);
#2931 = EDGE_CURVE('',#786,#2899,#2932,.T.);
#2932 = SURFACE_CURVE('',#2933,(#2937,#2943),.PCURVE_S1.);
#2933 = LINE('',#2934,#2935);
#2934 = CARTESIAN_POINT('',(31.898602372727,54.25,35.));
#2935 = VECTOR('',#2936,1.);
#2936 = DIRECTION('',(0.866025403784,-0.5,0.));
#2937 = PCURVE('',#800,#2938);
#2938 = DEFINITIONAL_REPRESENTATION('',(#2939),#2942);
#2939 = B_SPLINE_CURVE_WITH_KNOTS('',1,(#2940,#2941),.UNSPECIFIED.,.F.,
  .F.,(2,2),(-13.5,-10.46216944106),.PIECEWISE_BEZIER_KNOTS.);
#2940 = CARTESIAN_POINT('',(-0.40043573295,1.306424965365));
#2941 = CARTESIAN_POINT('',(2.230402703481,-0.212490314103));
#2942 = ( GEOMETRIC_REPRESENTATION_CONTEXT(2) 
PARAMETRIC_REPRESENTATION_CONTEXT() REPRESENTATION_CONTEXT('2D SPACE',''
  ) );
#2943 = PCURVE('',#827,#2944);
#2944 = DEFINITIONAL_REPRESENTATION('',(#2945),#2948);
#2945 = B_SPLINE_CURVE_WITH_KNOTS('',1,(#2946,#2947),.UNSPECIFIED.,.F.,
  .F.,(2,2),(-13.5,-10.46216944106),.PIECEWISE_BEZIER_KNOTS.);
#2946 = CARTESIAN_POINT('',(26.,11.845299461621));
#2947 = CARTESIAN_POINT('',(22.962169441065,11.845299461621));
#2948 = ( GEOMETRIC_REPRESENTATION_CONTEXT(2) 
PARAMETRIC_REPRESENTATION_CONTEXT() REPRESENTATION_CONTEXT('2D SPACE',''
  ) );
#2949 = ADVANCED_FACE('',(#2950),#2915,.F.);
#2950 = FACE_BOUND('',#2951,.F.);
#2951 = EDGE_LOOP('',(#2952,#2975,#3234));
#2952 = ORIENTED_EDGE('',*,*,#2953,.F.);
#2953 = EDGE_CURVE('',#2954,#2899,#2956,.T.);
#2954 = VERTEX_POINT('',#2955);
#2955 = CARTESIAN_POINT('',(22.849411377899,59.500680311693,
    34.960808817679));
#2956 = SURFACE_CURVE('',#2957,(#2962,#2968),.PCURVE_S1.);
#2957 = CIRCLE('',#2958,2.3);
#2958 = AXIS2_PLACEMENT_3D('',#2959,#2960,#2961);
#2959 = CARTESIAN_POINT('',(24.248711305964,58.,36.));
#2960 = DIRECTION('',(0.433012701892,0.75,0.5));
#2961 = DIRECTION('',(-0.866025403784,0.5,-2.775557561563E-17));
#2962 = PCURVE('',#2915,#2963);
#2963 = DEFINITIONAL_REPRESENTATION('',(#2964),#2967);
#2964 = B_SPLINE_CURVE_WITH_KNOTS('',1,(#2965,#2966),.UNSPECIFIED.,.F.,
  .F.,(2,2),(3.14159265359,6.28318530718),.PIECEWISE_BEZIER_KNOTS.);
#2965 = CARTESIAN_POINT('',(3.14159265359,7.));
#2966 = CARTESIAN_POINT('',(6.28318530718,7.));
#2967 = ( GEOMETRIC_REPRESENTATION_CONTEXT(2) 
PARAMETRIC_REPRESENTATION_CONTEXT() REPRESENTATION_CONTEXT('2D SPACE',''
  ) );
#2968 = PCURVE('',#827,#2969);
#2969 = DEFINITIONAL_REPRESENTATION('',(#2970),#2974);
#2970 = CIRCLE('',#2971,2.3);
#2971 = AXIS2_PLACEMENT_2D('',#2972,#2973);
#2972 = CARTESIAN_POINT('',(21.,13.));
#2973 = DIRECTION('',(1.,0.));
#2974 = ( GEOMETRIC_REPRESENTATION_CONTEXT(2) 
PARAMETRIC_REPRESENTATION_CONTEXT() REPRESENTATION_CONTEXT('2D SPACE',''
  ) );
#2975 = ORIENTED_EDGE('',*,*,#2976,.T.);
#2976 = EDGE_CURVE('',#2954,#2875,#2977,.T.);
#2977 = SURFACE_CURVE('',#2978,(#3044,#3139),.PCURVE_S1.);
#2978 = B_SPLINE_CURVE_WITH_KNOTS('',8,(#2979,#2980,#2981,#2982,#2983,
    #2984,#2985,#2986,#2987,#2988,#2989,#2990,#2991,#2992,#2993,#2994,
    #2995,#2996,#2997,#2998,#2999,#3000,#3001,#3002,#3003,#3004,#3005,
    #3006,#3007,#3008,#3009,#3010,#3011,#3012,#3013,#3014,#3015,#3016,
    #3017,#3018,#3019,#3020,#3021,#3022,#3023,#3024,#3025,#3026,#3027,
    #3028,#3029,#3030,#3031,#3032,#3033,#3034,#3035,#3036,#3037,#3038,
    #3039,#3040,#3041,#3042,#3043),.UNSPECIFIED.,.F.,.F.,(9,7,7,7,7,7,7,
    7,7,9),(0.,0.423634874677,0.50429687702,0.578023832879,
    0.622653632373,0.686385840097,0.746004441412,0.788777224095,
    0.999999805559,1.30654031938),.UNSPECIFIED.);
#2979 = CARTESIAN_POINT('',(22.849411377899,59.500680311693,
    34.960808817679));
#2980 = CARTESIAN_POINT('',(22.839723530795,59.388093488734,
    34.811268841339));
#2981 = CARTESIAN_POINT('',(22.82293327693,59.268622309149,
    34.670622138566));
#2982 = CARTESIAN_POINT('',(22.797580634613,59.142809232394,
    34.53736503627));
#2983 = CARTESIAN_POINT('',(22.762077621766,59.010946842183,
    34.410780008321));
#2984 = CARTESIAN_POINT('',(22.714519963029,58.873540817861,
    34.29101594279));
#2985 = CARTESIAN_POINT('',(22.65276179527,58.73178632823,
    34.179358796901));
#2986 = CARTESIAN_POINT('',(22.574814627157,58.588087980677,
    34.078833524833));
#2987 = CARTESIAN_POINT('',(22.462098855021,58.418920531407,
    33.979466123018));
#2988 = CARTESIAN_POINT('',(22.443409948002,58.391840058011,
    33.964143527572));
#2989 = CARTESIAN_POINT('',(22.424028948364,58.364729377397,
    33.949420289859));
#2990 = CARTESIAN_POINT('',(22.403925441548,58.337588954722,
    33.935336556777));
#2991 = CARTESIAN_POINT('',(22.383071242266,58.310427062724,
    33.921944754231));
#2992 = CARTESIAN_POINT('',(22.36144102827,58.2832591518,33.909309912292
    ));
#2993 = CARTESIAN_POINT('',(22.339012974114,58.256107220084,
    33.89750999035));
#2994 = CARTESIAN_POINT('',(22.294524201007,58.204221804367,
    33.876697305777));
#2995 = CARTESIAN_POINT('',(22.272594118193,58.179476965333,
    33.867530469386));
#2996 = CARTESIAN_POINT('',(22.249951275337,58.15476958985,
    33.859199806767));
#2997 = CARTESIAN_POINT('',(22.226572939121,58.130114639795,
    33.851783843373));
#2998 = CARTESIAN_POINT('',(22.202442565433,58.105536064434,
    33.845375959249));
#2999 = CARTESIAN_POINT('',(22.177550860757,58.081065749375,
    33.840084831832));
#3000 = CARTESIAN_POINT('',(22.151896843563,58.056742465507,
    33.836034878741));
#3001 = CARTESIAN_POINT('',(22.109503151796,58.018002991288,
    33.831751548365));
#3002 = CARTESIAN_POINT('',(22.093234069807,58.003458782742,
    33.830642064086));
#3003 = CARTESIAN_POINT('',(22.076691481282,57.988996104747,
    33.830071123341));
#3004 = CARTESIAN_POINT('',(22.059886593595,57.974632539607,
    33.83007241854));
#3005 = CARTESIAN_POINT('',(22.042831999949,57.960385339501,
    33.830680458905));
#3006 = CARTESIAN_POINT('',(22.025541679368,57.946271426479,
    33.83193057047));
#3007 = CARTESIAN_POINT('',(22.008030996701,57.932307392463,
    33.833858896085));
#3008 = CARTESIAN_POINT('',(21.965020351692,57.898805843704,
    33.840277363031));
#3009 = CARTESIAN_POINT('',(21.939244033874,57.879390161521,
    33.845520417369));
#3010 = CARTESIAN_POINT('',(21.913144146826,57.860399296539,
    33.852336064026));
#3011 = CARTESIAN_POINT('',(21.886876111501,57.841945457968,
    33.860801337398));
#3012 = CARTESIAN_POINT('',(21.860592478993,57.824118251025,
    33.870965212972));
#3013 = CARTESIAN_POINT('',(21.834441037379,57.806986707556,
    33.882848019632));
#3014 = CARTESIAN_POINT('',(21.808562918568,57.79060131667,
    33.896440851957));
#3015 = CARTESIAN_POINT('',(21.759262600165,57.760398038348,
    33.925983887134));
#3016 = CARTESIAN_POINT('',(21.735900455023,57.746550677898,
    33.94165887357));
#3017 = CARTESIAN_POINT('',(21.71310729984,57.73347098868,
    33.958674619029));
#3018 = CARTESIAN_POINT('',(21.69097941563,57.721165285833,
    33.976951591358));
#3019 = CARTESIAN_POINT('',(21.669604975261,57.709630737263,
    33.996385746511));
#3020 = CARTESIAN_POINT('',(21.649062684409,57.698856915944,
    34.016848226009));
#3021 = CARTESIAN_POINT('',(21.629420422516,57.688827352208,
    34.038185054399));
#3022 = CARTESIAN_POINT('',(21.597327409189,57.672844396377,
    34.076023323552));
#3023 = CARTESIAN_POINT('',(21.584394509995,57.666530755386,
    34.092209298973));
#3024 = CARTESIAN_POINT('',(21.571932320421,57.660561477437,
    34.108740691176));
#3025 = CARTESIAN_POINT('',(21.559937110002,57.654918790593,
    34.125583891378));
#3026 = CARTESIAN_POINT('',(21.548404283558,57.649585836618,
    34.142705753816));
#3027 = CARTESIAN_POINT('',(21.53732838119,57.644546670984,
    34.160073595743));
#3028 = CARTESIAN_POINT('',(21.526703078282,57.639786262864,
    34.177655197431));
#3029 = CARTESIAN_POINT('',(21.466240480285,57.613089282004,
    34.283139876504));
#3030 = CARTESIAN_POINT('',(21.426472427576,57.597207257205,
    34.375825515341));
#3031 = CARTESIAN_POINT('',(21.396012830754,57.585813220234,
    34.470754622772));
#3032 = CARTESIAN_POINT('',(21.373530533914,57.577742137727,
    34.566148165865));
#3033 = CARTESIAN_POINT('',(21.357796146801,57.572232596379,
    34.661096340798));
#3034 = CARTESIAN_POINT('',(21.347825621441,57.568784775113,
    34.755450778966));
#3035 = CARTESIAN_POINT('',(21.342968192371,57.567105293513,
    34.849686317961));
#3036 = CARTESIAN_POINT('',(21.342968192371,57.567105293513,
    35.082680648994));
#3037 = CARTESIAN_POINT('',(21.353199039794,57.570642753084,
    35.220475363151));
#3038 = CARTESIAN_POINT('',(21.372395854509,57.577280730099,
    35.356711228449));
#3039 = CARTESIAN_POINT('',(21.399414089544,57.586931142202,
    35.490609243627));
#3040 = CARTESIAN_POINT('',(21.433303526199,57.599692848999,
    35.621838607692));
#3041 = CARTESIAN_POINT('',(21.473320649556,57.615790731487,
    35.750364929423));
#3042 = CARTESIAN_POINT('',(21.518903617358,57.63557884359,
    35.876334511555));
#3043 = CARTESIAN_POINT('',(21.569634035222,57.659570710667,36.));
#3044 = PCURVE('',#2915,#3045);
#3045 = DEFINITIONAL_REPRESENTATION('',(#3046),#3138);
#3046 = B_SPLINE_CURVE_WITH_KNOTS('',3,(#3047,#3048,#3049,#3050,#3051,
    #3052,#3053,#3054,#3055,#3056,#3057,#3058,#3059,#3060,#3061,#3062,
    #3063,#3064,#3065,#3066,#3067,#3068,#3069,#3070,#3071,#3072,#3073,
    #3074,#3075,#3076,#3077,#3078,#3079,#3080,#3081,#3082,#3083,#3084,
    #3085,#3086,#3087,#3088,#3089,#3090,#3091,#3092,#3093,#3094,#3095,
    #3096,#3097,#3098,#3099,#3100,#3101,#3102,#3103,#3104,#3105,#3106,
    #3107,#3108,#3109,#3110,#3111,#3112,#3113,#3114,#3115,#3116,#3117,
    #3118,#3119,#3120,#3121,#3122,#3123,#3124,#3125,#3126,#3127,#3128,
    #3129,#3130,#3131,#3132,#3133,#3134,#3135,#3136,#3137),
  .UNSPECIFIED.,.F.,.F.,(4,1,1,1,1,1,1,1,1,1,1,1,1,1,1,1,1,1,1,1,1,1,1,1
    ,1,1,1,1,1,1,1,1,1,1,1,1,1,1,1,1,1,1,1,1,1,1,1,1,1,1,1,1,1,1,1,1,1,1
    ,1,1,1,1,1,1,1,1,1,1,1,1,1,1,1,1,1,1,1,1,1,1,1,1,1,1,1,1,1,1,4),(0.,
    1.484704908386E-02,2.969409816772E-02,4.454114725158E-02,
    5.938819633543E-02,7.423524541929E-02,8.908229450315E-02,
    0.103929343587,0.118776392671,0.133623441755,0.148470490839,
    0.163317539922,0.178164589006,0.19301163809,0.207858687174,
    0.222705736258,0.237552785342,0.252399834426,0.267246883509,
    0.282093932593,0.296940981677,0.311788030761,0.326635079845,
    0.341482128929,0.356329178013,0.371176227096,0.38602327618,
    0.400870325264,0.415717374348,0.430564423432,0.445411472516,
    0.4602585216,0.475105570683,0.489952619767,0.504799668851,
    0.519646717935,0.534493767019,0.549340816103,0.564187865187,
    0.57903491427,0.593881963354,0.608729012438,0.623576061522,
    0.638423110606,0.65327015969,0.668117208774,0.682964257857,
    0.697811306941,0.712658356025,0.727505405109,0.742352454193,
    0.757199503277,0.772046552361,0.786893601444,0.801740650528,
    0.816587699612,0.831434748696,0.84628179778,0.861128846864,
    0.875975895948,0.890822945032,0.905669994115,0.920517043199,
    0.935364092283,0.950211141367,0.965058190451,0.979905239535,
    0.994752288619,1.009599337702,1.024446386786,1.03929343587,
    1.054140484954,1.068987534038,1.083834583122,1.098681632206,
    1.113528681289,1.128375730373,1.143222779457,1.158069828541,
    1.172916877625,1.187763926709,1.202610975793,1.217458024876,
    1.23230507396,1.247152123044,1.261999172128,1.276846221212,
    1.291693270296,1.30654031938),.QUASI_UNIFORM_KNOTS.);
#3047 = CARTESIAN_POINT('',(5.734320164332,7.));
#3048 = CARTESIAN_POINT('',(5.730589299644,6.984728508286));
#3049 = CARTESIAN_POINT('',(5.723247282807,6.954098420098));
#3050 = CARTESIAN_POINT('',(5.712592392137,6.907878610761));
#3051 = CARTESIAN_POINT('',(5.702294228562,6.861370530419));
#3052 = CARTESIAN_POINT('',(5.692352800207,6.814561394223));
#3053 = CARTESIAN_POINT('',(5.682769044179,6.767439110252));
#3054 = CARTESIAN_POINT('',(5.673544960014,6.71999248457));
#3055 = CARTESIAN_POINT('',(5.664683578592,6.672211351883));
#3056 = CARTESIAN_POINT('',(5.656188976414,6.624086738074));
#3057 = CARTESIAN_POINT('',(5.648066278633,6.575611026381));
#3058 = CARTESIAN_POINT('',(5.640321665639,6.526778134997));
#3059 = CARTESIAN_POINT('',(5.632962378876,6.477583704196));
#3060 = CARTESIAN_POINT('',(5.625996726684,6.42802529364));
#3061 = CARTESIAN_POINT('',(5.619434089602,6.378102589829));
#3062 = CARTESIAN_POINT('',(5.61328492493,6.327817623792));
#3063 = CARTESIAN_POINT('',(5.607560770274,6.277174999066));
#3064 = CARTESIAN_POINT('',(5.602274245831,6.226182129985));
#3065 = CARTESIAN_POINT('',(5.597439055177,6.174849490294));
#3066 = CARTESIAN_POINT('',(5.593069984371,6.123190872023));
#3067 = CARTESIAN_POINT('',(5.589182899169,6.071223654753));
#3068 = CARTESIAN_POINT('',(5.585794740276,6.018969084535));
#3069 = CARTESIAN_POINT('',(5.582923516381,5.966452564909));
#3070 = CARTESIAN_POINT('',(5.580588295519,5.913703950428));
#3071 = CARTESIAN_POINT('',(5.578809192626,5.860757877938));
#3072 = CARTESIAN_POINT('',(5.577607361536,5.807654003414));
#3073 = CARTESIAN_POINT('',(5.577004961226,5.754437636955));
#3074 = CARTESIAN_POINT('',(5.577025210102,5.701158936613));
#3075 = CARTESIAN_POINT('',(5.57769210527,5.647877524552));
#3076 = CARTESIAN_POINT('',(5.579031387948,5.594646909502));
#3077 = CARTESIAN_POINT('',(5.581066857054,5.541574314666));
#3078 = CARTESIAN_POINT('',(5.583840392909,5.488458250669));
#3079 = CARTESIAN_POINT('',(5.587396741196,5.435318957294));
#3080 = CARTESIAN_POINT('',(5.591785402121,5.382191630937));
#3081 = CARTESIAN_POINT('',(5.59706142503,5.329138148504));
#3082 = CARTESIAN_POINT('',(5.603284594504,5.276248330604));
#3083 = CARTESIAN_POINT('',(5.610521346974,5.223622817942));
#3084 = CARTESIAN_POINT('',(5.618852684975,5.171342101088));
#3085 = CARTESIAN_POINT('',(5.628365016357,5.11954582436));
#3086 = CARTESIAN_POINT('',(5.639152438311,5.068414131314));
#3087 = CARTESIAN_POINT('',(5.651312634199,5.018184172573));
#3088 = CARTESIAN_POINT('',(5.66496051226,4.969100616914));
#3089 = CARTESIAN_POINT('',(5.680187231005,4.921567659951));
#3090 = CARTESIAN_POINT('',(5.697057929537,4.876066509352));
#3091 = CARTESIAN_POINT('',(5.715703501728,4.832946243863));
#3092 = CARTESIAN_POINT('',(5.736064225525,4.792993470135));
#3093 = CARTESIAN_POINT('',(5.758003546618,4.756925923424));
#3094 = CARTESIAN_POINT('',(5.781378944238,4.725261608117));
#3095 = CARTESIAN_POINT('',(5.80596947277,4.698440814235));
#3096 = CARTESIAN_POINT('',(5.831338170323,4.67683350428));
#3097 = CARTESIAN_POINT('',(5.857254414299,4.660347900722));
#3098 = CARTESIAN_POINT('',(5.883402709237,4.64882474315));
#3099 = CARTESIAN_POINT('',(5.909434821982,4.64193394465));
#3100 = CARTESIAN_POINT('',(5.935274355914,4.639200467423));
#3101 = CARTESIAN_POINT('',(5.960801105727,4.640192599248));
#3102 = CARTESIAN_POINT('',(5.98593893062,4.644484835302));
#3103 = CARTESIAN_POINT('',(6.010708343318,4.651714840194));
#3104 = CARTESIAN_POINT('',(6.035065672274,4.66155208173));
#3105 = CARTESIAN_POINT('',(6.058995498428,4.673701922287));
#3106 = CARTESIAN_POINT('',(6.082486066179,4.687902884542));
#3107 = CARTESIAN_POINT('',(6.105535196776,4.703925749362));
#3108 = CARTESIAN_POINT('',(6.128148088089,4.721572258051));
#3109 = CARTESIAN_POINT('',(6.150337328771,4.740674009861));
#3110 = CARTESIAN_POINT('',(6.172122346036,4.761091397988));
#3111 = CARTESIAN_POINT('',(6.193529006498,4.782712599448));
#3112 = CARTESIAN_POINT('',(6.21458920675,4.805452693057));
#3113 = CARTESIAN_POINT('',(6.235340330716,4.82925257234));
#3114 = CARTESIAN_POINT('',(6.255825181322,4.85407889097));
#3115 = CARTESIAN_POINT('',(6.276090040696,4.879920402578));
#3116 = CARTESIAN_POINT('',(6.296189604739,4.906797989088));
#3117 = CARTESIAN_POINT('',(6.316034578026,4.934543995563));
#3118 = CARTESIAN_POINT('',(6.335636578717,4.963122347033));
#3119 = CARTESIAN_POINT('',(6.354989742415,4.992479727564));
#3120 = CARTESIAN_POINT('',(6.374093771487,5.022573880336));
#3121 = CARTESIAN_POINT('',(6.3929476723,5.053365674676));
#3122 = CARTESIAN_POINT('',(6.411551351327,5.084820901384));
#3123 = CARTESIAN_POINT('',(6.429905109421,5.116909480579));
#3124 = CARTESIAN_POINT('',(6.448009702567,5.149605381587));
#3125 = CARTESIAN_POINT('',(6.465866253515,5.182886370328));
#3126 = CARTESIAN_POINT('',(6.483476205502,5.216733820723));
#3127 = CARTESIAN_POINT('',(6.50084126636,5.251132526289));
#3128 = CARTESIAN_POINT('',(6.517963356463,5.286070528591));
#3129 = CARTESIAN_POINT('',(6.534844556591,5.321538957469));
#3130 = CARTESIAN_POINT('',(6.551487056436,5.357531884516));
#3131 = CARTESIAN_POINT('',(6.567893103583,5.394046186765));
#3132 = CARTESIAN_POINT('',(6.584064952032,5.431081429097));
#3133 = CARTESIAN_POINT('',(6.600004813594,5.468639732123));
#3134 = CARTESIAN_POINT('',(6.615714799427,5.506725747861));
#3135 = CARTESIAN_POINT('',(6.631196899286,5.545346284922));
#3136 = CARTESIAN_POINT('',(6.641367513827,5.571456289551));
#3137 = CARTESIAN_POINT('',(6.64641542283,5.584603545418));
#3138 = ( GEOMETRIC_REPRESENTATION_CONTEXT(2) 
PARAMETRIC_REPRESENTATION_CONTEXT() REPRESENTATION_CONTEXT('2D SPACE',''
  ) );
#3139 = PCURVE('',#774,#3140);
#3140 = DEFINITIONAL_REPRESENTATION('',(#3141),#3233);
#3141 = B_SPLINE_CURVE_WITH_KNOTS('',3,(#3142,#3143,#3144,#3145,#3146,
    #3147,#3148,#3149,#3150,#3151,#3152,#3153,#3154,#3155,#3156,#3157,
    #3158,#3159,#3160,#3161,#3162,#3163,#3164,#3165,#3166,#3167,#3168,
    #3169,#3170,#3171,#3172,#3173,#3174,#3175,#3176,#3177,#3178,#3179,
    #3180,#3181,#3182,#3183,#3184,#3185,#3186,#3187,#3188,#3189,#3190,
    #3191,#3192,#3193,#3194,#3195,#3196,#3197,#3198,#3199,#3200,#3201,
    #3202,#3203,#3204,#3205,#3206,#3207,#3208,#3209,#3210,#3211,#3212,
    #3213,#3214,#3215,#3216,#3217,#3218,#3219,#3220,#3221,#3222,#3223,
    #3224,#3225,#3226,#3227,#3228,#3229,#3230,#3231,#3232),
  .UNSPECIFIED.,.F.,.F.,(4,1,1,1,1,1,1,1,1,1,1,1,1,1,1,1,1,1,1,1,1,1,1,1
    ,1,1,1,1,1,1,1,1,1,1,1,1,1,1,1,1,1,1,1,1,1,1,1,1,1,1,1,1,1,1,1,1,1,1
    ,1,1,1,1,1,1,1,1,1,1,1,1,1,1,1,1,1,1,1,1,1,1,1,1,1,1,1,1,1,1,4),(0.,
    1.484704908386E-02,2.969409816772E-02,4.454114725158E-02,
    5.938819633543E-02,7.423524541929E-02,8.908229450315E-02,
    0.103929343587,0.118776392671,0.133623441755,0.148470490839,
    0.163317539922,0.178164589006,0.19301163809,0.207858687174,
    0.222705736258,0.237552785342,0.252399834426,0.267246883509,
    0.282093932593,0.296940981677,0.311788030761,0.326635079845,
    0.341482128929,0.356329178013,0.371176227096,0.38602327618,
    0.400870325264,0.415717374348,0.430564423432,0.445411472516,
    0.4602585216,0.475105570683,0.489952619767,0.504799668851,
    0.519646717935,0.534493767019,0.549340816103,0.564187865187,
    0.57903491427,0.593881963354,0.608729012438,0.623576061522,
    0.638423110606,0.65327015969,0.668117208774,0.682964257857,
    0.697811306941,0.712658356025,0.727505405109,0.742352454193,
    0.757199503277,0.772046552361,0.786893601444,0.801740650528,
    0.816587699612,0.831434748696,0.84628179778,0.861128846864,
    0.875975895948,0.890822945032,0.905669994115,0.920517043199,
    0.935364092283,0.950211141367,0.965058190451,0.979905239535,
    0.994752288619,1.009599337702,1.024446386786,1.03929343587,
    1.054140484954,1.068987534038,1.083834583122,1.098681632206,
    1.113528681289,1.128375730373,1.143222779457,1.158069828541,
    1.172916877625,1.187763926709,1.202610975793,1.217458024876,
    1.23230507396,1.247152123044,1.261999172128,1.276846221212,
    1.291693270296,1.30654031938),.QUASI_UNIFORM_KNOTS.);
#3142 = CARTESIAN_POINT('',(6.197348952706,5.960808817679));
#3143 = CARTESIAN_POINT('',(6.192655116736,5.946833257816));
#3144 = CARTESIAN_POINT('',(6.183191503477,5.919085399525));
#3145 = CARTESIAN_POINT('',(6.168767319116,5.878054879019));
#3146 = CARTESIAN_POINT('',(6.154113610081,5.83759630152));
#3147 = CARTESIAN_POINT('',(6.139228985065,5.797693166032));
#3148 = CARTESIAN_POINT('',(6.124111711741,5.758330880073));
#3149 = CARTESIAN_POINT('',(6.108759710568,5.719497073164));
#3150 = CARTESIAN_POINT('',(6.093170627006,5.681181592157));
#3151 = CARTESIAN_POINT('',(6.077341881916,5.643376593182));
#3152 = CARTESIAN_POINT('',(6.061270727121,5.606076619597));
#3153 = CARTESIAN_POINT('',(6.044954299054,5.569278696098));
#3154 = CARTESIAN_POINT('',(6.028389672522,5.532982431454));
#3155 = CARTESIAN_POINT('',(6.0115739142,5.497190132424));
#3156 = CARTESIAN_POINT('',(5.994504136109,5.46190692874));
#3157 = CARTESIAN_POINT('',(5.977177549183,5.427140909738));
#3158 = CARTESIAN_POINT('',(5.959591517113,5.392903273062));
#3159 = CARTESIAN_POINT('',(5.94174361064,5.35920848592));
#3160 = CARTESIAN_POINT('',(5.923631662524,5.326074459346));
#3161 = CARTESIAN_POINT('',(5.905253823428,5.293522735941));
#3162 = CARTESIAN_POINT('',(5.886608619104,5.261578691652));
#3163 = CARTESIAN_POINT('',(5.867695008926,5.230271751795));
#3164 = CARTESIAN_POINT('',(5.848512447242,5.199635622863));
#3165 = CARTESIAN_POINT('',(5.829060944117,5.169708536775));
#3166 = CARTESIAN_POINT('',(5.809341140517,5.140533522443));
#3167 = CARTESIAN_POINT('',(5.78935434432,5.11215865158));
#3168 = CARTESIAN_POINT('',(5.769102730282,5.084637459317));
#3169 = CARTESIAN_POINT('',(5.748588949166,5.05802879361));
#3170 = CARTESIAN_POINT('',(5.727817966663,5.032398880177));
#3171 = CARTESIAN_POINT('',(5.706790609583,5.0078152053));
#3172 = CARTESIAN_POINT('',(5.685528094396,4.984371023731));
#3173 = CARTESIAN_POINT('',(5.663924117384,4.962034847631));
#3174 = CARTESIAN_POINT('',(5.64195480336,4.940893038729));
#3175 = CARTESIAN_POINT('',(5.619598210389,4.921049659871));
#3176 = CARTESIAN_POINT('',(5.596838223222,4.90263426182));
#3177 = CARTESIAN_POINT('',(5.573665180698,4.885801885019));
#3178 = CARTESIAN_POINT('',(5.550068257675,4.870728022075));
#3179 = CARTESIAN_POINT('',(5.526019441206,4.857606767338));
#3180 = CARTESIAN_POINT('',(5.5015079635,4.846677118147));
#3181 = CARTESIAN_POINT('',(5.476531847083,4.838218700138));
#3182 = CARTESIAN_POINT('',(5.45110627836,4.832554658453));
#3183 = CARTESIAN_POINT('',(5.4252377002,4.830050229674));
#3184 = CARTESIAN_POINT('',(5.399003415725,4.831123958716));
#3185 = CARTESIAN_POINT('',(5.372523688694,4.836200997904));
#3186 = CARTESIAN_POINT('',(5.345832617925,4.845760773253));
#3187 = CARTESIAN_POINT('',(5.31923814519,4.860193358366));
#3188 = CARTESIAN_POINT('',(5.293074004404,4.879718709934));
#3189 = CARTESIAN_POINT('',(5.267611884528,4.904434655764));
#3190 = CARTESIAN_POINT('',(5.243149876051,4.934248555609));
#3191 = CARTESIAN_POINT('',(5.220097951893,4.968619897199));
#3192 = CARTESIAN_POINT('',(5.198580765217,5.007106991646));
#3193 = CARTESIAN_POINT('',(5.178752533039,5.04905683787));
#3194 = CARTESIAN_POINT('',(5.160724945103,5.093638857398));
#3195 = CARTESIAN_POINT('',(5.144392468595,5.14043186792));
#3196 = CARTESIAN_POINT('',(5.129689084858,5.188950640733));
#3197 = CARTESIAN_POINT('',(5.116521212854,5.238789560997));
#3198 = CARTESIAN_POINT('',(5.104758817583,5.289758868411));
#3199 = CARTESIAN_POINT('',(5.094318410273,5.341564733089));
#3200 = CARTESIAN_POINT('',(5.08511022029,5.393986459135));
#3201 = CARTESIAN_POINT('',(5.077051998228,5.446829523762));
#3202 = CARTESIAN_POINT('',(5.0700655694,5.499936764681));
#3203 = CARTESIAN_POINT('',(5.064078074466,5.553183886605));
#3204 = CARTESIAN_POINT('',(5.059021998243,5.6064790689));
#3205 = CARTESIAN_POINT('',(5.054835551992,5.659761384714));
#3206 = CARTESIAN_POINT('',(5.051462973486,5.712999417513));
#3207 = CARTESIAN_POINT('',(5.048854866216,5.766189830254));
#3208 = CARTESIAN_POINT('',(5.046968486651,5.819355489589));
#3209 = CARTESIAN_POINT('',(5.045768193595,5.872544989644));
#3210 = CARTESIAN_POINT('',(5.045225275953,5.925826604034));
#3211 = CARTESIAN_POINT('',(5.045320069623,5.979302716207));
#3212 = CARTESIAN_POINT('',(5.046032867503,6.032695580079));
#3213 = CARTESIAN_POINT('',(5.047341374758,6.085995396417));
#3214 = CARTESIAN_POINT('',(5.049225104911,6.139150078439));
#3215 = CARTESIAN_POINT('',(5.051664316213,6.192125286193));
#3216 = CARTESIAN_POINT('',(5.054640313276,6.24488795632));
#3217 = CARTESIAN_POINT('',(5.058135381525,6.297410341906));
#3218 = CARTESIAN_POINT('',(5.062132818294,6.349668567582));
#3219 = CARTESIAN_POINT('',(5.06661693605,6.401642665332));
#3220 = CARTESIAN_POINT('',(5.071573070964,6.4533162248));
#3221 = CARTESIAN_POINT('',(5.076987587891,6.504676158303));
#3222 = CARTESIAN_POINT('',(5.082847884214,6.555712446696));
#3223 = CARTESIAN_POINT('',(5.089142392023,6.606417902129));
#3224 = CARTESIAN_POINT('',(5.095860578906,6.656787938147));
#3225 = CARTESIAN_POINT('',(5.102992947787,6.706820350148));
#3226 = CARTESIAN_POINT('',(5.110531034999,6.756515104439));
#3227 = CARTESIAN_POINT('',(5.118467410864,6.805874140737));
#3228 = CARTESIAN_POINT('',(5.1267956681,6.854901171293));
#3229 = CARTESIAN_POINT('',(5.135510454245,6.903601539855));
#3230 = CARTESIAN_POINT('',(5.144607339869,6.951981905259));
#3231 = CARTESIAN_POINT('',(5.150924647379,6.98402772045));
#3232 = CARTESIAN_POINT('',(5.154145909501,7.));
#3233 = ( GEOMETRIC_REPRESENTATION_CONTEXT(2) 
PARAMETRIC_REPRESENTATION_CONTEXT() REPRESENTATION_CONTEXT('2D SPACE',''
  ) );
#3234 = ORIENTED_EDGE('',*,*,#2898,.F.);
#3235 = ADVANCED_FACE('',(#3236),#827,.T.);
#3236 = FACE_BOUND('',#3237,.T.);
#3237 = EDGE_LOOP('',(#3238,#3265,#3298,#3299,#3300));
#3238 = ORIENTED_EDGE('',*,*,#3239,.T.);
#3239 = EDGE_CURVE('',#2954,#3240,#3242,.T.);
#3240 = VERTEX_POINT('',#3241);
#3241 = CARTESIAN_POINT('',(22.857695154587,59.693575034635,
    34.664292772215));
#3242 = SURFACE_CURVE('',#3243,(#3248,#3255),.PCURVE_S1.);
#3243 = ELLIPSE('',#3244,4.5,2.25);
#3244 = AXIS2_PLACEMENT_3D('',#3245,#3246,#3247);
#3245 = CARTESIAN_POINT('',(20.607695154587,59.693575034635,
    36.61284993073));
#3246 = DIRECTION('',(0.433012701892,0.75,0.5));
#3247 = DIRECTION('',(-0.25,-0.433012701892,0.866025403784));
#3248 = PCURVE('',#827,#3249);
#3249 = DEFINITIONAL_REPRESENTATION('',(#3250),#3254);
#3250 = ELLIPSE('',#3251,4.5,2.25);
#3251 = AXIS2_PLACEMENT_2D('',#3252,#3253);
#3252 = CARTESIAN_POINT('',(25.,13.707658144959));
#3253 = DIRECTION('',(-7.954818481105E-17,1.));
#3254 = ( GEOMETRIC_REPRESENTATION_CONTEXT(2) 
PARAMETRIC_REPRESENTATION_CONTEXT() REPRESENTATION_CONTEXT('2D SPACE',''
  ) );
#3255 = PCURVE('',#774,#3256);
#3256 = DEFINITIONAL_REPRESENTATION('',(#3257),#3264);
#3257 = B_SPLINE_CURVE_WITH_KNOTS('',5,(#3258,#3259,#3260,#3261,#3262,
    #3263),.UNSPECIFIED.,.F.,.F.,(6,6),(2.00855874792,2.094395102393),
  .PIECEWISE_BEZIER_KNOTS.);
#3258 = CARTESIAN_POINT('',(6.197348952706,5.960808812244));
#3259 = CARTESIAN_POINT('',(6.214516223601,5.900214763331));
#3260 = CARTESIAN_POINT('',(6.231683494495,5.840229318143));
#3261 = CARTESIAN_POINT('',(6.24885076539,5.780889681985));
#3262 = CARTESIAN_POINT('',(6.266018036285,5.722232311484));
#3263 = CARTESIAN_POINT('',(6.28318530718,5.664292772215));
#3264 = ( GEOMETRIC_REPRESENTATION_CONTEXT(2) 
PARAMETRIC_REPRESENTATION_CONTEXT() REPRESENTATION_CONTEXT('2D SPACE',''
  ) );
#3265 = ORIENTED_EDGE('',*,*,#3266,.T.);
#3266 = EDGE_CURVE('',#3240,#812,#3267,.T.);
#3267 = SURFACE_CURVE('',#3268,(#3273,#3280),.PCURVE_S1.);
#3268 = ELLIPSE('',#3269,4.5,2.25);
#3269 = AXIS2_PLACEMENT_3D('',#3270,#3271,#3272);
#3270 = CARTESIAN_POINT('',(20.607695154587,59.693575034635,
    36.61284993073));
#3271 = DIRECTION('',(0.433012701892,0.75,0.5));
#3272 = DIRECTION('',(-0.25,-0.433012701892,0.866025403784));
#3273 = PCURVE('',#827,#3274);
#3274 = DEFINITIONAL_REPRESENTATION('',(#3275),#3279);
#3275 = ELLIPSE('',#3276,4.5,2.25);
#3276 = AXIS2_PLACEMENT_2D('',#3277,#3278);
#3277 = CARTESIAN_POINT('',(25.,13.707658144959));
#3278 = DIRECTION('',(-7.954818481105E-17,1.));
#3279 = ( GEOMETRIC_REPRESENTATION_CONTEXT(2) 
PARAMETRIC_REPRESENTATION_CONTEXT() REPRESENTATION_CONTEXT('2D SPACE',''
  ) );
#3280 = PCURVE('',#774,#3281);
#3281 = DEFINITIONAL_REPRESENTATION('',(#3282),#3297);
#3282 = B_SPLINE_CURVE_WITH_KNOTS('',7,(#3283,#3284,#3285,#3286,#3287,
    #3288,#3289,#3290,#3291,#3292,#3293,#3294,#3295,#3296),
  .UNSPECIFIED.,.F.,.F.,(8,6,8),(2.094395102393,3.324435696429,
    3.602146645271),.UNSPECIFIED.);
#3283 = CARTESIAN_POINT('',(6.28318530718,5.664292772215));
#3284 = CARTESIAN_POINT('',(6.458905392042,5.071237485804));
#3285 = CARTESIAN_POINT('',(6.634625476904,4.54837732212));
#3286 = CARTESIAN_POINT('',(6.810345561766,4.125616560822));
#3287 = CARTESIAN_POINT('',(6.986065646629,3.827575880378));
#3288 = CARTESIAN_POINT('',(7.161785731491,3.669717800861));
#3289 = CARTESIAN_POINT('',(7.337505816353,3.656183026592));
#3290 = CARTESIAN_POINT('',(7.552898893907,3.808809815201));
#3291 = CARTESIAN_POINT('',(7.592571886599,3.843958857893));
#3292 = CARTESIAN_POINT('',(7.632244879291,3.88607247487));
#3293 = CARTESIAN_POINT('',(7.671917871982,3.935051267754));
#3294 = CARTESIAN_POINT('',(7.711590864674,3.990769172088));
#3295 = CARTESIAN_POINT('',(7.751263857366,4.053074263831));
#3296 = CARTESIAN_POINT('',(7.790936850057,4.121789893788));
#3297 = ( GEOMETRIC_REPRESENTATION_CONTEXT(2) 
PARAMETRIC_REPRESENTATION_CONTEXT() REPRESENTATION_CONTEXT('2D SPACE',''
  ) );
#3298 = ORIENTED_EDGE('',*,*,#811,.T.);
#3299 = ORIENTED_EDGE('',*,*,#2931,.T.);
#3300 = ORIENTED_EDGE('',*,*,#2953,.F.);
#3301 = ADVANCED_FACE('',(#3302),#774,.T.);
#3302 = FACE_BOUND('',#3303,.T.);
#3303 = EDGE_LOOP('',(#3304,#3305,#3306,#3332,#3333,#3334,#3335));
#3304 = ORIENTED_EDGE('',*,*,#2874,.F.);
#3305 = ORIENTED_EDGE('',*,*,#759,.F.);
#3306 = ORIENTED_EDGE('',*,*,#3307,.F.);
#3307 = EDGE_CURVE('',#840,#739,#3308,.T.);
#3308 = SURFACE_CURVE('',#3309,(#3314,#3321),.PCURVE_S1.);
#3309 = CIRCLE('',#3310,2.25);
#3310 = AXIS2_PLACEMENT_3D('',#3311,#3312,#3313);
#3311 = CARTESIAN_POINT('',(20.607695154587,59.693575034635,30.));
#3312 = DIRECTION('',(0.,0.,-1.));
#3313 = DIRECTION('',(6.300302877906E-02,0.998013335765,0.));
#3314 = PCURVE('',#774,#3315);
#3315 = DEFINITIONAL_REPRESENTATION('',(#3316),#3320);
#3316 = LINE('',#3317,#3318);
#3317 = CARTESIAN_POINT('',(7.790936850058,1.));
#3318 = VECTOR('',#3319,1.);
#3319 = DIRECTION('',(-1.,-0.));
#3320 = ( GEOMETRIC_REPRESENTATION_CONTEXT(2) 
PARAMETRIC_REPRESENTATION_CONTEXT() REPRESENTATION_CONTEXT('2D SPACE',''
  ) );
#3321 = PCURVE('',#314,#3322);
#3322 = DEFINITIONAL_REPRESENTATION('',(#3323),#3331);
#3323 = ( BOUNDED_CURVE() B_SPLINE_CURVE(2,(#3324,#3325,#3326,#3327,
#3328,#3329,#3330),.UNSPECIFIED.,.T.,.F.) B_SPLINE_CURVE_WITH_KNOTS((1,2
    ,2,2,2,1),(-2.094395102393,0.,2.094395102393,4.188790204786,
6.28318530718,8.377580409573),.UNSPECIFIED.) CURVE() 
GEOMETRIC_REPRESENTATION_ITEM() RATIONAL_B_SPLINE_CURVE((1.,0.5,1.,0.5,
1.,0.5,1.)) REPRESENTATION_ITEM('') );
#3324 = CARTESIAN_POINT('',(20.74945196934,61.939105040106));
#3325 = CARTESIAN_POINT('',(24.638824028736,61.693575034635));
#3326 = CARTESIAN_POINT('',(22.481502776908,58.448045029164));
#3327 = CARTESIAN_POINT('',(20.324181525081,55.202515023693));
#3328 = CARTESIAN_POINT('',(18.592130717512,58.693575034635));
#3329 = CARTESIAN_POINT('',(16.860079909943,62.184635045577));
#3330 = CARTESIAN_POINT('',(20.74945196934,61.939105040106));
#3331 = ( GEOMETRIC_REPRESENTATION_CONTEXT(2) 
PARAMETRIC_REPRESENTATION_CONTEXT() REPRESENTATION_CONTEXT('2D SPACE',''
  ) );
#3332 = ORIENTED_EDGE('',*,*,#839,.T.);
#3333 = ORIENTED_EDGE('',*,*,#3266,.F.);
#3334 = ORIENTED_EDGE('',*,*,#3239,.F.);
#3335 = ORIENTED_EDGE('',*,*,#2976,.T.);
#3336 = ADVANCED_FACE('',(#3337),#100,.F.);
#3337 = FACE_BOUND('',#3338,.F.);
#3338 = EDGE_LOOP('',(#3339,#3340,#3341,#3342));
#3339 = ORIENTED_EDGE('',*,*,#84,.F.);
#3340 = ORIENTED_EDGE('',*,*,#448,.T.);
#3341 = ORIENTED_EDGE('',*,*,#548,.T.);
#3342 = ORIENTED_EDGE('',*,*,#3343,.F.);
#3343 = EDGE_CURVE('',#85,#549,#3344,.T.);
#3344 = SURFACE_CURVE('',#3345,(#3349,#3356),.PCURVE_S1.);
#3345 = LINE('',#3346,#3347);
#3346 = CARTESIAN_POINT('',(28.792939940024,23.870834875401,
    35.258330249198));
#3347 = VECTOR('',#3348,1.);
#3348 = DIRECTION('',(-0.866025403784,0.5,-2.775557561563E-17));
#3349 = PCURVE('',#100,#3350);
#3350 = DEFINITIONAL_REPRESENTATION('',(#3351),#3355);
#3351 = LINE('',#3352,#3353);
#3352 = CARTESIAN_POINT('',(0.,26.));
#3353 = VECTOR('',#3354,1.);
#3354 = DIRECTION('',(1.,0.));
#3355 = ( GEOMETRIC_REPRESENTATION_CONTEXT(2) 
PARAMETRIC_REPRESENTATION_CONTEXT() REPRESENTATION_CONTEXT('2D SPACE',''
  ) );
#3356 = PCURVE('',#128,#3357);
#3357 = DEFINITIONAL_REPRESENTATION('',(#3358),#3362);
#3358 = LINE('',#3359,#3360);
#3359 = CARTESIAN_POINT('',(0.,0.));
#3360 = VECTOR('',#3361,1.);
#3361 = DIRECTION('',(0.,1.));
#3362 = ( GEOMETRIC_REPRESENTATION_CONTEXT(2) 
PARAMETRIC_REPRESENTATION_CONTEXT() REPRESENTATION_CONTEXT('2D SPACE',''
  ) );
#3363 = ADVANCED_FACE('',(#3364),#128,.T.);
#3364 = FACE_BOUND('',#3365,.T.);
#3365 = EDGE_LOOP('',(#3366,#3367,#3368,#3389));
#3366 = ORIENTED_EDGE('',*,*,#3343,.F.);
#3367 = ORIENTED_EDGE('',*,*,#112,.T.);
#3368 = ORIENTED_EDGE('',*,*,#3369,.T.);
#3369 = EDGE_CURVE('',#113,#572,#3370,.T.);
#3370 = SURFACE_CURVE('',#3371,(#3375,#3382),.PCURVE_S1.);
#3371 = LINE('',#3372,#3373);
#3372 = CARTESIAN_POINT('',(39.185244785438,41.870834875401,
    47.258330249198));
#3373 = VECTOR('',#3374,1.);
#3374 = DIRECTION('',(-0.866025403784,0.5,-2.775557561563E-17));
#3375 = PCURVE('',#128,#3376);
#3376 = DEFINITIONAL_REPRESENTATION('',(#3377),#3381);
#3377 = LINE('',#3378,#3379);
#3378 = CARTESIAN_POINT('',(24.,0.));
#3379 = VECTOR('',#3380,1.);
#3380 = DIRECTION('',(0.,1.));
#3381 = ( GEOMETRIC_REPRESENTATION_CONTEXT(2) 
PARAMETRIC_REPRESENTATION_CONTEXT() REPRESENTATION_CONTEXT('2D SPACE',''
  ) );
#3382 = PCURVE('',#156,#3383);
#3383 = DEFINITIONAL_REPRESENTATION('',(#3384),#3388);
#3384 = LINE('',#3385,#3386);
#3385 = CARTESIAN_POINT('',(0.,26.));
#3386 = VECTOR('',#3387,1.);
#3387 = DIRECTION('',(1.,0.));
#3388 = ( GEOMETRIC_REPRESENTATION_CONTEXT(2) 
PARAMETRIC_REPRESENTATION_CONTEXT() REPRESENTATION_CONTEXT('2D SPACE',''
  ) );
#3389 = ORIENTED_EDGE('',*,*,#571,.F.);
#3390 = ADVANCED_FACE('',(#3391),#156,.T.);
#3391 = FACE_BOUND('',#3392,.T.);
#3392 = EDGE_LOOP('',(#3393,#3394,#3422,#3448,#3476,#3495,#3496,#3497,
    #3498,#3499));
#3393 = ORIENTED_EDGE('',*,*,#140,.F.);
#3394 = ORIENTED_EDGE('',*,*,#3395,.F.);
#3395 = EDGE_CURVE('',#3396,#141,#3398,.T.);
#3396 = VERTEX_POINT('',#3397);
#3397 = CARTESIAN_POINT('',(40.409433151162,45.669602892376,40.5));
#3398 = SURFACE_CURVE('',#3399,(#3404,#3411),.PCURVE_S1.);
#3399 = ELLIPSE('',#3400,4.5,2.25);
#3400 = AXIS2_PLACEMENT_3D('',#3401,#3402,#3403);
#3401 = CARTESIAN_POINT('',(41.392304845413,47.693575034635,
    36.61284993073));
#3402 = DIRECTION('',(0.433012701892,0.75,0.5));
#3403 = DIRECTION('',(-0.25,-0.433012701892,0.866025403784));
#3404 = PCURVE('',#156,#3405);
#3405 = DEFINITIONAL_REPRESENTATION('',(#3406),#3410);
#3406 = ELLIPSE('',#3407,4.5,2.25);
#3407 = AXIS2_PLACEMENT_2D('',#3408,#3409);
#3408 = CARTESIAN_POINT('',(1.,13.707658144959));
#3409 = DIRECTION('',(-7.954818481105E-17,1.));
#3410 = ( GEOMETRIC_REPRESENTATION_CONTEXT(2) 
PARAMETRIC_REPRESENTATION_CONTEXT() REPRESENTATION_CONTEXT('2D SPACE',''
  ) );
#3411 = PCURVE('',#183,#3412);
#3412 = DEFINITIONAL_REPRESENTATION('',(#3413),#3421);
#3413 = B_SPLINE_CURVE_WITH_KNOTS('',6,(#3414,#3415,#3416,#3417,#3418,
    #3419,#3420),.UNSPECIFIED.,.F.,.F.,(7,7),(7.152291073734E-02,
    0.998261713865),.PIECEWISE_BEZIER_KNOTS.);
#3414 = CARTESIAN_POINT('',(4.260313115524,5.5000006));
#3415 = CARTESIAN_POINT('',(4.414769582712,5.456985188112));
#3416 = CARTESIAN_POINT('',(4.5692260499,5.302689037416));
#3417 = CARTESIAN_POINT('',(4.723682517088,5.038950595258));
#3418 = CARTESIAN_POINT('',(4.878138984276,4.675611074955));
#3419 = CARTESIAN_POINT('',(5.032595451464,4.230111297838));
#3420 = CARTESIAN_POINT('',(5.187051918652,3.72416697508));
#3421 = ( GEOMETRIC_REPRESENTATION_CONTEXT(2) 
PARAMETRIC_REPRESENTATION_CONTEXT() REPRESENTATION_CONTEXT('2D SPACE',''
  ) );
#3422 = ORIENTED_EDGE('',*,*,#3423,.F.);
#3423 = EDGE_CURVE('',#3424,#3396,#3426,.T.);
#3424 = VERTEX_POINT('',#3425);
#3425 = CARTESIAN_POINT('',(40.13092940079,45.830397107624,40.5));
#3426 = SURFACE_CURVE('',#3427,(#3431,#3437),.PCURVE_S1.);
#3427 = LINE('',#3428,#3429);
#3428 = CARTESIAN_POINT('',(40.703193977869,45.5,40.5));
#3429 = VECTOR('',#3430,1.);
#3430 = DIRECTION('',(0.866025403784,-0.5,0.));
#3431 = PCURVE('',#156,#3432);
#3432 = DEFINITIONAL_REPRESENTATION('',(#3433),#3436);
#3433 = B_SPLINE_CURVE_WITH_KNOTS('',1,(#3434,#3435),.UNSPECIFIED.,.F.,
  .F.,(2,2),(-1.802359521597,0.11284993073),.PIECEWISE_BEZIER_KNOTS.);
#3434 = CARTESIAN_POINT('',(2.302359521597,18.196152422707));
#3435 = CARTESIAN_POINT('',(0.38715006927,18.196152422707));
#3436 = ( GEOMETRIC_REPRESENTATION_CONTEXT(2) 
PARAMETRIC_REPRESENTATION_CONTEXT() REPRESENTATION_CONTEXT('2D SPACE',''
  ) );
#3437 = PCURVE('',#3438,#3443);
#3438 = PLANE('',#3439);
#3439 = AXIS2_PLACEMENT_3D('',#3440,#3441,#3442);
#3440 = CARTESIAN_POINT('',(41.392304845413,47.693575034635,40.5));
#3441 = DIRECTION('',(0.,0.,1.));
#3442 = DIRECTION('',(1.,0.,-0.));
#3443 = DEFINITIONAL_REPRESENTATION('',(#3444),#3447);
#3444 = B_SPLINE_CURVE_WITH_KNOTS('',1,(#3445,#3446),.UNSPECIFIED.,.F.,
  .F.,(2,2),(-1.802359521597,0.11284993073),.PIECEWISE_BEZIER_KNOTS.);
#3445 = CARTESIAN_POINT('',(-2.25,-1.292395273837));
#3446 = CARTESIAN_POINT('',(-0.591379960717,-2.25));
#3447 = ( GEOMETRIC_REPRESENTATION_CONTEXT(2) 
PARAMETRIC_REPRESENTATION_CONTEXT() REPRESENTATION_CONTEXT('2D SPACE',''
  ) );
#3448 = ORIENTED_EDGE('',*,*,#3449,.F.);
#3449 = EDGE_CURVE('',#3450,#3424,#3452,.T.);
#3450 = VERTEX_POINT('',#3451);
#3451 = CARTESIAN_POINT('',(39.250053094798,47.005637946678,39.5));
#3452 = SURFACE_CURVE('',#3453,(#3458,#3465),.PCURVE_S1.);
#3453 = ELLIPSE('',#3454,4.5,2.25);
#3454 = AXIS2_PLACEMENT_3D('',#3455,#3456,#3457);
#3455 = CARTESIAN_POINT('',(41.392304845413,47.693575034635,
    36.61284993073));
#3456 = DIRECTION('',(0.433012701892,0.75,0.5));
#3457 = DIRECTION('',(-0.25,-0.433012701892,0.866025403784));
#3458 = PCURVE('',#156,#3459);
#3459 = DEFINITIONAL_REPRESENTATION('',(#3460),#3464);
#3460 = ELLIPSE('',#3461,4.5,2.25);
#3461 = AXIS2_PLACEMENT_2D('',#3462,#3463);
#3462 = CARTESIAN_POINT('',(1.,13.707658144959));
#3463 = DIRECTION('',(-7.954818481105E-17,1.));
#3464 = ( GEOMETRIC_REPRESENTATION_CONTEXT(2) 
PARAMETRIC_REPRESENTATION_CONTEXT() REPRESENTATION_CONTEXT('2D SPACE',''
  ) );
#3465 = PCURVE('',#183,#3466);
#3466 = DEFINITIONAL_REPRESENTATION('',(#3467),#3475);
#3467 = B_SPLINE_CURVE_WITH_KNOTS('',6,(#3468,#3469,#3470,#3471,#3472,
    #3473,#3474),.UNSPECIFIED.,.F.,.F.,(7,7),(5.284923593314,
    6.211662396442),.PIECEWISE_BEZIER_KNOTS.);
#3468 = CARTESIAN_POINT('',(3.190528490921,3.72416697508));
#3469 = CARTESIAN_POINT('',(3.344984958109,4.230111297838));
#3470 = CARTESIAN_POINT('',(3.499441425297,4.675611074955));
#3471 = CARTESIAN_POINT('',(3.653897892485,5.038950595258));
#3472 = CARTESIAN_POINT('',(3.808354359673,5.302689037416));
#3473 = CARTESIAN_POINT('',(3.962810826861,5.456985188112));
#3474 = CARTESIAN_POINT('',(4.117267294049,5.5000006));
#3475 = ( GEOMETRIC_REPRESENTATION_CONTEXT(2) 
PARAMETRIC_REPRESENTATION_CONTEXT() REPRESENTATION_CONTEXT('2D SPACE',''
  ) );
#3476 = ORIENTED_EDGE('',*,*,#3477,.F.);
#3477 = EDGE_CURVE('',#1011,#3450,#3478,.T.);
#3478 = SURFACE_CURVE('',#3479,(#3483,#3489),.PCURVE_S1.);
#3479 = LINE('',#3480,#3481);
#3480 = CARTESIAN_POINT('',(44.022958025709,44.25,39.5));
#3481 = VECTOR('',#3482,1.);
#3482 = DIRECTION('',(0.866025403784,-0.5,0.));
#3483 = PCURVE('',#156,#3484);
#3484 = DEFINITIONAL_REPRESENTATION('',(#3485),#3488);
#3485 = B_SPLINE_CURVE_WITH_KNOTS('',1,(#3486,#3487),.UNSPECIFIED.,.F.,
  .F.,(2,2),(-29.,-3.),.PIECEWISE_BEZIER_KNOTS.);
#3486 = CARTESIAN_POINT('',(26.,17.041451884327));
#3487 = CARTESIAN_POINT('',(0.,17.041451884327));
#3488 = ( GEOMETRIC_REPRESENTATION_CONTEXT(2) 
PARAMETRIC_REPRESENTATION_CONTEXT() REPRESENTATION_CONTEXT('2D SPACE',''
  ) );
#3489 = PCURVE('',#209,#3490);
#3490 = DEFINITIONAL_REPRESENTATION('',(#3491),#3494);
#3491 = B_SPLINE_CURVE_WITH_KNOTS('',1,(#3492,#3493),.UNSPECIFIED.,.F.,
  .F.,(2,2),(-29.,-3.),.PIECEWISE_BEZIER_KNOTS.);
#3492 = CARTESIAN_POINT('',(4.333103130316,32.));
#3493 = CARTESIAN_POINT('',(4.333103130316,6.));
#3494 = ( GEOMETRIC_REPRESENTATION_CONTEXT(2) 
PARAMETRIC_REPRESENTATION_CONTEXT() REPRESENTATION_CONTEXT('2D SPACE',''
  ) );
#3495 = ORIENTED_EDGE('',*,*,#1034,.F.);
#3496 = ORIENTED_EDGE('',*,*,#1063,.F.);
#3497 = ORIENTED_EDGE('',*,*,#913,.F.);
#3498 = ORIENTED_EDGE('',*,*,#594,.T.);
#3499 = ORIENTED_EDGE('',*,*,#3369,.F.);
#3500 = ADVANCED_FACE('',(#3501),#3438,.F.);
#3501 = FACE_BOUND('',#3502,.F.);
#3502 = EDGE_LOOP('',(#3503,#3504));
#3503 = ORIENTED_EDGE('',*,*,#3423,.F.);
#3504 = ORIENTED_EDGE('',*,*,#3505,.T.);
#3505 = EDGE_CURVE('',#3424,#3396,#3506,.T.);
#3506 = SURFACE_CURVE('',#3507,(#3512,#3519),.PCURVE_S1.);
#3507 = CIRCLE('',#3508,2.25);
#3508 = AXIS2_PLACEMENT_3D('',#3509,#3510,#3511);
#3509 = CARTESIAN_POINT('',(41.392304845413,47.693575034635,40.5));
#3510 = DIRECTION('',(0.,0.,1.));
#3511 = DIRECTION('',(1.,0.,-0.));
#3512 = PCURVE('',#3438,#3513);
#3513 = DEFINITIONAL_REPRESENTATION('',(#3514),#3518);
#3514 = CIRCLE('',#3515,2.25);
#3515 = AXIS2_PLACEMENT_2D('',#3516,#3517);
#3516 = CARTESIAN_POINT('',(0.,0.));
#3517 = DIRECTION('',(1.,0.));
#3518 = ( GEOMETRIC_REPRESENTATION_CONTEXT(2) 
PARAMETRIC_REPRESENTATION_CONTEXT() REPRESENTATION_CONTEXT('2D SPACE',''
  ) );
#3519 = PCURVE('',#183,#3520);
#3520 = DEFINITIONAL_REPRESENTATION('',(#3521),#3525);
#3521 = LINE('',#3522,#3523);
#3522 = CARTESIAN_POINT('',(0.,5.5));
#3523 = VECTOR('',#3524,1.);
#3524 = DIRECTION('',(1.,0.));
#3525 = ( GEOMETRIC_REPRESENTATION_CONTEXT(2) 
PARAMETRIC_REPRESENTATION_CONTEXT() REPRESENTATION_CONTEXT('2D SPACE',''
  ) );
#3526 = ADVANCED_FACE('',(#3527),#183,.F.);
#3527 = FACE_BOUND('',#3528,.F.);
#3528 = EDGE_LOOP('',(#3529,#3530,#3531,#3555,#3578,#3600,#3601,#3623,
    #3624));
#3529 = ORIENTED_EDGE('',*,*,#3505,.F.);
#3530 = ORIENTED_EDGE('',*,*,#3449,.F.);
#3531 = ORIENTED_EDGE('',*,*,#3532,.F.);
#3532 = EDGE_CURVE('',#3533,#3450,#3535,.T.);
#3533 = VERTEX_POINT('',#3534);
#3534 = CARTESIAN_POINT('',(43.642304845413,47.693575034635,39.5));
#3535 = SURFACE_CURVE('',#3536,(#3541,#3548),.PCURVE_S1.);
#3536 = CIRCLE('',#3537,2.25);
#3537 = AXIS2_PLACEMENT_3D('',#3538,#3539,#3540);
#3538 = CARTESIAN_POINT('',(41.392304845413,47.693575034635,39.5));
#3539 = DIRECTION('',(0.,0.,1.));
#3540 = DIRECTION('',(1.,0.,-0.));
#3541 = PCURVE('',#183,#3542);
#3542 = DEFINITIONAL_REPRESENTATION('',(#3543),#3547);
#3543 = LINE('',#3544,#3545);
#3544 = CARTESIAN_POINT('',(0.,4.5));
#3545 = VECTOR('',#3546,1.);
#3546 = DIRECTION('',(1.,0.));
#3547 = ( GEOMETRIC_REPRESENTATION_CONTEXT(2) 
PARAMETRIC_REPRESENTATION_CONTEXT() REPRESENTATION_CONTEXT('2D SPACE',''
  ) );
#3548 = PCURVE('',#209,#3549);
#3549 = DEFINITIONAL_REPRESENTATION('',(#3550),#3554);
#3550 = CIRCLE('',#3551,2.25);
#3551 = AXIS2_PLACEMENT_2D('',#3552,#3553);
#3552 = CARTESIAN_POINT('',(6.,7.));
#3553 = DIRECTION('',(0.5,-0.866025403784));
#3554 = ( GEOMETRIC_REPRESENTATION_CONTEXT(2) 
PARAMETRIC_REPRESENTATION_CONTEXT() REPRESENTATION_CONTEXT('2D SPACE',''
  ) );
#3555 = ORIENTED_EDGE('',*,*,#3556,.F.);
#3556 = EDGE_CURVE('',#3557,#3533,#3559,.T.);
#3557 = VERTEX_POINT('',#3558);
#3558 = CARTESIAN_POINT('',(43.642304845413,47.693575034635,36.));
#3559 = SEAM_CURVE('',#3560,(#3564,#3571),.PCURVE_S1.);
#3560 = LINE('',#3561,#3562);
#3561 = CARTESIAN_POINT('',(43.642304845413,47.693575034635,35.));
#3562 = VECTOR('',#3563,1.);
#3563 = DIRECTION('',(0.,0.,1.));
#3564 = PCURVE('',#183,#3565);
#3565 = DEFINITIONAL_REPRESENTATION('',(#3566),#3570);
#3566 = LINE('',#3567,#3568);
#3567 = CARTESIAN_POINT('',(0.,-0.));
#3568 = VECTOR('',#3569,1.);
#3569 = DIRECTION('',(0.,1.));
#3570 = ( GEOMETRIC_REPRESENTATION_CONTEXT(2) 
PARAMETRIC_REPRESENTATION_CONTEXT() REPRESENTATION_CONTEXT('2D SPACE',''
  ) );
#3571 = PCURVE('',#183,#3572);
#3572 = DEFINITIONAL_REPRESENTATION('',(#3573),#3577);
#3573 = LINE('',#3574,#3575);
#3574 = CARTESIAN_POINT('',(6.28318530718,-0.));
#3575 = VECTOR('',#3576,1.);
#3576 = DIRECTION('',(0.,1.));
#3577 = ( GEOMETRIC_REPRESENTATION_CONTEXT(2) 
PARAMETRIC_REPRESENTATION_CONTEXT() REPRESENTATION_CONTEXT('2D SPACE',''
  ) );
#3578 = ORIENTED_EDGE('',*,*,#3579,.T.);
#3579 = EDGE_CURVE('',#3557,#3557,#3580,.T.);
#3580 = SURFACE_CURVE('',#3581,(#3586,#3593),.PCURVE_S1.);
#3581 = CIRCLE('',#3582,2.25);
#3582 = AXIS2_PLACEMENT_3D('',#3583,#3584,#3585);
#3583 = CARTESIAN_POINT('',(41.392304845413,47.693575034635,36.));
#3584 = DIRECTION('',(0.,0.,1.));
#3585 = DIRECTION('',(1.,0.,-0.));
#3586 = PCURVE('',#183,#3587);
#3587 = DEFINITIONAL_REPRESENTATION('',(#3588),#3592);
#3588 = LINE('',#3589,#3590);
#3589 = CARTESIAN_POINT('',(0.,1.));
#3590 = VECTOR('',#3591,1.);
#3591 = DIRECTION('',(1.,0.));
#3592 = ( GEOMETRIC_REPRESENTATION_CONTEXT(2) 
PARAMETRIC_REPRESENTATION_CONTEXT() REPRESENTATION_CONTEXT('2D SPACE',''
  ) );
#3593 = PCURVE('',#261,#3594);
#3594 = DEFINITIONAL_REPRESENTATION('',(#3595),#3599);
#3595 = CIRCLE('',#3596,2.25);
#3596 = AXIS2_PLACEMENT_2D('',#3597,#3598);
#3597 = CARTESIAN_POINT('',(6.,7.));
#3598 = DIRECTION('',(0.5,-0.866025403784));
#3599 = ( GEOMETRIC_REPRESENTATION_CONTEXT(2) 
PARAMETRIC_REPRESENTATION_CONTEXT() REPRESENTATION_CONTEXT('2D SPACE',''
  ) );
#3600 = ORIENTED_EDGE('',*,*,#3556,.T.);
#3601 = ORIENTED_EDGE('',*,*,#3602,.F.);
#3602 = EDGE_CURVE('',#169,#3533,#3603,.T.);
#3603 = SURFACE_CURVE('',#3604,(#3609,#3616),.PCURVE_S1.);
#3604 = CIRCLE('',#3605,2.25);
#3605 = AXIS2_PLACEMENT_3D('',#3606,#3607,#3608);
#3606 = CARTESIAN_POINT('',(41.392304845413,47.693575034635,39.5));
#3607 = DIRECTION('',(0.,0.,1.));
#3608 = DIRECTION('',(1.,0.,-0.));
#3609 = PCURVE('',#183,#3610);
#3610 = DEFINITIONAL_REPRESENTATION('',(#3611),#3615);
#3611 = LINE('',#3612,#3613);
#3612 = CARTESIAN_POINT('',(0.,4.5));
#3613 = VECTOR('',#3614,1.);
#3614 = DIRECTION('',(1.,0.));
#3615 = ( GEOMETRIC_REPRESENTATION_CONTEXT(2) 
PARAMETRIC_REPRESENTATION_CONTEXT() REPRESENTATION_CONTEXT('2D SPACE',''
  ) );
#3616 = PCURVE('',#209,#3617);
#3617 = DEFINITIONAL_REPRESENTATION('',(#3618),#3622);
#3618 = CIRCLE('',#3619,2.25);
#3619 = AXIS2_PLACEMENT_2D('',#3620,#3621);
#3620 = CARTESIAN_POINT('',(6.,7.));
#3621 = DIRECTION('',(0.5,-0.866025403784));
#3622 = ( GEOMETRIC_REPRESENTATION_CONTEXT(2) 
PARAMETRIC_REPRESENTATION_CONTEXT() REPRESENTATION_CONTEXT('2D SPACE',''
  ) );
#3623 = ORIENTED_EDGE('',*,*,#168,.T.);
#3624 = ORIENTED_EDGE('',*,*,#3395,.F.);
#3625 = ADVANCED_FACE('',(#3626),#209,.T.);
#3626 = FACE_BOUND('',#3627,.T.);
#3627 = EDGE_LOOP('',(#3628,#3649,#3650,#3651,#3652,#3653,#3654,#3655,
    #3656,#3657,#3658,#3659));
#3628 = ORIENTED_EDGE('',*,*,#3629,.F.);
#3629 = EDGE_CURVE('',#1338,#195,#3630,.T.);
#3630 = SURFACE_CURVE('',#3631,(#3635,#3642),.PCURVE_S1.);
#3631 = LINE('',#3632,#3633);
#3632 = CARTESIAN_POINT('',(44.454482671904,38.997422611929,39.5));
#3633 = VECTOR('',#3634,1.);
#3634 = DIRECTION('',(-0.866025403784,0.5,0.));
#3635 = PCURVE('',#209,#3636);
#3636 = DEFINITIONAL_REPRESENTATION('',(#3637),#3641);
#3637 = LINE('',#3638,#3639);
#3638 = CARTESIAN_POINT('',(0.,0.));
#3639 = VECTOR('',#3640,1.);
#3640 = DIRECTION('',(0.,1.));
#3641 = ( GEOMETRIC_REPRESENTATION_CONTEXT(2) 
PARAMETRIC_REPRESENTATION_CONTEXT() REPRESENTATION_CONTEXT('2D SPACE',''
  ) );
#3642 = PCURVE('',#235,#3643);
#3643 = DEFINITIONAL_REPRESENTATION('',(#3644),#3648);
#3644 = LINE('',#3645,#3646);
#3645 = CARTESIAN_POINT('',(3.5,0.));
#3646 = VECTOR('',#3647,1.);
#3647 = DIRECTION('',(0.,-1.));
#3648 = ( GEOMETRIC_REPRESENTATION_CONTEXT(2) 
PARAMETRIC_REPRESENTATION_CONTEXT() REPRESENTATION_CONTEXT('2D SPACE',''
  ) );
#3649 = ORIENTED_EDGE('',*,*,#1360,.T.);
#3650 = ORIENTED_EDGE('',*,*,#1290,.T.);
#3651 = ORIENTED_EDGE('',*,*,#1186,.F.);
#3652 = ORIENTED_EDGE('',*,*,#1086,.F.);
#3653 = ORIENTED_EDGE('',*,*,#643,.T.);
#3654 = ORIENTED_EDGE('',*,*,#940,.F.);
#3655 = ORIENTED_EDGE('',*,*,#1010,.F.);
#3656 = ORIENTED_EDGE('',*,*,#3477,.T.);
#3657 = ORIENTED_EDGE('',*,*,#3532,.F.);
#3658 = ORIENTED_EDGE('',*,*,#3602,.F.);
#3659 = ORIENTED_EDGE('',*,*,#194,.F.);
#3660 = ADVANCED_FACE('',(#3661),#235,.F.);
#3661 = FACE_BOUND('',#3662,.F.);
#3662 = EDGE_LOOP('',(#3663,#3664,#3665,#3686));
#3663 = ORIENTED_EDGE('',*,*,#3629,.F.);
#3664 = ORIENTED_EDGE('',*,*,#1337,.F.);
#3665 = ORIENTED_EDGE('',*,*,#3666,.T.);
#3666 = EDGE_CURVE('',#1315,#221,#3667,.T.);
#3667 = SURFACE_CURVE('',#3668,(#3672,#3679),.PCURVE_S1.);
#3668 = LINE('',#3669,#3670);
#3669 = CARTESIAN_POINT('',(44.454482671904,38.997422611929,36.));
#3670 = VECTOR('',#3671,1.);
#3671 = DIRECTION('',(-0.866025403784,0.5,0.));
#3672 = PCURVE('',#235,#3673);
#3673 = DEFINITIONAL_REPRESENTATION('',(#3674),#3678);
#3674 = LINE('',#3675,#3676);
#3675 = CARTESIAN_POINT('',(0.,0.));
#3676 = VECTOR('',#3677,1.);
#3677 = DIRECTION('',(0.,-1.));
#3678 = ( GEOMETRIC_REPRESENTATION_CONTEXT(2) 
PARAMETRIC_REPRESENTATION_CONTEXT() REPRESENTATION_CONTEXT('2D SPACE',''
  ) );
#3679 = PCURVE('',#261,#3680);
#3680 = DEFINITIONAL_REPRESENTATION('',(#3681),#3685);
#3681 = LINE('',#3682,#3683);
#3682 = CARTESIAN_POINT('',(0.,0.));
#3683 = VECTOR('',#3684,1.);
#3684 = DIRECTION('',(0.,1.));
#3685 = ( GEOMETRIC_REPRESENTATION_CONTEXT(2) 
PARAMETRIC_REPRESENTATION_CONTEXT() REPRESENTATION_CONTEXT('2D SPACE',''
  ) );
#3686 = ORIENTED_EDGE('',*,*,#220,.F.);
#3687 = ADVANCED_FACE('',(#3688,#3731,#3857,#3860),#261,.F.);
#3688 = FACE_BOUND('',#3689,.F.);
#3689 = EDGE_LOOP('',(#3690,#3691,#3692,#3693,#3694,#3695,#3696,#3697,
    #3698,#3699,#3700,#3701,#3702,#3703,#3704,#3730));
#3690 = ORIENTED_EDGE('',*,*,#3666,.F.);
#3691 = ORIENTED_EDGE('',*,*,#1314,.F.);
#3692 = ORIENTED_EDGE('',*,*,#1268,.F.);
#3693 = ORIENTED_EDGE('',*,*,#1162,.F.);
#3694 = ORIENTED_EDGE('',*,*,#1110,.F.);
#3695 = ORIENTED_EDGE('',*,*,#690,.F.);
#3696 = ORIENTED_EDGE('',*,*,#1410,.T.);
#3697 = ORIENTED_EDGE('',*,*,#1515,.F.);
#3698 = ORIENTED_EDGE('',*,*,#1670,.T.);
#3699 = ORIENTED_EDGE('',*,*,#2219,.T.);
#3700 = ORIENTED_EDGE('',*,*,#2657,.F.);
#3701 = ORIENTED_EDGE('',*,*,#2036,.T.);
#3702 = ORIENTED_EDGE('',*,*,#2565,.T.);
#3703 = ORIENTED_EDGE('',*,*,#2424,.T.);
#3704 = ORIENTED_EDGE('',*,*,#3705,.T.);
#3705 = EDGE_CURVE('',#2404,#247,#3706,.T.);
#3706 = SURFACE_CURVE('',#3707,(#3712,#3723),.PCURVE_S1.);
#3707 = CIRCLE('',#3708,48.);
#3708 = AXIS2_PLACEMENT_3D('',#3709,#3710,#3711);
#3709 = CARTESIAN_POINT('',(0.,0.,36.));
#3710 = DIRECTION('',(0.,0.,-1.));
#3711 = DIRECTION('',(0.637344215889,0.770579230497,0.));
#3712 = PCURVE('',#261,#3713);
#3713 = DEFINITIONAL_REPRESENTATION('',(#3714),#3722);
#3714 = ( BOUNDED_CURVE() B_SPLINE_CURVE(2,(#3715,#3716,#3717,#3718,
#3719,#3720,#3721),.UNSPECIFIED.,.T.,.F.) B_SPLINE_CURVE_WITH_KNOTS((1,2
    ,2,2,2,1),(-2.094395102393,0.,2.094395102393,4.188790204786,
6.28318530718,8.377580409573),.UNSPECIFIED.) CURVE() 
GEOMETRIC_REPRESENTATION_ITEM() RATIONAL_B_SPLINE_CURVE((1.,0.5,1.,0.5,
1.,0.5,1.)) REPRESENTATION_ITEM('') );
#3715 = CARTESIAN_POINT('',(-8.671361735203,11.));
#3716 = CARTESIAN_POINT('',(-22.52776819575,-70.97560612767));
#3717 = CARTESIAN_POINT('',(-86.59252236267,-17.98780306383));
#3718 = CARTESIAN_POINT('',(-150.6572765295,35.));
#3719 = CARTESIAN_POINT('',(-72.73611590212,63.987803063838));
#3720 = CARTESIAN_POINT('',(5.185044725348,92.975606127677));
#3721 = CARTESIAN_POINT('',(-8.671361735203,11.));
#3722 = ( GEOMETRIC_REPRESENTATION_CONTEXT(2) 
PARAMETRIC_REPRESENTATION_CONTEXT() REPRESENTATION_CONTEXT('2D SPACE',''
  ) );
#3723 = PCURVE('',#288,#3724);
#3724 = DEFINITIONAL_REPRESENTATION('',(#3725),#3729);
#3725 = LINE('',#3726,#3727);
#3726 = CARTESIAN_POINT('',(7.162934779156,7.));
#3727 = VECTOR('',#3728,1.);
#3728 = DIRECTION('',(-1.,-0.));
#3729 = ( GEOMETRIC_REPRESENTATION_CONTEXT(2) 
PARAMETRIC_REPRESENTATION_CONTEXT() REPRESENTATION_CONTEXT('2D SPACE',''
  ) );
#3730 = ORIENTED_EDGE('',*,*,#246,.T.);
#3731 = FACE_BOUND('',#3732,.F.);
#3732 = EDGE_LOOP('',(#3733,#3762,#3797,#3824));
#3733 = ORIENTED_EDGE('',*,*,#3734,.F.);
#3734 = EDGE_CURVE('',#3735,#3737,#3739,.T.);
#3735 = VERTEX_POINT('',#3736);
#3736 = CARTESIAN_POINT('',(25.599442985241,55.886821368034,36.));
#3737 = VERTEX_POINT('',#3738);
#3738 = CARTESIAN_POINT('',(35.59968554886,50.113178631966,36.));
#3739 = SURFACE_CURVE('',#3740,(#3744,#3751),.PCURVE_S1.);
#3740 = LINE('',#3741,#3742);
#3741 = CARTESIAN_POINT('',(38.826805603002,48.25,36.));
#3742 = VECTOR('',#3743,1.);
#3743 = DIRECTION('',(0.866025403784,-0.5,0.));
#3744 = PCURVE('',#261,#3745);
#3745 = DEFINITIONAL_REPRESENTATION('',(#3746),#3750);
#3746 = LINE('',#3747,#3748);
#3747 = CARTESIAN_POINT('',(5.1991285341,9.5));
#3748 = VECTOR('',#3749,1.);
#3749 = DIRECTION('',(0.,-1.));
#3750 = ( GEOMETRIC_REPRESENTATION_CONTEXT(2) 
PARAMETRIC_REPRESENTATION_CONTEXT() REPRESENTATION_CONTEXT('2D SPACE',''
  ) );
#3751 = PCURVE('',#3752,#3757);
#3752 = PLANE('',#3753);
#3753 = AXIS2_PLACEMENT_3D('',#3754,#3755,#3756);
#3754 = CARTESIAN_POINT('',(30.743901834348,53.25,35.5));
#3755 = DIRECTION('',(0.433012701892,0.75,0.5));
#3756 = DIRECTION('',(-0.866025403784,0.5,-2.775557561563E-17));
#3757 = DEFINITIONAL_REPRESENTATION('',(#3758),#3761);
#3758 = B_SPLINE_CURVE_WITH_KNOTS('',1,(#3759,#3760),.UNSPECIFIED.,.F.,
  .F.,(2,2),(-16.059375,-2.940625),.PIECEWISE_BEZIER_KNOTS.);
#3759 = CARTESIAN_POINT('',(6.559375,0.57735026919));
#3760 = CARTESIAN_POINT('',(-6.559375,0.57735026919));
#3761 = ( GEOMETRIC_REPRESENTATION_CONTEXT(2) 
PARAMETRIC_REPRESENTATION_CONTEXT() REPRESENTATION_CONTEXT('2D SPACE',''
  ) );
#3762 = ORIENTED_EDGE('',*,*,#3763,.T.);
#3763 = EDGE_CURVE('',#3735,#3764,#3766,.T.);
#3764 = VERTEX_POINT('',#3765);
#3765 = CARTESIAN_POINT('',(26.057753953339,56.546982120076,36.));
#3766 = SURFACE_CURVE('',#3767,(#3772,#3779),.PCURVE_S1.);
#3767 = ELLIPSE('',#3768,4.6,2.3);
#3768 = AXIS2_PLACEMENT_3D('',#3769,#3770,#3771);
#3769 = CARTESIAN_POINT('',(24.248711305964,58.,36.));
#3770 = DIRECTION('',(0.,0.,1.));
#3771 = DIRECTION('',(0.5,0.866025403784,-0.));
#3772 = PCURVE('',#261,#3773);
#3773 = DEFINITIONAL_REPRESENTATION('',(#3774),#3778);
#3774 = ELLIPSE('',#3775,4.6,2.3);
#3775 = AXIS2_PLACEMENT_2D('',#3776,#3777);
#3776 = CARTESIAN_POINT('',(6.35382907248,27.));
#3777 = DIRECTION('',(1.,0.));
#3778 = ( GEOMETRIC_REPRESENTATION_CONTEXT(2) 
PARAMETRIC_REPRESENTATION_CONTEXT() REPRESENTATION_CONTEXT('2D SPACE',''
  ) );
#3779 = PCURVE('',#3780,#3785);
#3780 = CYLINDRICAL_SURFACE('',#3781,2.3);
#3781 = AXIS2_PLACEMENT_3D('',#3782,#3783,#3784);
#3782 = CARTESIAN_POINT('',(21.217622392719,52.75,32.5));
#3783 = DIRECTION('',(0.433012701892,0.75,0.5));
#3784 = DIRECTION('',(-0.866025403784,0.5,-2.775557561563E-17));
#3785 = DEFINITIONAL_REPRESENTATION('',(#3786),#3796);
#3786 = B_SPLINE_CURVE_WITH_KNOTS('',8,(#3787,#3788,#3789,#3790,#3791,
    #3792,#3793,#3794,#3795),.UNSPECIFIED.,.F.,.F.,(9,9),(4.458653212702
    ,4.712388980385),.PIECEWISE_BEZIER_KNOTS.);
#3787 = CARTESIAN_POINT('',(2.887856885907,6.000000005932));
#3788 = CARTESIAN_POINT('',(2.919573856867,6.122305841776));
#3789 = CARTESIAN_POINT('',(2.951290827828,6.245761352414));
#3790 = CARTESIAN_POINT('',(2.983007798788,6.370179055733));
#3791 = CARTESIAN_POINT('',(3.014724769748,6.495369002797));
#3792 = CARTESIAN_POINT('',(3.046441740709,6.621139381237));
#3793 = CARTESIAN_POINT('',(3.078158711669,6.747297131393));
#3794 = CARTESIAN_POINT('',(3.10987568263,6.873648568119));
#3795 = CARTESIAN_POINT('',(3.14159265359,7.));
#3796 = ( GEOMETRIC_REPRESENTATION_CONTEXT(2) 
PARAMETRIC_REPRESENTATION_CONTEXT() REPRESENTATION_CONTEXT('2D SPACE',''
  ) );
#3797 = ORIENTED_EDGE('',*,*,#3798,.F.);
#3798 = EDGE_CURVE('',#3799,#3764,#3801,.T.);
#3799 = VERTEX_POINT('',#3800);
#3800 = CARTESIAN_POINT('',(35.942246046661,50.840167949194,36.));
#3801 = SURFACE_CURVE('',#3802,(#3806,#3813),.PCURVE_S1.);
#3802 = LINE('',#3803,#3804);
#3803 = CARTESIAN_POINT('',(34.464101615138,51.693575034635,36.));
#3804 = VECTOR('',#3805,1.);
#3805 = DIRECTION('',(-0.866025403784,0.5,0.));
#3806 = PCURVE('',#261,#3807);
#3807 = DEFINITIONAL_REPRESENTATION('',(#3808),#3812);
#3808 = LINE('',#3809,#3810);
#3809 = CARTESIAN_POINT('',(6.,15.));
#3810 = VECTOR('',#3811,1.);
#3811 = DIRECTION('',(0.,1.));
#3812 = ( GEOMETRIC_REPRESENTATION_CONTEXT(2) 
PARAMETRIC_REPRESENTATION_CONTEXT() REPRESENTATION_CONTEXT('2D SPACE',''
  ) );
#3813 = PCURVE('',#3814,#3819);
#3814 = PLANE('',#3815);
#3815 = AXIS2_PLACEMENT_3D('',#3816,#3817,#3818);
#3816 = CARTESIAN_POINT('',(37.928203230276,49.693575034635,29.));
#3817 = DIRECTION('',(0.5,0.866025403784,0.));
#3818 = DIRECTION('',(0.,0.,1.));
#3819 = DEFINITIONAL_REPRESENTATION('',(#3820),#3823);
#3820 = B_SPLINE_CURVE_WITH_KNOTS('',1,(#3821,#3822),.UNSPECIFIED.,.F.,
  .F.,(2,2),(-4.,12.),.PIECEWISE_BEZIER_KNOTS.);
#3821 = CARTESIAN_POINT('',(7.,0.));
#3822 = CARTESIAN_POINT('',(7.,-16.));
#3823 = ( GEOMETRIC_REPRESENTATION_CONTEXT(2) 
PARAMETRIC_REPRESENTATION_CONTEXT() REPRESENTATION_CONTEXT('2D SPACE',''
  ) );
#3824 = ORIENTED_EDGE('',*,*,#3825,.T.);
#3825 = EDGE_CURVE('',#3799,#3737,#3826,.T.);
#3826 = SURFACE_CURVE('',#3827,(#3832,#3839),.PCURVE_S1.);
#3827 = ELLIPSE('',#3828,4.6,2.3);
#3828 = AXIS2_PLACEMENT_3D('',#3829,#3830,#3831);
#3829 = CARTESIAN_POINT('',(38.105117766515,50.,36.));
#3830 = DIRECTION('',(0.,0.,1.));
#3831 = DIRECTION('',(0.5,0.866025403784,-0.));
#3832 = PCURVE('',#261,#3833);
#3833 = DEFINITIONAL_REPRESENTATION('',(#3834),#3838);
#3834 = ELLIPSE('',#3835,4.6,2.3);
#3835 = AXIS2_PLACEMENT_2D('',#3836,#3837);
#3836 = CARTESIAN_POINT('',(6.35382907248,11.));
#3837 = DIRECTION('',(1.,0.));
#3838 = ( GEOMETRIC_REPRESENTATION_CONTEXT(2) 
PARAMETRIC_REPRESENTATION_CONTEXT() REPRESENTATION_CONTEXT('2D SPACE',''
  ) );
#3839 = PCURVE('',#3840,#3845);
#3840 = CYLINDRICAL_SURFACE('',#3841,2.3);
#3841 = AXIS2_PLACEMENT_3D('',#3842,#3843,#3844);
#3842 = CARTESIAN_POINT('',(35.07402885327,44.75,32.5));
#3843 = DIRECTION('',(0.433012701892,0.75,0.5));
#3844 = DIRECTION('',(-0.866025403784,0.5,-2.775557561563E-17));
#3845 = DEFINITIONAL_REPRESENTATION('',(#3846),#3856);
#3846 = B_SPLINE_CURVE_WITH_KNOTS('',8,(#3847,#3848,#3849,#3850,#3851,
    #3852,#3853,#3854,#3855),.UNSPECIFIED.,.F.,.F.,(9,9),(1.570796326795
    ,1.824532094477),.PIECEWISE_BEZIER_KNOTS.);
#3847 = CARTESIAN_POINT('',(6.28318530718,7.));
#3848 = CARTESIAN_POINT('',(6.31490227814,6.87364856812));
#3849 = CARTESIAN_POINT('',(6.3466192491,6.747297131393));
#3850 = CARTESIAN_POINT('',(6.37833622006,6.621139381237));
#3851 = CARTESIAN_POINT('',(6.410053191021,6.495369002797));
#3852 = CARTESIAN_POINT('',(6.441770161981,6.370179055734));
#3853 = CARTESIAN_POINT('',(6.473487132941,6.245761352415));
#3854 = CARTESIAN_POINT('',(6.505204103902,6.122305841777));
#3855 = CARTESIAN_POINT('',(6.536921074862,6.000000005933));
#3856 = ( GEOMETRIC_REPRESENTATION_CONTEXT(2) 
PARAMETRIC_REPRESENTATION_CONTEXT() REPRESENTATION_CONTEXT('2D SPACE',''
  ) );
#3857 = FACE_BOUND('',#3858,.F.);
#3858 = EDGE_LOOP('',(#3859));
#3859 = ORIENTED_EDGE('',*,*,#3579,.F.);
#3860 = FACE_BOUND('',#3861,.F.);
#3861 = EDGE_LOOP('',(#3862));
#3862 = ORIENTED_EDGE('',*,*,#987,.F.);
#3863 = ADVANCED_FACE('',(#3864),#3840,.F.);
#3864 = FACE_BOUND('',#3865,.F.);
#3865 = EDGE_LOOP('',(#3866,#3894,#3895));
#3866 = ORIENTED_EDGE('',*,*,#3867,.F.);
#3867 = EDGE_CURVE('',#3737,#3868,#3870,.T.);
#3868 = VERTEX_POINT('',#3869);
#3869 = CARTESIAN_POINT('',(36.144817474306,50.723213280913,
    34.61284993073));
#3870 = SURFACE_CURVE('',#3871,(#3876,#3883),.PCURVE_S1.);
#3871 = CIRCLE('',#3872,2.3);
#3872 = AXIS2_PLACEMENT_3D('',#3873,#3874,#3875);
#3873 = CARTESIAN_POINT('',(37.672105064623,49.25,35.5));
#3874 = DIRECTION('',(-0.433012701892,-0.75,-0.5));
#3875 = DIRECTION('',(-0.901051963375,0.375295057377,0.217391304348));
#3876 = PCURVE('',#3840,#3877);
#3877 = DEFINITIONAL_REPRESENTATION('',(#3878),#3882);
#3878 = LINE('',#3879,#3880);
#3879 = CARTESIAN_POINT('',(6.536921074862,6.));
#3880 = VECTOR('',#3881,1.);
#3881 = DIRECTION('',(-1.,-0.));
#3882 = ( GEOMETRIC_REPRESENTATION_CONTEXT(2) 
PARAMETRIC_REPRESENTATION_CONTEXT() REPRESENTATION_CONTEXT('2D SPACE',''
  ) );
#3883 = PCURVE('',#3752,#3884);
#3884 = DEFINITIONAL_REPRESENTATION('',(#3885),#3893);
#3885 = ( BOUNDED_CURVE() B_SPLINE_CURVE(2,(#3886,#3887,#3888,#3889,
#3890,#3891,#3892),.UNSPECIFIED.,.T.,.F.) B_SPLINE_CURVE_WITH_KNOTS((1,2
    ,2,2,2,1),(-2.094395102393,0.,2.094395102393,4.188790204786,
6.28318530718,8.377580409573),.UNSPECIFIED.) CURVE() 
GEOMETRIC_REPRESENTATION_ITEM() RATIONAL_B_SPLINE_CURVE((1.,0.5,1.,0.5,
1.,0.5,1.)) REPRESENTATION_ITEM('') );
#3886 = CARTESIAN_POINT('',(-5.773642736067,0.57735026919));
#3887 = CARTESIAN_POINT('',(-4.773642736067,-3.278813627742));
#3888 = CARTESIAN_POINT('',(-8.613178631966,-2.216757083061));
#3889 = CARTESIAN_POINT('',(-12.45271452786,-1.154700538379));
#3890 = CARTESIAN_POINT('',(-9.613178631966,1.639406813871));
#3891 = CARTESIAN_POINT('',(-6.773642736067,4.433514166121));
#3892 = CARTESIAN_POINT('',(-5.773642736067,0.57735026919));
#3893 = ( GEOMETRIC_REPRESENTATION_CONTEXT(2) 
PARAMETRIC_REPRESENTATION_CONTEXT() REPRESENTATION_CONTEXT('2D SPACE',''
  ) );
#3894 = ORIENTED_EDGE('',*,*,#3825,.F.);
#3895 = ORIENTED_EDGE('',*,*,#3896,.F.);
#3896 = EDGE_CURVE('',#3868,#3799,#3897,.T.);
#3897 = SURFACE_CURVE('',#3898,(#3903,#3921),.PCURVE_S1.);
#3898 = ELLIPSE('',#3899,2.655811238272,2.3);
#3899 = AXIS2_PLACEMENT_3D('',#3900,#3901,#3902);
#3900 = CARTESIAN_POINT('',(37.928203230276,49.693575034635,
    35.795716689757));
#3901 = DIRECTION('',(0.5,0.866025403784,0.));
#3902 = DIRECTION('',(-0.,0.,1.));
#3903 = PCURVE('',#3840,#3904);
#3904 = DEFINITIONAL_REPRESENTATION('',(#3905),#3920);
#3905 = B_SPLINE_CURVE_WITH_KNOTS('',7,(#3906,#3907,#3908,#3909,#3910,
    #3911,#3912,#3913,#3914,#3915,#3916,#3917,#3918,#3919),
  .UNSPECIFIED.,.F.,.F.,(8,6,8),(2.372265310067,3.669195029067,
    4.966124748067),.UNSPECIFIED.);
#3906 = CARTESIAN_POINT('',(3.943061636862,5.637494178097));
#3907 = CARTESIAN_POINT('',(4.128337311004,5.466343841552));
#3908 = CARTESIAN_POINT('',(4.313612985147,5.333398289144));
#3909 = CARTESIAN_POINT('',(4.49888865929,5.248245674832));
#3910 = CARTESIAN_POINT('',(4.684164333433,5.217292864489));
#3911 = CARTESIAN_POINT('',(4.869440007576,5.242316346666));
#3912 = CARTESIAN_POINT('',(5.054715681719,5.320234439011));
#3913 = CARTESIAN_POINT('',(5.425267030005,5.567967141699));
#3914 = CARTESIAN_POINT('',(5.610542704147,5.737782331144));
#3915 = CARTESIAN_POINT('',(5.79581837829,5.946600036912));
#3916 = CARTESIAN_POINT('',(5.981094052433,6.183617004525));
#3917 = CARTESIAN_POINT('',(6.166369726576,6.435115185124));
#3918 = CARTESIAN_POINT('',(6.351645400719,6.686615590977));
#3919 = CARTESIAN_POINT('',(6.536921074862,6.924766712847));
#3920 = ( GEOMETRIC_REPRESENTATION_CONTEXT(2) 
PARAMETRIC_REPRESENTATION_CONTEXT() REPRESENTATION_CONTEXT('2D SPACE',''
  ) );
#3921 = PCURVE('',#3814,#3922);
#3922 = DEFINITIONAL_REPRESENTATION('',(#3923),#3927);
#3923 = ELLIPSE('',#3924,2.655811238272,2.3);
#3924 = AXIS2_PLACEMENT_2D('',#3925,#3926);
#3925 = CARTESIAN_POINT('',(6.795716689757,3.552713678801E-15));
#3926 = DIRECTION('',(1.,0.));
#3927 = ( GEOMETRIC_REPRESENTATION_CONTEXT(2) 
PARAMETRIC_REPRESENTATION_CONTEXT() REPRESENTATION_CONTEXT('2D SPACE',''
  ) );
#3928 = ADVANCED_FACE('',(#3929),#3814,.T.);
#3929 = FACE_BOUND('',#3930,.T.);
#3930 = EDGE_LOOP('',(#3931,#3932,#3933,#3954));
#3931 = ORIENTED_EDGE('',*,*,#3798,.F.);
#3932 = ORIENTED_EDGE('',*,*,#3896,.F.);
#3933 = ORIENTED_EDGE('',*,*,#3934,.T.);
#3934 = EDGE_CURVE('',#3868,#3935,#3937,.T.);
#3935 = VERTEX_POINT('',#3936);
#3936 = CARTESIAN_POINT('',(25.855182525694,56.663936788357,
    34.61284993073));
#3937 = SURFACE_CURVE('',#3938,(#3942,#3948),.PCURVE_S1.);
#3938 = LINE('',#3939,#3940);
#3939 = CARTESIAN_POINT('',(34.464101615138,51.693575034635,
    34.61284993073));
#3940 = VECTOR('',#3941,1.);
#3941 = DIRECTION('',(-0.866025403784,0.5,0.));
#3942 = PCURVE('',#3814,#3943);
#3943 = DEFINITIONAL_REPRESENTATION('',(#3944),#3947);
#3944 = B_SPLINE_CURVE_WITH_KNOTS('',1,(#3945,#3946),.UNSPECIFIED.,.F.,
  .F.,(2,2),(-2.559375,10.559375),.PIECEWISE_BEZIER_KNOTS.);
#3945 = CARTESIAN_POINT('',(5.61284993073,-1.440625));
#3946 = CARTESIAN_POINT('',(5.61284993073,-14.559375));
#3947 = ( GEOMETRIC_REPRESENTATION_CONTEXT(2) 
PARAMETRIC_REPRESENTATION_CONTEXT() REPRESENTATION_CONTEXT('2D SPACE',''
  ) );
#3948 = PCURVE('',#3752,#3949);
#3949 = DEFINITIONAL_REPRESENTATION('',(#3950),#3953);
#3950 = B_SPLINE_CURVE_WITH_KNOTS('',1,(#3951,#3952),.UNSPECIFIED.,.F.,
  .F.,(2,2),(-2.559375,10.559375),.PIECEWISE_BEZIER_KNOTS.);
#3951 = CARTESIAN_POINT('',(-6.559375,-1.02439266261));
#3952 = CARTESIAN_POINT('',(6.559375,-1.02439266261));
#3953 = ( GEOMETRIC_REPRESENTATION_CONTEXT(2) 
PARAMETRIC_REPRESENTATION_CONTEXT() REPRESENTATION_CONTEXT('2D SPACE',''
  ) );
#3954 = ORIENTED_EDGE('',*,*,#3955,.F.);
#3955 = EDGE_CURVE('',#3764,#3935,#3956,.T.);
#3956 = SURFACE_CURVE('',#3957,(#3962,#3969),.PCURVE_S1.);
#3957 = ELLIPSE('',#3958,2.655811238272,2.3);
#3958 = AXIS2_PLACEMENT_3D('',#3959,#3960,#3961);
#3959 = CARTESIAN_POINT('',(24.071796769725,57.693575034635,
    35.795716689757));
#3960 = DIRECTION('',(0.5,0.866025403784,0.));
#3961 = DIRECTION('',(-0.,0.,1.));
#3962 = PCURVE('',#3814,#3963);
#3963 = DEFINITIONAL_REPRESENTATION('',(#3964),#3968);
#3964 = ELLIPSE('',#3965,2.655811238272,2.3);
#3965 = AXIS2_PLACEMENT_2D('',#3966,#3967);
#3966 = CARTESIAN_POINT('',(6.795716689757,-16.));
#3967 = DIRECTION('',(1.,0.));
#3968 = ( GEOMETRIC_REPRESENTATION_CONTEXT(2) 
PARAMETRIC_REPRESENTATION_CONTEXT() REPRESENTATION_CONTEXT('2D SPACE',''
  ) );
#3969 = PCURVE('',#3780,#3970);
#3970 = DEFINITIONAL_REPRESENTATION('',(#3971),#3986);
#3971 = B_SPLINE_CURVE_WITH_KNOTS('',7,(#3972,#3973,#3974,#3975,#3976,
    #3977,#3978,#3979,#3980,#3981,#3982,#3983,#3984,#3985),
  .UNSPECIFIED.,.F.,.F.,(8,6,8),(1.317060559112,2.613990278113,
    3.910919997113),.UNSPECIFIED.);
#3972 = CARTESIAN_POINT('',(2.887856885907,6.924766712848));
#3973 = CARTESIAN_POINT('',(3.07313256005,6.686615590978));
#3974 = CARTESIAN_POINT('',(3.258408234193,6.435115185124));
#3975 = CARTESIAN_POINT('',(3.443683908334,6.183617004527));
#3976 = CARTESIAN_POINT('',(3.628959582481,5.94660003691));
#3977 = CARTESIAN_POINT('',(3.814235256621,5.737782331145));
#3978 = CARTESIAN_POINT('',(3.999510930765,5.567967141699));
#3979 = CARTESIAN_POINT('',(4.37006227905,5.320234439011));
#3980 = CARTESIAN_POINT('',(4.555337953193,5.242316346666));
#3981 = CARTESIAN_POINT('',(4.740613627336,5.217292864489));
#3982 = CARTESIAN_POINT('',(4.925889301479,5.248245674832));
#3983 = CARTESIAN_POINT('',(5.111164975622,5.333398289144));
#3984 = CARTESIAN_POINT('',(5.296440649765,5.466343841552));
#3985 = CARTESIAN_POINT('',(5.481716323908,5.637494178097));
#3986 = ( GEOMETRIC_REPRESENTATION_CONTEXT(2) 
PARAMETRIC_REPRESENTATION_CONTEXT() REPRESENTATION_CONTEXT('2D SPACE',''
  ) );
#3987 = ADVANCED_FACE('',(#3988),#3780,.F.);
#3988 = FACE_BOUND('',#3989,.F.);
#3989 = EDGE_LOOP('',(#3990,#4011,#4012));
#3990 = ORIENTED_EDGE('',*,*,#3991,.T.);
#3991 = EDGE_CURVE('',#3735,#3935,#3992,.T.);
#3992 = SURFACE_CURVE('',#3993,(#3998,#4004),.PCURVE_S1.);
#3993 = CIRCLE('',#3994,2.3);
#3994 = AXIS2_PLACEMENT_3D('',#3995,#3996,#3997);
#3995 = CARTESIAN_POINT('',(23.815698604072,57.25,35.5));
#3996 = DIRECTION('',(0.433012701892,0.75,0.5));
#3997 = DIRECTION('',(-0.866025403784,0.5,-2.775557561563E-17));
#3998 = PCURVE('',#3780,#3999);
#3999 = DEFINITIONAL_REPRESENTATION('',(#4000),#4003);
#4000 = B_SPLINE_CURVE_WITH_KNOTS('',1,(#4001,#4002),.UNSPECIFIED.,.F.,
  .F.,(2,2),(2.887856885907,4.035515708723),.PIECEWISE_BEZIER_KNOTS.);
#4001 = CARTESIAN_POINT('',(2.887856885907,6.));
#4002 = CARTESIAN_POINT('',(4.035515708723,6.));
#4003 = ( GEOMETRIC_REPRESENTATION_CONTEXT(2) 
PARAMETRIC_REPRESENTATION_CONTEXT() REPRESENTATION_CONTEXT('2D SPACE',''
  ) );
#4004 = PCURVE('',#3752,#4005);
#4005 = DEFINITIONAL_REPRESENTATION('',(#4006),#4010);
#4006 = CIRCLE('',#4007,2.3);
#4007 = AXIS2_PLACEMENT_2D('',#4008,#4009);
#4008 = CARTESIAN_POINT('',(8.,0.));
#4009 = DIRECTION('',(1.,0.));
#4010 = ( GEOMETRIC_REPRESENTATION_CONTEXT(2) 
PARAMETRIC_REPRESENTATION_CONTEXT() REPRESENTATION_CONTEXT('2D SPACE',''
  ) );
#4011 = ORIENTED_EDGE('',*,*,#3955,.F.);
#4012 = ORIENTED_EDGE('',*,*,#3763,.F.);
#4013 = ADVANCED_FACE('',(#4014),#3752,.F.);
#4014 = FACE_BOUND('',#4015,.F.);
#4015 = EDGE_LOOP('',(#4016,#4017,#4018,#4019));
#4016 = ORIENTED_EDGE('',*,*,#3734,.T.);
#4017 = ORIENTED_EDGE('',*,*,#3867,.T.);
#4018 = ORIENTED_EDGE('',*,*,#3934,.T.);
#4019 = ORIENTED_EDGE('',*,*,#3991,.F.);
#4020 = ADVANCED_FACE('',(#4021),#288,.T.);
#4021 = FACE_BOUND('',#4022,.T.);
#4022 = EDGE_LOOP('',(#4023,#4024,#4046,#4047));
#4023 = ORIENTED_EDGE('',*,*,#273,.F.);
#4024 = ORIENTED_EDGE('',*,*,#4025,.T.);
#4025 = EDGE_CURVE('',#274,#2383,#4026,.T.);
#4026 = SURFACE_CURVE('',#4027,(#4032,#4039),.PCURVE_S1.);
#4027 = CIRCLE('',#4028,48.);
#4028 = AXIS2_PLACEMENT_3D('',#4029,#4030,#4031);
#4029 = CARTESIAN_POINT('',(0.,0.,30.));
#4030 = DIRECTION('',(0.,-0.,1.));
#4031 = DIRECTION('',(0.348669081294,0.937245897163,0.));
#4032 = PCURVE('',#288,#4033);
#4033 = DEFINITIONAL_REPRESENTATION('',(#4034),#4038);
#4034 = LINE('',#4035,#4036);
#4035 = CARTESIAN_POINT('',(1.214645630416,1.));
#4036 = VECTOR('',#4037,1.);
#4037 = DIRECTION('',(1.,0.));
#4038 = ( GEOMETRIC_REPRESENTATION_CONTEXT(2) 
PARAMETRIC_REPRESENTATION_CONTEXT() REPRESENTATION_CONTEXT('2D SPACE',''
  ) );
#4039 = PCURVE('',#314,#4040);
#4040 = DEFINITIONAL_REPRESENTATION('',(#4041),#4045);
#4041 = CIRCLE('',#4042,48.);
#4042 = AXIS2_PLACEMENT_2D('',#4043,#4044);
#4043 = CARTESIAN_POINT('',(0.,0.));
#4044 = DIRECTION('',(0.348669081294,0.937245897163));
#4045 = ( GEOMETRIC_REPRESENTATION_CONTEXT(2) 
PARAMETRIC_REPRESENTATION_CONTEXT() REPRESENTATION_CONTEXT('2D SPACE',''
  ) );
#4046 = ORIENTED_EDGE('',*,*,#2403,.T.);
#4047 = ORIENTED_EDGE('',*,*,#3705,.T.);
#4048 = ADVANCED_FACE('',(#4049),#366,.T.);
#4049 = FACE_BOUND('',#4050,.T.);
#4050 = EDGE_LOOP('',(#4051,#4086,#4108,#4109));
#4051 = ORIENTED_EDGE('',*,*,#4052,.F.);
#4052 = EDGE_CURVE('',#4053,#4055,#4057,.T.);
#4053 = VERTEX_POINT('',#4054);
#4054 = CARTESIAN_POINT('',(39.182949211498,47.267843055581,
    34.999999999995));
#4055 = VERTEX_POINT('',#4056);
#4056 = CARTESIAN_POINT('',(40.116436218805,49.505431416811,35.));
#4057 = SURFACE_CURVE('',#4058,(#4063,#4070),.PCURVE_S1.);
#4058 = ELLIPSE('',#4059,4.6,2.3);
#4059 = AXIS2_PLACEMENT_3D('',#4060,#4061,#4062);
#4060 = CARTESIAN_POINT('',(37.239092362731,48.5,35.));
#4061 = DIRECTION('',(0.,0.,1.));
#4062 = DIRECTION('',(0.5,0.866025403784,-0.));
#4063 = PCURVE('',#366,#4064);
#4064 = DEFINITIONAL_REPRESENTATION('',(#4065),#4069);
#4065 = ELLIPSE('',#4066,4.6,2.3);
#4066 = AXIS2_PLACEMENT_2D('',#4067,#4068);
#4067 = CARTESIAN_POINT('',(-4.153212482682,0.806424965365));
#4068 = DIRECTION('',(0.5,0.866025403784));
#4069 = ( GEOMETRIC_REPRESENTATION_CONTEXT(2) 
PARAMETRIC_REPRESENTATION_CONTEXT() REPRESENTATION_CONTEXT('2D SPACE',''
  ) );
#4070 = PCURVE('',#4071,#4076);
#4071 = CYLINDRICAL_SURFACE('',#4072,2.3);
#4072 = AXIS2_PLACEMENT_3D('',#4073,#4074,#4075);
#4073 = CARTESIAN_POINT('',(35.07402885327,44.75,32.5));
#4074 = DIRECTION('',(0.433012701892,0.75,0.5));
#4075 = DIRECTION('',(-0.866025403784,0.5,-2.775557561563E-17));
#4076 = DEFINITIONAL_REPRESENTATION('',(#4077),#4085);
#4077 = B_SPLINE_CURVE_WITH_KNOTS('',6,(#4078,#4079,#4080,#4081,#4082,
    #4083,#4084),.UNSPECIFIED.,.F.,.F.,(7,7),(4.621697359186,
    5.238349417899),.PIECEWISE_BEZIER_KNOTS.);
#4078 = CARTESIAN_POINT('',(3.050901032391,4.639205322389));
#4079 = CARTESIAN_POINT('',(3.15367637551,5.046950577065));
#4080 = CARTESIAN_POINT('',(3.256451718629,5.459268869719));
#4081 = CARTESIAN_POINT('',(3.359227061747,5.868408858118));
#4082 = CARTESIAN_POINT('',(3.462002404866,6.266469131115));
#4083 = CARTESIAN_POINT('',(3.564777747985,6.645910119702));
#4084 = CARTESIAN_POINT('',(3.667553091104,7.0000006));
#4085 = ( GEOMETRIC_REPRESENTATION_CONTEXT(2) 
PARAMETRIC_REPRESENTATION_CONTEXT() REPRESENTATION_CONTEXT('2D SPACE',''
  ) );
#4086 = ORIENTED_EDGE('',*,*,#4087,.T.);
#4087 = EDGE_CURVE('',#4053,#326,#4088,.T.);
#4088 = SURFACE_CURVE('',#4089,(#4094,#4101),.PCURVE_S1.);
#4089 = CIRCLE('',#4090,2.25);
#4090 = AXIS2_PLACEMENT_3D('',#4091,#4092,#4093);
#4091 = CARTESIAN_POINT('',(41.392304845413,47.693575034635,35.));
#4092 = DIRECTION('',(0.,0.,1.));
#4093 = DIRECTION('',(1.,0.,-0.));
#4094 = PCURVE('',#366,#4095);
#4095 = DEFINITIONAL_REPRESENTATION('',(#4096),#4100);
#4096 = CIRCLE('',#4097,2.25);
#4097 = AXIS2_PLACEMENT_2D('',#4098,#4099);
#4098 = CARTESIAN_POINT('',(0.,0.));
#4099 = DIRECTION('',(1.,0.));
#4100 = ( GEOMETRIC_REPRESENTATION_CONTEXT(2) 
PARAMETRIC_REPRESENTATION_CONTEXT() REPRESENTATION_CONTEXT('2D SPACE',''
  ) );
#4101 = PCURVE('',#340,#4102);
#4102 = DEFINITIONAL_REPRESENTATION('',(#4103),#4107);
#4103 = LINE('',#4104,#4105);
#4104 = CARTESIAN_POINT('',(0.,6.));
#4105 = VECTOR('',#4106,1.);
#4106 = DIRECTION('',(1.,0.));
#4107 = ( GEOMETRIC_REPRESENTATION_CONTEXT(2) 
PARAMETRIC_REPRESENTATION_CONTEXT() REPRESENTATION_CONTEXT('2D SPACE',''
  ) );
#4108 = ORIENTED_EDGE('',*,*,#351,.T.);
#4109 = ORIENTED_EDGE('',*,*,#4110,.F.);
#4110 = EDGE_CURVE('',#4055,#352,#4111,.T.);
#4111 = SURFACE_CURVE('',#4112,(#4116,#4122),.PCURVE_S1.);
#4112 = LINE('',#4113,#4114);
#4113 = CARTESIAN_POINT('',(42.29090721814,48.25,35.));
#4114 = VECTOR('',#4115,1.);
#4115 = DIRECTION('',(0.866025403784,-0.5,0.));
#4116 = PCURVE('',#366,#4117);
#4117 = DEFINITIONAL_REPRESENTATION('',(#4118),#4121);
#4118 = B_SPLINE_CURVE_WITH_KNOTS('',1,(#4119,#4120),.UNSPECIFIED.,.F.,
  .F.,(2,2),(-2.537830558935,0.5),.PIECEWISE_BEZIER_KNOTS.);
#4119 = CARTESIAN_POINT('',(-1.299223361812,1.825340244832));
#4120 = CARTESIAN_POINT('',(1.331615074619,0.306424965365));
#4121 = ( GEOMETRIC_REPRESENTATION_CONTEXT(2) 
PARAMETRIC_REPRESENTATION_CONTEXT() REPRESENTATION_CONTEXT('2D SPACE',''
  ) );
#4122 = PCURVE('',#393,#4123);
#4123 = DEFINITIONAL_REPRESENTATION('',(#4124),#4127);
#4124 = B_SPLINE_CURVE_WITH_KNOTS('',1,(#4125,#4126),.UNSPECIFIED.,.F.,
  .F.,(2,2),(-2.537830558935,0.5),.PIECEWISE_BEZIER_KNOTS.);
#4125 = CARTESIAN_POINT('',(3.037830558935,11.845299461621));
#4126 = CARTESIAN_POINT('',(0.,11.845299461621));
#4127 = ( GEOMETRIC_REPRESENTATION_CONTEXT(2) 
PARAMETRIC_REPRESENTATION_CONTEXT() REPRESENTATION_CONTEXT('2D SPACE',''
  ) );
#4128 = ADVANCED_FACE('',(#4129),#4071,.F.);
#4129 = FACE_BOUND('',#4130,.F.);
#4130 = EDGE_LOOP('',(#4131,#4340,#4361));
#4131 = ORIENTED_EDGE('',*,*,#4132,.F.);
#4132 = EDGE_CURVE('',#4133,#4053,#4135,.T.);
#4133 = VERTEX_POINT('',#4134);
#4134 = CARTESIAN_POINT('',(40.104395003433,49.538510870628,
    34.960808817679));
#4135 = SURFACE_CURVE('',#4136,(#4202,#4271),.PCURVE_S1.);
#4136 = B_SPLINE_CURVE_WITH_KNOTS('',8,(#4137,#4138,#4139,#4140,#4141,
    #4142,#4143,#4144,#4145,#4146,#4147,#4148,#4149,#4150,#4151,#4152,
    #4153,#4154,#4155,#4156,#4157,#4158,#4159,#4160,#4161,#4162,#4163,
    #4164,#4165,#4166,#4167,#4168,#4169,#4170,#4171,#4172,#4173,#4174,
    #4175,#4176,#4177,#4178,#4179,#4180,#4181,#4182,#4183,#4184,#4185,
    #4186,#4187,#4188,#4189,#4190,#4191,#4192,#4193,#4194,#4195,#4196,
    #4197,#4198,#4199,#4200,#4201),.UNSPECIFIED.,.F.,.F.,(9,7,7,7,7,7,7,
    7,7,9),(0.,0.334599987907,0.394756445182,0.461207633838,
    0.497556496427,0.524164888562,0.572580514091,0.607032034215,
    0.724312394295,1.),.UNSPECIFIED.);
#4137 = CARTESIAN_POINT('',(40.104395343664,49.538511108136,
    34.960809366768));
#4138 = CARTESIAN_POINT('',(40.008388195312,49.471490618714,
    34.805866066843));
#4139 = CARTESIAN_POINT('',(39.90998992197,49.394308930278,
    34.660788168815));
#4140 = CARTESIAN_POINT('',(39.81045475091,49.305865959974,
    34.523676318708));
#4141 = CARTESIAN_POINT('',(39.710821990656,49.204749247196,
    34.39361209591));
#4142 = CARTESIAN_POINT('',(39.61255688245,49.089308688761,
    34.270735891082));
#4143 = CARTESIAN_POINT('',(39.518036190784,48.958049120039,
    34.156573273191));
#4144 = CARTESIAN_POINT('',(39.430862763241,48.810420048738,
    34.054792838092));
#4145 = CARTESIAN_POINT('',(39.341184985044,48.619018073865,
    33.957900782541));
#4146 = CARTESIAN_POINT('',(39.327834126592,48.589280830259,
    33.943721234158));
#4147 = CARTESIAN_POINT('',(39.31480774032,48.558942458656,
    33.93015908918));
#4148 = CARTESIAN_POINT('',(39.302121772819,48.527977623608,
    33.917258214081));
#4149 = CARTESIAN_POINT('',(39.289797757788,48.496367303082,
    33.905074989651));
#4150 = CARTESIAN_POINT('',(39.277861899031,48.464099037452,
    33.893678647466));
#4151 = CARTESIAN_POINT('',(39.266344153447,48.431167178492,
    33.883151606357));
#4152 = CARTESIAN_POINT('',(39.24305244793,48.360463840403,
    33.863027471304));
#4153 = CARTESIAN_POINT('',(39.231368913543,48.322519335874,
    33.8536351235));
#4154 = CARTESIAN_POINT('',(39.220265920966,48.283721041237,
    33.845540991885));
#4155 = CARTESIAN_POINT('',(39.209792889444,48.244070032757,
    33.838900549677));
#4156 = CARTESIAN_POINT('',(39.200005727577,48.20358808275,
    33.833897571492));
#4157 = CARTESIAN_POINT('',(39.190963113529,48.162318695837,
    33.830745187945));
#4158 = CARTESIAN_POINT('',(39.182722775241,48.120328145181,
    33.829686940252));
#4159 = CARTESIAN_POINT('',(39.171298166198,48.054392433588,
    33.831714895405));
#4160 = CARTESIAN_POINT('',(39.167512429669,48.030877881771,
    33.833141261479));
#4161 = CARTESIAN_POINT('',(39.163995900179,48.007213228511,
    33.835322220098));
#4162 = CARTESIAN_POINT('',(39.160760403696,47.98344794437,
    33.838300230688));
#4163 = CARTESIAN_POINT('',(39.15781438983,47.959630550334,
    33.842114888093));
#4164 = CARTESIAN_POINT('',(39.155163068632,47.9358085729,
    33.846802885605));
#4165 = CARTESIAN_POINT('',(39.152808547401,47.912028499158,33.852397978
    ));
#4166 = CARTESIAN_POINT('',(39.149243028935,47.870991958297,
    33.863713260266));
#4167 = CARTESIAN_POINT('',(39.14789550858,47.853704546119,
    33.868995505744));
#4168 = CARTESIAN_POINT('',(39.14670824771,47.836508076894,
    33.874784147039));
#4169 = CARTESIAN_POINT('',(39.145680279509,47.819435462016,
    33.881082264231));
#4170 = CARTESIAN_POINT('',(39.144809016586,47.802517898321,
    33.887889514626));
#4171 = CARTESIAN_POINT('',(39.144090438508,47.785784823689,
    33.895202095952));
#4172 = CARTESIAN_POINT('',(39.143519279342,47.769263872645,
    33.903012709542));
#4173 = CARTESIAN_POINT('',(39.142306686697,47.723352826016,
    33.926408912516));
#4174 = CARTESIAN_POINT('',(39.141993852128,47.694607148399,
    33.943072004833));
#4175 = CARTESIAN_POINT('',(39.142106375242,47.666855420171,
    33.961234686281));
#4176 = CARTESIAN_POINT('',(39.142592959756,47.640195684155,
    33.980802554142));
#4177 = CARTESIAN_POINT('',(39.14339791464,47.614711900465,
    34.00165153763));
#4178 = CARTESIAN_POINT('',(39.144463719409,47.59047344204,
    34.023627518355));
#4179 = CARTESIAN_POINT('',(39.145733589423,47.567534590172,
    34.046545950772));
#4180 = CARTESIAN_POINT('',(39.148164804162,47.530563534997,
    34.08701713569));
#4181 = CARTESIAN_POINT('',(39.149253527844,47.515842733791,
    34.104241647405));
#4182 = CARTESIAN_POINT('',(39.150403751981,47.501756584362,
    34.121826345931));
#4183 = CARTESIAN_POINT('',(39.151600499849,47.488289814002,
    34.139733399156));
#4184 = CARTESIAN_POINT('',(39.152830278239,47.47542691936,
    34.157925814721));
#4185 = CARTESIAN_POINT('',(39.154081077461,47.463152166435,
    34.176367440012));
#4186 = CARTESIAN_POINT('',(39.155342371337,47.451449590577,
    34.195022962167));
#4187 = CARTESIAN_POINT('',(39.160903774859,47.402357600663,
    34.27797610169));
#4188 = CARTESIAN_POINT('',(39.165232586786,47.370725419447,
    34.344394008046));
#4189 = CARTESIAN_POINT('',(39.169250629898,47.344639996327,
    34.412125854065));
#4190 = CARTESIAN_POINT('',(39.172786233479,47.323404303167,
    34.480473103099));
#4191 = CARTESIAN_POINT('',(39.175769683908,47.306407490456,
    34.549004044091));
#4192 = CARTESIAN_POINT('',(39.178183903194,47.293139877159,
    34.617530878739));
#4193 = CARTESIAN_POINT('',(39.180033101358,47.283206180168,
    34.686084306658));
#4194 = CARTESIAN_POINT('',(39.184376581175,47.260189757813,
    34.916614871424));
#4195 = CARTESIAN_POINT('',(39.184376237165,47.260930005141,
    35.080189522834));
#4196 = CARTESIAN_POINT('',(39.181327866255,47.2758629255,
    35.242271380832));
#4197 = CARTESIAN_POINT('',(39.175988428858,47.302883206455,
    35.401105372949));
#4198 = CARTESIAN_POINT('',(39.16927077478,47.340468908994,
    35.556048822132));
#4199 = CARTESIAN_POINT('',(39.16204957545,47.387659584356,
    35.70716842581));
#4200 = CARTESIAN_POINT('',(39.155217699432,47.444025724809,
    35.854929317449));
#4201 = CARTESIAN_POINT('',(39.149835966873,47.509636651529,36.0000006)
  );
#4202 = PCURVE('',#4071,#4203);
#4203 = DEFINITIONAL_REPRESENTATION('',(#4204),#4270);
#4204 = B_SPLINE_CURVE_WITH_KNOTS('',8,(#4205,#4206,#4207,#4208,#4209,
    #4210,#4211,#4212,#4213,#4214,#4215,#4216,#4217,#4218,#4219,#4220,
    #4221,#4222,#4223,#4224,#4225,#4226,#4227,#4228,#4229,#4230,#4231,
    #4232,#4233,#4234,#4235,#4236,#4237,#4238,#4239,#4240,#4241,#4242,
    #4243,#4244,#4245,#4246,#4247,#4248,#4249,#4250,#4251,#4252,#4253,
    #4254,#4255,#4256,#4257,#4258,#4259,#4260,#4261,#4262,#4263,#4264,
    #4265,#4266,#4267,#4268,#4269),.UNSPECIFIED.,.F.,.F.,(9,7,7,7,7,7,7,
    7,7,9),(0.,0.334599987907,0.394756445182,0.461207633838,
    0.497556496427,0.524164888562,0.572580514091,0.607032034215,
    0.724312394295,1.),.UNSPECIFIED.);
#4205 = CARTESIAN_POINT('',(3.690457649853,7.0000006));
#4206 = CARTESIAN_POINT('',(3.731821211334,6.830691268262));
#4207 = CARTESIAN_POINT('',(3.767479091792,6.65765835072));
#4208 = CARTESIAN_POINT('',(3.797718969874,6.479670204582));
#4209 = CARTESIAN_POINT('',(3.82231946501,6.295658307889));
#4210 = CARTESIAN_POINT('',(3.840589525815,6.105089746639));
#4211 = CARTESIAN_POINT('',(3.851253502483,5.908635101071));
#4212 = CARTESIAN_POINT('',(3.852530419881,5.709275878652));
#4213 = CARTESIAN_POINT('',(3.840365788933,5.478446752685));
#4214 = CARTESIAN_POINT('',(3.838131313123,5.443272954498));
#4215 = CARTESIAN_POINT('',(3.835496535286,5.408097512591));
#4216 = CARTESIAN_POINT('',(3.832439073681,5.372930263692));
#4217 = CARTESIAN_POINT('',(3.828933811738,5.337794456036));
#4218 = CARTESIAN_POINT('',(3.824952965354,5.302726707271));
#4219 = CARTESIAN_POINT('',(3.820466150189,5.267776962361));
#4220 = CARTESIAN_POINT('',(3.809888861727,5.194601786931));
#4221 = CARTESIAN_POINT('',(3.803675705486,5.156388115839));
#4222 = CARTESIAN_POINT('',(3.796751670968,5.118434592239));
#4223 = CARTESIAN_POINT('',(3.789063504083,5.080841159098));
#4224 = CARTESIAN_POINT('',(3.780554050941,5.043740242097));
#4225 = CARTESIAN_POINT('',(3.771162302864,5.007296443397));
#4226 = CARTESIAN_POINT('',(3.760823441402,4.971706235413));
#4227 = CARTESIAN_POINT('',(3.743257929435,4.918321428464));
#4228 = CARTESIAN_POINT('',(3.736739927185,4.899759425636));
#4229 = CARTESIAN_POINT('',(3.729912623161,4.881578713065));
#4230 = CARTESIAN_POINT('',(3.722774677277,4.86384274418));
#4231 = CARTESIAN_POINT('',(3.715325606944,4.846611365931));
#4232 = CARTESIAN_POINT('',(3.707565731215,4.829940825856));
#4233 = CARTESIAN_POINT('',(3.69949611493,4.813883779147));
#4234 = CARTESIAN_POINT('',(3.684985871974,4.78722009985));
#4235 = CARTESIAN_POINT('',(3.678691578243,4.776312170026));
#4236 = CARTESIAN_POINT('',(3.672242598984,4.765795039718));
#4237 = CARTESIAN_POINT('',(3.665646633961,4.755694513867));
#4238 = CARTESIAN_POINT('',(3.658912103078,4.74603269838));
#4239 = CARTESIAN_POINT('',(3.652048134072,4.736828029634));
#4240 = CARTESIAN_POINT('',(3.645064550204,4.728095303973));
#4241 = CARTESIAN_POINT('',(3.625066262956,4.70483505247));
#4242 = CARTESIAN_POINT('',(3.61184065539,4.691471879074));
#4243 = CARTESIAN_POINT('',(3.598347176906,4.679788147565));
#4244 = CARTESIAN_POINT('',(3.584643713021,4.669787976759));
#4245 = CARTESIAN_POINT('',(3.57079411489,4.661448186424));
#4246 = CARTESIAN_POINT('',(3.556868421086,4.654718839971));
#4247 = CARTESIAN_POINT('',(3.542943079378,4.649523787124));
#4248 = CARTESIAN_POINT('',(3.519251561781,4.643083835065));
#4249 = CARTESIAN_POINT('',(3.509426298521,4.641126921201));
#4250 = CARTESIAN_POINT('',(3.499634187995,4.639852720053));
#4251 = CARTESIAN_POINT('',(3.489883703486,4.639224375924));
#4252 = CARTESIAN_POINT('',(3.480182982297,4.639205922389));
#4253 = CARTESIAN_POINT('',(3.470539825748,4.63976228229));
#4254 = CARTESIAN_POINT('',(3.460961699175,4.640859267744));
#4255 = CARTESIAN_POINT('',(3.419095381592,4.647925003435));
#4256 = CARTESIAN_POINT('',(3.387460570312,4.65928425125));
#4257 = CARTESIAN_POINT('',(3.356668281488,4.675325970623));
#4258 = CARTESIAN_POINT('',(3.326758783374,4.69510378653));
#4259 = CARTESIAN_POINT('',(3.297707925905,4.717913519424));
#4260 = CARTESIAN_POINT('',(3.269437001089,4.743271614392));
#4261 = CARTESIAN_POINT('',(3.241820166988,4.770898781901));
#4262 = CARTESIAN_POINT('',(3.150913996098,4.870782529448));
#4263 = CARTESIAN_POINT('',(3.089638360618,4.953124891689));
#4264 = CARTESIAN_POINT('',(3.031169782402,5.044045527633));
#4265 = CARTESIAN_POINT('',(2.975540539571,5.141415690194));
#4266 = CARTESIAN_POINT('',(2.922634489445,5.244167862147));
#4267 = CARTESIAN_POINT('',(2.872259694763,5.351993799475));
#4268 = CARTESIAN_POINT('',(2.824210488997,5.46519056154));
#4269 = CARTESIAN_POINT('',(2.778362348316,5.5846040393));
#4270 = ( GEOMETRIC_REPRESENTATION_CONTEXT(2) 
PARAMETRIC_REPRESENTATION_CONTEXT() REPRESENTATION_CONTEXT('2D SPACE',''
  ) );
#4271 = PCURVE('',#340,#4272);
#4272 = DEFINITIONAL_REPRESENTATION('',(#4273),#4339);
#4273 = B_SPLINE_CURVE_WITH_KNOTS('',8,(#4274,#4275,#4276,#4277,#4278,
    #4279,#4280,#4281,#4282,#4283,#4284,#4285,#4286,#4287,#4288,#4289,
    #4290,#4291,#4292,#4293,#4294,#4295,#4296,#4297,#4298,#4299,#4300,
    #4301,#4302,#4303,#4304,#4305,#4306,#4307,#4308,#4309,#4310,#4311,
    #4312,#4313,#4314,#4315,#4316,#4317,#4318,#4319,#4320,#4321,#4322,
    #4323,#4324,#4325,#4326,#4327,#4328,#4329,#4330,#4331,#4332,#4333,
    #4334,#4335,#4336,#4337,#4338),.UNSPECIFIED.,.F.,.F.,(9,7,7,7,7,7,7,
    7,7,9),(0.,0.334599987907,0.394756445182,0.461207633838,
    0.497556496427,0.524164888562,0.572580514091,0.607032034215,
    0.724312394295,1.),.UNSPECIFIED.);
#4274 = CARTESIAN_POINT('',(2.180231272453,5.960809366768));
#4275 = CARTESIAN_POINT('',(2.23226947027,5.805866066843));
#4276 = CARTESIAN_POINT('',(2.287763941293,5.660788168815));
#4277 = CARTESIAN_POINT('',(2.346753414021,5.523676318708));
#4278 = CARTESIAN_POINT('',(2.409548454117,5.39361209591));
#4279 = CARTESIAN_POINT('',(2.476536751353,5.270735891082));
#4280 = CARTESIAN_POINT('',(2.547956981008,5.156573273191));
#4281 = CARTESIAN_POINT('',(2.623809500378,5.054792838092));
#4282 = CARTESIAN_POINT('',(2.717751242123,4.957900782541));
#4283 = CARTESIAN_POINT('',(2.732236809274,4.943721234158));
#4284 = CARTESIAN_POINT('',(2.746907572276,4.93015908918));
#4285 = CARTESIAN_POINT('',(2.761775659387,4.917258214081));
#4286 = CARTESIAN_POINT('',(2.776850164173,4.905074989651));
#4287 = CARTESIAN_POINT('',(2.792137279668,4.893678647466));
#4288 = CARTESIAN_POINT('',(2.807640432539,4.883151606357));
#4289 = CARTESIAN_POINT('',(2.840725330627,4.863027471304));
#4290 = CARTESIAN_POINT('',(2.858367588791,4.8536351235));
#4291 = CARTESIAN_POINT('',(2.876297379171,4.845540991885));
#4292 = CARTESIAN_POINT('',(2.894516557285,4.838900549677));
#4293 = CARTESIAN_POINT('',(2.913018548295,4.833897571492));
#4294 = CARTESIAN_POINT('',(2.931788248565,4.830745187945));
#4295 = CARTESIAN_POINT('',(2.950801927214,4.829686940252));
#4296 = CARTESIAN_POINT('',(2.980543330388,4.831714895405));
#4297 = CARTESIAN_POINT('',(2.991128061648,4.833141261479));
#4298 = CARTESIAN_POINT('',(3.001759872869,4.835322220098));
#4299 = CARTESIAN_POINT('',(3.012418069773,4.838300230688));
#4300 = CARTESIAN_POINT('',(3.023082652626,4.842114888093));
#4301 = CARTESIAN_POINT('',(3.03373425648,4.846802885605));
#4302 = CARTESIAN_POINT('',(3.044354091403,4.852397978));
#4303 = CARTESIAN_POINT('',(3.062661267937,4.863713260266));
#4304 = CARTESIAN_POINT('',(3.070367563186,4.868995505744));
#4305 = CARTESIAN_POINT('',(3.078028134738,4.874784147039));
#4306 = CARTESIAN_POINT('',(3.085629125885,4.881082264231));
#4307 = CARTESIAN_POINT('',(3.093157450876,4.887889514626));
#4308 = CARTESIAN_POINT('',(3.100600788857,4.895202095952));
#4309 = CARTESIAN_POINT('',(3.107947577816,4.903012709542));
#4310 = CARTESIAN_POINT('',(3.128359603241,4.926408912516));
#4311 = CARTESIAN_POINT('',(3.141134646325,4.943072004833));
#4312 = CARTESIAN_POINT('',(3.153466648413,4.961234686281));
#4313 = CARTESIAN_POINT('',(3.165315170039,4.980802554142));
#4314 = CARTESIAN_POINT('',(3.176645101091,5.00165153763));
#4315 = CARTESIAN_POINT('',(3.187426940271,5.023627518355));
#4316 = CARTESIAN_POINT('',(3.197637074547,5.046545950772));
#4317 = CARTESIAN_POINT('',(3.214104144423,5.08701713569));
#4318 = CARTESIAN_POINT('',(3.220664402308,5.104241647405));
#4319 = CARTESIAN_POINT('',(3.226945449886,5.121826345931));
#4320 = CARTESIAN_POINT('',(3.232953946745,5.139733399156));
#4321 = CARTESIAN_POINT('',(3.238696594455,5.157925814721));
#4322 = CARTESIAN_POINT('',(3.244180136568,5.176367440012));
#4323 = CARTESIAN_POINT('',(3.249411358616,5.195022962167));
#4324 = CARTESIAN_POINT('',(3.271369580149,5.27797610169));
#4325 = CARTESIAN_POINT('',(3.285555668274,5.344394008046));
#4326 = CARTESIAN_POINT('',(3.297283601218,5.412125854065));
#4327 = CARTESIAN_POINT('',(3.30685100377,5.480473103099));
#4328 = CARTESIAN_POINT('',(3.314520412203,5.549004044091));
#4329 = CARTESIAN_POINT('',(3.320513575063,5.617530878739));
#4330 = CARTESIAN_POINT('',(3.325004519321,5.686084306658));
#4331 = CARTESIAN_POINT('',(3.335414595304,5.916614871424));
#4332 = CARTESIAN_POINT('',(3.335091735225,6.080189522833));
#4333 = CARTESIAN_POINT('',(3.328317604484,6.242271380832));
#4334 = CARTESIAN_POINT('',(3.31607657688,6.401105372949));
#4335 = CARTESIAN_POINT('',(3.299112126409,6.556048822132));
#4336 = CARTESIAN_POINT('',(3.277908883971,6.70716842581));
#4337 = CARTESIAN_POINT('',(3.252692723447,6.854929317449));
#4338 = CARTESIAN_POINT('',(3.223434379062,7.0000006));
#4339 = ( GEOMETRIC_REPRESENTATION_CONTEXT(2) 
PARAMETRIC_REPRESENTATION_CONTEXT() REPRESENTATION_CONTEXT('2D SPACE',''
  ) );
#4340 = ORIENTED_EDGE('',*,*,#4341,.F.);
#4341 = EDGE_CURVE('',#4055,#4133,#4342,.T.);
#4342 = SURFACE_CURVE('',#4343,(#4348,#4354),.PCURVE_S1.);
#4343 = CIRCLE('',#4344,2.3);
#4344 = AXIS2_PLACEMENT_3D('',#4345,#4346,#4347);
#4345 = CARTESIAN_POINT('',(38.105117766515,50.,36.));
#4346 = DIRECTION('',(0.433012701892,0.75,0.5));
#4347 = DIRECTION('',(-0.866025403784,0.5,-2.775557561563E-17));
#4348 = PCURVE('',#4071,#4349);
#4349 = DEFINITIONAL_REPRESENTATION('',(#4350),#4353);
#4350 = B_SPLINE_CURVE_WITH_KNOTS('',1,(#4351,#4352),.UNSPECIFIED.,.F.,
  .F.,(2,2),(3.14159265359,6.28318530718),.PIECEWISE_BEZIER_KNOTS.);
#4351 = CARTESIAN_POINT('',(3.14159265359,7.));
#4352 = CARTESIAN_POINT('',(6.28318530718,7.));
#4353 = ( GEOMETRIC_REPRESENTATION_CONTEXT(2) 
PARAMETRIC_REPRESENTATION_CONTEXT() REPRESENTATION_CONTEXT('2D SPACE',''
  ) );
#4354 = PCURVE('',#393,#4355);
#4355 = DEFINITIONAL_REPRESENTATION('',(#4356),#4360);
#4356 = CIRCLE('',#4357,2.3);
#4357 = AXIS2_PLACEMENT_2D('',#4358,#4359);
#4358 = CARTESIAN_POINT('',(5.,13.));
#4359 = DIRECTION('',(1.,0.));
#4360 = ( GEOMETRIC_REPRESENTATION_CONTEXT(2) 
PARAMETRIC_REPRESENTATION_CONTEXT() REPRESENTATION_CONTEXT('2D SPACE',''
  ) );
#4361 = ORIENTED_EDGE('',*,*,#4052,.F.);
#4362 = ADVANCED_FACE('',(#4363),#393,.T.);
#4363 = FACE_BOUND('',#4364,.T.);
#4364 = EDGE_LOOP('',(#4365,#4366,#4399,#4400));
#4365 = ORIENTED_EDGE('',*,*,#377,.F.);
#4366 = ORIENTED_EDGE('',*,*,#4367,.T.);
#4367 = EDGE_CURVE('',#378,#4133,#4368,.T.);
#4368 = SURFACE_CURVE('',#4369,(#4374,#4381),.PCURVE_S1.);
#4369 = ELLIPSE('',#4370,4.5,2.25);
#4370 = AXIS2_PLACEMENT_3D('',#4371,#4372,#4373);
#4371 = CARTESIAN_POINT('',(41.392304845413,47.693575034635,
    36.61284993073));
#4372 = DIRECTION('',(0.433012701892,0.75,0.5));
#4373 = DIRECTION('',(-0.25,-0.433012701892,0.866025403784));
#4374 = PCURVE('',#393,#4375);
#4375 = DEFINITIONAL_REPRESENTATION('',(#4376),#4380);
#4376 = ELLIPSE('',#4377,4.5,2.25);
#4377 = AXIS2_PLACEMENT_2D('',#4378,#4379);
#4378 = CARTESIAN_POINT('',(1.,13.707658144959));
#4379 = DIRECTION('',(-7.954818481105E-17,1.));
#4380 = ( GEOMETRIC_REPRESENTATION_CONTEXT(2) 
PARAMETRIC_REPRESENTATION_CONTEXT() REPRESENTATION_CONTEXT('2D SPACE',''
  ) );
#4381 = PCURVE('',#340,#4382);
#4382 = DEFINITIONAL_REPRESENTATION('',(#4383),#4398);
#4383 = B_SPLINE_CURVE_WITH_KNOTS('',7,(#4384,#4385,#4386,#4387,#4388,
    #4389,#4390,#4391,#4392,#4393,#4394,#4395,#4396,#4397),
  .UNSPECIFIED.,.F.,.F.,(8,6,8),(2.094395102393,3.324435696429,
    4.554476290465),.UNSPECIFIED.);
#4384 = CARTESIAN_POINT('',(3.157967714489E-15,5.664292772215));
#4385 = CARTESIAN_POINT('',(0.175720084862,5.071237485804));
#4386 = CARTESIAN_POINT('',(0.351440169724,4.548377322121));
#4387 = CARTESIAN_POINT('',(0.527160254587,4.12561656082));
#4388 = CARTESIAN_POINT('',(0.702880339449,3.827575880382));
#4389 = CARTESIAN_POINT('',(0.878600424312,3.669717800861));
#4390 = CARTESIAN_POINT('',(1.054320509174,3.656183026592));
#4391 = CARTESIAN_POINT('',(1.405760678898,3.905212313431));
#4392 = CARTESIAN_POINT('',(1.581480763761,4.167776225227));
#4393 = CARTESIAN_POINT('',(1.757200848622,4.562105103219));
#4394 = CARTESIAN_POINT('',(1.932920933486,5.071494427215));
#4395 = CARTESIAN_POINT('',(2.108641018347,5.669516789292));
#4396 = CARTESIAN_POINT('',(2.28436110321,6.323719858555));
#4397 = CARTESIAN_POINT('',(2.460081188072,7.0000006));
#4398 = ( GEOMETRIC_REPRESENTATION_CONTEXT(2) 
PARAMETRIC_REPRESENTATION_CONTEXT() REPRESENTATION_CONTEXT('2D SPACE',''
  ) );
#4399 = ORIENTED_EDGE('',*,*,#4341,.F.);
#4400 = ORIENTED_EDGE('',*,*,#4110,.T.);
#4401 = ADVANCED_FACE('',(#4402),#340,.T.);
#4402 = FACE_BOUND('',#4403,.T.);
#4403 = EDGE_LOOP('',(#4404,#4405,#4406,#4407,#4408,#4430));
#4404 = ORIENTED_EDGE('',*,*,#4087,.F.);
#4405 = ORIENTED_EDGE('',*,*,#4132,.F.);
#4406 = ORIENTED_EDGE('',*,*,#4367,.F.);
#4407 = ORIENTED_EDGE('',*,*,#405,.F.);
#4408 = ORIENTED_EDGE('',*,*,#4409,.T.);
#4409 = EDGE_CURVE('',#406,#300,#4410,.T.);
#4410 = SURFACE_CURVE('',#4411,(#4416,#4423),.PCURVE_S1.);
#4411 = CIRCLE('',#4412,2.25);
#4412 = AXIS2_PLACEMENT_3D('',#4413,#4414,#4415);
#4413 = CARTESIAN_POINT('',(41.392304845413,47.693575034635,30.));
#4414 = DIRECTION('',(0.,0.,1.));
#4415 = DIRECTION('',(1.,0.,-0.));
#4416 = PCURVE('',#340,#4417);
#4417 = DEFINITIONAL_REPRESENTATION('',(#4418),#4422);
#4418 = LINE('',#4419,#4420);
#4419 = CARTESIAN_POINT('',(0.,1.));
#4420 = VECTOR('',#4421,1.);
#4421 = DIRECTION('',(1.,0.));
#4422 = ( GEOMETRIC_REPRESENTATION_CONTEXT(2) 
PARAMETRIC_REPRESENTATION_CONTEXT() REPRESENTATION_CONTEXT('2D SPACE',''
  ) );
#4423 = PCURVE('',#314,#4424);
#4424 = DEFINITIONAL_REPRESENTATION('',(#4425),#4429);
#4425 = CIRCLE('',#4426,2.25);
#4426 = AXIS2_PLACEMENT_2D('',#4427,#4428);
#4427 = CARTESIAN_POINT('',(41.392304845413,47.693575034635));
#4428 = DIRECTION('',(1.,0.));
#4429 = ( GEOMETRIC_REPRESENTATION_CONTEXT(2) 
PARAMETRIC_REPRESENTATION_CONTEXT() REPRESENTATION_CONTEXT('2D SPACE',''
  ) );
#4430 = ORIENTED_EDGE('',*,*,#325,.T.);
#4431 = ADVANCED_FACE('',(#4432),#314,.T.);
#4432 = FACE_BOUND('',#4433,.T.);
#4433 = EDGE_LOOP('',(#4434,#4435,#4436,#4437,#4438,#4439,#4440,#4459,
    #4460,#4461,#4462,#4463,#4464,#4465,#4466,#4467));
#4434 = ORIENTED_EDGE('',*,*,#2325,.F.);
#4435 = ORIENTED_EDGE('',*,*,#2382,.T.);
#4436 = ORIENTED_EDGE('',*,*,#4025,.F.);
#4437 = ORIENTED_EDGE('',*,*,#299,.T.);
#4438 = ORIENTED_EDGE('',*,*,#4409,.F.);
#4439 = ORIENTED_EDGE('',*,*,#426,.T.);
#4440 = ORIENTED_EDGE('',*,*,#4441,.F.);
#4441 = EDGE_CURVE('',#525,#24,#4442,.T.);
#4442 = SURFACE_CURVE('',#4443,(#4447,#4453),.PCURVE_S1.);
#4443 = LINE('',#4444,#4445);
#4444 = CARTESIAN_POINT('',(38.538130468408,53.75,30.));
#4445 = VECTOR('',#4446,1.);
#4446 = DIRECTION('',(0.866025403784,-0.5,0.));
#4447 = PCURVE('',#314,#4448);
#4448 = DEFINITIONAL_REPRESENTATION('',(#4449),#4452);
#4449 = B_SPLINE_CURVE_WITH_KNOTS('',1,(#4450,#4451),.UNSPECIFIED.,.F.,
  .F.,(2,2),(-19.5,6.5),.PIECEWISE_BEZIER_KNOTS.);
#4450 = CARTESIAN_POINT('',(21.650635094611,63.5));
#4451 = CARTESIAN_POINT('',(44.167295593006,50.5));
#4452 = ( GEOMETRIC_REPRESENTATION_CONTEXT(2) 
PARAMETRIC_REPRESENTATION_CONTEXT() REPRESENTATION_CONTEXT('2D SPACE',''
  ) );
#4453 = PCURVE('',#44,#4454);
#4454 = DEFINITIONAL_REPRESENTATION('',(#4455),#4458);
#4455 = B_SPLINE_CURVE_WITH_KNOTS('',1,(#4456,#4457),.UNSPECIFIED.,.F.,
  .F.,(2,2),(-19.5,6.5),.PIECEWISE_BEZIER_KNOTS.);
#4456 = CARTESIAN_POINT('',(26.,6.071796769724));
#4457 = CARTESIAN_POINT('',(0.,6.071796769724));
#4458 = ( GEOMETRIC_REPRESENTATION_CONTEXT(2) 
PARAMETRIC_REPRESENTATION_CONTEXT() REPRESENTATION_CONTEXT('2D SPACE',''
  ) );
#4459 = ORIENTED_EDGE('',*,*,#860,.F.);
#4460 = ORIENTED_EDGE('',*,*,#3307,.T.);
#4461 = ORIENTED_EDGE('',*,*,#738,.F.);
#4462 = ORIENTED_EDGE('',*,*,#1385,.F.);
#4463 = ORIENTED_EDGE('',*,*,#1495,.F.);
#4464 = ORIENTED_EDGE('',*,*,#2849,.F.);
#4465 = ORIENTED_EDGE('',*,*,#1834,.F.);
#4466 = ORIENTED_EDGE('',*,*,#2272,.T.);
#4467 = ORIENTED_EDGE('',*,*,#1892,.F.);
#4468 = ADVANCED_FACE('',(#4469),#44,.T.);
#4469 = FACE_BOUND('',#4470,.T.);
#4470 = EDGE_LOOP('',(#4471,#4472,#4473,#4474));
#4471 = ORIENTED_EDGE('',*,*,#21,.F.);
#4472 = ORIENTED_EDGE('',*,*,#472,.T.);
#4473 = ORIENTED_EDGE('',*,*,#524,.T.);
#4474 = ORIENTED_EDGE('',*,*,#4441,.T.);
#4475 = ( GEOMETRIC_REPRESENTATION_CONTEXT(3) 
GLOBAL_UNCERTAINTY_ASSIGNED_CONTEXT((#4479)) 
GLOBAL_UNIT_ASSIGNED_CONTEXT((#4476,#4477,#4478)) REPRESENTATION_CONTEXT
('Context #1','3D Context with UNIT and UNCERTAINTY') );
#4476 = ( LENGTH_UNIT() NAMED_UNIT(*) SI_UNIT(.MILLI.,.METRE.) );
#4477 = ( NAMED_UNIT(*) PLANE_ANGLE_UNIT() SI_UNIT($,.RADIAN.) );
#4478 = ( NAMED_UNIT(*) SI_UNIT($,.STERADIAN.) SOLID_ANGLE_UNIT() );
#4479 = UNCERTAINTY_MEASURE_WITH_UNIT(LENGTH_MEASURE(5.E-07),#4476,
  'distance_accuracy_value','confusion accuracy');
#4480 = PRODUCT_RELATED_PRODUCT_CATEGORY('part',$,(#7));
ENDSEC;
END-ISO-10303-21;
