ISO-10303-21;
HEADER;
FILE_DESCRIPTION(('Open CASCADE Model'),'2;1');
FILE_NAME('Open CASCADE Shape Model','2026-09-03T01:39:35',('Author'),(
    'Open CASCADE'),'Open CASCADE STEP processor 7.9','Open CASCADE 7.9'
  ,'Unknown');
FILE_SCHEMA(('AUTOMOTIVE_DESIGN { 1 0 10303 214 1 1 1 1 }'));
ENDSEC;
DATA;
#1 = APPLICATION_PROTOCOL_DEFINITION('international standard',
  'automotive_design',2000,#2);
#2 = APPLICATION_CONTEXT(
  'core data for automotive mechanical design processes');
#3 = SHAPE_DEFINITION_REPRESENTATION(#4,#10);
#4 = PRODUCT_DEFINITION_SHAPE('','',#5);
#5 = PRODUCT_DEFINITION('design','',#6,#9);
#6 = PRODUCT_DEFINITION_FORMATION('','',#7);
#7 = PRODUCT('simple_inclined_servo_mount_chassis',
  'simple_inclined_servo_mount_chassis','',(#8));
#8 = PRODUCT_CONTEXT('',#2,'mechanical');
#9 = PRODUCT_DEFINITION_CONTEXT('part definition',#2,'design');
#10 = ADVANCED_BREP_SHAPE_REPRESENTATION('',(#11,#15),#10527);
#11 = AXIS2_PLACEMENT_3D('',#12,#13,#14);
#12 = CARTESIAN_POINT('',(0.,0.,0.));
#13 = DIRECTION('',(0.,0.,1.));
#14 = DIRECTION('',(1.,0.,-0.));
#15 = MANIFOLD_SOLID_BREP('',#16);
#16 = CLOSED_SHELL('',(#17,#105,#1309,#2812,#2839,#2886,#2913,#2940,
    #2947,#3149,#3176,#3409,#3608,#3753,#3912,#3939,#4172,#4199,#4298,
    #4478,#4525,#4552,#4579,#4586,#4847,#5014,#5145,#5192,#5219,#5246,
    #5253,#5455,#5482,#5509,#5583,#5687,#5735,#5763,#5892,#5941,#5986,
    #6040,#6087,#6189,#6237,#6265,#6394,#6443,#6488,#6542,#6589,#6691,
    #6739,#6767,#6894,#6943,#6988,#7015,#7282,#7330,#7557,#7585,#7733,
    #7879,#7935,#8217,#8265,#8319,#8390,#8587,#8815,#8843,#8990,#9045,
    #9171,#9199,#9208,#9254,#9305,#9351,#9360,#9386,#9395,#9466,#9472,
    #9518,#9527,#9553,#9562,#9633,#9639,#9648,#9694,#9700,#9851,#10004,
    #10065,#10124,#10277,#10336,#10367,#10398,#10429,#10433,#10437,
    #10441,#10445,#10449,#10453,#10497,#10521));
#17 = ADVANCED_FACE('',(#18),#31,.T.);
#18 = FACE_BOUND('',#19,.T.);
#19 = EDGE_LOOP('',(#20,#54,#77,#104));
#20 = ORIENTED_EDGE('',*,*,#21,.F.);
#21 = EDGE_CURVE('',#22,#22,#24,.T.);
#22 = VERTEX_POINT('',#23);
#23 = CARTESIAN_POINT('',(70.,-1.714505518806E-14,99.));
#24 = SURFACE_CURVE('',#25,(#30,#42),.PCURVE_S1.);
#25 = CIRCLE('',#26,70.);
#26 = AXIS2_PLACEMENT_3D('',#27,#28,#29);
#27 = CARTESIAN_POINT('',(0.,0.,99.));
#28 = DIRECTION('',(0.,0.,1.));
#29 = DIRECTION('',(1.,0.,-0.));
#30 = PCURVE('',#31,#36);
#31 = CYLINDRICAL_SURFACE('',#32,70.);
#32 = AXIS2_PLACEMENT_3D('',#33,#34,#35);
#33 = CARTESIAN_POINT('',(0.,0.,94.));
#34 = DIRECTION('',(0.,0.,1.));
#35 = DIRECTION('',(1.,0.,-0.));
#36 = DEFINITIONAL_REPRESENTATION('',(#37),#41);
#37 = LINE('',#38,#39);
#38 = CARTESIAN_POINT('',(0.,5.));
#39 = VECTOR('',#40,1.);
#40 = DIRECTION('',(1.,0.));
#41 = ( GEOMETRIC_REPRESENTATION_CONTEXT(2) 
PARAMETRIC_REPRESENTATION_CONTEXT() REPRESENTATION_CONTEXT('2D SPACE',''
  ) );
#42 = PCURVE('',#43,#48);
#43 = PLANE('',#44);
#44 = AXIS2_PLACEMENT_3D('',#45,#46,#47);
#45 = CARTESIAN_POINT('',(0.,0.,99.));
#46 = DIRECTION('',(0.,0.,1.));
#47 = DIRECTION('',(1.,0.,-0.));
#48 = DEFINITIONAL_REPRESENTATION('',(#49),#53);
#49 = CIRCLE('',#50,70.);
#50 = AXIS2_PLACEMENT_2D('',#51,#52);
#51 = CARTESIAN_POINT('',(0.,0.));
#52 = DIRECTION('',(1.,0.));
#53 = ( GEOMETRIC_REPRESENTATION_CONTEXT(2) 
PARAMETRIC_REPRESENTATION_CONTEXT() REPRESENTATION_CONTEXT('2D SPACE',''
  ) );
#54 = ORIENTED_EDGE('',*,*,#55,.F.);
#55 = EDGE_CURVE('',#56,#22,#58,.T.);
#56 = VERTEX_POINT('',#57);
#57 = CARTESIAN_POINT('',(70.,-1.714505518806E-14,94.));
#58 = SEAM_CURVE('',#59,(#63,#70),.PCURVE_S1.);
#59 = LINE('',#60,#61);
#60 = CARTESIAN_POINT('',(70.,-1.714505518806E-14,94.));
#61 = VECTOR('',#62,1.);
#62 = DIRECTION('',(0.,0.,1.));
#63 = PCURVE('',#31,#64);
#64 = DEFINITIONAL_REPRESENTATION('',(#65),#69);
#65 = LINE('',#66,#67);
#66 = CARTESIAN_POINT('',(6.28318530718,-0.));
#67 = VECTOR('',#68,1.);
#68 = DIRECTION('',(0.,1.));
#69 = ( GEOMETRIC_REPRESENTATION_CONTEXT(2) 
PARAMETRIC_REPRESENTATION_CONTEXT() REPRESENTATION_CONTEXT('2D SPACE',''
  ) );
#70 = PCURVE('',#31,#71);
#71 = DEFINITIONAL_REPRESENTATION('',(#72),#76);
#72 = LINE('',#73,#74);
#73 = CARTESIAN_POINT('',(0.,-0.));
#74 = VECTOR('',#75,1.);
#75 = DIRECTION('',(0.,1.));
#76 = ( GEOMETRIC_REPRESENTATION_CONTEXT(2) 
PARAMETRIC_REPRESENTATION_CONTEXT() REPRESENTATION_CONTEXT('2D SPACE',''
  ) );
#77 = ORIENTED_EDGE('',*,*,#78,.T.);
#78 = EDGE_CURVE('',#56,#56,#79,.T.);
#79 = SURFACE_CURVE('',#80,(#85,#92),.PCURVE_S1.);
#80 = CIRCLE('',#81,70.);
#81 = AXIS2_PLACEMENT_3D('',#82,#83,#84);
#82 = CARTESIAN_POINT('',(0.,0.,94.));
#83 = DIRECTION('',(0.,0.,1.));
#84 = DIRECTION('',(1.,0.,-0.));
#85 = PCURVE('',#31,#86);
#86 = DEFINITIONAL_REPRESENTATION('',(#87),#91);
#87 = LINE('',#88,#89);
#88 = CARTESIAN_POINT('',(0.,0.));
#89 = VECTOR('',#90,1.);
#90 = DIRECTION('',(1.,0.));
#91 = ( GEOMETRIC_REPRESENTATION_CONTEXT(2) 
PARAMETRIC_REPRESENTATION_CONTEXT() REPRESENTATION_CONTEXT('2D SPACE',''
  ) );
#92 = PCURVE('',#93,#98);
#93 = PLANE('',#94);
#94 = AXIS2_PLACEMENT_3D('',#95,#96,#97);
#95 = CARTESIAN_POINT('',(0.,0.,94.));
#96 = DIRECTION('',(0.,0.,1.));
#97 = DIRECTION('',(1.,0.,-0.));
#98 = DEFINITIONAL_REPRESENTATION('',(#99),#103);
#99 = CIRCLE('',#100,70.);
#100 = AXIS2_PLACEMENT_2D('',#101,#102);
#101 = CARTESIAN_POINT('',(0.,0.));
#102 = DIRECTION('',(1.,0.));
#103 = ( GEOMETRIC_REPRESENTATION_CONTEXT(2) 
PARAMETRIC_REPRESENTATION_CONTEXT() REPRESENTATION_CONTEXT('2D SPACE',''
  ) );
#104 = ORIENTED_EDGE('',*,*,#55,.T.);
#105 = ADVANCED_FACE('',(#106,#109,#140,#246,#304,#335,#393,#451,#509,
    #567,#598,#656,#687,#745,#803,#909,#967,#1025,#1083,#1189,#1247,
    #1278),#43,.T.);
#106 = FACE_BOUND('',#107,.T.);
#107 = EDGE_LOOP('',(#108));
#108 = ORIENTED_EDGE('',*,*,#21,.T.);
#109 = FACE_BOUND('',#110,.T.);
#110 = EDGE_LOOP('',(#111));
#111 = ORIENTED_EDGE('',*,*,#112,.F.);
#112 = EDGE_CURVE('',#113,#113,#115,.T.);
#113 = VERTEX_POINT('',#114);
#114 = CARTESIAN_POINT('',(2.25,-64.,99.));
#115 = SURFACE_CURVE('',#116,(#121,#128),.PCURVE_S1.);
#116 = CIRCLE('',#117,2.25);
#117 = AXIS2_PLACEMENT_3D('',#118,#119,#120);
#118 = CARTESIAN_POINT('',(-1.175660927181E-14,-64.,99.));
#119 = DIRECTION('',(0.,0.,1.));
#120 = DIRECTION('',(1.,0.,-0.));
#121 = PCURVE('',#43,#122);
#122 = DEFINITIONAL_REPRESENTATION('',(#123),#127);
#123 = CIRCLE('',#124,2.25);
#124 = AXIS2_PLACEMENT_2D('',#125,#126);
#125 = CARTESIAN_POINT('',(-1.175660927181E-14,-64.));
#126 = DIRECTION('',(1.,0.));
#127 = ( GEOMETRIC_REPRESENTATION_CONTEXT(2) 
PARAMETRIC_REPRESENTATION_CONTEXT() REPRESENTATION_CONTEXT('2D SPACE',''
  ) );
#128 = PCURVE('',#129,#134);
#129 = CYLINDRICAL_SURFACE('',#130,2.25);
#130 = AXIS2_PLACEMENT_3D('',#131,#132,#133);
#131 = CARTESIAN_POINT('',(-1.175660927181E-14,-64.,93.));
#132 = DIRECTION('',(0.,0.,1.));
#133 = DIRECTION('',(1.,0.,-0.));
#134 = DEFINITIONAL_REPRESENTATION('',(#135),#139);
#135 = LINE('',#136,#137);
#136 = CARTESIAN_POINT('',(0.,6.));
#137 = VECTOR('',#138,1.);
#138 = DIRECTION('',(1.,0.));
#139 = ( GEOMETRIC_REPRESENTATION_CONTEXT(2) 
PARAMETRIC_REPRESENTATION_CONTEXT() REPRESENTATION_CONTEXT('2D SPACE',''
  ) );
#140 = FACE_BOUND('',#141,.T.);
#141 = EDGE_LOOP('',(#142,#170,#196,#222));
#142 = ORIENTED_EDGE('',*,*,#143,.T.);
#143 = EDGE_CURVE('',#144,#146,#148,.T.);
#144 = VERTEX_POINT('',#145);
#145 = CARTESIAN_POINT('',(-27.96410161513,-40.43524478543,99.));
#146 = VERTEX_POINT('',#147);
#147 = CARTESIAN_POINT('',(-21.96410161513,-30.04293994002,99.));
#148 = SURFACE_CURVE('',#149,(#153,#159),.PCURVE_S1.);
#149 = LINE('',#150,#151);
#150 = CARTESIAN_POINT('',(-12.71410161513,-14.02146997001,99.));
#151 = VECTOR('',#152,1.);
#152 = DIRECTION('',(0.5,0.866025403784,-0.));
#153 = PCURVE('',#43,#154);
#154 = DEFINITIONAL_REPRESENTATION('',(#155),#158);
#155 = B_SPLINE_CURVE_WITH_KNOTS('',1,(#156,#157),.UNSPECIFIED.,.F.,.F.,
  (2,2),(-30.5,-18.5),.PIECEWISE_BEZIER_KNOTS.);
#156 = CARTESIAN_POINT('',(-27.96410161513,-40.43524478543));
#157 = CARTESIAN_POINT('',(-21.96410161513,-30.04293994002));
#158 = ( GEOMETRIC_REPRESENTATION_CONTEXT(2) 
PARAMETRIC_REPRESENTATION_CONTEXT() REPRESENTATION_CONTEXT('2D SPACE',''
  ) );
#159 = PCURVE('',#160,#165);
#160 = PLANE('',#161);
#161 = AXIS2_PLACEMENT_3D('',#162,#163,#164);
#162 = CARTESIAN_POINT('',(-21.96410161513,-30.04293994002,93.));
#163 = DIRECTION('',(0.866025403784,-0.5,0.));
#164 = DIRECTION('',(0.,0.,1.));
#165 = DEFINITIONAL_REPRESENTATION('',(#166),#169);
#166 = B_SPLINE_CURVE_WITH_KNOTS('',1,(#167,#168),.UNSPECIFIED.,.F.,.F.,
  (2,2),(-30.5,-18.5),.PIECEWISE_BEZIER_KNOTS.);
#167 = CARTESIAN_POINT('',(6.,12.));
#168 = CARTESIAN_POINT('',(6.,0.));
#169 = ( GEOMETRIC_REPRESENTATION_CONTEXT(2) 
PARAMETRIC_REPRESENTATION_CONTEXT() REPRESENTATION_CONTEXT('2D SPACE',''
  ) );
#170 = ORIENTED_EDGE('',*,*,#171,.T.);
#171 = EDGE_CURVE('',#146,#172,#174,.T.);
#172 = VERTEX_POINT('',#173);
#173 = CARTESIAN_POINT('',(-15.03589838486,-34.04293994002,99.));
#174 = SURFACE_CURVE('',#175,(#179,#185),.PCURVE_S1.);
#175 = LINE('',#176,#177);
#176 = CARTESIAN_POINT('',(-20.23205080756,-31.04293994002,99.));
#177 = VECTOR('',#178,1.);
#178 = DIRECTION('',(0.866025403784,-0.5,0.));
#179 = PCURVE('',#43,#180);
#180 = DEFINITIONAL_REPRESENTATION('',(#181),#184);
#181 = B_SPLINE_CURVE_WITH_KNOTS('',1,(#182,#183),.UNSPECIFIED.,.F.,.F.,
  (2,2),(-2.,6.),.PIECEWISE_BEZIER_KNOTS.);
#182 = CARTESIAN_POINT('',(-21.96410161513,-30.04293994002));
#183 = CARTESIAN_POINT('',(-15.03589838486,-34.04293994002));
#184 = ( GEOMETRIC_REPRESENTATION_CONTEXT(2) 
PARAMETRIC_REPRESENTATION_CONTEXT() REPRESENTATION_CONTEXT('2D SPACE',''
  ) );
#185 = PCURVE('',#186,#191);
#186 = PLANE('',#187);
#187 = AXIS2_PLACEMENT_3D('',#188,#189,#190);
#188 = CARTESIAN_POINT('',(-21.96410161513,-30.04293994002,93.));
#189 = DIRECTION('',(-0.5,-0.866025403784,0.));
#190 = DIRECTION('',(0.,0.,1.));
#191 = DEFINITIONAL_REPRESENTATION('',(#192),#195);
#192 = B_SPLINE_CURVE_WITH_KNOTS('',1,(#193,#194),.UNSPECIFIED.,.F.,.F.,
  (2,2),(-2.,6.),.PIECEWISE_BEZIER_KNOTS.);
#193 = CARTESIAN_POINT('',(6.,0.));
#194 = CARTESIAN_POINT('',(6.,-8.));
#195 = ( GEOMETRIC_REPRESENTATION_CONTEXT(2) 
PARAMETRIC_REPRESENTATION_CONTEXT() REPRESENTATION_CONTEXT('2D SPACE',''
  ) );
#196 = ORIENTED_EDGE('',*,*,#197,.F.);
#197 = EDGE_CURVE('',#198,#172,#200,.T.);
#198 = VERTEX_POINT('',#199);
#199 = CARTESIAN_POINT('',(-21.03589838486,-44.43524478543,99.));
#200 = SURFACE_CURVE('',#201,(#205,#211),.PCURVE_S1.);
#201 = LINE('',#202,#203);
#202 = CARTESIAN_POINT('',(-5.785898384862,-18.02146997001,99.));
#203 = VECTOR('',#204,1.);
#204 = DIRECTION('',(0.5,0.866025403784,-0.));
#205 = PCURVE('',#43,#206);
#206 = DEFINITIONAL_REPRESENTATION('',(#207),#210);
#207 = B_SPLINE_CURVE_WITH_KNOTS('',1,(#208,#209),.UNSPECIFIED.,.F.,.F.,
  (2,2),(-30.5,-18.5),.PIECEWISE_BEZIER_KNOTS.);
#208 = CARTESIAN_POINT('',(-21.03589838486,-44.43524478543));
#209 = CARTESIAN_POINT('',(-15.03589838486,-34.04293994002));
#210 = ( GEOMETRIC_REPRESENTATION_CONTEXT(2) 
PARAMETRIC_REPRESENTATION_CONTEXT() REPRESENTATION_CONTEXT('2D SPACE',''
  ) );
#211 = PCURVE('',#212,#217);
#212 = PLANE('',#213);
#213 = AXIS2_PLACEMENT_3D('',#214,#215,#216);
#214 = CARTESIAN_POINT('',(-15.03589838486,-34.04293994002,93.));
#215 = DIRECTION('',(0.866025403784,-0.5,0.));
#216 = DIRECTION('',(0.,0.,1.));
#217 = DEFINITIONAL_REPRESENTATION('',(#218),#221);
#218 = B_SPLINE_CURVE_WITH_KNOTS('',1,(#219,#220),.UNSPECIFIED.,.F.,.F.,
  (2,2),(-30.5,-18.5),.PIECEWISE_BEZIER_KNOTS.);
#219 = CARTESIAN_POINT('',(6.,12.));
#220 = CARTESIAN_POINT('',(6.,0.));
#221 = ( GEOMETRIC_REPRESENTATION_CONTEXT(2) 
PARAMETRIC_REPRESENTATION_CONTEXT() REPRESENTATION_CONTEXT('2D SPACE',''
  ) );
#222 = ORIENTED_EDGE('',*,*,#223,.F.);
#223 = EDGE_CURVE('',#144,#198,#224,.T.);
#224 = SURFACE_CURVE('',#225,(#229,#235),.PCURVE_S1.);
#225 = LINE('',#226,#227);
#226 = CARTESIAN_POINT('',(-26.23205080756,-41.43524478543,99.));
#227 = VECTOR('',#228,1.);
#228 = DIRECTION('',(0.866025403784,-0.5,0.));
#229 = PCURVE('',#43,#230);
#230 = DEFINITIONAL_REPRESENTATION('',(#231),#234);
#231 = B_SPLINE_CURVE_WITH_KNOTS('',1,(#232,#233),.UNSPECIFIED.,.F.,.F.,
  (2,2),(-2.,6.),.PIECEWISE_BEZIER_KNOTS.);
#232 = CARTESIAN_POINT('',(-27.96410161513,-40.43524478543));
#233 = CARTESIAN_POINT('',(-21.03589838486,-44.43524478543));
#234 = ( GEOMETRIC_REPRESENTATION_CONTEXT(2) 
PARAMETRIC_REPRESENTATION_CONTEXT() REPRESENTATION_CONTEXT('2D SPACE',''
  ) );
#235 = PCURVE('',#236,#241);
#236 = PLANE('',#237);
#237 = AXIS2_PLACEMENT_3D('',#238,#239,#240);
#238 = CARTESIAN_POINT('',(-27.96410161513,-40.43524478543,93.));
#239 = DIRECTION('',(-0.5,-0.866025403784,0.));
#240 = DIRECTION('',(0.,0.,1.));
#241 = DEFINITIONAL_REPRESENTATION('',(#242),#245);
#242 = B_SPLINE_CURVE_WITH_KNOTS('',1,(#243,#244),.UNSPECIFIED.,.F.,.F.,
  (2,2),(-2.,6.),.PIECEWISE_BEZIER_KNOTS.);
#243 = CARTESIAN_POINT('',(6.,0.));
#244 = CARTESIAN_POINT('',(6.,-8.));
#245 = ( GEOMETRIC_REPRESENTATION_CONTEXT(2) 
PARAMETRIC_REPRESENTATION_CONTEXT() REPRESENTATION_CONTEXT('2D SPACE',''
  ) );
#246 = FACE_BOUND('',#247,.T.);
#247 = EDGE_LOOP('',(#248));
#248 = ORIENTED_EDGE('',*,*,#249,.F.);
#249 = EDGE_CURVE('',#250,#250,#252,.T.);
#250 = VERTEX_POINT('',#251);
#251 = CARTESIAN_POINT('',(-7.971437774102,-34.99306476588,99.));
#252 = SURFACE_CURVE('',#253,(#258,#265),.PCURVE_S1.);
#253 = ELLIPSE('',#254,2.44082551387,1.4);
#254 = AXIS2_PLACEMENT_3D('',#255,#256,#257);
#255 = CARTESIAN_POINT('',(-6.759002208804,-34.29306476588,99.));
#256 = DIRECTION('',(0.,0.,1.));
#257 = DIRECTION('',(-0.5,0.866025403784,0.));
#258 = PCURVE('',#43,#259);
#259 = DEFINITIONAL_REPRESENTATION('',(#260),#264);
#260 = ELLIPSE('',#261,2.44082551387,1.4);
#261 = AXIS2_PLACEMENT_2D('',#262,#263);
#262 = CARTESIAN_POINT('',(-6.759002208804,-34.29306476588));
#263 = DIRECTION('',(-0.5,0.866025403784));
#264 = ( GEOMETRIC_REPRESENTATION_CONTEXT(2) 
PARAMETRIC_REPRESENTATION_CONTEXT() REPRESENTATION_CONTEXT('2D SPACE',''
  ) );
#265 = PCURVE('',#266,#271);
#266 = CYLINDRICAL_SURFACE('',#267,1.4);
#267 = AXIS2_PLACEMENT_3D('',#268,#269,#270);
#268 = CARTESIAN_POINT('',(-3.377323168913,-40.15030467786,
    103.73575431107));
#269 = DIRECTION('',(-0.409576022144,0.709406479916,-0.573576436351));
#270 = DIRECTION('',(-0.866025403784,-0.5,0.));
#271 = DEFINITIONAL_REPRESENTATION('',(#272),#303);
#272 = B_SPLINE_CURVE_WITH_KNOTS('',8,(#273,#274,#275,#276,#277,#278,
    #279,#280,#281,#282,#283,#284,#285,#286,#287,#288,#289,#290,#291,
    #292,#293,#294,#295,#296,#297,#298,#299,#300,#301,#302),
  .UNSPECIFIED.,.F.,.F.,(9,7,7,7,9),(1.570796326795,3.14159265359,
    4.319689898686,6.08683576633,7.853981633974),.UNSPECIFIED.);
#273 = CARTESIAN_POINT('',(6.28318530718,8.256535678491));
#274 = CARTESIAN_POINT('',(6.08683576633,7.863952990947));
#275 = CARTESIAN_POINT('',(5.890486225482,7.471370210188));
#276 = CARTESIAN_POINT('',(5.694136684628,7.101851500476));
#277 = CARTESIAN_POINT('',(5.497787143785,6.778456402957));
#278 = CARTESIAN_POINT('',(5.30143760293,6.521414020164));
#279 = CARTESIAN_POINT('',(5.105088062084,6.34522390221));
#280 = CARTESIAN_POINT('',(4.908738521234,6.257128469052));
#281 = CARTESIAN_POINT('',(4.565126824748,6.257128469052));
#282 = CARTESIAN_POINT('',(4.417864669111,6.306682280976));
#283 = CARTESIAN_POINT('',(4.270602513473,6.405788684097));
#284 = CARTESIAN_POINT('',(4.123340357837,6.552158786265));
#285 = CARTESIAN_POINT('',(3.9760782022,6.741201302648));
#286 = CARTESIAN_POINT('',(3.828816046563,6.966310522513));
#287 = CARTESIAN_POINT('',(3.681553890926,7.219371332507));
#288 = CARTESIAN_POINT('',(3.313398501833,7.899432163458));
#289 = CARTESIAN_POINT('',(3.092505268378,8.350136537336));
#290 = CARTESIAN_POINT('',(2.871612034934,8.81316727087));
#291 = CARTESIAN_POINT('',(2.650718801458,9.253757442311));
#292 = CARTESIAN_POINT('',(2.429825568018,9.637384974958));
#293 = CARTESIAN_POINT('',(2.208932334555,9.935845776858));
#294 = CARTESIAN_POINT('',(1.9880391011,10.131362120743));
#295 = CARTESIAN_POINT('',(1.546252634189,10.303687557338));
#296 = CARTESIAN_POINT('',(1.325359400738,10.280496745415));
#297 = CARTESIAN_POINT('',(1.104466167278,10.141547866115));
#298 = CARTESIAN_POINT('',(0.883572933813,9.891809721536));
#299 = CARTESIAN_POINT('',(0.662679700377,9.548662540306));
#300 = CARTESIAN_POINT('',(0.441786466913,9.139846969911));
#301 = CARTESIAN_POINT('',(0.220893233456,8.698191201978));
#302 = CARTESIAN_POINT('',(9.769962616701E-15,8.256535678491));
#303 = ( GEOMETRIC_REPRESENTATION_CONTEXT(2) 
PARAMETRIC_REPRESENTATION_CONTEXT() REPRESENTATION_CONTEXT('2D SPACE',''
  ) );
#304 = FACE_BOUND('',#305,.T.);
#305 = EDGE_LOOP('',(#306));
#306 = ORIENTED_EDGE('',*,*,#307,.F.);
#307 = EDGE_CURVE('',#308,#308,#310,.T.);
#308 = VERTEX_POINT('',#309);
#309 = CARTESIAN_POINT('',(-53.1756258422,-32.,99.));
#310 = SURFACE_CURVE('',#311,(#316,#323),.PCURVE_S1.);
#311 = CIRCLE('',#312,2.25);
#312 = AXIS2_PLACEMENT_3D('',#313,#314,#315);
#313 = CARTESIAN_POINT('',(-55.4256258422,-32.,99.));
#314 = DIRECTION('',(0.,0.,1.));
#315 = DIRECTION('',(1.,0.,-0.));
#316 = PCURVE('',#43,#317);
#317 = DEFINITIONAL_REPRESENTATION('',(#318),#322);
#318 = CIRCLE('',#319,2.25);
#319 = AXIS2_PLACEMENT_2D('',#320,#321);
#320 = CARTESIAN_POINT('',(-55.4256258422,-32.));
#321 = DIRECTION('',(1.,0.));
#322 = ( GEOMETRIC_REPRESENTATION_CONTEXT(2) 
PARAMETRIC_REPRESENTATION_CONTEXT() REPRESENTATION_CONTEXT('2D SPACE',''
  ) );
#323 = PCURVE('',#324,#329);
#324 = CYLINDRICAL_SURFACE('',#325,2.25);
#325 = AXIS2_PLACEMENT_3D('',#326,#327,#328);
#326 = CARTESIAN_POINT('',(-55.4256258422,-32.,93.));
#327 = DIRECTION('',(0.,0.,1.));
#328 = DIRECTION('',(1.,0.,-0.));
#329 = DEFINITIONAL_REPRESENTATION('',(#330),#334);
#330 = LINE('',#331,#332);
#331 = CARTESIAN_POINT('',(0.,6.));
#332 = VECTOR('',#333,1.);
#333 = DIRECTION('',(1.,0.));
#334 = ( GEOMETRIC_REPRESENTATION_CONTEXT(2) 
PARAMETRIC_REPRESENTATION_CONTEXT() REPRESENTATION_CONTEXT('2D SPACE',''
  ) );
#335 = FACE_BOUND('',#336,.T.);
#336 = EDGE_LOOP('',(#337));
#337 = ORIENTED_EDGE('',*,*,#338,.F.);
#338 = EDGE_CURVE('',#339,#339,#341,.T.);
#339 = VERTEX_POINT('',#340);
#340 = CARTESIAN_POINT('',(-26.31916415647,-21.6,99.));
#341 = SURFACE_CURVE('',#342,(#347,#354),.PCURVE_S1.);
#342 = ELLIPSE('',#343,2.44082551387,1.4);
#343 = AXIS2_PLACEMENT_3D('',#344,#345,#346);
#344 = CARTESIAN_POINT('',(-26.31916415647,-23.,99.));
#345 = DIRECTION('',(0.,0.,1.));
#346 = DIRECTION('',(1.,0.,-0.));
#347 = PCURVE('',#43,#348);
#348 = DEFINITIONAL_REPRESENTATION('',(#349),#353);
#349 = ELLIPSE('',#350,2.44082551387,1.4);
#350 = AXIS2_PLACEMENT_2D('',#351,#352);
#351 = CARTESIAN_POINT('',(-26.31916415647,-23.));
#352 = DIRECTION('',(1.,0.));
#353 = ( GEOMETRIC_REPRESENTATION_CONTEXT(2) 
PARAMETRIC_REPRESENTATION_CONTEXT() REPRESENTATION_CONTEXT('2D SPACE',''
  ) );
#354 = PCURVE('',#355,#360);
#355 = CYLINDRICAL_SURFACE('',#356,1.4);
#356 = AXIS2_PLACEMENT_3D('',#357,#358,#359);
#357 = CARTESIAN_POINT('',(-33.08252223625,-23.,103.73575431107));
#358 = DIRECTION('',(0.819152044289,0.,-0.573576436351));
#359 = DIRECTION('',(0.,1.,0.));
#360 = DEFINITIONAL_REPRESENTATION('',(#361),#392);
#361 = B_SPLINE_CURVE_WITH_KNOTS('',8,(#362,#363,#364,#365,#366,#367,
    #368,#369,#370,#371,#372,#373,#374,#375,#376,#377,#378,#379,#380,
    #381,#382,#383,#384,#385,#386,#387,#388,#389,#390,#391),
  .UNSPECIFIED.,.F.,.F.,(9,7,7,7,9),(1.570796326795,3.14159265359,
    4.319689898686,6.08683576633,7.853981633974),.UNSPECIFIED.);
#362 = CARTESIAN_POINT('',(6.28318530718,8.256535678491));
#363 = CARTESIAN_POINT('',(6.08683576633,7.863952990947));
#364 = CARTESIAN_POINT('',(5.890486225481,7.471370210189));
#365 = CARTESIAN_POINT('',(5.694136684631,7.101851500473));
#366 = CARTESIAN_POINT('',(5.497787143784,6.77845640291));
#367 = CARTESIAN_POINT('',(5.301437602933,6.521414020161));
#368 = CARTESIAN_POINT('',(5.105088062084,6.345223902214));
#369 = CARTESIAN_POINT('',(4.908738521234,6.257128469052));
#370 = CARTESIAN_POINT('',(4.565126824748,6.257128469052));
#371 = CARTESIAN_POINT('',(4.41786466911,6.306682280976));
#372 = CARTESIAN_POINT('',(4.270602513474,6.405788684099));
#373 = CARTESIAN_POINT('',(4.123340357836,6.552158786264));
#374 = CARTESIAN_POINT('',(3.976078202199,6.741201302646));
#375 = CARTESIAN_POINT('',(3.828816046563,6.966310522515));
#376 = CARTESIAN_POINT('',(3.681553890926,7.219371332507));
#377 = CARTESIAN_POINT('',(3.313398501833,7.899432163458));
#378 = CARTESIAN_POINT('',(3.092505268375,8.350136537327));
#379 = CARTESIAN_POINT('',(2.871612034936,8.813167270888));
#380 = CARTESIAN_POINT('',(2.650718801443,9.253757442275));
#381 = CARTESIAN_POINT('',(2.429825568033,9.637384974994));
#382 = CARTESIAN_POINT('',(2.208932334555,9.935845776852));
#383 = CARTESIAN_POINT('',(1.9880391011,10.131362120743));
#384 = CARTESIAN_POINT('',(1.546252634189,10.303687557338));
#385 = CARTESIAN_POINT('',(1.325359400739,10.280496745418));
#386 = CARTESIAN_POINT('',(1.104466167274,10.141547866104));
#387 = CARTESIAN_POINT('',(0.883572933864,9.891809721492));
#388 = CARTESIAN_POINT('',(0.662679700358,9.548662540292));
#389 = CARTESIAN_POINT('',(0.441786466915,9.139846969914));
#390 = CARTESIAN_POINT('',(0.220893233456,8.698191201978));
#391 = CARTESIAN_POINT('',(9.769962616701E-15,8.256535678491));
#392 = ( GEOMETRIC_REPRESENTATION_CONTEXT(2) 
PARAMETRIC_REPRESENTATION_CONTEXT() REPRESENTATION_CONTEXT('2D SPACE',''
  ) );
#393 = FACE_BOUND('',#394,.T.);
#394 = EDGE_LOOP('',(#395));
#395 = ORIENTED_EDGE('',*,*,#396,.F.);
#396 = EDGE_CURVE('',#397,#397,#399,.T.);
#397 = VERTEX_POINT('',#398);
#398 = CARTESIAN_POINT('',(-21.91901213907,-10.83515732341,99.));
#399 = SURFACE_CURVE('',#400,(#405,#412),.PCURVE_S1.);
#400 = ELLIPSE('',#401,2.44082551387,1.4);
#401 = AXIS2_PLACEMENT_3D('',#402,#403,#404);
#402 = CARTESIAN_POINT('',(-20.70657657377,-10.13515732341,99.));
#403 = DIRECTION('',(0.,0.,1.));
#404 = DIRECTION('',(-0.5,0.866025403784,0.));
#405 = PCURVE('',#43,#406);
#406 = DEFINITIONAL_REPRESENTATION('',(#407),#411);
#407 = ELLIPSE('',#408,2.44082551387,1.4);
#408 = AXIS2_PLACEMENT_2D('',#409,#410);
#409 = CARTESIAN_POINT('',(-20.70657657377,-10.13515732341));
#410 = DIRECTION('',(-0.5,0.866025403784));
#411 = ( GEOMETRIC_REPRESENTATION_CONTEXT(2) 
PARAMETRIC_REPRESENTATION_CONTEXT() REPRESENTATION_CONTEXT('2D SPACE',''
  ) );
#412 = PCURVE('',#413,#418);
#413 = CYLINDRICAL_SURFACE('',#414,1.4);
#414 = AXIS2_PLACEMENT_3D('',#415,#416,#417);
#415 = CARTESIAN_POINT('',(-7.965934659722,-32.20259643958,
    116.84218701969));
#416 = DIRECTION('',(-0.409576022144,0.709406479916,-0.573576436351));
#417 = DIRECTION('',(-0.866025403784,-0.5,0.));
#418 = DEFINITIONAL_REPRESENTATION('',(#419),#450);
#419 = B_SPLINE_CURVE_WITH_KNOTS('',8,(#420,#421,#422,#423,#424,#425,
    #426,#427,#428,#429,#430,#431,#432,#433,#434,#435,#436,#437,#438,
    #439,#440,#441,#442,#443,#444,#445,#446,#447,#448,#449),
  .UNSPECIFIED.,.F.,.F.,(9,7,7,7,9),(1.570796326795,3.14159265359,
    4.319689898686,6.08683576633,7.853981633974),.UNSPECIFIED.);
#420 = CARTESIAN_POINT('',(6.28318530718,31.106903786365));
#421 = CARTESIAN_POINT('',(6.08683576633,30.71432109882));
#422 = CARTESIAN_POINT('',(5.890486225482,30.321738318067));
#423 = CARTESIAN_POINT('',(5.694136684632,29.952219608225));
#424 = CARTESIAN_POINT('',(5.497787143786,29.628824510844));
#425 = CARTESIAN_POINT('',(5.301437602933,29.37178212787));
#426 = CARTESIAN_POINT('',(5.105088062084,29.195592010095));
#427 = CARTESIAN_POINT('',(4.908738521234,29.107496576926));
#428 = CARTESIAN_POINT('',(4.565126824748,29.107496576926));
#429 = CARTESIAN_POINT('',(4.417864669111,29.157050388851));
#430 = CARTESIAN_POINT('',(4.270602513474,29.256156791974));
#431 = CARTESIAN_POINT('',(4.123340357837,29.402526894139));
#432 = CARTESIAN_POINT('',(3.9760782022,29.591569410519));
#433 = CARTESIAN_POINT('',(3.828816046562,29.816678630388));
#434 = CARTESIAN_POINT('',(3.681553890926,30.069739440381));
#435 = CARTESIAN_POINT('',(3.313398501833,30.749800271332));
#436 = CARTESIAN_POINT('',(3.092505268376,31.200504645207));
#437 = CARTESIAN_POINT('',(2.871612034934,31.663535378699));
#438 = CARTESIAN_POINT('',(2.650718801458,32.10412555022));
#439 = CARTESIAN_POINT('',(2.429825568025,32.487753082838));
#440 = CARTESIAN_POINT('',(2.208932334554,32.786213884727));
#441 = CARTESIAN_POINT('',(1.9880391011,32.981730228617));
#442 = CARTESIAN_POINT('',(1.546252634189,33.154055665212));
#443 = CARTESIAN_POINT('',(1.325359400734,33.130864853283));
#444 = CARTESIAN_POINT('',(1.104466167278,32.991915973922));
#445 = CARTESIAN_POINT('',(0.883572933842,32.742177829379));
#446 = CARTESIAN_POINT('',(0.662679700362,32.399030648143));
#447 = CARTESIAN_POINT('',(0.44178646691,31.990215077793));
#448 = CARTESIAN_POINT('',(0.220893233456,31.548559309852));
#449 = CARTESIAN_POINT('',(2.04281036531E-14,31.106903786365));
#450 = ( GEOMETRIC_REPRESENTATION_CONTEXT(2) 
PARAMETRIC_REPRESENTATION_CONTEXT() REPRESENTATION_CONTEXT('2D SPACE',''
  ) );
#451 = FACE_BOUND('',#452,.T.);
#452 = EDGE_LOOP('',(#453));
#453 = ORIENTED_EDGE('',*,*,#454,.F.);
#454 = EDGE_CURVE('',#455,#455,#457,.T.);
#455 = VERTEX_POINT('',#456);
#456 = CARTESIAN_POINT('',(1.575984573461,-21.6,99.));
#457 = SURFACE_CURVE('',#458,(#463,#470),.PCURVE_S1.);
#458 = ELLIPSE('',#459,2.44082551387,1.4);
#459 = AXIS2_PLACEMENT_3D('',#460,#461,#462);
#460 = CARTESIAN_POINT('',(1.575984573461,-23.,99.));
#461 = DIRECTION('',(0.,0.,1.));
#462 = DIRECTION('',(1.,0.,-0.));
#463 = PCURVE('',#43,#464);
#464 = DEFINITIONAL_REPRESENTATION('',(#465),#469);
#465 = ELLIPSE('',#466,2.44082551387,1.4);
#466 = AXIS2_PLACEMENT_2D('',#467,#468);
#467 = CARTESIAN_POINT('',(1.575984573461,-23.));
#468 = DIRECTION('',(1.,0.));
#469 = ( GEOMETRIC_REPRESENTATION_CONTEXT(2) 
PARAMETRIC_REPRESENTATION_CONTEXT() REPRESENTATION_CONTEXT('2D SPACE',''
  ) );
#470 = PCURVE('',#471,#476);
#471 = CYLINDRICAL_SURFACE('',#472,1.4);
#472 = AXIS2_PLACEMENT_3D('',#473,#474,#475);
#473 = CARTESIAN_POINT('',(-23.90529925464,-23.,116.84218701969));
#474 = DIRECTION('',(0.819152044289,0.,-0.573576436351));
#475 = DIRECTION('',(0.,1.,0.));
#476 = DEFINITIONAL_REPRESENTATION('',(#477),#508);
#477 = B_SPLINE_CURVE_WITH_KNOTS('',8,(#478,#479,#480,#481,#482,#483,
    #484,#485,#486,#487,#488,#489,#490,#491,#492,#493,#494,#495,#496,
    #497,#498,#499,#500,#501,#502,#503,#504,#505,#506,#507),
  .UNSPECIFIED.,.F.,.F.,(9,7,7,7,9),(1.570796326795,3.14159265359,
    4.319689898686,6.08683576633,7.853981633974),.UNSPECIFIED.);
#478 = CARTESIAN_POINT('',(6.28318530718,31.106903786365));
#479 = CARTESIAN_POINT('',(6.08683576633,30.71432109882));
#480 = CARTESIAN_POINT('',(5.890486225481,30.321738318034));
#481 = CARTESIAN_POINT('',(5.694136684632,29.952219608313));
#482 = CARTESIAN_POINT('',(5.497787143784,29.628824510612));
#483 = CARTESIAN_POINT('',(5.301437602932,29.371782128059));
#484 = CARTESIAN_POINT('',(5.105088062084,29.195592010063));
#485 = CARTESIAN_POINT('',(4.908738521234,29.107496576926));
#486 = CARTESIAN_POINT('',(4.565126824748,29.107496576926));
#487 = CARTESIAN_POINT('',(4.41786466911,29.15705038885));
#488 = CARTESIAN_POINT('',(4.270602513474,29.256156791963));
#489 = CARTESIAN_POINT('',(4.123340357837,29.402526894133));
#490 = CARTESIAN_POINT('',(3.976078202199,29.591569410521));
#491 = CARTESIAN_POINT('',(3.828816046563,29.816678630384));
#492 = CARTESIAN_POINT('',(3.681553890926,30.069739440381));
#493 = CARTESIAN_POINT('',(3.313398501833,30.749800271332));
#494 = CARTESIAN_POINT('',(3.092505268375,31.200504645221));
#495 = CARTESIAN_POINT('',(2.871612034936,31.663535378582));
#496 = CARTESIAN_POINT('',(2.650718801443,32.104125550337));
#497 = CARTESIAN_POINT('',(2.429825568033,32.487753082663));
#498 = CARTESIAN_POINT('',(2.208932334555,32.786213884741));
#499 = CARTESIAN_POINT('',(1.9880391011,32.981730228617));
#500 = CARTESIAN_POINT('',(1.546252634189,33.154055665212));
#501 = CARTESIAN_POINT('',(1.325359400733,33.130864853261));
#502 = CARTESIAN_POINT('',(1.104466167296,32.991915973966));
#503 = CARTESIAN_POINT('',(0.883572933816,32.742177829408));
#504 = CARTESIAN_POINT('',(0.662679700388,32.399030648114));
#505 = CARTESIAN_POINT('',(0.441786466912,31.990215077742));
#506 = CARTESIAN_POINT('',(0.220893233456,31.548559309852));
#507 = CARTESIAN_POINT('',(9.769962616701E-15,31.106903786365));
#508 = ( GEOMETRIC_REPRESENTATION_CONTEXT(2) 
PARAMETRIC_REPRESENTATION_CONTEXT() REPRESENTATION_CONTEXT('2D SPACE',''
  ) );
#509 = FACE_BOUND('',#510,.T.);
#510 = EDGE_LOOP('',(#511));
#511 = ORIENTED_EDGE('',*,*,#512,.F.);
#512 = EDGE_CURVE('',#513,#513,#515,.T.);
#513 = VERTEX_POINT('',#514);
#514 = CARTESIAN_POINT('',(20.34302756561,-13.56484267658,99.));
#515 = SURFACE_CURVE('',#516,(#521,#528),.PCURVE_S1.);
#516 = ELLIPSE('',#517,2.44082551387,1.4);
#517 = AXIS2_PLACEMENT_3D('',#518,#519,#520);
#518 = CARTESIAN_POINT('',(19.130592000312,-12.86484267658,99.));
#519 = DIRECTION('',(0.,0.,1.));
#520 = DIRECTION('',(-0.5,-0.866025403784,0.));
#521 = PCURVE('',#43,#522);
#522 = DEFINITIONAL_REPRESENTATION('',(#523),#527);
#523 = ELLIPSE('',#524,2.44082551387,1.4);
#524 = AXIS2_PLACEMENT_2D('',#525,#526);
#525 = CARTESIAN_POINT('',(19.130592000312,-12.86484267658));
#526 = DIRECTION('',(-0.5,-0.866025403784));
#527 = ( GEOMETRIC_REPRESENTATION_CONTEXT(2) 
PARAMETRIC_REPRESENTATION_CONTEXT() REPRESENTATION_CONTEXT('2D SPACE',''
  ) );
#528 = PCURVE('',#529,#534);
#529 = CYLINDRICAL_SURFACE('',#530,1.4);
#530 = AXIS2_PLACEMENT_3D('',#531,#532,#533);
#531 = CARTESIAN_POINT('',(31.871233914363,9.202596439588,
    116.84218701969));
#532 = DIRECTION('',(-0.409576022144,-0.709406479916,-0.573576436351));
#533 = DIRECTION('',(0.866025403784,-0.5,5.551115123126E-17));
#534 = DEFINITIONAL_REPRESENTATION('',(#535),#566);
#535 = B_SPLINE_CURVE_WITH_KNOTS('',8,(#536,#537,#538,#539,#540,#541,
    #542,#543,#544,#545,#546,#547,#548,#549,#550,#551,#552,#553,#554,
    #555,#556,#557,#558,#559,#560,#561,#562,#563,#564,#565),
  .UNSPECIFIED.,.F.,.F.,(9,7,7,7,9),(1.570796326795,3.14159265359,
    4.319689898686,6.08683576633,7.853981633974),.UNSPECIFIED.);
#536 = CARTESIAN_POINT('',(6.28318530718,31.106903786365));
#537 = CARTESIAN_POINT('',(6.08683576633,30.71432109882));
#538 = CARTESIAN_POINT('',(5.890486225482,30.321738318071));
#539 = CARTESIAN_POINT('',(5.694136684633,29.952219608269));
#540 = CARTESIAN_POINT('',(5.497787143787,29.62882451067));
#541 = CARTESIAN_POINT('',(5.301437602934,29.371782127986));
#542 = CARTESIAN_POINT('',(5.105088062084,29.195592010074));
#543 = CARTESIAN_POINT('',(4.908738521234,29.107496576926));
#544 = CARTESIAN_POINT('',(4.565126824748,29.107496576926));
#545 = CARTESIAN_POINT('',(4.417864669111,29.157050388847));
#546 = CARTESIAN_POINT('',(4.270602513473,29.256156791979));
#547 = CARTESIAN_POINT('',(4.123340357836,29.402526894142));
#548 = CARTESIAN_POINT('',(3.9760782022,29.591569410519));
#549 = CARTESIAN_POINT('',(3.828816046563,29.816678630392));
#550 = CARTESIAN_POINT('',(3.681553890926,30.069739440381));
#551 = CARTESIAN_POINT('',(3.313398501833,30.749800271332));
#552 = CARTESIAN_POINT('',(3.092505268378,31.200504645192));
#553 = CARTESIAN_POINT('',(2.871612034919,31.663535378699));
#554 = CARTESIAN_POINT('',(2.650718801487,32.104125550046));
#555 = CARTESIAN_POINT('',(2.429825568009,32.487753082794));
#556 = CARTESIAN_POINT('',(2.208932334556,32.78621388473));
#557 = CARTESIAN_POINT('',(1.9880391011,32.981730228617));
#558 = CARTESIAN_POINT('',(1.546252634189,33.154055665212));
#559 = CARTESIAN_POINT('',(1.325359400729,33.130864853254));
#560 = CARTESIAN_POINT('',(1.104466167285,32.99191597398));
#561 = CARTESIAN_POINT('',(0.883572933816,32.742177829321));
#562 = CARTESIAN_POINT('',(0.662679700369,32.399030648157));
#563 = CARTESIAN_POINT('',(0.441786466912,31.990215077771));
#564 = CARTESIAN_POINT('',(0.220893233456,31.548559309852));
#565 = CARTESIAN_POINT('',(9.769962616701E-15,31.106903786365));
#566 = ( GEOMETRIC_REPRESENTATION_CONTEXT(2) 
PARAMETRIC_REPRESENTATION_CONTEXT() REPRESENTATION_CONTEXT('2D SPACE',''
  ) );
#567 = FACE_BOUND('',#568,.T.);
#568 = EDGE_LOOP('',(#569));
#569 = ORIENTED_EDGE('',*,*,#570,.F.);
#570 = EDGE_CURVE('',#571,#571,#573,.T.);
#571 = VERTEX_POINT('',#572);
#572 = CARTESIAN_POINT('',(57.675625842204,-32.,99.));
#573 = SURFACE_CURVE('',#574,(#579,#586),.PCURVE_S1.);
#574 = CIRCLE('',#575,2.25);
#575 = AXIS2_PLACEMENT_3D('',#576,#577,#578);
#576 = CARTESIAN_POINT('',(55.425625842204,-32.,99.));
#577 = DIRECTION('',(0.,0.,1.));
#578 = DIRECTION('',(1.,0.,-0.));
#579 = PCURVE('',#43,#580);
#580 = DEFINITIONAL_REPRESENTATION('',(#581),#585);
#581 = CIRCLE('',#582,2.25);
#582 = AXIS2_PLACEMENT_2D('',#583,#584);
#583 = CARTESIAN_POINT('',(55.425625842204,-32.));
#584 = DIRECTION('',(1.,0.));
#585 = ( GEOMETRIC_REPRESENTATION_CONTEXT(2) 
PARAMETRIC_REPRESENTATION_CONTEXT() REPRESENTATION_CONTEXT('2D SPACE',''
  ) );
#586 = PCURVE('',#587,#592);
#587 = CYLINDRICAL_SURFACE('',#588,2.25);
#588 = AXIS2_PLACEMENT_3D('',#589,#590,#591);
#589 = CARTESIAN_POINT('',(55.425625842204,-32.,93.));
#590 = DIRECTION('',(0.,0.,1.));
#591 = DIRECTION('',(1.,0.,-0.));
#592 = DEFINITIONAL_REPRESENTATION('',(#593),#597);
#593 = LINE('',#594,#595);
#594 = CARTESIAN_POINT('',(0.,6.));
#595 = VECTOR('',#596,1.);
#596 = DIRECTION('',(1.,0.));
#597 = ( GEOMETRIC_REPRESENTATION_CONTEXT(2) 
PARAMETRIC_REPRESENTATION_CONTEXT() REPRESENTATION_CONTEXT('2D SPACE',''
  ) );
#598 = FACE_BOUND('',#599,.T.);
#599 = EDGE_LOOP('',(#600));
#600 = ORIENTED_EDGE('',*,*,#601,.F.);
#601 = EDGE_CURVE('',#602,#602,#604,.T.);
#602 = VERTEX_POINT('',#603);
#603 = CARTESIAN_POINT('',(31.865730799982,-11.99306476588,99.));
#604 = SURFACE_CURVE('',#605,(#610,#617),.PCURVE_S1.);
#605 = ELLIPSE('',#606,2.44082551387,1.4);
#606 = AXIS2_PLACEMENT_3D('',#607,#608,#609);
#607 = CARTESIAN_POINT('',(33.078166365281,-11.29306476588,99.));
#608 = DIRECTION('',(0.,0.,1.));
#609 = DIRECTION('',(-0.5,0.866025403784,0.));
#610 = PCURVE('',#43,#611);
#611 = DEFINITIONAL_REPRESENTATION('',(#612),#616);
#612 = ELLIPSE('',#613,2.44082551387,1.4);
#613 = AXIS2_PLACEMENT_2D('',#614,#615);
#614 = CARTESIAN_POINT('',(33.078166365281,-11.29306476588));
#615 = DIRECTION('',(-0.5,0.866025403784));
#616 = ( GEOMETRIC_REPRESENTATION_CONTEXT(2) 
PARAMETRIC_REPRESENTATION_CONTEXT() REPRESENTATION_CONTEXT('2D SPACE',''
  ) );
#617 = PCURVE('',#618,#623);
#618 = CYLINDRICAL_SURFACE('',#619,1.4);
#619 = AXIS2_PLACEMENT_3D('',#620,#621,#622);
#620 = CARTESIAN_POINT('',(36.459845405171,-17.15030467786,
    103.73575431107));
#621 = DIRECTION('',(-0.409576022144,0.709406479916,-0.573576436351));
#622 = DIRECTION('',(-0.866025403784,-0.5,0.));
#623 = DEFINITIONAL_REPRESENTATION('',(#624),#655);
#624 = B_SPLINE_CURVE_WITH_KNOTS('',8,(#625,#626,#627,#628,#629,#630,
    #631,#632,#633,#634,#635,#636,#637,#638,#639,#640,#641,#642,#643,
    #644,#645,#646,#647,#648,#649,#650,#651,#652,#653,#654),
  .UNSPECIFIED.,.F.,.F.,(9,7,7,7,9),(1.570796326795,3.14159265359,
    4.319689898686,6.08683576633,7.853981633974),.UNSPECIFIED.);
#625 = CARTESIAN_POINT('',(6.28318530718,8.256535678491));
#626 = CARTESIAN_POINT('',(6.08683576633,7.863952990947));
#627 = CARTESIAN_POINT('',(5.890486225481,7.471370210187));
#628 = CARTESIAN_POINT('',(5.694136684634,7.101851500465));
#629 = CARTESIAN_POINT('',(5.49778714378,6.778456402932));
#630 = CARTESIAN_POINT('',(5.301437602935,6.521414020142));
#631 = CARTESIAN_POINT('',(5.105088062083,6.34522390221));
#632 = CARTESIAN_POINT('',(4.908738521234,6.257128469052));
#633 = CARTESIAN_POINT('',(4.565126824748,6.257128469052));
#634 = CARTESIAN_POINT('',(4.417864669111,6.306682280974));
#635 = CARTESIAN_POINT('',(4.270602513474,6.405788684099));
#636 = CARTESIAN_POINT('',(4.123340357836,6.552158786264));
#637 = CARTESIAN_POINT('',(3.976078202199,6.741201302644));
#638 = CARTESIAN_POINT('',(3.828816046563,6.966310522515));
#639 = CARTESIAN_POINT('',(3.681553890926,7.219371332507));
#640 = CARTESIAN_POINT('',(3.313398501833,7.899432163458));
#641 = CARTESIAN_POINT('',(3.092505268378,8.350136537309));
#642 = CARTESIAN_POINT('',(2.871612034927,8.813167270931));
#643 = CARTESIAN_POINT('',(2.650718801476,9.253757442231));
#644 = CARTESIAN_POINT('',(2.429825568007,9.63738497502));
#645 = CARTESIAN_POINT('',(2.208932334556,9.935845776838));
#646 = CARTESIAN_POINT('',(1.9880391011,10.131362120743));
#647 = CARTESIAN_POINT('',(1.546252634189,10.303687557338));
#648 = CARTESIAN_POINT('',(1.325359400729,10.280496745416));
#649 = CARTESIAN_POINT('',(1.104466167307,10.141547866082));
#650 = CARTESIAN_POINT('',(0.883572933813,9.891809721514));
#651 = CARTESIAN_POINT('',(0.662679700391,9.548662540277));
#652 = CARTESIAN_POINT('',(0.441786466906,9.139846969907));
#653 = CARTESIAN_POINT('',(0.220893233456,8.698191201978));
#654 = CARTESIAN_POINT('',(9.769962616701E-15,8.256535678491));
#655 = ( GEOMETRIC_REPRESENTATION_CONTEXT(2) 
PARAMETRIC_REPRESENTATION_CONTEXT() REPRESENTATION_CONTEXT('2D SPACE',''
  ) );
#656 = FACE_BOUND('',#657,.T.);
#657 = EDGE_LOOP('',(#658));
#658 = ORIENTED_EDGE('',*,*,#659,.F.);
#659 = EDGE_CURVE('',#660,#660,#662,.T.);
#660 = VERTEX_POINT('',#661);
#661 = CARTESIAN_POINT('',(-53.1756258422,32.,99.));
#662 = SURFACE_CURVE('',#663,(#668,#675),.PCURVE_S1.);
#663 = CIRCLE('',#664,2.25);
#664 = AXIS2_PLACEMENT_3D('',#665,#666,#667);
#665 = CARTESIAN_POINT('',(-55.4256258422,32.,99.));
#666 = DIRECTION('',(0.,0.,1.));
#667 = DIRECTION('',(1.,0.,-0.));
#668 = PCURVE('',#43,#669);
#669 = DEFINITIONAL_REPRESENTATION('',(#670),#674);
#670 = CIRCLE('',#671,2.25);
#671 = AXIS2_PLACEMENT_2D('',#672,#673);
#672 = CARTESIAN_POINT('',(-55.4256258422,32.));
#673 = DIRECTION('',(1.,0.));
#674 = ( GEOMETRIC_REPRESENTATION_CONTEXT(2) 
PARAMETRIC_REPRESENTATION_CONTEXT() REPRESENTATION_CONTEXT('2D SPACE',''
  ) );
#675 = PCURVE('',#676,#681);
#676 = CYLINDRICAL_SURFACE('',#677,2.25);
#677 = AXIS2_PLACEMENT_3D('',#678,#679,#680);
#678 = CARTESIAN_POINT('',(-55.4256258422,32.,93.));
#679 = DIRECTION('',(0.,0.,1.));
#680 = DIRECTION('',(1.,0.,-0.));
#681 = DEFINITIONAL_REPRESENTATION('',(#682),#686);
#682 = LINE('',#683,#684);
#683 = CARTESIAN_POINT('',(0.,6.));
#684 = VECTOR('',#685,1.);
#685 = DIRECTION('',(1.,0.));
#686 = ( GEOMETRIC_REPRESENTATION_CONTEXT(2) 
PARAMETRIC_REPRESENTATION_CONTEXT() REPRESENTATION_CONTEXT('2D SPACE',''
  ) );
#687 = FACE_BOUND('',#688,.T.);
#688 = EDGE_LOOP('',(#689));
#689 = ORIENTED_EDGE('',*,*,#690,.F.);
#690 = EDGE_CURVE('',#691,#691,#693,.T.);
#691 = VERTEX_POINT('',#692);
#692 = CARTESIAN_POINT('',(-19.49414100847,9.435157323411,99.));
#693 = SURFACE_CURVE('',#694,(#699,#706),.PCURVE_S1.);
#694 = ELLIPSE('',#695,2.44082551387,1.4);
#695 = AXIS2_PLACEMENT_3D('',#696,#697,#698);
#696 = CARTESIAN_POINT('',(-20.70657657377,10.135157323411,99.));
#697 = DIRECTION('',(0.,0.,1.));
#698 = DIRECTION('',(-0.5,-0.866025403784,0.));
#699 = PCURVE('',#43,#700);
#700 = DEFINITIONAL_REPRESENTATION('',(#701),#705);
#701 = ELLIPSE('',#702,2.44082551387,1.4);
#702 = AXIS2_PLACEMENT_2D('',#703,#704);
#703 = CARTESIAN_POINT('',(-20.70657657377,10.135157323411));
#704 = DIRECTION('',(-0.5,-0.866025403784));
#705 = ( GEOMETRIC_REPRESENTATION_CONTEXT(2) 
PARAMETRIC_REPRESENTATION_CONTEXT() REPRESENTATION_CONTEXT('2D SPACE',''
  ) );
#706 = PCURVE('',#707,#712);
#707 = CYLINDRICAL_SURFACE('',#708,1.4);
#708 = AXIS2_PLACEMENT_3D('',#709,#710,#711);
#709 = CARTESIAN_POINT('',(-7.965934659722,32.202596439588,
    116.84218701969));
#710 = DIRECTION('',(-0.409576022144,-0.709406479916,-0.573576436351));
#711 = DIRECTION('',(0.866025403784,-0.5,5.551115123126E-17));
#712 = DEFINITIONAL_REPRESENTATION('',(#713),#744);
#713 = B_SPLINE_CURVE_WITH_KNOTS('',8,(#714,#715,#716,#717,#718,#719,
    #720,#721,#722,#723,#724,#725,#726,#727,#728,#729,#730,#731,#732,
    #733,#734,#735,#736,#737,#738,#739,#740,#741,#742,#743),
  .UNSPECIFIED.,.F.,.F.,(9,7,7,7,9),(1.570796326795,3.14159265359,
    4.319689898686,6.08683576633,7.853981633974),.UNSPECIFIED.);
#714 = CARTESIAN_POINT('',(6.28318530718,31.106903786365));
#715 = CARTESIAN_POINT('',(6.08683576633,30.71432109882));
#716 = CARTESIAN_POINT('',(5.890486225481,30.321738318002));
#717 = CARTESIAN_POINT('',(5.694136684631,29.952219608429));
#718 = CARTESIAN_POINT('',(5.497787143787,29.628824510553));
#719 = CARTESIAN_POINT('',(5.301437602933,29.371782128044));
#720 = CARTESIAN_POINT('',(5.105088062084,29.195592010044));
#721 = CARTESIAN_POINT('',(4.908738521234,29.107496576926));
#722 = CARTESIAN_POINT('',(4.565126824748,29.107496576926));
#723 = CARTESIAN_POINT('',(4.417864669111,29.157050388852));
#724 = CARTESIAN_POINT('',(4.270602513474,29.256156791973));
#725 = CARTESIAN_POINT('',(4.123340357837,29.402526894148));
#726 = CARTESIAN_POINT('',(3.9760782022,29.59156941053));
#727 = CARTESIAN_POINT('',(3.828816046562,29.816678630384));
#728 = CARTESIAN_POINT('',(3.681553890926,30.069739440381));
#729 = CARTESIAN_POINT('',(3.313398501833,30.749800271332));
#730 = CARTESIAN_POINT('',(3.092505268376,31.200504645178));
#731 = CARTESIAN_POINT('',(2.871612034947,31.663535378815));
#732 = CARTESIAN_POINT('',(2.650718801458,32.104125550133));
#733 = CARTESIAN_POINT('',(2.429825568038,32.487753082925));
#734 = CARTESIAN_POINT('',(2.208932334553,32.786213884698));
#735 = CARTESIAN_POINT('',(1.9880391011,32.981730228617));
#736 = CARTESIAN_POINT('',(1.546252634189,33.154055665212));
#737 = CARTESIAN_POINT('',(1.325359400733,33.130864853309));
#738 = CARTESIAN_POINT('',(1.104466167274,32.991915973762));
#739 = CARTESIAN_POINT('',(0.883572933835,32.742177829583));
#740 = CARTESIAN_POINT('',(0.662679700358,32.399030647939));
#741 = CARTESIAN_POINT('',(0.441786466912,31.990215077811));
#742 = CARTESIAN_POINT('',(0.220893233456,31.548559309852));
#743 = CARTESIAN_POINT('',(2.04281036531E-14,31.106903786365));
#744 = ( GEOMETRIC_REPRESENTATION_CONTEXT(2) 
PARAMETRIC_REPRESENTATION_CONTEXT() REPRESENTATION_CONTEXT('2D SPACE',''
  ) );
#745 = FACE_BOUND('',#746,.T.);
#746 = EDGE_LOOP('',(#747));
#747 = ORIENTED_EDGE('',*,*,#748,.F.);
#748 = EDGE_CURVE('',#749,#749,#751,.T.);
#749 = VERTEX_POINT('',#750);
#750 = CARTESIAN_POINT('',(-26.31916415647,24.4,99.));
#751 = SURFACE_CURVE('',#752,(#757,#764),.PCURVE_S1.);
#752 = ELLIPSE('',#753,2.44082551387,1.4);
#753 = AXIS2_PLACEMENT_3D('',#754,#755,#756);
#754 = CARTESIAN_POINT('',(-26.31916415647,23.,99.));
#755 = DIRECTION('',(0.,0.,1.));
#756 = DIRECTION('',(1.,0.,-0.));
#757 = PCURVE('',#43,#758);
#758 = DEFINITIONAL_REPRESENTATION('',(#759),#763);
#759 = ELLIPSE('',#760,2.44082551387,1.4);
#760 = AXIS2_PLACEMENT_2D('',#761,#762);
#761 = CARTESIAN_POINT('',(-26.31916415647,23.));
#762 = DIRECTION('',(1.,0.));
#763 = ( GEOMETRIC_REPRESENTATION_CONTEXT(2) 
PARAMETRIC_REPRESENTATION_CONTEXT() REPRESENTATION_CONTEXT('2D SPACE',''
  ) );
#764 = PCURVE('',#765,#770);
#765 = CYLINDRICAL_SURFACE('',#766,1.4);
#766 = AXIS2_PLACEMENT_3D('',#767,#768,#769);
#767 = CARTESIAN_POINT('',(-33.08252223625,23.,103.73575431107));
#768 = DIRECTION('',(0.819152044289,0.,-0.573576436351));
#769 = DIRECTION('',(0.,1.,0.));
#770 = DEFINITIONAL_REPRESENTATION('',(#771),#802);
#771 = B_SPLINE_CURVE_WITH_KNOTS('',8,(#772,#773,#774,#775,#776,#777,
    #778,#779,#780,#781,#782,#783,#784,#785,#786,#787,#788,#789,#790,
    #791,#792,#793,#794,#795,#796,#797,#798,#799,#800,#801),
  .UNSPECIFIED.,.F.,.F.,(9,7,7,7,9),(1.570796326795,3.14159265359,
    4.319689898686,6.08683576633,7.853981633974),.UNSPECIFIED.);
#772 = CARTESIAN_POINT('',(6.28318530718,8.256535678491));
#773 = CARTESIAN_POINT('',(6.08683576633,7.863952990947));
#774 = CARTESIAN_POINT('',(5.890486225481,7.471370210189));
#775 = CARTESIAN_POINT('',(5.694136684631,7.101851500473));
#776 = CARTESIAN_POINT('',(5.497787143784,6.77845640291));
#777 = CARTESIAN_POINT('',(5.301437602933,6.521414020161));
#778 = CARTESIAN_POINT('',(5.105088062084,6.345223902214));
#779 = CARTESIAN_POINT('',(4.908738521234,6.257128469052));
#780 = CARTESIAN_POINT('',(4.565126824748,6.257128469052));
#781 = CARTESIAN_POINT('',(4.41786466911,6.306682280976));
#782 = CARTESIAN_POINT('',(4.270602513474,6.405788684099));
#783 = CARTESIAN_POINT('',(4.123340357836,6.552158786264));
#784 = CARTESIAN_POINT('',(3.976078202199,6.741201302646));
#785 = CARTESIAN_POINT('',(3.828816046563,6.966310522515));
#786 = CARTESIAN_POINT('',(3.681553890926,7.219371332507));
#787 = CARTESIAN_POINT('',(3.313398501833,7.899432163458));
#788 = CARTESIAN_POINT('',(3.092505268375,8.350136537327));
#789 = CARTESIAN_POINT('',(2.871612034936,8.813167270888));
#790 = CARTESIAN_POINT('',(2.650718801443,9.253757442275));
#791 = CARTESIAN_POINT('',(2.429825568033,9.637384974994));
#792 = CARTESIAN_POINT('',(2.208932334555,9.935845776852));
#793 = CARTESIAN_POINT('',(1.9880391011,10.131362120743));
#794 = CARTESIAN_POINT('',(1.546252634189,10.303687557338));
#795 = CARTESIAN_POINT('',(1.325359400739,10.280496745418));
#796 = CARTESIAN_POINT('',(1.104466167274,10.141547866104));
#797 = CARTESIAN_POINT('',(0.883572933864,9.891809721492));
#798 = CARTESIAN_POINT('',(0.662679700358,9.548662540292));
#799 = CARTESIAN_POINT('',(0.441786466915,9.139846969914));
#800 = CARTESIAN_POINT('',(0.220893233456,8.698191201978));
#801 = CARTESIAN_POINT('',(9.769962616701E-15,8.256535678491));
#802 = ( GEOMETRIC_REPRESENTATION_CONTEXT(2) 
PARAMETRIC_REPRESENTATION_CONTEXT() REPRESENTATION_CONTEXT('2D SPACE',''
  ) );
#803 = FACE_BOUND('',#804,.T.);
#804 = EDGE_LOOP('',(#805,#833,#859,#885));
#805 = ORIENTED_EDGE('',*,*,#806,.T.);
#806 = EDGE_CURVE('',#807,#809,#811,.T.);
#807 = VERTEX_POINT('',#808);
#808 = CARTESIAN_POINT('',(-21.03589838486,44.435244785437,99.));
#809 = VERTEX_POINT('',#810);
#810 = CARTESIAN_POINT('',(-15.03589838486,34.042939940024,99.));
#811 = SURFACE_CURVE('',#812,(#816,#822),.PCURVE_S1.);
#812 = LINE('',#813,#814);
#813 = CARTESIAN_POINT('',(-5.785898384862,18.021469970012,99.));
#814 = VECTOR('',#815,1.);
#815 = DIRECTION('',(0.5,-0.866025403784,0.));
#816 = PCURVE('',#43,#817);
#817 = DEFINITIONAL_REPRESENTATION('',(#818),#821);
#818 = B_SPLINE_CURVE_WITH_KNOTS('',1,(#819,#820),.UNSPECIFIED.,.F.,.F.,
  (2,2),(-30.5,-18.5),.PIECEWISE_BEZIER_KNOTS.);
#819 = CARTESIAN_POINT('',(-21.03589838486,44.435244785438));
#820 = CARTESIAN_POINT('',(-15.03589838486,34.042939940024));
#821 = ( GEOMETRIC_REPRESENTATION_CONTEXT(2) 
PARAMETRIC_REPRESENTATION_CONTEXT() REPRESENTATION_CONTEXT('2D SPACE',''
  ) );
#822 = PCURVE('',#823,#828);
#823 = PLANE('',#824);
#824 = AXIS2_PLACEMENT_3D('',#825,#826,#827);
#825 = CARTESIAN_POINT('',(-15.03589838486,34.042939940024,93.));
#826 = DIRECTION('',(-0.866025403784,-0.5,0.));
#827 = DIRECTION('',(0.,0.,1.));
#828 = DEFINITIONAL_REPRESENTATION('',(#829),#832);
#829 = B_SPLINE_CURVE_WITH_KNOTS('',1,(#830,#831),.UNSPECIFIED.,.F.,.F.,
  (2,2),(-30.5,-18.5),.PIECEWISE_BEZIER_KNOTS.);
#830 = CARTESIAN_POINT('',(6.,12.));
#831 = CARTESIAN_POINT('',(6.,0.));
#832 = ( GEOMETRIC_REPRESENTATION_CONTEXT(2) 
PARAMETRIC_REPRESENTATION_CONTEXT() REPRESENTATION_CONTEXT('2D SPACE',''
  ) );
#833 = ORIENTED_EDGE('',*,*,#834,.T.);
#834 = EDGE_CURVE('',#809,#835,#837,.T.);
#835 = VERTEX_POINT('',#836);
#836 = CARTESIAN_POINT('',(-21.96410161513,30.042939940024,99.));
#837 = SURFACE_CURVE('',#838,(#842,#848),.PCURVE_S1.);
#838 = LINE('',#839,#840);
#839 = CARTESIAN_POINT('',(-16.76794919243,33.042939940024,99.));
#840 = VECTOR('',#841,1.);
#841 = DIRECTION('',(-0.866025403784,-0.5,0.));
#842 = PCURVE('',#43,#843);
#843 = DEFINITIONAL_REPRESENTATION('',(#844),#847);
#844 = B_SPLINE_CURVE_WITH_KNOTS('',1,(#845,#846),.UNSPECIFIED.,.F.,.F.,
  (2,2),(-2.,6.),.PIECEWISE_BEZIER_KNOTS.);
#845 = CARTESIAN_POINT('',(-15.03589838486,34.042939940024));
#846 = CARTESIAN_POINT('',(-21.96410161513,30.042939940024));
#847 = ( GEOMETRIC_REPRESENTATION_CONTEXT(2) 
PARAMETRIC_REPRESENTATION_CONTEXT() REPRESENTATION_CONTEXT('2D SPACE',''
  ) );
#848 = PCURVE('',#849,#854);
#849 = PLANE('',#850);
#850 = AXIS2_PLACEMENT_3D('',#851,#852,#853);
#851 = CARTESIAN_POINT('',(-15.03589838486,34.042939940024,93.));
#852 = DIRECTION('',(-0.5,0.866025403784,0.));
#853 = DIRECTION('',(0.,0.,1.));
#854 = DEFINITIONAL_REPRESENTATION('',(#855),#858);
#855 = B_SPLINE_CURVE_WITH_KNOTS('',1,(#856,#857),.UNSPECIFIED.,.F.,.F.,
  (2,2),(-2.,6.),.PIECEWISE_BEZIER_KNOTS.);
#856 = CARTESIAN_POINT('',(6.,0.));
#857 = CARTESIAN_POINT('',(6.,-8.));
#858 = ( GEOMETRIC_REPRESENTATION_CONTEXT(2) 
PARAMETRIC_REPRESENTATION_CONTEXT() REPRESENTATION_CONTEXT('2D SPACE',''
  ) );
#859 = ORIENTED_EDGE('',*,*,#860,.F.);
#860 = EDGE_CURVE('',#861,#835,#863,.T.);
#861 = VERTEX_POINT('',#862);
#862 = CARTESIAN_POINT('',(-27.96410161513,40.435244785438,99.));
#863 = SURFACE_CURVE('',#864,(#868,#874),.PCURVE_S1.);
#864 = LINE('',#865,#866);
#865 = CARTESIAN_POINT('',(-12.71410161513,14.021469970012,99.));
#866 = VECTOR('',#867,1.);
#867 = DIRECTION('',(0.5,-0.866025403784,0.));
#868 = PCURVE('',#43,#869);
#869 = DEFINITIONAL_REPRESENTATION('',(#870),#873);
#870 = B_SPLINE_CURVE_WITH_KNOTS('',1,(#871,#872),.UNSPECIFIED.,.F.,.F.,
  (2,2),(-30.5,-18.5),.PIECEWISE_BEZIER_KNOTS.);
#871 = CARTESIAN_POINT('',(-27.96410161513,40.435244785438));
#872 = CARTESIAN_POINT('',(-21.96410161513,30.042939940024));
#873 = ( GEOMETRIC_REPRESENTATION_CONTEXT(2) 
PARAMETRIC_REPRESENTATION_CONTEXT() REPRESENTATION_CONTEXT('2D SPACE',''
  ) );
#874 = PCURVE('',#875,#880);
#875 = PLANE('',#876);
#876 = AXIS2_PLACEMENT_3D('',#877,#878,#879);
#877 = CARTESIAN_POINT('',(-21.96410161513,30.042939940024,93.));
#878 = DIRECTION('',(-0.866025403784,-0.5,0.));
#879 = DIRECTION('',(0.,0.,1.));
#880 = DEFINITIONAL_REPRESENTATION('',(#881),#884);
#881 = B_SPLINE_CURVE_WITH_KNOTS('',1,(#882,#883),.UNSPECIFIED.,.F.,.F.,
  (2,2),(-30.5,-18.5),.PIECEWISE_BEZIER_KNOTS.);
#882 = CARTESIAN_POINT('',(6.,12.));
#883 = CARTESIAN_POINT('',(6.,0.));
#884 = ( GEOMETRIC_REPRESENTATION_CONTEXT(2) 
PARAMETRIC_REPRESENTATION_CONTEXT() REPRESENTATION_CONTEXT('2D SPACE',''
  ) );
#885 = ORIENTED_EDGE('',*,*,#886,.F.);
#886 = EDGE_CURVE('',#807,#861,#887,.T.);
#887 = SURFACE_CURVE('',#888,(#892,#898),.PCURVE_S1.);
#888 = LINE('',#889,#890);
#889 = CARTESIAN_POINT('',(-22.76794919243,43.435244785438,99.));
#890 = VECTOR('',#891,1.);
#891 = DIRECTION('',(-0.866025403784,-0.5,0.));
#892 = PCURVE('',#43,#893);
#893 = DEFINITIONAL_REPRESENTATION('',(#894),#897);
#894 = B_SPLINE_CURVE_WITH_KNOTS('',1,(#895,#896),.UNSPECIFIED.,.F.,.F.,
  (2,2),(-2.,6.),.PIECEWISE_BEZIER_KNOTS.);
#895 = CARTESIAN_POINT('',(-21.03589838486,44.435244785438));
#896 = CARTESIAN_POINT('',(-27.96410161513,40.435244785438));
#897 = ( GEOMETRIC_REPRESENTATION_CONTEXT(2) 
PARAMETRIC_REPRESENTATION_CONTEXT() REPRESENTATION_CONTEXT('2D SPACE',''
  ) );
#898 = PCURVE('',#899,#904);
#899 = PLANE('',#900);
#900 = AXIS2_PLACEMENT_3D('',#901,#902,#903);
#901 = CARTESIAN_POINT('',(-21.03589838486,44.435244785437,93.));
#902 = DIRECTION('',(-0.5,0.866025403784,0.));
#903 = DIRECTION('',(0.,0.,1.));
#904 = DEFINITIONAL_REPRESENTATION('',(#905),#908);
#905 = B_SPLINE_CURVE_WITH_KNOTS('',1,(#906,#907),.UNSPECIFIED.,.F.,.F.,
  (2,2),(-2.,6.),.PIECEWISE_BEZIER_KNOTS.);
#906 = CARTESIAN_POINT('',(6.,0.));
#907 = CARTESIAN_POINT('',(6.,-8.));
#908 = ( GEOMETRIC_REPRESENTATION_CONTEXT(2) 
PARAMETRIC_REPRESENTATION_CONTEXT() REPRESENTATION_CONTEXT('2D SPACE',''
  ) );
#909 = FACE_BOUND('',#910,.T.);
#910 = EDGE_LOOP('',(#911));
#911 = ORIENTED_EDGE('',*,*,#912,.F.);
#912 = EDGE_CURVE('',#913,#913,#915,.T.);
#913 = VERTEX_POINT('',#914);
#914 = CARTESIAN_POINT('',(-5.546566643505,33.593064765882,99.));
#915 = SURFACE_CURVE('',#916,(#921,#928),.PCURVE_S1.);
#916 = ELLIPSE('',#917,2.44082551387,1.4);
#917 = AXIS2_PLACEMENT_3D('',#918,#919,#920);
#918 = CARTESIAN_POINT('',(-6.759002208804,34.293064765882,99.));
#919 = DIRECTION('',(0.,0.,1.));
#920 = DIRECTION('',(-0.5,-0.866025403784,0.));
#921 = PCURVE('',#43,#922);
#922 = DEFINITIONAL_REPRESENTATION('',(#923),#927);
#923 = ELLIPSE('',#924,2.44082551387,1.4);
#924 = AXIS2_PLACEMENT_2D('',#925,#926);
#925 = CARTESIAN_POINT('',(-6.759002208804,34.293064765882));
#926 = DIRECTION('',(-0.5,-0.866025403784));
#927 = ( GEOMETRIC_REPRESENTATION_CONTEXT(2) 
PARAMETRIC_REPRESENTATION_CONTEXT() REPRESENTATION_CONTEXT('2D SPACE',''
  ) );
#928 = PCURVE('',#929,#934);
#929 = CYLINDRICAL_SURFACE('',#930,1.4);
#930 = AXIS2_PLACEMENT_3D('',#931,#932,#933);
#931 = CARTESIAN_POINT('',(-3.377323168913,40.150304677863,
    103.73575431107));
#932 = DIRECTION('',(-0.409576022144,-0.709406479916,-0.573576436351));
#933 = DIRECTION('',(0.866025403784,-0.5,5.551115123126E-17));
#934 = DEFINITIONAL_REPRESENTATION('',(#935),#966);
#935 = B_SPLINE_CURVE_WITH_KNOTS('',8,(#936,#937,#938,#939,#940,#941,
    #942,#943,#944,#945,#946,#947,#948,#949,#950,#951,#952,#953,#954,
    #955,#956,#957,#958,#959,#960,#961,#962,#963,#964,#965),
  .UNSPECIFIED.,.F.,.F.,(9,7,7,7,9),(1.570796326795,3.14159265359,
    4.319689898686,6.08683576633,7.853981633974),.UNSPECIFIED.);
#936 = CARTESIAN_POINT('',(6.28318530718,8.256535678491));
#937 = CARTESIAN_POINT('',(6.08683576633,7.863952990947));
#938 = CARTESIAN_POINT('',(5.890486225481,7.471370210198));
#939 = CARTESIAN_POINT('',(5.694136684635,7.101851500436));
#940 = CARTESIAN_POINT('',(5.497787143781,6.778456402961));
#941 = CARTESIAN_POINT('',(5.301437602936,6.521414020135));
#942 = CARTESIAN_POINT('',(5.105088062083,6.345223902221));
#943 = CARTESIAN_POINT('',(4.908738521234,6.257128469052));
#944 = CARTESIAN_POINT('',(4.565126824748,6.257128469052));
#945 = CARTESIAN_POINT('',(4.41786466911,6.306682280975));
#946 = CARTESIAN_POINT('',(4.270602513474,6.405788684099));
#947 = CARTESIAN_POINT('',(4.123340357837,6.552158786265));
#948 = CARTESIAN_POINT('',(3.9760782022,6.741201302646));
#949 = CARTESIAN_POINT('',(3.828816046563,6.966310522514));
#950 = CARTESIAN_POINT('',(3.681553890926,7.219371332507));
#951 = CARTESIAN_POINT('',(3.313398501833,7.899432163458));
#952 = CARTESIAN_POINT('',(3.092505268378,8.350136537327));
#953 = CARTESIAN_POINT('',(2.871612034919,8.813167270891));
#954 = CARTESIAN_POINT('',(2.650718801476,9.253757442275));
#955 = CARTESIAN_POINT('',(2.429825568018,9.637384974987));
#956 = CARTESIAN_POINT('',(2.208932334558,9.93584577685));
#957 = CARTESIAN_POINT('',(1.9880391011,10.131362120743));
#958 = CARTESIAN_POINT('',(1.546252634189,10.303687557338));
#959 = CARTESIAN_POINT('',(1.325359400733,10.28049674541));
#960 = CARTESIAN_POINT('',(1.104466167282,10.141547866147));
#961 = CARTESIAN_POINT('',(0.883572933835,9.891809721477));
#962 = CARTESIAN_POINT('',(0.662679700366,9.548662540292));
#963 = CARTESIAN_POINT('',(0.441786466909,9.139846969903));
#964 = CARTESIAN_POINT('',(0.220893233456,8.698191201978));
#965 = CARTESIAN_POINT('',(2.04281036531E-14,8.256535678491));
#966 = ( GEOMETRIC_REPRESENTATION_CONTEXT(2) 
PARAMETRIC_REPRESENTATION_CONTEXT() REPRESENTATION_CONTEXT('2D SPACE',''
  ) );
#967 = FACE_BOUND('',#968,.T.);
#968 = EDGE_LOOP('',(#969));
#969 = ORIENTED_EDGE('',*,*,#970,.F.);
#970 = EDGE_CURVE('',#971,#971,#973,.T.);
#971 = VERTEX_POINT('',#972);
#972 = CARTESIAN_POINT('',(17.918156435014,12.164842676589,99.));
#973 = SURFACE_CURVE('',#974,(#979,#986),.PCURVE_S1.);
#974 = ELLIPSE('',#975,2.44082551387,1.4);
#975 = AXIS2_PLACEMENT_3D('',#976,#977,#978);
#976 = CARTESIAN_POINT('',(19.130592000312,12.864842676589,99.));
#977 = DIRECTION('',(0.,0.,1.));
#978 = DIRECTION('',(-0.5,0.866025403784,0.));
#979 = PCURVE('',#43,#980);
#980 = DEFINITIONAL_REPRESENTATION('',(#981),#985);
#981 = ELLIPSE('',#982,2.44082551387,1.4);
#982 = AXIS2_PLACEMENT_2D('',#983,#984);
#983 = CARTESIAN_POINT('',(19.130592000312,12.864842676589));
#984 = DIRECTION('',(-0.5,0.866025403784));
#985 = ( GEOMETRIC_REPRESENTATION_CONTEXT(2) 
PARAMETRIC_REPRESENTATION_CONTEXT() REPRESENTATION_CONTEXT('2D SPACE',''
  ) );
#986 = PCURVE('',#987,#992);
#987 = CYLINDRICAL_SURFACE('',#988,1.4);
#988 = AXIS2_PLACEMENT_3D('',#989,#990,#991);
#989 = CARTESIAN_POINT('',(31.871233914363,-9.202596439588,
    116.84218701969));
#990 = DIRECTION('',(-0.409576022144,0.709406479916,-0.573576436351));
#991 = DIRECTION('',(-0.866025403784,-0.5,0.));
#992 = DEFINITIONAL_REPRESENTATION('',(#993),#1024);
#993 = B_SPLINE_CURVE_WITH_KNOTS('',8,(#994,#995,#996,#997,#998,#999,
    #1000,#1001,#1002,#1003,#1004,#1005,#1006,#1007,#1008,#1009,#1010,
    #1011,#1012,#1013,#1014,#1015,#1016,#1017,#1018,#1019,#1020,#1021,
    #1022,#1023),.UNSPECIFIED.,.F.,.F.,(9,7,7,7,9),(1.570796326795,
    3.14159265359,4.319689898686,6.08683576633,7.853981633974),
  .UNSPECIFIED.);
#994 = CARTESIAN_POINT('',(6.28318530718,31.106903786365));
#995 = CARTESIAN_POINT('',(6.08683576633,30.71432109882));
#996 = CARTESIAN_POINT('',(5.890486225483,30.321738318053));
#997 = CARTESIAN_POINT('',(5.694136684627,29.952219608283));
#998 = CARTESIAN_POINT('',(5.497787143788,29.628824510728));
#999 = CARTESIAN_POINT('',(5.301437602928,29.371782127986));
#1000 = CARTESIAN_POINT('',(5.105088062085,29.195592010081));
#1001 = CARTESIAN_POINT('',(4.908738521234,29.107496576926));
#1002 = CARTESIAN_POINT('',(4.565126824748,29.107496576926));
#1003 = CARTESIAN_POINT('',(4.41786466911,29.157050388851));
#1004 = CARTESIAN_POINT('',(4.270602513473,29.256156791974));
#1005 = CARTESIAN_POINT('',(4.123340357837,29.402526894139));
#1006 = CARTESIAN_POINT('',(3.9760782022,29.591569410519));
#1007 = CARTESIAN_POINT('',(3.828816046563,29.816678630388));
#1008 = CARTESIAN_POINT('',(3.681553890926,30.069739440381));
#1009 = CARTESIAN_POINT('',(3.313398501833,30.749800271332));
#1010 = CARTESIAN_POINT('',(3.092505268379,31.200504645207));
#1011 = CARTESIAN_POINT('',(2.871612034916,31.663535378699));
#1012 = CARTESIAN_POINT('',(2.650718801472,32.10412555022));
#1013 = CARTESIAN_POINT('',(2.429825568,32.487753082838));
#1014 = CARTESIAN_POINT('',(2.208932334557,32.786213884727));
#1015 = CARTESIAN_POINT('',(1.9880391011,32.981730228617));
#1016 = CARTESIAN_POINT('',(1.546252634189,33.154055665212));
#1017 = CARTESIAN_POINT('',(1.325359400736,33.130864853279));
#1018 = CARTESIAN_POINT('',(1.104466167285,32.991915973937));
#1019 = CARTESIAN_POINT('',(0.883572933802,32.74217782935));
#1020 = CARTESIAN_POINT('',(0.662679700384,32.399030648157));
#1021 = CARTESIAN_POINT('',(0.441786466912,31.990215077789));
#1022 = CARTESIAN_POINT('',(0.220893233456,31.548559309852));
#1023 = CARTESIAN_POINT('',(2.04281036531E-14,31.106903786365));
#1024 = ( GEOMETRIC_REPRESENTATION_CONTEXT(2) 
PARAMETRIC_REPRESENTATION_CONTEXT() REPRESENTATION_CONTEXT('2D SPACE',''
  ) );
#1025 = FACE_BOUND('',#1026,.T.);
#1026 = EDGE_LOOP('',(#1027));
#1027 = ORIENTED_EDGE('',*,*,#1028,.F.);
#1028 = EDGE_CURVE('',#1029,#1029,#1031,.T.);
#1029 = VERTEX_POINT('',#1030);
#1030 = CARTESIAN_POINT('',(1.575984573461,24.4,99.));
#1031 = SURFACE_CURVE('',#1032,(#1037,#1044),.PCURVE_S1.);
#1032 = ELLIPSE('',#1033,2.44082551387,1.4);
#1033 = AXIS2_PLACEMENT_3D('',#1034,#1035,#1036);
#1034 = CARTESIAN_POINT('',(1.575984573461,23.,99.));
#1035 = DIRECTION('',(0.,0.,1.));
#1036 = DIRECTION('',(1.,0.,-0.));
#1037 = PCURVE('',#43,#1038);
#1038 = DEFINITIONAL_REPRESENTATION('',(#1039),#1043);
#1039 = ELLIPSE('',#1040,2.44082551387,1.4);
#1040 = AXIS2_PLACEMENT_2D('',#1041,#1042);
#1041 = CARTESIAN_POINT('',(1.575984573461,23.));
#1042 = DIRECTION('',(1.,0.));
#1043 = ( GEOMETRIC_REPRESENTATION_CONTEXT(2) 
PARAMETRIC_REPRESENTATION_CONTEXT() REPRESENTATION_CONTEXT('2D SPACE',''
  ) );
#1044 = PCURVE('',#1045,#1050);
#1045 = CYLINDRICAL_SURFACE('',#1046,1.4);
#1046 = AXIS2_PLACEMENT_3D('',#1047,#1048,#1049);
#1047 = CARTESIAN_POINT('',(-23.90529925464,23.,116.84218701969));
#1048 = DIRECTION('',(0.819152044289,0.,-0.573576436351));
#1049 = DIRECTION('',(0.,1.,0.));
#1050 = DEFINITIONAL_REPRESENTATION('',(#1051),#1082);
#1051 = B_SPLINE_CURVE_WITH_KNOTS('',8,(#1052,#1053,#1054,#1055,#1056,
    #1057,#1058,#1059,#1060,#1061,#1062,#1063,#1064,#1065,#1066,#1067,
    #1068,#1069,#1070,#1071,#1072,#1073,#1074,#1075,#1076,#1077,#1078,
    #1079,#1080,#1081),.UNSPECIFIED.,.F.,.F.,(9,7,7,7,9),(1.570796326795
    ,3.14159265359,4.319689898686,6.08683576633,7.853981633974),
  .UNSPECIFIED.);
#1052 = CARTESIAN_POINT('',(6.28318530718,31.106903786365));
#1053 = CARTESIAN_POINT('',(6.08683576633,30.71432109882));
#1054 = CARTESIAN_POINT('',(5.890486225481,30.321738318034));
#1055 = CARTESIAN_POINT('',(5.694136684632,29.952219608313));
#1056 = CARTESIAN_POINT('',(5.497787143784,29.628824510612));
#1057 = CARTESIAN_POINT('',(5.301437602932,29.371782128059));
#1058 = CARTESIAN_POINT('',(5.105088062084,29.195592010063));
#1059 = CARTESIAN_POINT('',(4.908738521234,29.107496576926));
#1060 = CARTESIAN_POINT('',(4.565126824748,29.107496576926));
#1061 = CARTESIAN_POINT('',(4.41786466911,29.15705038885));
#1062 = CARTESIAN_POINT('',(4.270602513474,29.256156791963));
#1063 = CARTESIAN_POINT('',(4.123340357837,29.402526894133));
#1064 = CARTESIAN_POINT('',(3.976078202199,29.591569410521));
#1065 = CARTESIAN_POINT('',(3.828816046563,29.816678630384));
#1066 = CARTESIAN_POINT('',(3.681553890926,30.069739440381));
#1067 = CARTESIAN_POINT('',(3.313398501833,30.749800271332));
#1068 = CARTESIAN_POINT('',(3.092505268375,31.200504645221));
#1069 = CARTESIAN_POINT('',(2.871612034936,31.663535378582));
#1070 = CARTESIAN_POINT('',(2.650718801443,32.104125550337));
#1071 = CARTESIAN_POINT('',(2.429825568033,32.487753082663));
#1072 = CARTESIAN_POINT('',(2.208932334555,32.786213884741));
#1073 = CARTESIAN_POINT('',(1.9880391011,32.981730228617));
#1074 = CARTESIAN_POINT('',(1.546252634189,33.154055665212));
#1075 = CARTESIAN_POINT('',(1.325359400733,33.130864853261));
#1076 = CARTESIAN_POINT('',(1.104466167296,32.991915973966));
#1077 = CARTESIAN_POINT('',(0.883572933816,32.742177829408));
#1078 = CARTESIAN_POINT('',(0.662679700388,32.399030648114));
#1079 = CARTESIAN_POINT('',(0.441786466912,31.990215077742));
#1080 = CARTESIAN_POINT('',(0.220893233456,31.548559309852));
#1081 = CARTESIAN_POINT('',(9.769962616701E-15,31.106903786365));
#1082 = ( GEOMETRIC_REPRESENTATION_CONTEXT(2) 
PARAMETRIC_REPRESENTATION_CONTEXT() REPRESENTATION_CONTEXT('2D SPACE',''
  ) );
#1083 = FACE_BOUND('',#1084,.T.);
#1084 = EDGE_LOOP('',(#1085,#1113,#1139,#1165));
#1085 = ORIENTED_EDGE('',*,*,#1086,.T.);
#1086 = EDGE_CURVE('',#1087,#1089,#1091,.T.);
#1087 = VERTEX_POINT('',#1088);
#1088 = CARTESIAN_POINT('',(49.,-4.,99.));
#1089 = VERTEX_POINT('',#1090);
#1090 = CARTESIAN_POINT('',(37.,-4.,99.));
#1091 = SURFACE_CURVE('',#1092,(#1096,#1102),.PCURVE_S1.);
#1092 = LINE('',#1093,#1094);
#1093 = CARTESIAN_POINT('',(18.5,-4.,99.));
#1094 = VECTOR('',#1095,1.);
#1095 = DIRECTION('',(-1.,0.,0.));
#1096 = PCURVE('',#43,#1097);
#1097 = DEFINITIONAL_REPRESENTATION('',(#1098),#1101);
#1098 = B_SPLINE_CURVE_WITH_KNOTS('',1,(#1099,#1100),.UNSPECIFIED.,.F.,
  .F.,(2,2),(-30.5,-18.5),.PIECEWISE_BEZIER_KNOTS.);
#1099 = CARTESIAN_POINT('',(49.,-4.));
#1100 = CARTESIAN_POINT('',(37.,-4.));
#1101 = ( GEOMETRIC_REPRESENTATION_CONTEXT(2) 
PARAMETRIC_REPRESENTATION_CONTEXT() REPRESENTATION_CONTEXT('2D SPACE',''
  ) );
#1102 = PCURVE('',#1103,#1108);
#1103 = PLANE('',#1104);
#1104 = AXIS2_PLACEMENT_3D('',#1105,#1106,#1107);
#1105 = CARTESIAN_POINT('',(37.,-4.,93.));
#1106 = DIRECTION('',(0.,1.,0.));
#1107 = DIRECTION('',(0.,0.,1.));
#1108 = DEFINITIONAL_REPRESENTATION('',(#1109),#1112);
#1109 = B_SPLINE_CURVE_WITH_KNOTS('',1,(#1110,#1111),.UNSPECIFIED.,.F.,
  .F.,(2,2),(-30.5,-18.5),.PIECEWISE_BEZIER_KNOTS.);
#1110 = CARTESIAN_POINT('',(6.,12.));
#1111 = CARTESIAN_POINT('',(6.,0.));
#1112 = ( GEOMETRIC_REPRESENTATION_CONTEXT(2) 
PARAMETRIC_REPRESENTATION_CONTEXT() REPRESENTATION_CONTEXT('2D SPACE',''
  ) );
#1113 = ORIENTED_EDGE('',*,*,#1114,.T.);
#1114 = EDGE_CURVE('',#1089,#1115,#1117,.T.);
#1115 = VERTEX_POINT('',#1116);
#1116 = CARTESIAN_POINT('',(37.,4.,99.));
#1117 = SURFACE_CURVE('',#1118,(#1122,#1128),.PCURVE_S1.);
#1118 = LINE('',#1119,#1120);
#1119 = CARTESIAN_POINT('',(37.,-2.,99.));
#1120 = VECTOR('',#1121,1.);
#1121 = DIRECTION('',(0.,1.,0.));
#1122 = PCURVE('',#43,#1123);
#1123 = DEFINITIONAL_REPRESENTATION('',(#1124),#1127);
#1124 = B_SPLINE_CURVE_WITH_KNOTS('',1,(#1125,#1126),.UNSPECIFIED.,.F.,
  .F.,(2,2),(-2.,6.),.PIECEWISE_BEZIER_KNOTS.);
#1125 = CARTESIAN_POINT('',(37.,-4.));
#1126 = CARTESIAN_POINT('',(37.,4.));
#1127 = ( GEOMETRIC_REPRESENTATION_CONTEXT(2) 
PARAMETRIC_REPRESENTATION_CONTEXT() REPRESENTATION_CONTEXT('2D SPACE',''
  ) );
#1128 = PCURVE('',#1129,#1134);
#1129 = PLANE('',#1130);
#1130 = AXIS2_PLACEMENT_3D('',#1131,#1132,#1133);
#1131 = CARTESIAN_POINT('',(37.,-4.,93.));
#1132 = DIRECTION('',(1.,0.,0.));
#1133 = DIRECTION('',(0.,0.,1.));
#1134 = DEFINITIONAL_REPRESENTATION('',(#1135),#1138);
#1135 = B_SPLINE_CURVE_WITH_KNOTS('',1,(#1136,#1137),.UNSPECIFIED.,.F.,
  .F.,(2,2),(-2.,6.),.PIECEWISE_BEZIER_KNOTS.);
#1136 = CARTESIAN_POINT('',(6.,0.));
#1137 = CARTESIAN_POINT('',(6.,-8.));
#1138 = ( GEOMETRIC_REPRESENTATION_CONTEXT(2) 
PARAMETRIC_REPRESENTATION_CONTEXT() REPRESENTATION_CONTEXT('2D SPACE',''
  ) );
#1139 = ORIENTED_EDGE('',*,*,#1140,.F.);
#1140 = EDGE_CURVE('',#1141,#1115,#1143,.T.);
#1141 = VERTEX_POINT('',#1142);
#1142 = CARTESIAN_POINT('',(49.,4.,99.));
#1143 = SURFACE_CURVE('',#1144,(#1148,#1154),.PCURVE_S1.);
#1144 = LINE('',#1145,#1146);
#1145 = CARTESIAN_POINT('',(18.5,4.,99.));
#1146 = VECTOR('',#1147,1.);
#1147 = DIRECTION('',(-1.,0.,0.));
#1148 = PCURVE('',#43,#1149);
#1149 = DEFINITIONAL_REPRESENTATION('',(#1150),#1153);
#1150 = B_SPLINE_CURVE_WITH_KNOTS('',1,(#1151,#1152),.UNSPECIFIED.,.F.,
  .F.,(2,2),(-30.5,-18.5),.PIECEWISE_BEZIER_KNOTS.);
#1151 = CARTESIAN_POINT('',(49.,4.));
#1152 = CARTESIAN_POINT('',(37.,4.));
#1153 = ( GEOMETRIC_REPRESENTATION_CONTEXT(2) 
PARAMETRIC_REPRESENTATION_CONTEXT() REPRESENTATION_CONTEXT('2D SPACE',''
  ) );
#1154 = PCURVE('',#1155,#1160);
#1155 = PLANE('',#1156);
#1156 = AXIS2_PLACEMENT_3D('',#1157,#1158,#1159);
#1157 = CARTESIAN_POINT('',(37.,4.,93.));
#1158 = DIRECTION('',(0.,1.,0.));
#1159 = DIRECTION('',(0.,0.,1.));
#1160 = DEFINITIONAL_REPRESENTATION('',(#1161),#1164);
#1161 = B_SPLINE_CURVE_WITH_KNOTS('',1,(#1162,#1163),.UNSPECIFIED.,.F.,
  .F.,(2,2),(-30.5,-18.5),.PIECEWISE_BEZIER_KNOTS.);
#1162 = CARTESIAN_POINT('',(6.,12.));
#1163 = CARTESIAN_POINT('',(6.,0.));
#1164 = ( GEOMETRIC_REPRESENTATION_CONTEXT(2) 
PARAMETRIC_REPRESENTATION_CONTEXT() REPRESENTATION_CONTEXT('2D SPACE',''
  ) );
#1165 = ORIENTED_EDGE('',*,*,#1166,.F.);
#1166 = EDGE_CURVE('',#1087,#1141,#1167,.T.);
#1167 = SURFACE_CURVE('',#1168,(#1172,#1178),.PCURVE_S1.);
#1168 = LINE('',#1169,#1170);
#1169 = CARTESIAN_POINT('',(49.,-2.,99.));
#1170 = VECTOR('',#1171,1.);
#1171 = DIRECTION('',(0.,1.,0.));
#1172 = PCURVE('',#43,#1173);
#1173 = DEFINITIONAL_REPRESENTATION('',(#1174),#1177);
#1174 = B_SPLINE_CURVE_WITH_KNOTS('',1,(#1175,#1176),.UNSPECIFIED.,.F.,
  .F.,(2,2),(-2.,6.),.PIECEWISE_BEZIER_KNOTS.);
#1175 = CARTESIAN_POINT('',(49.,-4.));
#1176 = CARTESIAN_POINT('',(49.,4.));
#1177 = ( GEOMETRIC_REPRESENTATION_CONTEXT(2) 
PARAMETRIC_REPRESENTATION_CONTEXT() REPRESENTATION_CONTEXT('2D SPACE',''
  ) );
#1178 = PCURVE('',#1179,#1184);
#1179 = PLANE('',#1180);
#1180 = AXIS2_PLACEMENT_3D('',#1181,#1182,#1183);
#1181 = CARTESIAN_POINT('',(49.,-4.,93.));
#1182 = DIRECTION('',(1.,0.,0.));
#1183 = DIRECTION('',(0.,0.,1.));
#1184 = DEFINITIONAL_REPRESENTATION('',(#1185),#1188);
#1185 = B_SPLINE_CURVE_WITH_KNOTS('',1,(#1186,#1187),.UNSPECIFIED.,.F.,
  .F.,(2,2),(-2.,6.),.PIECEWISE_BEZIER_KNOTS.);
#1186 = CARTESIAN_POINT('',(6.,0.));
#1187 = CARTESIAN_POINT('',(6.,-8.));
#1188 = ( GEOMETRIC_REPRESENTATION_CONTEXT(2) 
PARAMETRIC_REPRESENTATION_CONTEXT() REPRESENTATION_CONTEXT('2D SPACE',''
  ) );
#1189 = FACE_BOUND('',#1190,.T.);
#1190 = EDGE_LOOP('',(#1191));
#1191 = ORIENTED_EDGE('',*,*,#1192,.F.);
#1192 = EDGE_CURVE('',#1193,#1193,#1195,.T.);
#1193 = VERTEX_POINT('',#1194);
#1194 = CARTESIAN_POINT('',(34.290601930579,10.593064765882,99.));
#1195 = SURFACE_CURVE('',#1196,(#1201,#1208),.PCURVE_S1.);
#1196 = ELLIPSE('',#1197,2.44082551387,1.4);
#1197 = AXIS2_PLACEMENT_3D('',#1198,#1199,#1200);
#1198 = CARTESIAN_POINT('',(33.078166365281,11.293064765882,99.));
#1199 = DIRECTION('',(0.,0.,1.));
#1200 = DIRECTION('',(-0.5,-0.866025403784,0.));
#1201 = PCURVE('',#43,#1202);
#1202 = DEFINITIONAL_REPRESENTATION('',(#1203),#1207);
#1203 = ELLIPSE('',#1204,2.44082551387,1.4);
#1204 = AXIS2_PLACEMENT_2D('',#1205,#1206);
#1205 = CARTESIAN_POINT('',(33.078166365281,11.293064765882));
#1206 = DIRECTION('',(-0.5,-0.866025403784));
#1207 = ( GEOMETRIC_REPRESENTATION_CONTEXT(2) 
PARAMETRIC_REPRESENTATION_CONTEXT() REPRESENTATION_CONTEXT('2D SPACE',''
  ) );
#1208 = PCURVE('',#1209,#1214);
#1209 = CYLINDRICAL_SURFACE('',#1210,1.4);
#1210 = AXIS2_PLACEMENT_3D('',#1211,#1212,#1213);
#1211 = CARTESIAN_POINT('',(36.459845405171,17.150304677863,
    103.73575431107));
#1212 = DIRECTION('',(-0.409576022144,-0.709406479916,-0.573576436351));
#1213 = DIRECTION('',(0.866025403784,-0.5,5.551115123126E-17));
#1214 = DEFINITIONAL_REPRESENTATION('',(#1215),#1246);
#1215 = B_SPLINE_CURVE_WITH_KNOTS('',8,(#1216,#1217,#1218,#1219,#1220,
    #1221,#1222,#1223,#1224,#1225,#1226,#1227,#1228,#1229,#1230,#1231,
    #1232,#1233,#1234,#1235,#1236,#1237,#1238,#1239,#1240,#1241,#1242,
    #1243,#1244,#1245),.UNSPECIFIED.,.F.,.F.,(9,7,7,7,9),(1.570796326795
    ,3.14159265359,4.319689898686,6.08683576633,7.853981633974),
  .UNSPECIFIED.);
#1216 = CARTESIAN_POINT('',(6.28318530718,8.256535678491));
#1217 = CARTESIAN_POINT('',(6.08683576633,7.863952990947));
#1218 = CARTESIAN_POINT('',(5.890486225481,7.471370210186));
#1219 = CARTESIAN_POINT('',(5.69413668463,7.101851500454));
#1220 = CARTESIAN_POINT('',(5.497787143784,6.778456402935));
#1221 = CARTESIAN_POINT('',(5.30143760293,6.521414020142));
#1222 = CARTESIAN_POINT('',(5.105088062084,6.34522390221));
#1223 = CARTESIAN_POINT('',(4.908738521234,6.257128469052));
#1224 = CARTESIAN_POINT('',(4.565126824748,6.257128469052));
#1225 = CARTESIAN_POINT('',(4.41786466911,6.306682280975));
#1226 = CARTESIAN_POINT('',(4.270602513474,6.405788684099));
#1227 = CARTESIAN_POINT('',(4.123340357836,6.552158786265));
#1228 = CARTESIAN_POINT('',(3.976078202199,6.741201302646));
#1229 = CARTESIAN_POINT('',(3.828816046563,6.966310522514));
#1230 = CARTESIAN_POINT('',(3.681553890926,7.219371332507));
#1231 = CARTESIAN_POINT('',(3.313398501833,7.899432163458));
#1232 = CARTESIAN_POINT('',(3.092505268384,8.350136537329));
#1233 = CARTESIAN_POINT('',(2.871612034912,8.813167270866));
#1234 = CARTESIAN_POINT('',(2.650718801498,9.253757442297));
#1235 = CARTESIAN_POINT('',(2.429825567994,9.637384974965));
#1236 = CARTESIAN_POINT('',(2.208932334561,9.935845776856));
#1237 = CARTESIAN_POINT('',(1.9880391011,10.131362120743));
#1238 = CARTESIAN_POINT('',(1.546252634189,10.303687557338));
#1239 = CARTESIAN_POINT('',(1.325359400736,10.280496745404));
#1240 = CARTESIAN_POINT('',(1.104466167285,10.141547866129));
#1241 = CARTESIAN_POINT('',(0.883572933831,9.891809721521));
#1242 = CARTESIAN_POINT('',(0.662679700369,9.548662540321));
#1243 = CARTESIAN_POINT('',(0.441786466915,9.1398469699));
#1244 = CARTESIAN_POINT('',(0.220893233456,8.698191201978));
#1245 = CARTESIAN_POINT('',(2.04281036531E-14,8.256535678491));
#1246 = ( GEOMETRIC_REPRESENTATION_CONTEXT(2) 
PARAMETRIC_REPRESENTATION_CONTEXT() REPRESENTATION_CONTEXT('2D SPACE',''
  ) );
#1247 = FACE_BOUND('',#1248,.T.);
#1248 = EDGE_LOOP('',(#1249));
#1249 = ORIENTED_EDGE('',*,*,#1250,.F.);
#1250 = EDGE_CURVE('',#1251,#1251,#1253,.T.);
#1251 = VERTEX_POINT('',#1252);
#1252 = CARTESIAN_POINT('',(57.675625842204,32.,99.));
#1253 = SURFACE_CURVE('',#1254,(#1259,#1266),.PCURVE_S1.);
#1254 = CIRCLE('',#1255,2.25);
#1255 = AXIS2_PLACEMENT_3D('',#1256,#1257,#1258);
#1256 = CARTESIAN_POINT('',(55.425625842204,32.,99.));
#1257 = DIRECTION('',(0.,0.,1.));
#1258 = DIRECTION('',(1.,0.,-0.));
#1259 = PCURVE('',#43,#1260);
#1260 = DEFINITIONAL_REPRESENTATION('',(#1261),#1265);
#1261 = CIRCLE('',#1262,2.25);
#1262 = AXIS2_PLACEMENT_2D('',#1263,#1264);
#1263 = CARTESIAN_POINT('',(55.425625842204,32.));
#1264 = DIRECTION('',(1.,0.));
#1265 = ( GEOMETRIC_REPRESENTATION_CONTEXT(2) 
PARAMETRIC_REPRESENTATION_CONTEXT() REPRESENTATION_CONTEXT('2D SPACE',''
  ) );
#1266 = PCURVE('',#1267,#1272);
#1267 = CYLINDRICAL_SURFACE('',#1268,2.25);
#1268 = AXIS2_PLACEMENT_3D('',#1269,#1270,#1271);
#1269 = CARTESIAN_POINT('',(55.425625842204,32.,93.));
#1270 = DIRECTION('',(0.,0.,1.));
#1271 = DIRECTION('',(1.,0.,-0.));
#1272 = DEFINITIONAL_REPRESENTATION('',(#1273),#1277);
#1273 = LINE('',#1274,#1275);
#1274 = CARTESIAN_POINT('',(0.,6.));
#1275 = VECTOR('',#1276,1.);
#1276 = DIRECTION('',(1.,0.));
#1277 = ( GEOMETRIC_REPRESENTATION_CONTEXT(2) 
PARAMETRIC_REPRESENTATION_CONTEXT() REPRESENTATION_CONTEXT('2D SPACE',''
  ) );
#1278 = FACE_BOUND('',#1279,.T.);
#1279 = EDGE_LOOP('',(#1280));
#1280 = ORIENTED_EDGE('',*,*,#1281,.F.);
#1281 = EDGE_CURVE('',#1282,#1282,#1284,.T.);
#1282 = VERTEX_POINT('',#1283);
#1283 = CARTESIAN_POINT('',(2.25,64.,99.));
#1284 = SURFACE_CURVE('',#1285,(#1290,#1297),.PCURVE_S1.);
#1285 = CIRCLE('',#1286,2.25);
#1286 = AXIS2_PLACEMENT_3D('',#1287,#1288,#1289);
#1287 = CARTESIAN_POINT('',(3.918869757272E-15,64.,99.));
#1288 = DIRECTION('',(0.,0.,1.));
#1289 = DIRECTION('',(1.,0.,-0.));
#1290 = PCURVE('',#43,#1291);
#1291 = DEFINITIONAL_REPRESENTATION('',(#1292),#1296);
#1292 = CIRCLE('',#1293,2.25);
#1293 = AXIS2_PLACEMENT_2D('',#1294,#1295);
#1294 = CARTESIAN_POINT('',(3.918869757272E-15,64.));
#1295 = DIRECTION('',(1.,0.));
#1296 = ( GEOMETRIC_REPRESENTATION_CONTEXT(2) 
PARAMETRIC_REPRESENTATION_CONTEXT() REPRESENTATION_CONTEXT('2D SPACE',''
  ) );
#1297 = PCURVE('',#1298,#1303);
#1298 = CYLINDRICAL_SURFACE('',#1299,2.25);
#1299 = AXIS2_PLACEMENT_3D('',#1300,#1301,#1302);
#1300 = CARTESIAN_POINT('',(3.918869757272E-15,64.,93.));
#1301 = DIRECTION('',(0.,0.,1.));
#1302 = DIRECTION('',(1.,0.,-0.));
#1303 = DEFINITIONAL_REPRESENTATION('',(#1304),#1308);
#1304 = LINE('',#1305,#1306);
#1305 = CARTESIAN_POINT('',(0.,6.));
#1306 = VECTOR('',#1307,1.);
#1307 = DIRECTION('',(1.,0.));
#1308 = ( GEOMETRIC_REPRESENTATION_CONTEXT(2) 
PARAMETRIC_REPRESENTATION_CONTEXT() REPRESENTATION_CONTEXT('2D SPACE',''
  ) );
#1309 = ADVANCED_FACE('',(#1310,#1313,#1339,#1425,#1451,#1477,#1503,
    #2588,#2674,#2760,#2786),#93,.F.);
#1310 = FACE_BOUND('',#1311,.F.);
#1311 = EDGE_LOOP('',(#1312));
#1312 = ORIENTED_EDGE('',*,*,#78,.T.);
#1313 = FACE_BOUND('',#1314,.F.);
#1314 = EDGE_LOOP('',(#1315));
#1315 = ORIENTED_EDGE('',*,*,#1316,.F.);
#1316 = EDGE_CURVE('',#1317,#1317,#1319,.T.);
#1317 = VERTEX_POINT('',#1318);
#1318 = CARTESIAN_POINT('',(2.25,-64.,94.));
#1319 = SURFACE_CURVE('',#1320,(#1325,#1332),.PCURVE_S1.);
#1320 = CIRCLE('',#1321,2.25);
#1321 = AXIS2_PLACEMENT_3D('',#1322,#1323,#1324);
#1322 = CARTESIAN_POINT('',(-1.175660927181E-14,-64.,94.));
#1323 = DIRECTION('',(0.,0.,1.));
#1324 = DIRECTION('',(1.,0.,-0.));
#1325 = PCURVE('',#93,#1326);
#1326 = DEFINITIONAL_REPRESENTATION('',(#1327),#1331);
#1327 = CIRCLE('',#1328,2.25);
#1328 = AXIS2_PLACEMENT_2D('',#1329,#1330);
#1329 = CARTESIAN_POINT('',(-1.175660927181E-14,-64.));
#1330 = DIRECTION('',(1.,0.));
#1331 = ( GEOMETRIC_REPRESENTATION_CONTEXT(2) 
PARAMETRIC_REPRESENTATION_CONTEXT() REPRESENTATION_CONTEXT('2D SPACE',''
  ) );
#1332 = PCURVE('',#129,#1333);
#1333 = DEFINITIONAL_REPRESENTATION('',(#1334),#1338);
#1334 = LINE('',#1335,#1336);
#1335 = CARTESIAN_POINT('',(0.,1.));
#1336 = VECTOR('',#1337,1.);
#1337 = DIRECTION('',(1.,0.));
#1338 = ( GEOMETRIC_REPRESENTATION_CONTEXT(2) 
PARAMETRIC_REPRESENTATION_CONTEXT() REPRESENTATION_CONTEXT('2D SPACE',''
  ) );
#1339 = FACE_BOUND('',#1340,.F.);
#1340 = EDGE_LOOP('',(#1341,#1364,#1385,#1406));
#1341 = ORIENTED_EDGE('',*,*,#1342,.T.);
#1342 = EDGE_CURVE('',#1343,#1345,#1347,.T.);
#1343 = VERTEX_POINT('',#1344);
#1344 = CARTESIAN_POINT('',(-27.96410161513,-40.43524478543,94.));
#1345 = VERTEX_POINT('',#1346);
#1346 = CARTESIAN_POINT('',(-21.96410161513,-30.04293994002,94.));
#1347 = SURFACE_CURVE('',#1348,(#1352,#1358),.PCURVE_S1.);
#1348 = LINE('',#1349,#1350);
#1349 = CARTESIAN_POINT('',(-12.71410161513,-14.02146997001,94.));
#1350 = VECTOR('',#1351,1.);
#1351 = DIRECTION('',(0.5,0.866025403784,-0.));
#1352 = PCURVE('',#93,#1353);
#1353 = DEFINITIONAL_REPRESENTATION('',(#1354),#1357);
#1354 = B_SPLINE_CURVE_WITH_KNOTS('',1,(#1355,#1356),.UNSPECIFIED.,.F.,
  .F.,(2,2),(-30.5,-18.5),.PIECEWISE_BEZIER_KNOTS.);
#1355 = CARTESIAN_POINT('',(-27.96410161513,-40.43524478543));
#1356 = CARTESIAN_POINT('',(-21.96410161513,-30.04293994002));
#1357 = ( GEOMETRIC_REPRESENTATION_CONTEXT(2) 
PARAMETRIC_REPRESENTATION_CONTEXT() REPRESENTATION_CONTEXT('2D SPACE',''
  ) );
#1358 = PCURVE('',#160,#1359);
#1359 = DEFINITIONAL_REPRESENTATION('',(#1360),#1363);
#1360 = B_SPLINE_CURVE_WITH_KNOTS('',1,(#1361,#1362),.UNSPECIFIED.,.F.,
  .F.,(2,2),(-30.5,-18.5),.PIECEWISE_BEZIER_KNOTS.);
#1361 = CARTESIAN_POINT('',(1.,12.));
#1362 = CARTESIAN_POINT('',(1.,0.));
#1363 = ( GEOMETRIC_REPRESENTATION_CONTEXT(2) 
PARAMETRIC_REPRESENTATION_CONTEXT() REPRESENTATION_CONTEXT('2D SPACE',''
  ) );
#1364 = ORIENTED_EDGE('',*,*,#1365,.T.);
#1365 = EDGE_CURVE('',#1345,#1366,#1368,.T.);
#1366 = VERTEX_POINT('',#1367);
#1367 = CARTESIAN_POINT('',(-15.03589838486,-34.04293994002,94.));
#1368 = SURFACE_CURVE('',#1369,(#1373,#1379),.PCURVE_S1.);
#1369 = LINE('',#1370,#1371);
#1370 = CARTESIAN_POINT('',(-20.23205080756,-31.04293994002,94.));
#1371 = VECTOR('',#1372,1.);
#1372 = DIRECTION('',(0.866025403784,-0.5,0.));
#1373 = PCURVE('',#93,#1374);
#1374 = DEFINITIONAL_REPRESENTATION('',(#1375),#1378);
#1375 = B_SPLINE_CURVE_WITH_KNOTS('',1,(#1376,#1377),.UNSPECIFIED.,.F.,
  .F.,(2,2),(-2.,6.),.PIECEWISE_BEZIER_KNOTS.);
#1376 = CARTESIAN_POINT('',(-21.96410161513,-30.04293994002));
#1377 = CARTESIAN_POINT('',(-15.03589838486,-34.04293994002));
#1378 = ( GEOMETRIC_REPRESENTATION_CONTEXT(2) 
PARAMETRIC_REPRESENTATION_CONTEXT() REPRESENTATION_CONTEXT('2D SPACE',''
  ) );
#1379 = PCURVE('',#186,#1380);
#1380 = DEFINITIONAL_REPRESENTATION('',(#1381),#1384);
#1381 = B_SPLINE_CURVE_WITH_KNOTS('',1,(#1382,#1383),.UNSPECIFIED.,.F.,
  .F.,(2,2),(-2.,6.),.PIECEWISE_BEZIER_KNOTS.);
#1382 = CARTESIAN_POINT('',(1.,0.));
#1383 = CARTESIAN_POINT('',(1.,-8.));
#1384 = ( GEOMETRIC_REPRESENTATION_CONTEXT(2) 
PARAMETRIC_REPRESENTATION_CONTEXT() REPRESENTATION_CONTEXT('2D SPACE',''
  ) );
#1385 = ORIENTED_EDGE('',*,*,#1386,.F.);
#1386 = EDGE_CURVE('',#1387,#1366,#1389,.T.);
#1387 = VERTEX_POINT('',#1388);
#1388 = CARTESIAN_POINT('',(-21.03589838486,-44.43524478543,94.));
#1389 = SURFACE_CURVE('',#1390,(#1394,#1400),.PCURVE_S1.);
#1390 = LINE('',#1391,#1392);
#1391 = CARTESIAN_POINT('',(-5.785898384862,-18.02146997001,94.));
#1392 = VECTOR('',#1393,1.);
#1393 = DIRECTION('',(0.5,0.866025403784,-0.));
#1394 = PCURVE('',#93,#1395);
#1395 = DEFINITIONAL_REPRESENTATION('',(#1396),#1399);
#1396 = B_SPLINE_CURVE_WITH_KNOTS('',1,(#1397,#1398),.UNSPECIFIED.,.F.,
  .F.,(2,2),(-30.5,-18.5),.PIECEWISE_BEZIER_KNOTS.);
#1397 = CARTESIAN_POINT('',(-21.03589838486,-44.43524478543));
#1398 = CARTESIAN_POINT('',(-15.03589838486,-34.04293994002));
#1399 = ( GEOMETRIC_REPRESENTATION_CONTEXT(2) 
PARAMETRIC_REPRESENTATION_CONTEXT() REPRESENTATION_CONTEXT('2D SPACE',''
  ) );
#1400 = PCURVE('',#212,#1401);
#1401 = DEFINITIONAL_REPRESENTATION('',(#1402),#1405);
#1402 = B_SPLINE_CURVE_WITH_KNOTS('',1,(#1403,#1404),.UNSPECIFIED.,.F.,
  .F.,(2,2),(-30.5,-18.5),.PIECEWISE_BEZIER_KNOTS.);
#1403 = CARTESIAN_POINT('',(1.,12.));
#1404 = CARTESIAN_POINT('',(1.,0.));
#1405 = ( GEOMETRIC_REPRESENTATION_CONTEXT(2) 
PARAMETRIC_REPRESENTATION_CONTEXT() REPRESENTATION_CONTEXT('2D SPACE',''
  ) );
#1406 = ORIENTED_EDGE('',*,*,#1407,.F.);
#1407 = EDGE_CURVE('',#1343,#1387,#1408,.T.);
#1408 = SURFACE_CURVE('',#1409,(#1413,#1419),.PCURVE_S1.);
#1409 = LINE('',#1410,#1411);
#1410 = CARTESIAN_POINT('',(-26.23205080756,-41.43524478543,94.));
#1411 = VECTOR('',#1412,1.);
#1412 = DIRECTION('',(0.866025403784,-0.5,0.));
#1413 = PCURVE('',#93,#1414);
#1414 = DEFINITIONAL_REPRESENTATION('',(#1415),#1418);
#1415 = B_SPLINE_CURVE_WITH_KNOTS('',1,(#1416,#1417),.UNSPECIFIED.,.F.,
  .F.,(2,2),(-2.,6.),.PIECEWISE_BEZIER_KNOTS.);
#1416 = CARTESIAN_POINT('',(-27.96410161513,-40.43524478543));
#1417 = CARTESIAN_POINT('',(-21.03589838486,-44.43524478543));
#1418 = ( GEOMETRIC_REPRESENTATION_CONTEXT(2) 
PARAMETRIC_REPRESENTATION_CONTEXT() REPRESENTATION_CONTEXT('2D SPACE',''
  ) );
#1419 = PCURVE('',#236,#1420);
#1420 = DEFINITIONAL_REPRESENTATION('',(#1421),#1424);
#1421 = B_SPLINE_CURVE_WITH_KNOTS('',1,(#1422,#1423),.UNSPECIFIED.,.F.,
  .F.,(2,2),(-2.,6.),.PIECEWISE_BEZIER_KNOTS.);
#1422 = CARTESIAN_POINT('',(1.,0.));
#1423 = CARTESIAN_POINT('',(1.,-8.));
#1424 = ( GEOMETRIC_REPRESENTATION_CONTEXT(2) 
PARAMETRIC_REPRESENTATION_CONTEXT() REPRESENTATION_CONTEXT('2D SPACE',''
  ) );
#1425 = FACE_BOUND('',#1426,.F.);
#1426 = EDGE_LOOP('',(#1427));
#1427 = ORIENTED_EDGE('',*,*,#1428,.F.);
#1428 = EDGE_CURVE('',#1429,#1429,#1431,.T.);
#1429 = VERTEX_POINT('',#1430);
#1430 = CARTESIAN_POINT('',(-53.1756258422,-32.,94.));
#1431 = SURFACE_CURVE('',#1432,(#1437,#1444),.PCURVE_S1.);
#1432 = CIRCLE('',#1433,2.25);
#1433 = AXIS2_PLACEMENT_3D('',#1434,#1435,#1436);
#1434 = CARTESIAN_POINT('',(-55.4256258422,-32.,94.));
#1435 = DIRECTION('',(0.,0.,1.));
#1436 = DIRECTION('',(1.,0.,-0.));
#1437 = PCURVE('',#93,#1438);
#1438 = DEFINITIONAL_REPRESENTATION('',(#1439),#1443);
#1439 = CIRCLE('',#1440,2.25);
#1440 = AXIS2_PLACEMENT_2D('',#1441,#1442);
#1441 = CARTESIAN_POINT('',(-55.4256258422,-32.));
#1442 = DIRECTION('',(1.,0.));
#1443 = ( GEOMETRIC_REPRESENTATION_CONTEXT(2) 
PARAMETRIC_REPRESENTATION_CONTEXT() REPRESENTATION_CONTEXT('2D SPACE',''
  ) );
#1444 = PCURVE('',#324,#1445);
#1445 = DEFINITIONAL_REPRESENTATION('',(#1446),#1450);
#1446 = LINE('',#1447,#1448);
#1447 = CARTESIAN_POINT('',(0.,1.));
#1448 = VECTOR('',#1449,1.);
#1449 = DIRECTION('',(1.,0.));
#1450 = ( GEOMETRIC_REPRESENTATION_CONTEXT(2) 
PARAMETRIC_REPRESENTATION_CONTEXT() REPRESENTATION_CONTEXT('2D SPACE',''
  ) );
#1451 = FACE_BOUND('',#1452,.F.);
#1452 = EDGE_LOOP('',(#1453));
#1453 = ORIENTED_EDGE('',*,*,#1454,.F.);
#1454 = EDGE_CURVE('',#1455,#1455,#1457,.T.);
#1455 = VERTEX_POINT('',#1456);
#1456 = CARTESIAN_POINT('',(57.675625842204,-32.,94.));
#1457 = SURFACE_CURVE('',#1458,(#1463,#1470),.PCURVE_S1.);
#1458 = CIRCLE('',#1459,2.25);
#1459 = AXIS2_PLACEMENT_3D('',#1460,#1461,#1462);
#1460 = CARTESIAN_POINT('',(55.425625842204,-32.,94.));
#1461 = DIRECTION('',(0.,0.,1.));
#1462 = DIRECTION('',(1.,0.,-0.));
#1463 = PCURVE('',#93,#1464);
#1464 = DEFINITIONAL_REPRESENTATION('',(#1465),#1469);
#1465 = CIRCLE('',#1466,2.25);
#1466 = AXIS2_PLACEMENT_2D('',#1467,#1468);
#1467 = CARTESIAN_POINT('',(55.425625842204,-32.));
#1468 = DIRECTION('',(1.,0.));
#1469 = ( GEOMETRIC_REPRESENTATION_CONTEXT(2) 
PARAMETRIC_REPRESENTATION_CONTEXT() REPRESENTATION_CONTEXT('2D SPACE',''
  ) );
#1470 = PCURVE('',#587,#1471);
#1471 = DEFINITIONAL_REPRESENTATION('',(#1472),#1476);
#1472 = LINE('',#1473,#1474);
#1473 = CARTESIAN_POINT('',(0.,1.));
#1474 = VECTOR('',#1475,1.);
#1475 = DIRECTION('',(1.,0.));
#1476 = ( GEOMETRIC_REPRESENTATION_CONTEXT(2) 
PARAMETRIC_REPRESENTATION_CONTEXT() REPRESENTATION_CONTEXT('2D SPACE',''
  ) );
#1477 = FACE_BOUND('',#1478,.F.);
#1478 = EDGE_LOOP('',(#1479));
#1479 = ORIENTED_EDGE('',*,*,#1480,.F.);
#1480 = EDGE_CURVE('',#1481,#1481,#1483,.T.);
#1481 = VERTEX_POINT('',#1482);
#1482 = CARTESIAN_POINT('',(-53.1756258422,32.,94.));
#1483 = SURFACE_CURVE('',#1484,(#1489,#1496),.PCURVE_S1.);
#1484 = CIRCLE('',#1485,2.25);
#1485 = AXIS2_PLACEMENT_3D('',#1486,#1487,#1488);
#1486 = CARTESIAN_POINT('',(-55.4256258422,32.,94.));
#1487 = DIRECTION('',(0.,0.,1.));
#1488 = DIRECTION('',(1.,0.,-0.));
#1489 = PCURVE('',#93,#1490);
#1490 = DEFINITIONAL_REPRESENTATION('',(#1491),#1495);
#1491 = CIRCLE('',#1492,2.25);
#1492 = AXIS2_PLACEMENT_2D('',#1493,#1494);
#1493 = CARTESIAN_POINT('',(-55.4256258422,32.));
#1494 = DIRECTION('',(1.,0.));
#1495 = ( GEOMETRIC_REPRESENTATION_CONTEXT(2) 
PARAMETRIC_REPRESENTATION_CONTEXT() REPRESENTATION_CONTEXT('2D SPACE',''
  ) );
#1496 = PCURVE('',#676,#1497);
#1497 = DEFINITIONAL_REPRESENTATION('',(#1498),#1502);
#1498 = LINE('',#1499,#1500);
#1499 = CARTESIAN_POINT('',(0.,1.));
#1500 = VECTOR('',#1501,1.);
#1501 = DIRECTION('',(1.,0.));
#1502 = ( GEOMETRIC_REPRESENTATION_CONTEXT(2) 
PARAMETRIC_REPRESENTATION_CONTEXT() REPRESENTATION_CONTEXT('2D SPACE',''
  ) );
#1503 = FACE_BOUND('',#1504,.F.);
#1504 = EDGE_LOOP('',(#1505,#1533,#1559,#1585,#1611,#1637,#1688,#1739,
    #1765,#1791,#1842,#1868,#1894,#1920,#1946,#1972,#1998,#2049,#2100,
    #2126,#2152,#2203,#2229,#2255,#2281,#2307,#2333,#2359,#2410,#2461,
    #2487,#2513,#2564));
#1505 = ORIENTED_EDGE('',*,*,#1506,.F.);
#1506 = EDGE_CURVE('',#1507,#1509,#1511,.T.);
#1507 = VERTEX_POINT('',#1508);
#1508 = CARTESIAN_POINT('',(17.433958585277,-27.5,94.));
#1509 = VERTEX_POINT('',#1510);
#1510 = CARTESIAN_POINT('',(17.433958585277,-24.80349795324,94.));
#1511 = SURFACE_CURVE('',#1512,(#1516,#1522),.PCURVE_S1.);
#1512 = LINE('',#1513,#1514);
#1513 = CARTESIAN_POINT('',(17.433958585277,-13.75,94.));
#1514 = VECTOR('',#1515,1.);
#1515 = DIRECTION('',(0.,1.,0.));
#1516 = PCURVE('',#93,#1517);
#1517 = DEFINITIONAL_REPRESENTATION('',(#1518),#1521);
#1518 = B_SPLINE_CURVE_WITH_KNOTS('',1,(#1519,#1520),.UNSPECIFIED.,.F.,
  .F.,(2,2),(-13.75,41.25),.PIECEWISE_BEZIER_KNOTS.);
#1519 = CARTESIAN_POINT('',(17.433958585277,-27.5));
#1520 = CARTESIAN_POINT('',(17.433958585277,27.5));
#1521 = ( GEOMETRIC_REPRESENTATION_CONTEXT(2) 
PARAMETRIC_REPRESENTATION_CONTEXT() REPRESENTATION_CONTEXT('2D SPACE',''
  ) );
#1522 = PCURVE('',#1523,#1528);
#1523 = PLANE('',#1524);
#1524 = AXIS2_PLACEMENT_3D('',#1525,#1526,#1527);
#1525 = CARTESIAN_POINT('',(-0.558615965661,-27.5,106.59853633236));
#1526 = DIRECTION('',(0.573576436351,0.,0.819152044289));
#1527 = DIRECTION('',(0.819152044289,0.,-0.573576436351));
#1528 = DEFINITIONAL_REPRESENTATION('',(#1529),#1532);
#1529 = B_SPLINE_CURVE_WITH_KNOTS('',1,(#1530,#1531),.UNSPECIFIED.,.F.,
  .F.,(2,2),(-13.75,41.25),.PIECEWISE_BEZIER_KNOTS.);
#1530 = CARTESIAN_POINT('',(21.964877798181,0.));
#1531 = CARTESIAN_POINT('',(21.964877798181,55.));
#1532 = ( GEOMETRIC_REPRESENTATION_CONTEXT(2) 
PARAMETRIC_REPRESENTATION_CONTEXT() REPRESENTATION_CONTEXT('2D SPACE',''
  ) );
#1533 = ORIENTED_EDGE('',*,*,#1534,.T.);
#1534 = EDGE_CURVE('',#1507,#1535,#1537,.T.);
#1535 = VERTEX_POINT('',#1536);
#1536 = CARTESIAN_POINT('',(15.877132402715,-27.5,94.));
#1537 = SURFACE_CURVE('',#1538,(#1542,#1548),.PCURVE_S1.);
#1538 = LINE('',#1539,#1540);
#1539 = CARTESIAN_POINT('',(-7.735801655394,-27.5,94.));
#1540 = VECTOR('',#1541,1.);
#1541 = DIRECTION('',(-1.,0.,0.));
#1542 = PCURVE('',#93,#1543);
#1543 = DEFINITIONAL_REPRESENTATION('',(#1544),#1547);
#1544 = B_SPLINE_CURVE_WITH_KNOTS('',1,(#1545,#1546),.UNSPECIFIED.,.F.,
  .F.,(2,2),(-25.16976024067,1.644404420599),.PIECEWISE_BEZIER_KNOTS.);
#1545 = CARTESIAN_POINT('',(17.433958585277,-27.5));
#1546 = CARTESIAN_POINT('',(-9.380206075993,-27.5));
#1547 = ( GEOMETRIC_REPRESENTATION_CONTEXT(2) 
PARAMETRIC_REPRESENTATION_CONTEXT() REPRESENTATION_CONTEXT('2D SPACE',''
  ) );
#1548 = PCURVE('',#1549,#1554);
#1549 = PLANE('',#1550);
#1550 = AXIS2_PLACEMENT_3D('',#1551,#1552,#1553);
#1551 = CARTESIAN_POINT('',(-15.47160331078,-27.5,85.300583180853));
#1552 = DIRECTION('',(0.,1.,0.));
#1553 = DIRECTION('',(0.819152044289,0.,-0.573576436351));
#1554 = DEFINITIONAL_REPRESENTATION('',(#1555),#1558);
#1555 = B_SPLINE_CURVE_WITH_KNOTS('',1,(#1556,#1557),.UNSPECIFIED.,.F.,
  .F.,(2,2),(-25.16976024067,1.644404420599),.PIECEWISE_BEZIER_KNOTS.);
#1556 = CARTESIAN_POINT('',(21.964877798181,-26.));
#1557 = CARTESIAN_POINT('',(4.440892098501E-16,-10.62002698985));
#1558 = ( GEOMETRIC_REPRESENTATION_CONTEXT(2) 
PARAMETRIC_REPRESENTATION_CONTEXT() REPRESENTATION_CONTEXT('2D SPACE',''
  ) );
#1559 = ORIENTED_EDGE('',*,*,#1560,.F.);
#1560 = EDGE_CURVE('',#1561,#1535,#1563,.T.);
#1561 = VERTEX_POINT('',#1562);
#1562 = CARTESIAN_POINT('',(15.098719311434,-28.84825102337,94.));
#1563 = SURFACE_CURVE('',#1564,(#1568,#1574),.PCURVE_S1.);
#1564 = LINE('',#1565,#1566);
#1565 = CARTESIAN_POINT('',(27.683599431769,-7.050599247791,94.));
#1566 = VECTOR('',#1567,1.);
#1567 = DIRECTION('',(0.5,0.866025403784,-0.));
#1568 = PCURVE('',#93,#1569);
#1569 = DEFINITIONAL_REPRESENTATION('',(#1570),#1573);
#1570 = B_SPLINE_CURVE_WITH_KNOTS('',1,(#1571,#1572),.UNSPECIFIED.,.F.,
  .F.,(2,2),(-25.16976024067,1.644404420599),.PIECEWISE_BEZIER_KNOTS.);
#1571 = CARTESIAN_POINT('',(15.098719311434,-28.84825102337));
#1572 = CARTESIAN_POINT('',(28.505801642069,-5.626503245457));
#1573 = ( GEOMETRIC_REPRESENTATION_CONTEXT(2) 
PARAMETRIC_REPRESENTATION_CONTEXT() REPRESENTATION_CONTEXT('2D SPACE',''
  ) );
#1574 = PCURVE('',#1575,#1580);
#1575 = PLANE('',#1576);
#1576 = AXIS2_PLACEMENT_3D('',#1577,#1578,#1579);
#1577 = CARTESIAN_POINT('',(31.551500259466,-0.351198495582,
    85.300583180853));
#1578 = DIRECTION('',(0.866025403784,-0.5,5.551115123126E-17));
#1579 = DIRECTION('',(-0.409576022144,-0.709406479916,-0.573576436351));
#1580 = DEFINITIONAL_REPRESENTATION('',(#1581),#1584);
#1581 = B_SPLINE_CURVE_WITH_KNOTS('',1,(#1582,#1583),.UNSPECIFIED.,.F.,
  .F.,(2,2),(-25.16976024067,1.644404420599),.PIECEWISE_BEZIER_KNOTS.);
#1582 = CARTESIAN_POINT('',(21.964877798181,-26.));
#1583 = CARTESIAN_POINT('',(4.440892098501E-16,-10.62002698985));
#1584 = ( GEOMETRIC_REPRESENTATION_CONTEXT(2) 
PARAMETRIC_REPRESENTATION_CONTEXT() REPRESENTATION_CONTEXT('2D SPACE',''
  ) );
#1585 = ORIENTED_EDGE('',*,*,#1586,.F.);
#1586 = EDGE_CURVE('',#1587,#1561,#1589,.T.);
#1587 = VERTEX_POINT('',#1588);
#1588 = CARTESIAN_POINT('',(12.763480037591,-27.5,94.));
#1589 = SURFACE_CURVE('',#1590,(#1594,#1600),.PCURVE_S1.);
#1590 = LINE('',#1591,#1592);
#1591 = CARTESIAN_POINT('',(-20.62482859467,-8.223251023375,94.));
#1592 = VECTOR('',#1593,1.);
#1593 = DIRECTION('',(0.866025403784,-0.5,0.));
#1594 = PCURVE('',#93,#1595);
#1595 = DEFINITIONAL_REPRESENTATION('',(#1596),#1599);
#1596 = B_SPLINE_CURVE_WITH_KNOTS('',1,(#1597,#1598),.UNSPECIFIED.,.F.,
  .F.,(2,2),(-13.75,41.25),.PIECEWISE_BEZIER_KNOTS.);
#1597 = CARTESIAN_POINT('',(-32.53267789671,-1.348251023375));
#1598 = CARTESIAN_POINT('',(15.098719311434,-28.84825102337));
#1599 = ( GEOMETRIC_REPRESENTATION_CONTEXT(2) 
PARAMETRIC_REPRESENTATION_CONTEXT() REPRESENTATION_CONTEXT('2D SPACE',''
  ) );
#1600 = PCURVE('',#1601,#1606);
#1601 = PLANE('',#1602);
#1602 = AXIS2_PLACEMENT_3D('',#1603,#1604,#1605);
#1603 = CARTESIAN_POINT('',(-23.53639062124,14.233775617222,
    106.59853633236));
#1604 = DIRECTION('',(-0.286788218176,-0.496731764892,0.819152044289));
#1605 = DIRECTION('',(-0.409576022144,-0.709406479916,-0.573576436351));
#1606 = DEFINITIONAL_REPRESENTATION('',(#1607),#1610);
#1607 = B_SPLINE_CURVE_WITH_KNOTS('',1,(#1608,#1609),.UNSPECIFIED.,.F.,
  .F.,(2,2),(-13.75,41.25),.PIECEWISE_BEZIER_KNOTS.);
#1608 = CARTESIAN_POINT('',(21.964877798181,0.));
#1609 = CARTESIAN_POINT('',(21.964877798181,55.));
#1610 = ( GEOMETRIC_REPRESENTATION_CONTEXT(2) 
PARAMETRIC_REPRESENTATION_CONTEXT() REPRESENTATION_CONTEXT('2D SPACE',''
  ) );
#1611 = ORIENTED_EDGE('',*,*,#1612,.T.);
#1612 = EDGE_CURVE('',#1587,#1613,#1615,.T.);
#1613 = VERTEX_POINT('',#1614);
#1614 = CARTESIAN_POINT('',(-9.065876841429,-27.5,94.));
#1615 = SURFACE_CURVE('',#1616,(#1620,#1626),.PCURVE_S1.);
#1616 = LINE('',#1617,#1618);
#1617 = CARTESIAN_POINT('',(-7.735801655394,-27.5,94.));
#1618 = VECTOR('',#1619,1.);
#1619 = DIRECTION('',(-1.,0.,0.));
#1620 = PCURVE('',#93,#1621);
#1621 = DEFINITIONAL_REPRESENTATION('',(#1622),#1625);
#1622 = B_SPLINE_CURVE_WITH_KNOTS('',1,(#1623,#1624),.UNSPECIFIED.,.F.,
  .F.,(2,2),(-25.16976024067,1.644404420599),.PIECEWISE_BEZIER_KNOTS.);
#1623 = CARTESIAN_POINT('',(17.433958585277,-27.5));
#1624 = CARTESIAN_POINT('',(-9.380206075993,-27.5));
#1625 = ( GEOMETRIC_REPRESENTATION_CONTEXT(2) 
PARAMETRIC_REPRESENTATION_CONTEXT() REPRESENTATION_CONTEXT('2D SPACE',''
  ) );
#1626 = PCURVE('',#1627,#1632);
#1627 = PLANE('',#1628);
#1628 = AXIS2_PLACEMENT_3D('',#1629,#1630,#1631);
#1629 = CARTESIAN_POINT('',(-15.47160331078,-27.5,85.300583180853));
#1630 = DIRECTION('',(0.,1.,0.));
#1631 = DIRECTION('',(0.819152044289,0.,-0.573576436351));
#1632 = DEFINITIONAL_REPRESENTATION('',(#1633),#1636);
#1633 = B_SPLINE_CURVE_WITH_KNOTS('',1,(#1634,#1635),.UNSPECIFIED.,.F.,
  .F.,(2,2),(-25.16976024067,1.644404420599),.PIECEWISE_BEZIER_KNOTS.);
#1634 = CARTESIAN_POINT('',(21.964877798181,-26.));
#1635 = CARTESIAN_POINT('',(4.440892098501E-16,-10.62002698985));
#1636 = ( GEOMETRIC_REPRESENTATION_CONTEXT(2) 
PARAMETRIC_REPRESENTATION_CONTEXT() REPRESENTATION_CONTEXT('2D SPACE',''
  ) );
#1637 = ORIENTED_EDGE('',*,*,#1638,.F.);
#1638 = EDGE_CURVE('',#1639,#1613,#1641,.T.);
#1639 = VERTEX_POINT('',#1640);
#1640 = CARTESIAN_POINT('',(-11.54180779095,-28.80900249486,94.));
#1641 = SURFACE_CURVE('',#1642,(#1647,#1654),.PCURVE_S1.);
#1642 = ELLIPSE('',#1643,2.44082551387,1.4);
#1643 = AXIS2_PLACEMENT_3D('',#1644,#1645,#1646);
#1644 = CARTESIAN_POINT('',(-10.32937222565,-28.10900249486,94.));
#1645 = DIRECTION('',(0.,0.,1.));
#1646 = DIRECTION('',(-0.5,0.866025403784,0.));
#1647 = PCURVE('',#93,#1648);
#1648 = DEFINITIONAL_REPRESENTATION('',(#1649),#1653);
#1649 = ELLIPSE('',#1650,2.44082551387,1.4);
#1650 = AXIS2_PLACEMENT_2D('',#1651,#1652);
#1651 = CARTESIAN_POINT('',(-10.32937222565,-28.10900249486));
#1652 = DIRECTION('',(-0.5,0.866025403784));
#1653 = ( GEOMETRIC_REPRESENTATION_CONTEXT(2) 
PARAMETRIC_REPRESENTATION_CONTEXT() REPRESENTATION_CONTEXT('2D SPACE',''
  ) );
#1654 = PCURVE('',#266,#1655);
#1655 = DEFINITIONAL_REPRESENTATION('',(#1656),#1687);
#1656 = B_SPLINE_CURVE_WITH_KNOTS('',8,(#1657,#1658,#1659,#1660,#1661,
    #1662,#1663,#1664,#1665,#1666,#1667,#1668,#1669,#1670,#1671,#1672,
    #1673,#1674,#1675,#1676,#1677,#1678,#1679,#1680,#1681,#1682,#1683,
    #1684,#1685,#1686),.UNSPECIFIED.,.F.,.F.,(9,7,7,7,9),(1.570796326795
    ,3.14159265359,4.319689898686,6.08683576633,7.853981633974),
  .UNSPECIFIED.);
#1657 = CARTESIAN_POINT('',(6.28318530718,16.973769656596));
#1658 = CARTESIAN_POINT('',(6.08683576633,16.581186969052));
#1659 = CARTESIAN_POINT('',(5.890486225482,16.188604188323));
#1660 = CARTESIAN_POINT('',(5.694136684627,15.819085478455));
#1661 = CARTESIAN_POINT('',(5.497787143789,15.495690381125));
#1662 = CARTESIAN_POINT('',(5.301437602928,15.238647998172));
#1663 = CARTESIAN_POINT('',(5.105088062085,15.062457880342));
#1664 = CARTESIAN_POINT('',(4.908738521234,14.974362447157));
#1665 = CARTESIAN_POINT('',(4.565126824748,14.974362447157));
#1666 = CARTESIAN_POINT('',(4.41786466911,15.023916259079));
#1667 = CARTESIAN_POINT('',(4.270602513473,15.123022662211));
#1668 = CARTESIAN_POINT('',(4.123340357836,15.269392764373));
#1669 = CARTESIAN_POINT('',(3.976078202199,15.458435280748));
#1670 = CARTESIAN_POINT('',(3.828816046563,15.683544500621));
#1671 = CARTESIAN_POINT('',(3.681553890926,15.936605310612));
#1672 = CARTESIAN_POINT('',(3.313398501833,16.616666141563));
#1673 = CARTESIAN_POINT('',(3.092505268377,17.067370515413));
#1674 = CARTESIAN_POINT('',(2.871612034928,17.530401249067));
#1675 = CARTESIAN_POINT('',(2.650718801472,17.970991420356));
#1676 = CARTESIAN_POINT('',(2.429825568018,18.354618953097));
#1677 = CARTESIAN_POINT('',(2.208932334555,18.653079754939));
#1678 = CARTESIAN_POINT('',(1.9880391011,18.848596098849));
#1679 = CARTESIAN_POINT('',(1.546252634189,19.020921535444));
#1680 = CARTESIAN_POINT('',(1.325359400737,18.997730723528));
#1681 = CARTESIAN_POINT('',(1.104466167311,18.858781844203));
#1682 = CARTESIAN_POINT('',(0.88357293382,18.609043699573));
#1683 = CARTESIAN_POINT('',(0.662679700388,18.265896518395));
#1684 = CARTESIAN_POINT('',(0.441786466911,17.857080948008));
#1685 = CARTESIAN_POINT('',(0.220893233456,17.415425180084));
#1686 = CARTESIAN_POINT('',(9.769962616701E-15,16.973769656596));
#1687 = ( GEOMETRIC_REPRESENTATION_CONTEXT(2) 
PARAMETRIC_REPRESENTATION_CONTEXT() REPRESENTATION_CONTEXT('2D SPACE',''
  ) );
#1688 = ORIENTED_EDGE('',*,*,#1689,.F.);
#1689 = EDGE_CURVE('',#1690,#1639,#1692,.T.);
#1690 = VERTEX_POINT('',#1691);
#1691 = CARTESIAN_POINT('',(-9.380206075993,-27.00752695301,94.));
#1692 = SURFACE_CURVE('',#1693,(#1698,#1705),.PCURVE_S1.);
#1693 = ELLIPSE('',#1694,2.44082551387,1.4);
#1694 = AXIS2_PLACEMENT_3D('',#1695,#1696,#1697);
#1695 = CARTESIAN_POINT('',(-10.32937222565,-28.10900249486,94.));
#1696 = DIRECTION('',(0.,0.,1.));
#1697 = DIRECTION('',(-0.5,0.866025403784,0.));
#1698 = PCURVE('',#93,#1699);
#1699 = DEFINITIONAL_REPRESENTATION('',(#1700),#1704);
#1700 = ELLIPSE('',#1701,2.44082551387,1.4);
#1701 = AXIS2_PLACEMENT_2D('',#1702,#1703);
#1702 = CARTESIAN_POINT('',(-10.32937222565,-28.10900249486));
#1703 = DIRECTION('',(-0.5,0.866025403784));
#1704 = ( GEOMETRIC_REPRESENTATION_CONTEXT(2) 
PARAMETRIC_REPRESENTATION_CONTEXT() REPRESENTATION_CONTEXT('2D SPACE',''
  ) );
#1705 = PCURVE('',#266,#1706);
#1706 = DEFINITIONAL_REPRESENTATION('',(#1707),#1738);
#1707 = B_SPLINE_CURVE_WITH_KNOTS('',8,(#1708,#1709,#1710,#1711,#1712,
    #1713,#1714,#1715,#1716,#1717,#1718,#1719,#1720,#1721,#1722,#1723,
    #1724,#1725,#1726,#1727,#1728,#1729,#1730,#1731,#1732,#1733,#1734,
    #1735,#1736,#1737),.UNSPECIFIED.,.F.,.F.,(9,7,7,7,9),(1.570796326795
    ,3.14159265359,4.319689898686,6.08683576633,7.853981633974),
  .UNSPECIFIED.);
#1708 = CARTESIAN_POINT('',(6.28318530718,16.973769656596));
#1709 = CARTESIAN_POINT('',(6.08683576633,16.581186969052));
#1710 = CARTESIAN_POINT('',(5.890486225482,16.188604188323));
#1711 = CARTESIAN_POINT('',(5.694136684627,15.819085478455));
#1712 = CARTESIAN_POINT('',(5.497787143789,15.495690381125));
#1713 = CARTESIAN_POINT('',(5.301437602928,15.238647998172));
#1714 = CARTESIAN_POINT('',(5.105088062085,15.062457880342));
#1715 = CARTESIAN_POINT('',(4.908738521234,14.974362447157));
#1716 = CARTESIAN_POINT('',(4.565126824748,14.974362447157));
#1717 = CARTESIAN_POINT('',(4.41786466911,15.023916259079));
#1718 = CARTESIAN_POINT('',(4.270602513473,15.123022662211));
#1719 = CARTESIAN_POINT('',(4.123340357836,15.269392764373));
#1720 = CARTESIAN_POINT('',(3.976078202199,15.458435280748));
#1721 = CARTESIAN_POINT('',(3.828816046563,15.683544500621));
#1722 = CARTESIAN_POINT('',(3.681553890926,15.936605310612));
#1723 = CARTESIAN_POINT('',(3.313398501833,16.616666141563));
#1724 = CARTESIAN_POINT('',(3.092505268377,17.067370515413));
#1725 = CARTESIAN_POINT('',(2.871612034928,17.530401249067));
#1726 = CARTESIAN_POINT('',(2.650718801472,17.970991420356));
#1727 = CARTESIAN_POINT('',(2.429825568018,18.354618953097));
#1728 = CARTESIAN_POINT('',(2.208932334555,18.653079754939));
#1729 = CARTESIAN_POINT('',(1.9880391011,18.848596098849));
#1730 = CARTESIAN_POINT('',(1.546252634189,19.020921535444));
#1731 = CARTESIAN_POINT('',(1.325359400737,18.997730723528));
#1732 = CARTESIAN_POINT('',(1.104466167311,18.858781844203));
#1733 = CARTESIAN_POINT('',(0.88357293382,18.609043699573));
#1734 = CARTESIAN_POINT('',(0.662679700388,18.265896518395));
#1735 = CARTESIAN_POINT('',(0.441786466911,17.857080948008));
#1736 = CARTESIAN_POINT('',(0.220893233456,17.415425180084));
#1737 = CARTESIAN_POINT('',(9.769962616701E-15,16.973769656596));
#1738 = ( GEOMETRIC_REPRESENTATION_CONTEXT(2) 
PARAMETRIC_REPRESENTATION_CONTEXT() REPRESENTATION_CONTEXT('2D SPACE',''
  ) );
#1739 = ORIENTED_EDGE('',*,*,#1740,.T.);
#1740 = EDGE_CURVE('',#1690,#1741,#1743,.T.);
#1741 = VERTEX_POINT('',#1742);
#1742 = CARTESIAN_POINT('',(-9.380206075993,-16.24699350908,94.));
#1743 = SURFACE_CURVE('',#1744,(#1748,#1754),.PCURVE_S1.);
#1744 = LINE('',#1745,#1746);
#1745 = CARTESIAN_POINT('',(-9.380206075993,-13.75,94.));
#1746 = VECTOR('',#1747,1.);
#1747 = DIRECTION('',(-0.,1.,0.));
#1748 = PCURVE('',#93,#1749);
#1749 = DEFINITIONAL_REPRESENTATION('',(#1750),#1753);
#1750 = B_SPLINE_CURVE_WITH_KNOTS('',1,(#1751,#1752),.UNSPECIFIED.,.F.,
  .F.,(2,2),(-13.75,41.25),.PIECEWISE_BEZIER_KNOTS.);
#1751 = CARTESIAN_POINT('',(-9.380206075993,-27.5));
#1752 = CARTESIAN_POINT('',(-9.380206075993,27.5));
#1753 = ( GEOMETRIC_REPRESENTATION_CONTEXT(2) 
PARAMETRIC_REPRESENTATION_CONTEXT() REPRESENTATION_CONTEXT('2D SPACE',''
  ) );
#1754 = PCURVE('',#1755,#1760);
#1755 = PLANE('',#1756);
#1756 = AXIS2_PLACEMENT_3D('',#1757,#1758,#1759);
#1757 = CARTESIAN_POINT('',(-15.47160331078,-27.5,85.300583180853));
#1758 = DIRECTION('',(0.819152044289,0.,-0.573576436351));
#1759 = DIRECTION('',(0.,1.,0.));
#1760 = DEFINITIONAL_REPRESENTATION('',(#1761),#1764);
#1761 = B_SPLINE_CURVE_WITH_KNOTS('',1,(#1762,#1763),.UNSPECIFIED.,.F.,
  .F.,(2,2),(-13.75,41.25),.PIECEWISE_BEZIER_KNOTS.);
#1762 = CARTESIAN_POINT('',(0.,10.620026989859));
#1763 = CARTESIAN_POINT('',(55.,10.620026989859));
#1764 = ( GEOMETRIC_REPRESENTATION_CONTEXT(2) 
PARAMETRIC_REPRESENTATION_CONTEXT() REPRESENTATION_CONTEXT('2D SPACE',''
  ) );
#1765 = ORIENTED_EDGE('',*,*,#1766,.T.);
#1766 = EDGE_CURVE('',#1741,#1767,#1769,.T.);
#1767 = VERTEX_POINT('',#1768);
#1768 = CARTESIAN_POINT('',(-18.6991013967,-21.62726023105,94.));
#1769 = SURFACE_CURVE('',#1770,(#1774,#1780),.PCURVE_S1.);
#1770 = LINE('',#1771,#1772);
#1771 = CARTESIAN_POINT('',(16.597952340033,-1.248496754543,94.));
#1772 = VECTOR('',#1773,1.);
#1773 = DIRECTION('',(-0.866025403784,-0.5,0.));
#1774 = PCURVE('',#93,#1775);
#1775 = DEFINITIONAL_REPRESENTATION('',(#1776),#1779);
#1776 = B_SPLINE_CURVE_WITH_KNOTS('',1,(#1777,#1778),.UNSPECIFIED.,.F.,
  .F.,(2,2),(-13.75,41.25),.PIECEWISE_BEZIER_KNOTS.);
#1777 = CARTESIAN_POINT('',(28.505801642069,5.626503245457));
#1778 = CARTESIAN_POINT('',(-19.12559556607,-21.87349675454));
#1779 = ( GEOMETRIC_REPRESENTATION_CONTEXT(2) 
PARAMETRIC_REPRESENTATION_CONTEXT() REPRESENTATION_CONTEXT('2D SPACE',''
  ) );
#1780 = PCURVE('',#1781,#1786);
#1781 = PLANE('',#1782);
#1782 = AXIS2_PLACEMENT_3D('',#1783,#1784,#1785);
#1783 = CARTESIAN_POINT('',(31.551500259466,0.351198495582,
    85.300583180853));
#1784 = DIRECTION('',(-0.409576022144,0.709406479916,-0.573576436351));
#1785 = DIRECTION('',(-0.866025403784,-0.5,0.));
#1786 = DEFINITIONAL_REPRESENTATION('',(#1787),#1790);
#1787 = B_SPLINE_CURVE_WITH_KNOTS('',1,(#1788,#1789),.UNSPECIFIED.,.F.,
  .F.,(2,2),(-13.75,41.25),.PIECEWISE_BEZIER_KNOTS.);
#1788 = CARTESIAN_POINT('',(0.,10.620026989859));
#1789 = CARTESIAN_POINT('',(55.,10.620026989859));
#1790 = ( GEOMETRIC_REPRESENTATION_CONTEXT(2) 
PARAMETRIC_REPRESENTATION_CONTEXT() REPRESENTATION_CONTEXT('2D SPACE',''
  ) );
#1791 = ORIENTED_EDGE('',*,*,#1792,.F.);
#1792 = EDGE_CURVE('',#1793,#1767,#1795,.T.);
#1793 = VERTEX_POINT('',#1794);
#1794 = CARTESIAN_POINT('',(-19.28276018335,-21.60127965225,94.));
#1795 = SURFACE_CURVE('',#1796,(#1801,#1808),.PCURVE_S1.);
#1796 = ELLIPSE('',#1797,2.44082551387,1.4);
#1797 = AXIS2_PLACEMENT_3D('',#1798,#1799,#1800);
#1798 = CARTESIAN_POINT('',(-19.17842412276,-23.,94.));
#1799 = DIRECTION('',(0.,0.,1.));
#1800 = DIRECTION('',(1.,0.,-0.));
#1801 = PCURVE('',#93,#1802);
#1802 = DEFINITIONAL_REPRESENTATION('',(#1803),#1807);
#1803 = ELLIPSE('',#1804,2.44082551387,1.4);
#1804 = AXIS2_PLACEMENT_2D('',#1805,#1806);
#1805 = CARTESIAN_POINT('',(-19.17842412276,-23.));
#1806 = DIRECTION('',(1.,0.));
#1807 = ( GEOMETRIC_REPRESENTATION_CONTEXT(2) 
PARAMETRIC_REPRESENTATION_CONTEXT() REPRESENTATION_CONTEXT('2D SPACE',''
  ) );
#1808 = PCURVE('',#355,#1809);
#1809 = DEFINITIONAL_REPRESENTATION('',(#1810),#1841);
#1810 = B_SPLINE_CURVE_WITH_KNOTS('',8,(#1811,#1812,#1813,#1814,#1815,
    #1816,#1817,#1818,#1819,#1820,#1821,#1822,#1823,#1824,#1825,#1826,
    #1827,#1828,#1829,#1830,#1831,#1832,#1833,#1834,#1835,#1836,#1837,
    #1838,#1839,#1840),.UNSPECIFIED.,.F.,.F.,(9,7,7,7,9),(1.570796326795
    ,3.14159265359,4.319689898686,6.08683576633,7.853981633974),
  .UNSPECIFIED.);
#1811 = CARTESIAN_POINT('',(6.28318530718,16.973769656596));
#1812 = CARTESIAN_POINT('',(6.08683576633,16.581186969052));
#1813 = CARTESIAN_POINT('',(5.890486225482,16.18860418831));
#1814 = CARTESIAN_POINT('',(5.694136684631,15.819085478506));
#1815 = CARTESIAN_POINT('',(5.497787143784,15.495690381082));
#1816 = CARTESIAN_POINT('',(5.301437602932,15.238647998223));
#1817 = CARTESIAN_POINT('',(5.105088062085,15.062457880336));
#1818 = CARTESIAN_POINT('',(4.908738521234,14.974362447157));
#1819 = CARTESIAN_POINT('',(4.565126824748,14.974362447157));
#1820 = CARTESIAN_POINT('',(4.41786466911,15.02391625908));
#1821 = CARTESIAN_POINT('',(4.270602513474,15.123022662213));
#1822 = CARTESIAN_POINT('',(4.123340357836,15.269392764373));
#1823 = CARTESIAN_POINT('',(3.976078202199,15.458435280747));
#1824 = CARTESIAN_POINT('',(3.828816046563,15.683544500622));
#1825 = CARTESIAN_POINT('',(3.681553890926,15.936605310612));
#1826 = CARTESIAN_POINT('',(3.313398501833,16.616666141563));
#1827 = CARTESIAN_POINT('',(3.092505268376,17.067370515411));
#1828 = CARTESIAN_POINT('',(2.871612034943,17.530401249074));
#1829 = CARTESIAN_POINT('',(2.650718801461,17.970991420341));
#1830 = CARTESIAN_POINT('',(2.429825568024,18.354618953141));
#1831 = CARTESIAN_POINT('',(2.208932334554,18.653079754935));
#1832 = CARTESIAN_POINT('',(1.9880391011,18.848596098849));
#1833 = CARTESIAN_POINT('',(1.546252634189,19.020921535444));
#1834 = CARTESIAN_POINT('',(1.325359400738,18.997730723533));
#1835 = CARTESIAN_POINT('',(1.104466167274,18.858781844181));
#1836 = CARTESIAN_POINT('',(0.883572933864,18.609043699718));
#1837 = CARTESIAN_POINT('',(0.662679700358,18.265896518344));
#1838 = CARTESIAN_POINT('',(0.441786466915,17.857080948015));
#1839 = CARTESIAN_POINT('',(0.220893233456,17.415425180084));
#1840 = CARTESIAN_POINT('',(9.769962616701E-15,16.973769656596));
#1841 = ( GEOMETRIC_REPRESENTATION_CONTEXT(2) 
PARAMETRIC_REPRESENTATION_CONTEXT() REPRESENTATION_CONTEXT('2D SPACE',''
  ) );
#1842 = ORIENTED_EDGE('',*,*,#1843,.F.);
#1843 = EDGE_CURVE('',#1844,#1793,#1846,.T.);
#1844 = VERTEX_POINT('',#1845);
#1845 = CARTESIAN_POINT('',(-30.19743862286,-2.696502046751,94.));
#1846 = SURFACE_CURVE('',#1847,(#1851,#1857),.PCURVE_S1.);
#1847 = LINE('',#1848,#1849);
#1848 = CARTESIAN_POINT('',(-19.94779777637,-20.4494007522,94.));
#1849 = VECTOR('',#1850,1.);
#1850 = DIRECTION('',(0.5,-0.866025403784,0.));
#1851 = PCURVE('',#93,#1852);
#1852 = DEFINITIONAL_REPRESENTATION('',(#1853),#1856);
#1853 = B_SPLINE_CURVE_WITH_KNOTS('',1,(#1854,#1855),.UNSPECIFIED.,.F.,
  .F.,(2,2),(-25.16976024067,1.644404420599),.PIECEWISE_BEZIER_KNOTS.);
#1854 = CARTESIAN_POINT('',(-32.53267789671,1.348251023376));
#1855 = CARTESIAN_POINT('',(-19.12559556607,-21.87349675454));
#1856 = ( GEOMETRIC_REPRESENTATION_CONTEXT(2) 
PARAMETRIC_REPRESENTATION_CONTEXT() REPRESENTATION_CONTEXT('2D SPACE',''
  ) );
#1857 = PCURVE('',#1858,#1863);
#1858 = PLANE('',#1859);
#1859 = AXIS2_PLACEMENT_3D('',#1860,#1861,#1862);
#1860 = CARTESIAN_POINT('',(-16.07989694867,-27.14880150441,
    85.300583180853));
#1861 = DIRECTION('',(-0.866025403784,-0.5,0.));
#1862 = DIRECTION('',(-0.409576022144,0.709406479916,-0.573576436351));
#1863 = DEFINITIONAL_REPRESENTATION('',(#1864),#1867);
#1864 = B_SPLINE_CURVE_WITH_KNOTS('',1,(#1865,#1866),.UNSPECIFIED.,.F.,
  .F.,(2,2),(-25.16976024067,1.644404420599),.PIECEWISE_BEZIER_KNOTS.);
#1865 = CARTESIAN_POINT('',(21.964877798181,-26.));
#1866 = CARTESIAN_POINT('',(2.22044604925E-16,-10.62002698985));
#1867 = ( GEOMETRIC_REPRESENTATION_CONTEXT(2) 
PARAMETRIC_REPRESENTATION_CONTEXT() REPRESENTATION_CONTEXT('2D SPACE',''
  ) );
#1868 = ORIENTED_EDGE('',*,*,#1869,.F.);
#1869 = EDGE_CURVE('',#1870,#1844,#1872,.T.);
#1870 = VERTEX_POINT('',#1871);
#1871 = CARTESIAN_POINT('',(-32.53267789671,-1.348251023375,94.));
#1872 = SURFACE_CURVE('',#1873,(#1877,#1883),.PCURVE_S1.);
#1873 = LINE('',#1874,#1875);
#1874 = CARTESIAN_POINT('',(-20.62482859467,-8.223251023375,94.));
#1875 = VECTOR('',#1876,1.);
#1876 = DIRECTION('',(0.866025403784,-0.5,0.));
#1877 = PCURVE('',#93,#1878);
#1878 = DEFINITIONAL_REPRESENTATION('',(#1879),#1882);
#1879 = B_SPLINE_CURVE_WITH_KNOTS('',1,(#1880,#1881),.UNSPECIFIED.,.F.,
  .F.,(2,2),(-13.75,41.25),.PIECEWISE_BEZIER_KNOTS.);
#1880 = CARTESIAN_POINT('',(-32.53267789671,-1.348251023375));
#1881 = CARTESIAN_POINT('',(15.098719311434,-28.84825102337));
#1882 = ( GEOMETRIC_REPRESENTATION_CONTEXT(2) 
PARAMETRIC_REPRESENTATION_CONTEXT() REPRESENTATION_CONTEXT('2D SPACE',''
  ) );
#1883 = PCURVE('',#1884,#1889);
#1884 = PLANE('',#1885);
#1885 = AXIS2_PLACEMENT_3D('',#1886,#1887,#1888);
#1886 = CARTESIAN_POINT('',(-23.53639062124,14.233775617222,
    106.59853633236));
#1887 = DIRECTION('',(-0.286788218176,-0.496731764892,0.819152044289));
#1888 = DIRECTION('',(-0.409576022144,-0.709406479916,-0.573576436351));
#1889 = DEFINITIONAL_REPRESENTATION('',(#1890),#1893);
#1890 = B_SPLINE_CURVE_WITH_KNOTS('',1,(#1891,#1892),.UNSPECIFIED.,.F.,
  .F.,(2,2),(-13.75,41.25),.PIECEWISE_BEZIER_KNOTS.);
#1891 = CARTESIAN_POINT('',(21.964877798181,0.));
#1892 = CARTESIAN_POINT('',(21.964877798181,55.));
#1893 = ( GEOMETRIC_REPRESENTATION_CONTEXT(2) 
PARAMETRIC_REPRESENTATION_CONTEXT() REPRESENTATION_CONTEXT('2D SPACE',''
  ) );
#1894 = ORIENTED_EDGE('',*,*,#1895,.T.);
#1895 = EDGE_CURVE('',#1870,#1896,#1898,.T.);
#1896 = VERTEX_POINT('',#1897);
#1897 = CARTESIAN_POINT('',(-31.75426480542,0.,94.));
#1898 = SURFACE_CURVE('',#1899,(#1903,#1909),.PCURVE_S1.);
#1899 = LINE('',#1900,#1901);
#1900 = CARTESIAN_POINT('',(-19.94779777637,20.449400752209,94.));
#1901 = VECTOR('',#1902,1.);
#1902 = DIRECTION('',(0.5,0.866025403784,-0.));
#1903 = PCURVE('',#93,#1904);
#1904 = DEFINITIONAL_REPRESENTATION('',(#1905),#1908);
#1905 = B_SPLINE_CURVE_WITH_KNOTS('',1,(#1906,#1907),.UNSPECIFIED.,.F.,
  .F.,(2,2),(-25.16976024067,1.644404420599),.PIECEWISE_BEZIER_KNOTS.);
#1906 = CARTESIAN_POINT('',(-32.53267789671,-1.348251023375));
#1907 = CARTESIAN_POINT('',(-19.12559556607,21.873496754543));
#1908 = ( GEOMETRIC_REPRESENTATION_CONTEXT(2) 
PARAMETRIC_REPRESENTATION_CONTEXT() REPRESENTATION_CONTEXT('2D SPACE',''
  ) );
#1909 = PCURVE('',#1910,#1915);
#1910 = PLANE('',#1911);
#1911 = AXIS2_PLACEMENT_3D('',#1912,#1913,#1914);
#1912 = CARTESIAN_POINT('',(-16.07989694867,27.148801504418,
    85.300583180853));
#1913 = DIRECTION('',(0.866025403784,-0.5,5.551115123126E-17));
#1914 = DIRECTION('',(-0.409576022144,-0.709406479916,-0.573576436351));
#1915 = DEFINITIONAL_REPRESENTATION('',(#1916),#1919);
#1916 = B_SPLINE_CURVE_WITH_KNOTS('',1,(#1917,#1918),.UNSPECIFIED.,.F.,
  .F.,(2,2),(-25.16976024067,1.644404420599),.PIECEWISE_BEZIER_KNOTS.);
#1917 = CARTESIAN_POINT('',(21.964877798181,-26.));
#1918 = CARTESIAN_POINT('',(8.881784197001E-16,-10.62002698985));
#1919 = ( GEOMETRIC_REPRESENTATION_CONTEXT(2) 
PARAMETRIC_REPRESENTATION_CONTEXT() REPRESENTATION_CONTEXT('2D SPACE',''
  ) );
#1920 = ORIENTED_EDGE('',*,*,#1921,.F.);
#1921 = EDGE_CURVE('',#1922,#1896,#1924,.T.);
#1922 = VERTEX_POINT('',#1923);
#1923 = CARTESIAN_POINT('',(-32.53267789671,1.348251023376,94.));
#1924 = SURFACE_CURVE('',#1925,(#1929,#1935),.PCURVE_S1.);
#1925 = LINE('',#1926,#1927);
#1926 = CARTESIAN_POINT('',(-19.94779777637,-20.4494007522,94.));
#1927 = VECTOR('',#1928,1.);
#1928 = DIRECTION('',(0.5,-0.866025403784,0.));
#1929 = PCURVE('',#93,#1930);
#1930 = DEFINITIONAL_REPRESENTATION('',(#1931),#1934);
#1931 = B_SPLINE_CURVE_WITH_KNOTS('',1,(#1932,#1933),.UNSPECIFIED.,.F.,
  .F.,(2,2),(-25.16976024067,1.644404420599),.PIECEWISE_BEZIER_KNOTS.);
#1932 = CARTESIAN_POINT('',(-32.53267789671,1.348251023376));
#1933 = CARTESIAN_POINT('',(-19.12559556607,-21.87349675454));
#1934 = ( GEOMETRIC_REPRESENTATION_CONTEXT(2) 
PARAMETRIC_REPRESENTATION_CONTEXT() REPRESENTATION_CONTEXT('2D SPACE',''
  ) );
#1935 = PCURVE('',#1936,#1941);
#1936 = PLANE('',#1937);
#1937 = AXIS2_PLACEMENT_3D('',#1938,#1939,#1940);
#1938 = CARTESIAN_POINT('',(-16.07989694867,-27.14880150441,
    85.300583180853));
#1939 = DIRECTION('',(-0.866025403784,-0.5,0.));
#1940 = DIRECTION('',(-0.409576022144,0.709406479916,-0.573576436351));
#1941 = DEFINITIONAL_REPRESENTATION('',(#1942),#1945);
#1942 = B_SPLINE_CURVE_WITH_KNOTS('',1,(#1943,#1944),.UNSPECIFIED.,.F.,
  .F.,(2,2),(-25.16976024067,1.644404420599),.PIECEWISE_BEZIER_KNOTS.);
#1943 = CARTESIAN_POINT('',(21.964877798181,-26.));
#1944 = CARTESIAN_POINT('',(2.22044604925E-16,-10.62002698985));
#1945 = ( GEOMETRIC_REPRESENTATION_CONTEXT(2) 
PARAMETRIC_REPRESENTATION_CONTEXT() REPRESENTATION_CONTEXT('2D SPACE',''
  ) );
#1946 = ORIENTED_EDGE('',*,*,#1947,.F.);
#1947 = EDGE_CURVE('',#1948,#1922,#1950,.T.);
#1948 = VERTEX_POINT('',#1949);
#1949 = CARTESIAN_POINT('',(-30.19743862286,2.696502046751,94.));
#1950 = SURFACE_CURVE('',#1951,(#1955,#1961),.PCURVE_S1.);
#1951 = LINE('',#1952,#1953);
#1952 = CARTESIAN_POINT('',(3.190870009398,21.973251023376,94.));
#1953 = VECTOR('',#1954,1.);
#1954 = DIRECTION('',(-0.866025403784,-0.5,0.));
#1955 = PCURVE('',#93,#1956);
#1956 = DEFINITIONAL_REPRESENTATION('',(#1957),#1960);
#1957 = B_SPLINE_CURVE_WITH_KNOTS('',1,(#1958,#1959),.UNSPECIFIED.,.F.,
  .F.,(2,2),(-13.75,41.25),.PIECEWISE_BEZIER_KNOTS.);
#1958 = CARTESIAN_POINT('',(15.098719311434,28.848251023376));
#1959 = CARTESIAN_POINT('',(-32.53267789671,1.348251023376));
#1960 = ( GEOMETRIC_REPRESENTATION_CONTEXT(2) 
PARAMETRIC_REPRESENTATION_CONTEXT() REPRESENTATION_CONTEXT('2D SPACE',''
  ) );
#1961 = PCURVE('',#1962,#1967);
#1962 = PLANE('',#1963);
#1963 = AXIS2_PLACEMENT_3D('',#1964,#1965,#1966);
#1964 = CARTESIAN_POINT('',(24.095006586903,13.266224382778,
    106.59853633236));
#1965 = DIRECTION('',(-0.286788218176,0.496731764892,0.819152044289));
#1966 = DIRECTION('',(-0.409576022144,0.709406479916,-0.573576436351));
#1967 = DEFINITIONAL_REPRESENTATION('',(#1968),#1971);
#1968 = B_SPLINE_CURVE_WITH_KNOTS('',1,(#1969,#1970),.UNSPECIFIED.,.F.,
  .F.,(2,2),(-13.75,41.25),.PIECEWISE_BEZIER_KNOTS.);
#1969 = CARTESIAN_POINT('',(21.964877798181,0.));
#1970 = CARTESIAN_POINT('',(21.964877798181,55.));
#1971 = ( GEOMETRIC_REPRESENTATION_CONTEXT(2) 
PARAMETRIC_REPRESENTATION_CONTEXT() REPRESENTATION_CONTEXT('2D SPACE',''
  ) );
#1972 = ORIENTED_EDGE('',*,*,#1973,.T.);
#1973 = EDGE_CURVE('',#1948,#1974,#1976,.T.);
#1974 = VERTEX_POINT('',#1975);
#1975 = CARTESIAN_POINT('',(-19.28276018335,21.601279652259,94.));
#1976 = SURFACE_CURVE('',#1977,(#1981,#1987),.PCURVE_S1.);
#1977 = LINE('',#1978,#1979);
#1978 = CARTESIAN_POINT('',(-19.94779777637,20.449400752209,94.));
#1979 = VECTOR('',#1980,1.);
#1980 = DIRECTION('',(0.5,0.866025403784,-0.));
#1981 = PCURVE('',#93,#1982);
#1982 = DEFINITIONAL_REPRESENTATION('',(#1983),#1986);
#1983 = B_SPLINE_CURVE_WITH_KNOTS('',1,(#1984,#1985),.UNSPECIFIED.,.F.,
  .F.,(2,2),(-25.16976024067,1.644404420599),.PIECEWISE_BEZIER_KNOTS.);
#1984 = CARTESIAN_POINT('',(-32.53267789671,-1.348251023375));
#1985 = CARTESIAN_POINT('',(-19.12559556607,21.873496754543));
#1986 = ( GEOMETRIC_REPRESENTATION_CONTEXT(2) 
PARAMETRIC_REPRESENTATION_CONTEXT() REPRESENTATION_CONTEXT('2D SPACE',''
  ) );
#1987 = PCURVE('',#1988,#1993);
#1988 = PLANE('',#1989);
#1989 = AXIS2_PLACEMENT_3D('',#1990,#1991,#1992);
#1990 = CARTESIAN_POINT('',(-16.07989694867,27.148801504418,
    85.300583180853));
#1991 = DIRECTION('',(0.866025403784,-0.5,5.551115123126E-17));
#1992 = DIRECTION('',(-0.409576022144,-0.709406479916,-0.573576436351));
#1993 = DEFINITIONAL_REPRESENTATION('',(#1994),#1997);
#1994 = B_SPLINE_CURVE_WITH_KNOTS('',1,(#1995,#1996),.UNSPECIFIED.,.F.,
  .F.,(2,2),(-25.16976024067,1.644404420599),.PIECEWISE_BEZIER_KNOTS.);
#1995 = CARTESIAN_POINT('',(21.964877798181,-26.));
#1996 = CARTESIAN_POINT('',(8.881784197001E-16,-10.62002698985));
#1997 = ( GEOMETRIC_REPRESENTATION_CONTEXT(2) 
PARAMETRIC_REPRESENTATION_CONTEXT() REPRESENTATION_CONTEXT('2D SPACE',''
  ) );
#1998 = ORIENTED_EDGE('',*,*,#1999,.F.);
#1999 = EDGE_CURVE('',#2000,#1974,#2002,.T.);
#2000 = VERTEX_POINT('',#2001);
#2001 = CARTESIAN_POINT('',(-19.17842412276,24.4,94.));
#2002 = SURFACE_CURVE('',#2003,(#2008,#2015),.PCURVE_S1.);
#2003 = ELLIPSE('',#2004,2.44082551387,1.4);
#2004 = AXIS2_PLACEMENT_3D('',#2005,#2006,#2007);
#2005 = CARTESIAN_POINT('',(-19.17842412276,23.,94.));
#2006 = DIRECTION('',(0.,0.,1.));
#2007 = DIRECTION('',(1.,0.,-0.));
#2008 = PCURVE('',#93,#2009);
#2009 = DEFINITIONAL_REPRESENTATION('',(#2010),#2014);
#2010 = ELLIPSE('',#2011,2.44082551387,1.4);
#2011 = AXIS2_PLACEMENT_2D('',#2012,#2013);
#2012 = CARTESIAN_POINT('',(-19.17842412276,23.));
#2013 = DIRECTION('',(1.,0.));
#2014 = ( GEOMETRIC_REPRESENTATION_CONTEXT(2) 
PARAMETRIC_REPRESENTATION_CONTEXT() REPRESENTATION_CONTEXT('2D SPACE',''
  ) );
#2015 = PCURVE('',#765,#2016);
#2016 = DEFINITIONAL_REPRESENTATION('',(#2017),#2048);
#2017 = B_SPLINE_CURVE_WITH_KNOTS('',8,(#2018,#2019,#2020,#2021,#2022,
    #2023,#2024,#2025,#2026,#2027,#2028,#2029,#2030,#2031,#2032,#2033,
    #2034,#2035,#2036,#2037,#2038,#2039,#2040,#2041,#2042,#2043,#2044,
    #2045,#2046,#2047),.UNSPECIFIED.,.F.,.F.,(9,7,7,7,9),(1.570796326795
    ,3.14159265359,4.319689898686,6.08683576633,7.853981633974),
  .UNSPECIFIED.);
#2018 = CARTESIAN_POINT('',(6.28318530718,16.973769656596));
#2019 = CARTESIAN_POINT('',(6.08683576633,16.581186969052));
#2020 = CARTESIAN_POINT('',(5.890486225482,16.18860418831));
#2021 = CARTESIAN_POINT('',(5.694136684631,15.819085478506));
#2022 = CARTESIAN_POINT('',(5.497787143784,15.495690381082));
#2023 = CARTESIAN_POINT('',(5.301437602932,15.238647998223));
#2024 = CARTESIAN_POINT('',(5.105088062085,15.062457880336));
#2025 = CARTESIAN_POINT('',(4.908738521234,14.974362447157));
#2026 = CARTESIAN_POINT('',(4.565126824748,14.974362447157));
#2027 = CARTESIAN_POINT('',(4.41786466911,15.02391625908));
#2028 = CARTESIAN_POINT('',(4.270602513474,15.123022662213));
#2029 = CARTESIAN_POINT('',(4.123340357836,15.269392764373));
#2030 = CARTESIAN_POINT('',(3.976078202199,15.458435280747));
#2031 = CARTESIAN_POINT('',(3.828816046563,15.683544500622));
#2032 = CARTESIAN_POINT('',(3.681553890926,15.936605310612));
#2033 = CARTESIAN_POINT('',(3.313398501833,16.616666141563));
#2034 = CARTESIAN_POINT('',(3.092505268376,17.067370515411));
#2035 = CARTESIAN_POINT('',(2.871612034943,17.530401249074));
#2036 = CARTESIAN_POINT('',(2.650718801461,17.970991420341));
#2037 = CARTESIAN_POINT('',(2.429825568024,18.354618953141));
#2038 = CARTESIAN_POINT('',(2.208932334554,18.653079754935));
#2039 = CARTESIAN_POINT('',(1.9880391011,18.848596098849));
#2040 = CARTESIAN_POINT('',(1.546252634189,19.020921535444));
#2041 = CARTESIAN_POINT('',(1.325359400738,18.997730723533));
#2042 = CARTESIAN_POINT('',(1.104466167274,18.858781844181));
#2043 = CARTESIAN_POINT('',(0.883572933864,18.609043699718));
#2044 = CARTESIAN_POINT('',(0.662679700358,18.265896518344));
#2045 = CARTESIAN_POINT('',(0.441786466915,17.857080948015));
#2046 = CARTESIAN_POINT('',(0.220893233456,17.415425180084));
#2047 = CARTESIAN_POINT('',(9.769962616701E-15,16.973769656596));
#2048 = ( GEOMETRIC_REPRESENTATION_CONTEXT(2) 
PARAMETRIC_REPRESENTATION_CONTEXT() REPRESENTATION_CONTEXT('2D SPACE',''
  ) );
#2049 = ORIENTED_EDGE('',*,*,#2050,.F.);
#2050 = EDGE_CURVE('',#2051,#2000,#2053,.T.);
#2051 = VERTEX_POINT('',#2052);
#2052 = CARTESIAN_POINT('',(-18.6991013967,21.62726023105,94.));
#2053 = SURFACE_CURVE('',#2054,(#2059,#2066),.PCURVE_S1.);
#2054 = ELLIPSE('',#2055,2.44082551387,1.4);
#2055 = AXIS2_PLACEMENT_3D('',#2056,#2057,#2058);
#2056 = CARTESIAN_POINT('',(-19.17842412276,23.,94.));
#2057 = DIRECTION('',(0.,0.,1.));
#2058 = DIRECTION('',(1.,0.,-0.));
#2059 = PCURVE('',#93,#2060);
#2060 = DEFINITIONAL_REPRESENTATION('',(#2061),#2065);
#2061 = ELLIPSE('',#2062,2.44082551387,1.4);
#2062 = AXIS2_PLACEMENT_2D('',#2063,#2064);
#2063 = CARTESIAN_POINT('',(-19.17842412276,23.));
#2064 = DIRECTION('',(1.,0.));
#2065 = ( GEOMETRIC_REPRESENTATION_CONTEXT(2) 
PARAMETRIC_REPRESENTATION_CONTEXT() REPRESENTATION_CONTEXT('2D SPACE',''
  ) );
#2066 = PCURVE('',#765,#2067);
#2067 = DEFINITIONAL_REPRESENTATION('',(#2068),#2099);
#2068 = B_SPLINE_CURVE_WITH_KNOTS('',8,(#2069,#2070,#2071,#2072,#2073,
    #2074,#2075,#2076,#2077,#2078,#2079,#2080,#2081,#2082,#2083,#2084,
    #2085,#2086,#2087,#2088,#2089,#2090,#2091,#2092,#2093,#2094,#2095,
    #2096,#2097,#2098),.UNSPECIFIED.,.F.,.F.,(9,7,7,7,9),(1.570796326795
    ,3.14159265359,4.319689898686,6.08683576633,7.853981633974),
  .UNSPECIFIED.);
#2069 = CARTESIAN_POINT('',(6.28318530718,16.973769656596));
#2070 = CARTESIAN_POINT('',(6.08683576633,16.581186969052));
#2071 = CARTESIAN_POINT('',(5.890486225482,16.18860418831));
#2072 = CARTESIAN_POINT('',(5.694136684631,15.819085478506));
#2073 = CARTESIAN_POINT('',(5.497787143784,15.495690381082));
#2074 = CARTESIAN_POINT('',(5.301437602932,15.238647998223));
#2075 = CARTESIAN_POINT('',(5.105088062085,15.062457880336));
#2076 = CARTESIAN_POINT('',(4.908738521234,14.974362447157));
#2077 = CARTESIAN_POINT('',(4.565126824748,14.974362447157));
#2078 = CARTESIAN_POINT('',(4.41786466911,15.02391625908));
#2079 = CARTESIAN_POINT('',(4.270602513474,15.123022662213));
#2080 = CARTESIAN_POINT('',(4.123340357836,15.269392764373));
#2081 = CARTESIAN_POINT('',(3.976078202199,15.458435280747));
#2082 = CARTESIAN_POINT('',(3.828816046563,15.683544500622));
#2083 = CARTESIAN_POINT('',(3.681553890926,15.936605310612));
#2084 = CARTESIAN_POINT('',(3.313398501833,16.616666141563));
#2085 = CARTESIAN_POINT('',(3.092505268376,17.067370515411));
#2086 = CARTESIAN_POINT('',(2.871612034943,17.530401249074));
#2087 = CARTESIAN_POINT('',(2.650718801461,17.970991420341));
#2088 = CARTESIAN_POINT('',(2.429825568024,18.354618953141));
#2089 = CARTESIAN_POINT('',(2.208932334554,18.653079754935));
#2090 = CARTESIAN_POINT('',(1.9880391011,18.848596098849));
#2091 = CARTESIAN_POINT('',(1.546252634189,19.020921535444));
#2092 = CARTESIAN_POINT('',(1.325359400738,18.997730723533));
#2093 = CARTESIAN_POINT('',(1.104466167274,18.858781844181));
#2094 = CARTESIAN_POINT('',(0.883572933864,18.609043699718));
#2095 = CARTESIAN_POINT('',(0.662679700358,18.265896518344));
#2096 = CARTESIAN_POINT('',(0.441786466915,17.857080948015));
#2097 = CARTESIAN_POINT('',(0.220893233456,17.415425180084));
#2098 = CARTESIAN_POINT('',(9.769962616701E-15,16.973769656596));
#2099 = ( GEOMETRIC_REPRESENTATION_CONTEXT(2) 
PARAMETRIC_REPRESENTATION_CONTEXT() REPRESENTATION_CONTEXT('2D SPACE',''
  ) );
#2100 = ORIENTED_EDGE('',*,*,#2101,.T.);
#2101 = EDGE_CURVE('',#2051,#2102,#2104,.T.);
#2102 = VERTEX_POINT('',#2103);
#2103 = CARTESIAN_POINT('',(-9.380206075993,16.246993509086,94.));
#2104 = SURFACE_CURVE('',#2105,(#2109,#2115),.PCURVE_S1.);
#2105 = LINE('',#2106,#2107);
#2106 = CARTESIAN_POINT('',(-7.21774626404,14.998496754543,94.));
#2107 = VECTOR('',#2108,1.);
#2108 = DIRECTION('',(0.866025403784,-0.5,0.));
#2109 = PCURVE('',#93,#2110);
#2110 = DEFINITIONAL_REPRESENTATION('',(#2111),#2114);
#2111 = B_SPLINE_CURVE_WITH_KNOTS('',1,(#2112,#2113),.UNSPECIFIED.,.F.,
  .F.,(2,2),(-13.75,41.25),.PIECEWISE_BEZIER_KNOTS.);
#2112 = CARTESIAN_POINT('',(-19.12559556607,21.873496754543));
#2113 = CARTESIAN_POINT('',(28.505801642069,-5.626503245457));
#2114 = ( GEOMETRIC_REPRESENTATION_CONTEXT(2) 
PARAMETRIC_REPRESENTATION_CONTEXT() REPRESENTATION_CONTEXT('2D SPACE',''
  ) );
#2115 = PCURVE('',#2116,#2121);
#2116 = PLANE('',#2117);
#2117 = AXIS2_PLACEMENT_3D('',#2118,#2119,#2120);
#2118 = CARTESIAN_POINT('',(-16.07989694867,27.148801504418,
    85.300583180853));
#2119 = DIRECTION('',(-0.409576022144,-0.709406479916,-0.573576436351));
#2120 = DIRECTION('',(0.866025403784,-0.5,5.551115123126E-17));
#2121 = DEFINITIONAL_REPRESENTATION('',(#2122),#2125);
#2122 = B_SPLINE_CURVE_WITH_KNOTS('',1,(#2123,#2124),.UNSPECIFIED.,.F.,
  .F.,(2,2),(-13.75,41.25),.PIECEWISE_BEZIER_KNOTS.);
#2123 = CARTESIAN_POINT('',(0.,10.620026989859));
#2124 = CARTESIAN_POINT('',(55.,10.620026989859));
#2125 = ( GEOMETRIC_REPRESENTATION_CONTEXT(2) 
PARAMETRIC_REPRESENTATION_CONTEXT() REPRESENTATION_CONTEXT('2D SPACE',''
  ) );
#2126 = ORIENTED_EDGE('',*,*,#2127,.T.);
#2127 = EDGE_CURVE('',#2102,#2128,#2130,.T.);
#2128 = VERTEX_POINT('',#2129);
#2129 = CARTESIAN_POINT('',(-9.380206075993,27.007526953016,94.));
#2130 = SURFACE_CURVE('',#2131,(#2135,#2141),.PCURVE_S1.);
#2131 = LINE('',#2132,#2133);
#2132 = CARTESIAN_POINT('',(-9.380206075993,-13.75,94.));
#2133 = VECTOR('',#2134,1.);
#2134 = DIRECTION('',(-0.,1.,0.));
#2135 = PCURVE('',#93,#2136);
#2136 = DEFINITIONAL_REPRESENTATION('',(#2137),#2140);
#2137 = B_SPLINE_CURVE_WITH_KNOTS('',1,(#2138,#2139),.UNSPECIFIED.,.F.,
  .F.,(2,2),(-13.75,41.25),.PIECEWISE_BEZIER_KNOTS.);
#2138 = CARTESIAN_POINT('',(-9.380206075993,-27.5));
#2139 = CARTESIAN_POINT('',(-9.380206075993,27.5));
#2140 = ( GEOMETRIC_REPRESENTATION_CONTEXT(2) 
PARAMETRIC_REPRESENTATION_CONTEXT() REPRESENTATION_CONTEXT('2D SPACE',''
  ) );
#2141 = PCURVE('',#2142,#2147);
#2142 = PLANE('',#2143);
#2143 = AXIS2_PLACEMENT_3D('',#2144,#2145,#2146);
#2144 = CARTESIAN_POINT('',(-15.47160331078,-27.5,85.300583180853));
#2145 = DIRECTION('',(0.819152044289,0.,-0.573576436351));
#2146 = DIRECTION('',(0.,1.,0.));
#2147 = DEFINITIONAL_REPRESENTATION('',(#2148),#2151);
#2148 = B_SPLINE_CURVE_WITH_KNOTS('',1,(#2149,#2150),.UNSPECIFIED.,.F.,
  .F.,(2,2),(-13.75,41.25),.PIECEWISE_BEZIER_KNOTS.);
#2149 = CARTESIAN_POINT('',(0.,10.620026989859));
#2150 = CARTESIAN_POINT('',(55.,10.620026989859));
#2151 = ( GEOMETRIC_REPRESENTATION_CONTEXT(2) 
PARAMETRIC_REPRESENTATION_CONTEXT() REPRESENTATION_CONTEXT('2D SPACE',''
  ) );
#2152 = ORIENTED_EDGE('',*,*,#2153,.F.);
#2153 = EDGE_CURVE('',#2154,#2128,#2156,.T.);
#2154 = VERTEX_POINT('',#2155);
#2155 = CARTESIAN_POINT('',(-9.06587684143,27.5,94.));
#2156 = SURFACE_CURVE('',#2157,(#2162,#2169),.PCURVE_S1.);
#2157 = ELLIPSE('',#2158,2.44082551387,1.4);
#2158 = AXIS2_PLACEMENT_3D('',#2159,#2160,#2161);
#2159 = CARTESIAN_POINT('',(-10.32937222565,28.109002494868,94.));
#2160 = DIRECTION('',(0.,0.,1.));
#2161 = DIRECTION('',(-0.5,-0.866025403784,0.));
#2162 = PCURVE('',#93,#2163);
#2163 = DEFINITIONAL_REPRESENTATION('',(#2164),#2168);
#2164 = ELLIPSE('',#2165,2.44082551387,1.4);
#2165 = AXIS2_PLACEMENT_2D('',#2166,#2167);
#2166 = CARTESIAN_POINT('',(-10.32937222565,28.109002494868));
#2167 = DIRECTION('',(-0.5,-0.866025403784));
#2168 = ( GEOMETRIC_REPRESENTATION_CONTEXT(2) 
PARAMETRIC_REPRESENTATION_CONTEXT() REPRESENTATION_CONTEXT('2D SPACE',''
  ) );
#2169 = PCURVE('',#929,#2170);
#2170 = DEFINITIONAL_REPRESENTATION('',(#2171),#2202);
#2171 = B_SPLINE_CURVE_WITH_KNOTS('',8,(#2172,#2173,#2174,#2175,#2176,
    #2177,#2178,#2179,#2180,#2181,#2182,#2183,#2184,#2185,#2186,#2187,
    #2188,#2189,#2190,#2191,#2192,#2193,#2194,#2195,#2196,#2197,#2198,
    #2199,#2200,#2201),.UNSPECIFIED.,.F.,.F.,(9,7,7,7,9),(1.570796326795
    ,3.14159265359,4.319689898686,6.08683576633,7.853981633974),
  .UNSPECIFIED.);
#2172 = CARTESIAN_POINT('',(6.28318530718,16.973769656596));
#2173 = CARTESIAN_POINT('',(6.08683576633,16.581186969052));
#2174 = CARTESIAN_POINT('',(5.890486225483,16.188604188303));
#2175 = CARTESIAN_POINT('',(5.694136684628,15.819085478593));
#2176 = CARTESIAN_POINT('',(5.497787143786,15.495690381023));
#2177 = CARTESIAN_POINT('',(5.301437602932,15.238647998289));
#2178 = CARTESIAN_POINT('',(5.105088062085,15.062457880318));
#2179 = CARTESIAN_POINT('',(4.908738521234,14.974362447157));
#2180 = CARTESIAN_POINT('',(4.565126824748,14.974362447157));
#2181 = CARTESIAN_POINT('',(4.41786466911,15.023916259081));
#2182 = CARTESIAN_POINT('',(4.270602513475,15.123022662201));
#2183 = CARTESIAN_POINT('',(4.123340357837,15.26939276437));
#2184 = CARTESIAN_POINT('',(3.976078202199,15.458435280753));
#2185 = CARTESIAN_POINT('',(3.828816046563,15.683544500618));
#2186 = CARTESIAN_POINT('',(3.681553890926,15.936605310612));
#2187 = CARTESIAN_POINT('',(3.313398501833,16.616666141563));
#2188 = CARTESIAN_POINT('',(3.092505268385,17.067370515415));
#2189 = CARTESIAN_POINT('',(2.871612034907,17.530401248972));
#2190 = CARTESIAN_POINT('',(2.650718801498,17.970991420443));
#2191 = CARTESIAN_POINT('',(2.429825567998,18.354618953046));
#2192 = CARTESIAN_POINT('',(2.208932334561,18.653079754949));
#2193 = CARTESIAN_POINT('',(1.9880391011,18.848596098849));
#2194 = CARTESIAN_POINT('',(1.546252634189,19.020921535444));
#2195 = CARTESIAN_POINT('',(1.32535940073,18.997730723528));
#2196 = CARTESIAN_POINT('',(1.104466167292,18.858781844196));
#2197 = CARTESIAN_POINT('',(0.883572933813,18.609043699718));
#2198 = CARTESIAN_POINT('',(0.662679700369,18.265896518373));
#2199 = CARTESIAN_POINT('',(0.441786466908,17.857080948033));
#2200 = CARTESIAN_POINT('',(0.220893233456,17.415425180084));
#2201 = CARTESIAN_POINT('',(2.04281036531E-14,16.973769656596));
#2202 = ( GEOMETRIC_REPRESENTATION_CONTEXT(2) 
PARAMETRIC_REPRESENTATION_CONTEXT() REPRESENTATION_CONTEXT('2D SPACE',''
  ) );
#2203 = ORIENTED_EDGE('',*,*,#2204,.F.);
#2204 = EDGE_CURVE('',#2205,#2154,#2207,.T.);
#2205 = VERTEX_POINT('',#2206);
#2206 = CARTESIAN_POINT('',(12.763480037591,27.5,94.));
#2207 = SURFACE_CURVE('',#2208,(#2212,#2218),.PCURVE_S1.);
#2208 = LINE('',#2209,#2210);
#2209 = CARTESIAN_POINT('',(-7.735801655394,27.5,94.));
#2210 = VECTOR('',#2211,1.);
#2211 = DIRECTION('',(-1.,0.,0.));
#2212 = PCURVE('',#93,#2213);
#2213 = DEFINITIONAL_REPRESENTATION('',(#2214),#2217);
#2214 = B_SPLINE_CURVE_WITH_KNOTS('',1,(#2215,#2216),.UNSPECIFIED.,.F.,
  .F.,(2,2),(-25.16976024067,1.644404420599),.PIECEWISE_BEZIER_KNOTS.);
#2215 = CARTESIAN_POINT('',(17.433958585277,27.5));
#2216 = CARTESIAN_POINT('',(-9.380206075993,27.5));
#2217 = ( GEOMETRIC_REPRESENTATION_CONTEXT(2) 
PARAMETRIC_REPRESENTATION_CONTEXT() REPRESENTATION_CONTEXT('2D SPACE',''
  ) );
#2218 = PCURVE('',#2219,#2224);
#2219 = PLANE('',#2220);
#2220 = AXIS2_PLACEMENT_3D('',#2221,#2222,#2223);
#2221 = CARTESIAN_POINT('',(-15.47160331078,27.5,85.300583180853));
#2222 = DIRECTION('',(0.,1.,0.));
#2223 = DIRECTION('',(0.819152044289,0.,-0.573576436351));
#2224 = DEFINITIONAL_REPRESENTATION('',(#2225),#2228);
#2225 = B_SPLINE_CURVE_WITH_KNOTS('',1,(#2226,#2227),.UNSPECIFIED.,.F.,
  .F.,(2,2),(-25.16976024067,1.644404420599),.PIECEWISE_BEZIER_KNOTS.);
#2226 = CARTESIAN_POINT('',(21.964877798181,-26.));
#2227 = CARTESIAN_POINT('',(4.440892098501E-16,-10.62002698985));
#2228 = ( GEOMETRIC_REPRESENTATION_CONTEXT(2) 
PARAMETRIC_REPRESENTATION_CONTEXT() REPRESENTATION_CONTEXT('2D SPACE',''
  ) );
#2229 = ORIENTED_EDGE('',*,*,#2230,.F.);
#2230 = EDGE_CURVE('',#2231,#2205,#2233,.T.);
#2231 = VERTEX_POINT('',#2232);
#2232 = CARTESIAN_POINT('',(15.098719311434,28.848251023376,94.));
#2233 = SURFACE_CURVE('',#2234,(#2238,#2244),.PCURVE_S1.);
#2234 = LINE('',#2235,#2236);
#2235 = CARTESIAN_POINT('',(3.190870009398,21.973251023376,94.));
#2236 = VECTOR('',#2237,1.);
#2237 = DIRECTION('',(-0.866025403784,-0.5,0.));
#2238 = PCURVE('',#93,#2239);
#2239 = DEFINITIONAL_REPRESENTATION('',(#2240),#2243);
#2240 = B_SPLINE_CURVE_WITH_KNOTS('',1,(#2241,#2242),.UNSPECIFIED.,.F.,
  .F.,(2,2),(-13.75,41.25),.PIECEWISE_BEZIER_KNOTS.);
#2241 = CARTESIAN_POINT('',(15.098719311434,28.848251023376));
#2242 = CARTESIAN_POINT('',(-32.53267789671,1.348251023376));
#2243 = ( GEOMETRIC_REPRESENTATION_CONTEXT(2) 
PARAMETRIC_REPRESENTATION_CONTEXT() REPRESENTATION_CONTEXT('2D SPACE',''
  ) );
#2244 = PCURVE('',#2245,#2250);
#2245 = PLANE('',#2246);
#2246 = AXIS2_PLACEMENT_3D('',#2247,#2248,#2249);
#2247 = CARTESIAN_POINT('',(24.095006586903,13.266224382778,
    106.59853633236));
#2248 = DIRECTION('',(-0.286788218176,0.496731764892,0.819152044289));
#2249 = DIRECTION('',(-0.409576022144,0.709406479916,-0.573576436351));
#2250 = DEFINITIONAL_REPRESENTATION('',(#2251),#2254);
#2251 = B_SPLINE_CURVE_WITH_KNOTS('',1,(#2252,#2253),.UNSPECIFIED.,.F.,
  .F.,(2,2),(-13.75,41.25),.PIECEWISE_BEZIER_KNOTS.);
#2252 = CARTESIAN_POINT('',(21.964877798181,0.));
#2253 = CARTESIAN_POINT('',(21.964877798181,55.));
#2254 = ( GEOMETRIC_REPRESENTATION_CONTEXT(2) 
PARAMETRIC_REPRESENTATION_CONTEXT() REPRESENTATION_CONTEXT('2D SPACE',''
  ) );
#2255 = ORIENTED_EDGE('',*,*,#2256,.T.);
#2256 = EDGE_CURVE('',#2231,#2257,#2259,.T.);
#2257 = VERTEX_POINT('',#2258);
#2258 = CARTESIAN_POINT('',(15.877132402715,27.5,94.));
#2259 = SURFACE_CURVE('',#2260,(#2264,#2270),.PCURVE_S1.);
#2260 = LINE('',#2261,#2262);
#2261 = CARTESIAN_POINT('',(27.683599431769,7.050599247791,94.));
#2262 = VECTOR('',#2263,1.);
#2263 = DIRECTION('',(0.5,-0.866025403784,0.));
#2264 = PCURVE('',#93,#2265);
#2265 = DEFINITIONAL_REPRESENTATION('',(#2266),#2269);
#2266 = B_SPLINE_CURVE_WITH_KNOTS('',1,(#2267,#2268),.UNSPECIFIED.,.F.,
  .F.,(2,2),(-25.16976024067,1.644404420599),.PIECEWISE_BEZIER_KNOTS.);
#2267 = CARTESIAN_POINT('',(15.098719311434,28.848251023376));
#2268 = CARTESIAN_POINT('',(28.505801642069,5.626503245457));
#2269 = ( GEOMETRIC_REPRESENTATION_CONTEXT(2) 
PARAMETRIC_REPRESENTATION_CONTEXT() REPRESENTATION_CONTEXT('2D SPACE',''
  ) );
#2270 = PCURVE('',#2271,#2276);
#2271 = PLANE('',#2272);
#2272 = AXIS2_PLACEMENT_3D('',#2273,#2274,#2275);
#2273 = CARTESIAN_POINT('',(31.551500259466,0.351198495582,
    85.300583180853));
#2274 = DIRECTION('',(-0.866025403784,-0.5,0.));
#2275 = DIRECTION('',(-0.409576022144,0.709406479916,-0.573576436351));
#2276 = DEFINITIONAL_REPRESENTATION('',(#2277),#2280);
#2277 = B_SPLINE_CURVE_WITH_KNOTS('',1,(#2278,#2279),.UNSPECIFIED.,.F.,
  .F.,(2,2),(-25.16976024067,1.644404420599),.PIECEWISE_BEZIER_KNOTS.);
#2278 = CARTESIAN_POINT('',(21.964877798181,-26.));
#2279 = CARTESIAN_POINT('',(0.,-10.62002698985));
#2280 = ( GEOMETRIC_REPRESENTATION_CONTEXT(2) 
PARAMETRIC_REPRESENTATION_CONTEXT() REPRESENTATION_CONTEXT('2D SPACE',''
  ) );
#2281 = ORIENTED_EDGE('',*,*,#2282,.F.);
#2282 = EDGE_CURVE('',#2283,#2257,#2285,.T.);
#2283 = VERTEX_POINT('',#2284);
#2284 = CARTESIAN_POINT('',(17.433958585277,27.5,94.));
#2285 = SURFACE_CURVE('',#2286,(#2290,#2296),.PCURVE_S1.);
#2286 = LINE('',#2287,#2288);
#2287 = CARTESIAN_POINT('',(-7.735801655394,27.5,94.));
#2288 = VECTOR('',#2289,1.);
#2289 = DIRECTION('',(-1.,0.,0.));
#2290 = PCURVE('',#93,#2291);
#2291 = DEFINITIONAL_REPRESENTATION('',(#2292),#2295);
#2292 = B_SPLINE_CURVE_WITH_KNOTS('',1,(#2293,#2294),.UNSPECIFIED.,.F.,
  .F.,(2,2),(-25.16976024067,1.644404420599),.PIECEWISE_BEZIER_KNOTS.);
#2293 = CARTESIAN_POINT('',(17.433958585277,27.5));
#2294 = CARTESIAN_POINT('',(-9.380206075993,27.5));
#2295 = ( GEOMETRIC_REPRESENTATION_CONTEXT(2) 
PARAMETRIC_REPRESENTATION_CONTEXT() REPRESENTATION_CONTEXT('2D SPACE',''
  ) );
#2296 = PCURVE('',#2297,#2302);
#2297 = PLANE('',#2298);
#2298 = AXIS2_PLACEMENT_3D('',#2299,#2300,#2301);
#2299 = CARTESIAN_POINT('',(-15.47160331078,27.5,85.300583180853));
#2300 = DIRECTION('',(0.,1.,0.));
#2301 = DIRECTION('',(0.819152044289,0.,-0.573576436351));
#2302 = DEFINITIONAL_REPRESENTATION('',(#2303),#2306);
#2303 = B_SPLINE_CURVE_WITH_KNOTS('',1,(#2304,#2305),.UNSPECIFIED.,.F.,
  .F.,(2,2),(-25.16976024067,1.644404420599),.PIECEWISE_BEZIER_KNOTS.);
#2304 = CARTESIAN_POINT('',(21.964877798181,-26.));
#2305 = CARTESIAN_POINT('',(4.440892098501E-16,-10.62002698985));
#2306 = ( GEOMETRIC_REPRESENTATION_CONTEXT(2) 
PARAMETRIC_REPRESENTATION_CONTEXT() REPRESENTATION_CONTEXT('2D SPACE',''
  ) );
#2307 = ORIENTED_EDGE('',*,*,#2308,.F.);
#2308 = EDGE_CURVE('',#2309,#2283,#2311,.T.);
#2309 = VERTEX_POINT('',#2310);
#2310 = CARTESIAN_POINT('',(17.433958585277,24.803497953249,94.));
#2311 = SURFACE_CURVE('',#2312,(#2316,#2322),.PCURVE_S1.);
#2312 = LINE('',#2313,#2314);
#2313 = CARTESIAN_POINT('',(17.433958585277,-13.75,94.));
#2314 = VECTOR('',#2315,1.);
#2315 = DIRECTION('',(0.,1.,0.));
#2316 = PCURVE('',#93,#2317);
#2317 = DEFINITIONAL_REPRESENTATION('',(#2318),#2321);
#2318 = B_SPLINE_CURVE_WITH_KNOTS('',1,(#2319,#2320),.UNSPECIFIED.,.F.,
  .F.,(2,2),(-13.75,41.25),.PIECEWISE_BEZIER_KNOTS.);
#2319 = CARTESIAN_POINT('',(17.433958585277,-27.5));
#2320 = CARTESIAN_POINT('',(17.433958585277,27.5));
#2321 = ( GEOMETRIC_REPRESENTATION_CONTEXT(2) 
PARAMETRIC_REPRESENTATION_CONTEXT() REPRESENTATION_CONTEXT('2D SPACE',''
  ) );
#2322 = PCURVE('',#2323,#2328);
#2323 = PLANE('',#2324);
#2324 = AXIS2_PLACEMENT_3D('',#2325,#2326,#2327);
#2325 = CARTESIAN_POINT('',(-0.558615965661,-27.5,106.59853633236));
#2326 = DIRECTION('',(0.573576436351,0.,0.819152044289));
#2327 = DIRECTION('',(0.819152044289,0.,-0.573576436351));
#2328 = DEFINITIONAL_REPRESENTATION('',(#2329),#2332);
#2329 = B_SPLINE_CURVE_WITH_KNOTS('',1,(#2330,#2331),.UNSPECIFIED.,.F.,
  .F.,(2,2),(-13.75,41.25),.PIECEWISE_BEZIER_KNOTS.);
#2330 = CARTESIAN_POINT('',(21.964877798181,0.));
#2331 = CARTESIAN_POINT('',(21.964877798181,55.));
#2332 = ( GEOMETRIC_REPRESENTATION_CONTEXT(2) 
PARAMETRIC_REPRESENTATION_CONTEXT() REPRESENTATION_CONTEXT('2D SPACE',''
  ) );
#2333 = ORIENTED_EDGE('',*,*,#2334,.T.);
#2334 = EDGE_CURVE('',#2309,#2335,#2337,.T.);
#2335 = VERTEX_POINT('',#2336);
#2336 = CARTESIAN_POINT('',(28.348637024787,5.898720347741,94.));
#2337 = SURFACE_CURVE('',#2338,(#2342,#2348),.PCURVE_S1.);
#2338 = LINE('',#2339,#2340);
#2339 = CARTESIAN_POINT('',(27.683599431769,7.050599247791,94.));
#2340 = VECTOR('',#2341,1.);
#2341 = DIRECTION('',(0.5,-0.866025403784,0.));
#2342 = PCURVE('',#93,#2343);
#2343 = DEFINITIONAL_REPRESENTATION('',(#2344),#2347);
#2344 = B_SPLINE_CURVE_WITH_KNOTS('',1,(#2345,#2346),.UNSPECIFIED.,.F.,
  .F.,(2,2),(-25.16976024067,1.644404420599),.PIECEWISE_BEZIER_KNOTS.);
#2345 = CARTESIAN_POINT('',(15.098719311434,28.848251023376));
#2346 = CARTESIAN_POINT('',(28.505801642069,5.626503245457));
#2347 = ( GEOMETRIC_REPRESENTATION_CONTEXT(2) 
PARAMETRIC_REPRESENTATION_CONTEXT() REPRESENTATION_CONTEXT('2D SPACE',''
  ) );
#2348 = PCURVE('',#2349,#2354);
#2349 = PLANE('',#2350);
#2350 = AXIS2_PLACEMENT_3D('',#2351,#2352,#2353);
#2351 = CARTESIAN_POINT('',(31.551500259466,0.351198495582,
    85.300583180853));
#2352 = DIRECTION('',(-0.866025403784,-0.5,0.));
#2353 = DIRECTION('',(-0.409576022144,0.709406479916,-0.573576436351));
#2354 = DEFINITIONAL_REPRESENTATION('',(#2355),#2358);
#2355 = B_SPLINE_CURVE_WITH_KNOTS('',1,(#2356,#2357),.UNSPECIFIED.,.F.,
  .F.,(2,2),(-25.16976024067,1.644404420599),.PIECEWISE_BEZIER_KNOTS.);
#2356 = CARTESIAN_POINT('',(21.964877798181,-26.));
#2357 = CARTESIAN_POINT('',(0.,-10.62002698985));
#2358 = ( GEOMETRIC_REPRESENTATION_CONTEXT(2) 
PARAMETRIC_REPRESENTATION_CONTEXT() REPRESENTATION_CONTEXT('2D SPACE',''
  ) );
#2359 = ORIENTED_EDGE('',*,*,#2360,.F.);
#2360 = EDGE_CURVE('',#2361,#2335,#2363,.T.);
#2361 = VERTEX_POINT('',#2362);
#2362 = CARTESIAN_POINT('',(30.720231913723,4.409002494868,94.));
#2363 = SURFACE_CURVE('',#2364,(#2369,#2376),.PCURVE_S1.);
#2364 = ELLIPSE('',#2365,2.44082551387,1.4);
#2365 = AXIS2_PLACEMENT_3D('',#2366,#2367,#2368);
#2366 = CARTESIAN_POINT('',(29.507796348425,5.109002494868,94.));
#2367 = DIRECTION('',(0.,0.,1.));
#2368 = DIRECTION('',(-0.5,-0.866025403784,0.));
#2369 = PCURVE('',#93,#2370);
#2370 = DEFINITIONAL_REPRESENTATION('',(#2371),#2375);
#2371 = ELLIPSE('',#2372,2.44082551387,1.4);
#2372 = AXIS2_PLACEMENT_2D('',#2373,#2374);
#2373 = CARTESIAN_POINT('',(29.507796348425,5.109002494868));
#2374 = DIRECTION('',(-0.5,-0.866025403784));
#2375 = ( GEOMETRIC_REPRESENTATION_CONTEXT(2) 
PARAMETRIC_REPRESENTATION_CONTEXT() REPRESENTATION_CONTEXT('2D SPACE',''
  ) );
#2376 = PCURVE('',#1209,#2377);
#2377 = DEFINITIONAL_REPRESENTATION('',(#2378),#2409);
#2378 = B_SPLINE_CURVE_WITH_KNOTS('',8,(#2379,#2380,#2381,#2382,#2383,
    #2384,#2385,#2386,#2387,#2388,#2389,#2390,#2391,#2392,#2393,#2394,
    #2395,#2396,#2397,#2398,#2399,#2400,#2401,#2402,#2403,#2404,#2405,
    #2406,#2407,#2408),.UNSPECIFIED.,.F.,.F.,(9,7,7,7,9),(1.570796326795
    ,3.14159265359,4.319689898686,6.08683576633,7.853981633974),
  .UNSPECIFIED.);
#2379 = CARTESIAN_POINT('',(6.28318530718,16.973769656596));
#2380 = CARTESIAN_POINT('',(6.08683576633,16.581186969052));
#2381 = CARTESIAN_POINT('',(5.890486225481,16.188604188263));
#2382 = CARTESIAN_POINT('',(5.694136684631,15.819085478674));
#2383 = CARTESIAN_POINT('',(5.497787143787,15.495690380907));
#2384 = CARTESIAN_POINT('',(5.301437602932,15.238647998332));
#2385 = CARTESIAN_POINT('',(5.105088062084,15.062457880291));
#2386 = CARTESIAN_POINT('',(4.908738521234,14.974362447157));
#2387 = CARTESIAN_POINT('',(4.565126824748,14.974362447157));
#2388 = CARTESIAN_POINT('',(4.41786466911,15.02391625908));
#2389 = CARTESIAN_POINT('',(4.270602513474,15.123022662203));
#2390 = CARTESIAN_POINT('',(4.123340357836,15.269392764368));
#2391 = CARTESIAN_POINT('',(3.976078202199,15.458435280749));
#2392 = CARTESIAN_POINT('',(3.828816046563,15.683544500619));
#2393 = CARTESIAN_POINT('',(3.681553890926,15.936605310612));
#2394 = CARTESIAN_POINT('',(3.313398501833,16.616666141563));
#2395 = CARTESIAN_POINT('',(3.092505268381,17.067370515408));
#2396 = CARTESIAN_POINT('',(2.871612034928,17.530401249052));
#2397 = CARTESIAN_POINT('',(2.650718801487,17.970991420298));
#2398 = CARTESIAN_POINT('',(2.429825568016,18.354618953163));
#2399 = CARTESIAN_POINT('',(2.20893233456,18.653079754942));
#2400 = CARTESIAN_POINT('',(1.9880391011,18.848596098849));
#2401 = CARTESIAN_POINT('',(1.546252634189,19.020921535444));
#2402 = CARTESIAN_POINT('',(1.325359400739,18.997730723548));
#2403 = CARTESIAN_POINT('',(1.104466167274,18.858781844094));
#2404 = CARTESIAN_POINT('',(0.883572933842,18.60904369982));
#2405 = CARTESIAN_POINT('',(0.662679700355,18.265896518271));
#2406 = CARTESIAN_POINT('',(0.441786466912,17.85708094803));
#2407 = CARTESIAN_POINT('',(0.220893233456,17.415425180084));
#2408 = CARTESIAN_POINT('',(9.769962616701E-15,16.973769656596));
#2409 = ( GEOMETRIC_REPRESENTATION_CONTEXT(2) 
PARAMETRIC_REPRESENTATION_CONTEXT() REPRESENTATION_CONTEXT('2D SPACE',''
  ) );
#2410 = ORIENTED_EDGE('',*,*,#2411,.F.);
#2411 = EDGE_CURVE('',#2412,#2361,#2414,.T.);
#2412 = VERTEX_POINT('',#2413);
#2413 = CARTESIAN_POINT('',(28.079307472701,5.380266721965,94.));
#2414 = SURFACE_CURVE('',#2415,(#2420,#2427),.PCURVE_S1.);
#2415 = ELLIPSE('',#2416,2.44082551387,1.4);
#2416 = AXIS2_PLACEMENT_3D('',#2417,#2418,#2419);
#2417 = CARTESIAN_POINT('',(29.507796348425,5.109002494868,94.));
#2418 = DIRECTION('',(0.,0.,1.));
#2419 = DIRECTION('',(-0.5,-0.866025403784,0.));
#2420 = PCURVE('',#93,#2421);
#2421 = DEFINITIONAL_REPRESENTATION('',(#2422),#2426);
#2422 = ELLIPSE('',#2423,2.44082551387,1.4);
#2423 = AXIS2_PLACEMENT_2D('',#2424,#2425);
#2424 = CARTESIAN_POINT('',(29.507796348425,5.109002494868));
#2425 = DIRECTION('',(-0.5,-0.866025403784));
#2426 = ( GEOMETRIC_REPRESENTATION_CONTEXT(2) 
PARAMETRIC_REPRESENTATION_CONTEXT() REPRESENTATION_CONTEXT('2D SPACE',''
  ) );
#2427 = PCURVE('',#1209,#2428);
#2428 = DEFINITIONAL_REPRESENTATION('',(#2429),#2460);
#2429 = B_SPLINE_CURVE_WITH_KNOTS('',8,(#2430,#2431,#2432,#2433,#2434,
    #2435,#2436,#2437,#2438,#2439,#2440,#2441,#2442,#2443,#2444,#2445,
    #2446,#2447,#2448,#2449,#2450,#2451,#2452,#2453,#2454,#2455,#2456,
    #2457,#2458,#2459),.UNSPECIFIED.,.F.,.F.,(9,7,7,7,9),(1.570796326795
    ,3.14159265359,4.319689898686,6.08683576633,7.853981633974),
  .UNSPECIFIED.);
#2430 = CARTESIAN_POINT('',(6.28318530718,16.973769656596));
#2431 = CARTESIAN_POINT('',(6.08683576633,16.581186969052));
#2432 = CARTESIAN_POINT('',(5.890486225481,16.188604188263));
#2433 = CARTESIAN_POINT('',(5.694136684631,15.819085478674));
#2434 = CARTESIAN_POINT('',(5.497787143787,15.495690380907));
#2435 = CARTESIAN_POINT('',(5.301437602932,15.238647998332));
#2436 = CARTESIAN_POINT('',(5.105088062084,15.062457880291));
#2437 = CARTESIAN_POINT('',(4.908738521234,14.974362447157));
#2438 = CARTESIAN_POINT('',(4.565126824748,14.974362447157));
#2439 = CARTESIAN_POINT('',(4.41786466911,15.02391625908));
#2440 = CARTESIAN_POINT('',(4.270602513474,15.123022662203));
#2441 = CARTESIAN_POINT('',(4.123340357836,15.269392764368));
#2442 = CARTESIAN_POINT('',(3.976078202199,15.458435280749));
#2443 = CARTESIAN_POINT('',(3.828816046563,15.683544500619));
#2444 = CARTESIAN_POINT('',(3.681553890926,15.936605310612));
#2445 = CARTESIAN_POINT('',(3.313398501833,16.616666141563));
#2446 = CARTESIAN_POINT('',(3.092505268381,17.067370515408));
#2447 = CARTESIAN_POINT('',(2.871612034928,17.530401249052));
#2448 = CARTESIAN_POINT('',(2.650718801487,17.970991420298));
#2449 = CARTESIAN_POINT('',(2.429825568016,18.354618953163));
#2450 = CARTESIAN_POINT('',(2.20893233456,18.653079754942));
#2451 = CARTESIAN_POINT('',(1.9880391011,18.848596098849));
#2452 = CARTESIAN_POINT('',(1.546252634189,19.020921535444));
#2453 = CARTESIAN_POINT('',(1.325359400739,18.997730723548));
#2454 = CARTESIAN_POINT('',(1.104466167274,18.858781844094));
#2455 = CARTESIAN_POINT('',(0.883572933842,18.60904369982));
#2456 = CARTESIAN_POINT('',(0.662679700355,18.265896518271));
#2457 = CARTESIAN_POINT('',(0.441786466912,17.85708094803));
#2458 = CARTESIAN_POINT('',(0.220893233456,17.415425180084));
#2459 = CARTESIAN_POINT('',(9.769962616701E-15,16.973769656596));
#2460 = ( GEOMETRIC_REPRESENTATION_CONTEXT(2) 
PARAMETRIC_REPRESENTATION_CONTEXT() REPRESENTATION_CONTEXT('2D SPACE',''
  ) );
#2461 = ORIENTED_EDGE('',*,*,#2462,.T.);
#2462 = EDGE_CURVE('',#2412,#2463,#2465,.T.);
#2463 = VERTEX_POINT('',#2464);
#2464 = CARTESIAN_POINT('',(18.760412151986,-2.886579864025E-15,94.));
#2465 = SURFACE_CURVE('',#2466,(#2470,#2476),.PCURVE_S1.);
#2466 = LINE('',#2467,#2468);
#2467 = CARTESIAN_POINT('',(16.597952340033,-1.248496754543,94.));
#2468 = VECTOR('',#2469,1.);
#2469 = DIRECTION('',(-0.866025403784,-0.5,0.));
#2470 = PCURVE('',#93,#2471);
#2471 = DEFINITIONAL_REPRESENTATION('',(#2472),#2475);
#2472 = B_SPLINE_CURVE_WITH_KNOTS('',1,(#2473,#2474),.UNSPECIFIED.,.F.,
  .F.,(2,2),(-13.75,41.25),.PIECEWISE_BEZIER_KNOTS.);
#2473 = CARTESIAN_POINT('',(28.505801642069,5.626503245457));
#2474 = CARTESIAN_POINT('',(-19.12559556607,-21.87349675454));
#2475 = ( GEOMETRIC_REPRESENTATION_CONTEXT(2) 
PARAMETRIC_REPRESENTATION_CONTEXT() REPRESENTATION_CONTEXT('2D SPACE',''
  ) );
#2476 = PCURVE('',#2477,#2482);
#2477 = PLANE('',#2478);
#2478 = AXIS2_PLACEMENT_3D('',#2479,#2480,#2481);
#2479 = CARTESIAN_POINT('',(31.551500259466,0.351198495582,
    85.300583180853));
#2480 = DIRECTION('',(-0.409576022144,0.709406479916,-0.573576436351));
#2481 = DIRECTION('',(-0.866025403784,-0.5,0.));
#2482 = DEFINITIONAL_REPRESENTATION('',(#2483),#2486);
#2483 = B_SPLINE_CURVE_WITH_KNOTS('',1,(#2484,#2485),.UNSPECIFIED.,.F.,
  .F.,(2,2),(-13.75,41.25),.PIECEWISE_BEZIER_KNOTS.);
#2484 = CARTESIAN_POINT('',(0.,10.620026989859));
#2485 = CARTESIAN_POINT('',(55.,10.620026989859));
#2486 = ( GEOMETRIC_REPRESENTATION_CONTEXT(2) 
PARAMETRIC_REPRESENTATION_CONTEXT() REPRESENTATION_CONTEXT('2D SPACE',''
  ) );
#2487 = ORIENTED_EDGE('',*,*,#2488,.T.);
#2488 = EDGE_CURVE('',#2463,#2489,#2491,.T.);
#2489 = VERTEX_POINT('',#2490);
#2490 = CARTESIAN_POINT('',(28.0793074727,-5.380266721964,94.));
#2491 = SURFACE_CURVE('',#2492,(#2496,#2502),.PCURVE_S1.);
#2492 = LINE('',#2493,#2494);
#2493 = CARTESIAN_POINT('',(-7.21774626404,14.998496754543,94.));
#2494 = VECTOR('',#2495,1.);
#2495 = DIRECTION('',(0.866025403784,-0.5,0.));
#2496 = PCURVE('',#93,#2497);
#2497 = DEFINITIONAL_REPRESENTATION('',(#2498),#2501);
#2498 = B_SPLINE_CURVE_WITH_KNOTS('',1,(#2499,#2500),.UNSPECIFIED.,.F.,
  .F.,(2,2),(-13.75,41.25),.PIECEWISE_BEZIER_KNOTS.);
#2499 = CARTESIAN_POINT('',(-19.12559556607,21.873496754543));
#2500 = CARTESIAN_POINT('',(28.505801642069,-5.626503245457));
#2501 = ( GEOMETRIC_REPRESENTATION_CONTEXT(2) 
PARAMETRIC_REPRESENTATION_CONTEXT() REPRESENTATION_CONTEXT('2D SPACE',''
  ) );
#2502 = PCURVE('',#2503,#2508);
#2503 = PLANE('',#2504);
#2504 = AXIS2_PLACEMENT_3D('',#2505,#2506,#2507);
#2505 = CARTESIAN_POINT('',(-16.07989694867,27.148801504418,
    85.300583180853));
#2506 = DIRECTION('',(-0.409576022144,-0.709406479916,-0.573576436351));
#2507 = DIRECTION('',(0.866025403784,-0.5,5.551115123126E-17));
#2508 = DEFINITIONAL_REPRESENTATION('',(#2509),#2512);
#2509 = B_SPLINE_CURVE_WITH_KNOTS('',1,(#2510,#2511),.UNSPECIFIED.,.F.,
  .F.,(2,2),(-13.75,41.25),.PIECEWISE_BEZIER_KNOTS.);
#2510 = CARTESIAN_POINT('',(0.,10.620026989859));
#2511 = CARTESIAN_POINT('',(55.,10.620026989859));
#2512 = ( GEOMETRIC_REPRESENTATION_CONTEXT(2) 
PARAMETRIC_REPRESENTATION_CONTEXT() REPRESENTATION_CONTEXT('2D SPACE',''
  ) );
#2513 = ORIENTED_EDGE('',*,*,#2514,.F.);
#2514 = EDGE_CURVE('',#2515,#2489,#2517,.T.);
#2515 = VERTEX_POINT('',#2516);
#2516 = CARTESIAN_POINT('',(28.348637024787,-5.898720347741,94.));
#2517 = SURFACE_CURVE('',#2518,(#2523,#2530),.PCURVE_S1.);
#2518 = ELLIPSE('',#2519,2.44082551387,1.4);
#2519 = AXIS2_PLACEMENT_3D('',#2520,#2521,#2522);
#2520 = CARTESIAN_POINT('',(29.507796348425,-5.109002494868,94.));
#2521 = DIRECTION('',(0.,0.,1.));
#2522 = DIRECTION('',(-0.5,0.866025403784,0.));
#2523 = PCURVE('',#93,#2524);
#2524 = DEFINITIONAL_REPRESENTATION('',(#2525),#2529);
#2525 = ELLIPSE('',#2526,2.44082551387,1.4);
#2526 = AXIS2_PLACEMENT_2D('',#2527,#2528);
#2527 = CARTESIAN_POINT('',(29.507796348425,-5.109002494868));
#2528 = DIRECTION('',(-0.5,0.866025403784));
#2529 = ( GEOMETRIC_REPRESENTATION_CONTEXT(2) 
PARAMETRIC_REPRESENTATION_CONTEXT() REPRESENTATION_CONTEXT('2D SPACE',''
  ) );
#2530 = PCURVE('',#618,#2531);
#2531 = DEFINITIONAL_REPRESENTATION('',(#2532),#2563);
#2532 = B_SPLINE_CURVE_WITH_KNOTS('',8,(#2533,#2534,#2535,#2536,#2537,
    #2538,#2539,#2540,#2541,#2542,#2543,#2544,#2545,#2546,#2547,#2548,
    #2549,#2550,#2551,#2552,#2553,#2554,#2555,#2556,#2557,#2558,#2559,
    #2560,#2561,#2562),.UNSPECIFIED.,.F.,.F.,(9,7,7,7,9),(1.570796326795
    ,3.14159265359,4.319689898686,6.08683576633,7.853981633974),
  .UNSPECIFIED.);
#2533 = CARTESIAN_POINT('',(6.28318530718,16.973769656596));
#2534 = CARTESIAN_POINT('',(6.08683576633,16.581186969052));
#2535 = CARTESIAN_POINT('',(5.890486225482,16.188604188275));
#2536 = CARTESIAN_POINT('',(5.694136684632,15.819085478593));
#2537 = CARTESIAN_POINT('',(5.497787143785,15.495690380922));
#2538 = CARTESIAN_POINT('',(5.301437602933,15.238647998274));
#2539 = CARTESIAN_POINT('',(5.105088062084,15.0624578803));
#2540 = CARTESIAN_POINT('',(4.908738521234,14.974362447157));
#2541 = CARTESIAN_POINT('',(4.565126824748,14.974362447157));
#2542 = CARTESIAN_POINT('',(4.41786466911,15.02391625908));
#2543 = CARTESIAN_POINT('',(4.270602513474,15.123022662207));
#2544 = CARTESIAN_POINT('',(4.123340357837,15.269392764373));
#2545 = CARTESIAN_POINT('',(3.9760782022,15.458435280751));
#2546 = CARTESIAN_POINT('',(3.828816046563,15.683544500619));
#2547 = CARTESIAN_POINT('',(3.681553890926,15.936605310612));
#2548 = CARTESIAN_POINT('',(3.313398501833,16.616666141563));
#2549 = CARTESIAN_POINT('',(3.09250526838,17.067370515415));
#2550 = CARTESIAN_POINT('',(2.871612034917,17.530401249031));
#2551 = CARTESIAN_POINT('',(2.650718801483,17.970991420385));
#2552 = CARTESIAN_POINT('',(2.429825568007,18.354618953126));
#2553 = CARTESIAN_POINT('',(2.208932334558,18.653079754946));
#2554 = CARTESIAN_POINT('',(1.9880391011,18.848596098849));
#2555 = CARTESIAN_POINT('',(1.546252634189,19.020921535444));
#2556 = CARTESIAN_POINT('',(1.325359400732,18.997730723504));
#2557 = CARTESIAN_POINT('',(1.104466167274,18.858781844239));
#2558 = CARTESIAN_POINT('',(0.883572933842,18.6090436995));
#2559 = CARTESIAN_POINT('',(0.662679700358,18.265896518409));
#2560 = CARTESIAN_POINT('',(0.441786466914,17.85708094799));
#2561 = CARTESIAN_POINT('',(0.220893233456,17.415425180084));
#2562 = CARTESIAN_POINT('',(9.769962616701E-15,16.973769656596));
#2563 = ( GEOMETRIC_REPRESENTATION_CONTEXT(2) 
PARAMETRIC_REPRESENTATION_CONTEXT() REPRESENTATION_CONTEXT('2D SPACE',''
  ) );
#2564 = ORIENTED_EDGE('',*,*,#2565,.F.);
#2565 = EDGE_CURVE('',#1509,#2515,#2566,.T.);
#2566 = SURFACE_CURVE('',#2567,(#2571,#2577),.PCURVE_S1.);
#2567 = LINE('',#2568,#2569);
#2568 = CARTESIAN_POINT('',(27.683599431769,-7.050599247791,94.));
#2569 = VECTOR('',#2570,1.);
#2570 = DIRECTION('',(0.5,0.866025403784,-0.));
#2571 = PCURVE('',#93,#2572);
#2572 = DEFINITIONAL_REPRESENTATION('',(#2573),#2576);
#2573 = B_SPLINE_CURVE_WITH_KNOTS('',1,(#2574,#2575),.UNSPECIFIED.,.F.,
  .F.,(2,2),(-25.16976024067,1.644404420599),.PIECEWISE_BEZIER_KNOTS.);
#2574 = CARTESIAN_POINT('',(15.098719311434,-28.84825102337));
#2575 = CARTESIAN_POINT('',(28.505801642069,-5.626503245457));
#2576 = ( GEOMETRIC_REPRESENTATION_CONTEXT(2) 
PARAMETRIC_REPRESENTATION_CONTEXT() REPRESENTATION_CONTEXT('2D SPACE',''
  ) );
#2577 = PCURVE('',#2578,#2583);
#2578 = PLANE('',#2579);
#2579 = AXIS2_PLACEMENT_3D('',#2580,#2581,#2582);
#2580 = CARTESIAN_POINT('',(31.551500259466,-0.351198495582,
    85.300583180853));
#2581 = DIRECTION('',(0.866025403784,-0.5,5.551115123126E-17));
#2582 = DIRECTION('',(-0.409576022144,-0.709406479916,-0.573576436351));
#2583 = DEFINITIONAL_REPRESENTATION('',(#2584),#2587);
#2584 = B_SPLINE_CURVE_WITH_KNOTS('',1,(#2585,#2586),.UNSPECIFIED.,.F.,
  .F.,(2,2),(-25.16976024067,1.644404420599),.PIECEWISE_BEZIER_KNOTS.);
#2585 = CARTESIAN_POINT('',(21.964877798181,-26.));
#2586 = CARTESIAN_POINT('',(4.440892098501E-16,-10.62002698985));
#2587 = ( GEOMETRIC_REPRESENTATION_CONTEXT(2) 
PARAMETRIC_REPRESENTATION_CONTEXT() REPRESENTATION_CONTEXT('2D SPACE',''
  ) );
#2588 = FACE_BOUND('',#2589,.F.);
#2589 = EDGE_LOOP('',(#2590,#2613,#2634,#2655));
#2590 = ORIENTED_EDGE('',*,*,#2591,.T.);
#2591 = EDGE_CURVE('',#2592,#2594,#2596,.T.);
#2592 = VERTEX_POINT('',#2593);
#2593 = CARTESIAN_POINT('',(-21.03589838486,44.435244785437,94.));
#2594 = VERTEX_POINT('',#2595);
#2595 = CARTESIAN_POINT('',(-15.03589838486,34.042939940024,94.));
#2596 = SURFACE_CURVE('',#2597,(#2601,#2607),.PCURVE_S1.);
#2597 = LINE('',#2598,#2599);
#2598 = CARTESIAN_POINT('',(-5.785898384862,18.021469970012,94.));
#2599 = VECTOR('',#2600,1.);
#2600 = DIRECTION('',(0.5,-0.866025403784,0.));
#2601 = PCURVE('',#93,#2602);
#2602 = DEFINITIONAL_REPRESENTATION('',(#2603),#2606);
#2603 = B_SPLINE_CURVE_WITH_KNOTS('',1,(#2604,#2605),.UNSPECIFIED.,.F.,
  .F.,(2,2),(-30.5,-18.5),.PIECEWISE_BEZIER_KNOTS.);
#2604 = CARTESIAN_POINT('',(-21.03589838486,44.435244785438));
#2605 = CARTESIAN_POINT('',(-15.03589838486,34.042939940024));
#2606 = ( GEOMETRIC_REPRESENTATION_CONTEXT(2) 
PARAMETRIC_REPRESENTATION_CONTEXT() REPRESENTATION_CONTEXT('2D SPACE',''
  ) );
#2607 = PCURVE('',#823,#2608);
#2608 = DEFINITIONAL_REPRESENTATION('',(#2609),#2612);
#2609 = B_SPLINE_CURVE_WITH_KNOTS('',1,(#2610,#2611),.UNSPECIFIED.,.F.,
  .F.,(2,2),(-30.5,-18.5),.PIECEWISE_BEZIER_KNOTS.);
#2610 = CARTESIAN_POINT('',(1.,12.));
#2611 = CARTESIAN_POINT('',(1.,0.));
#2612 = ( GEOMETRIC_REPRESENTATION_CONTEXT(2) 
PARAMETRIC_REPRESENTATION_CONTEXT() REPRESENTATION_CONTEXT('2D SPACE',''
  ) );
#2613 = ORIENTED_EDGE('',*,*,#2614,.T.);
#2614 = EDGE_CURVE('',#2594,#2615,#2617,.T.);
#2615 = VERTEX_POINT('',#2616);
#2616 = CARTESIAN_POINT('',(-21.96410161513,30.042939940024,94.));
#2617 = SURFACE_CURVE('',#2618,(#2622,#2628),.PCURVE_S1.);
#2618 = LINE('',#2619,#2620);
#2619 = CARTESIAN_POINT('',(-16.76794919243,33.042939940024,94.));
#2620 = VECTOR('',#2621,1.);
#2621 = DIRECTION('',(-0.866025403784,-0.5,0.));
#2622 = PCURVE('',#93,#2623);
#2623 = DEFINITIONAL_REPRESENTATION('',(#2624),#2627);
#2624 = B_SPLINE_CURVE_WITH_KNOTS('',1,(#2625,#2626),.UNSPECIFIED.,.F.,
  .F.,(2,2),(-2.,6.),.PIECEWISE_BEZIER_KNOTS.);
#2625 = CARTESIAN_POINT('',(-15.03589838486,34.042939940024));
#2626 = CARTESIAN_POINT('',(-21.96410161513,30.042939940024));
#2627 = ( GEOMETRIC_REPRESENTATION_CONTEXT(2) 
PARAMETRIC_REPRESENTATION_CONTEXT() REPRESENTATION_CONTEXT('2D SPACE',''
  ) );
#2628 = PCURVE('',#849,#2629);
#2629 = DEFINITIONAL_REPRESENTATION('',(#2630),#2633);
#2630 = B_SPLINE_CURVE_WITH_KNOTS('',1,(#2631,#2632),.UNSPECIFIED.,.F.,
  .F.,(2,2),(-2.,6.),.PIECEWISE_BEZIER_KNOTS.);
#2631 = CARTESIAN_POINT('',(1.,0.));
#2632 = CARTESIAN_POINT('',(1.,-8.));
#2633 = ( GEOMETRIC_REPRESENTATION_CONTEXT(2) 
PARAMETRIC_REPRESENTATION_CONTEXT() REPRESENTATION_CONTEXT('2D SPACE',''
  ) );
#2634 = ORIENTED_EDGE('',*,*,#2635,.F.);
#2635 = EDGE_CURVE('',#2636,#2615,#2638,.T.);
#2636 = VERTEX_POINT('',#2637);
#2637 = CARTESIAN_POINT('',(-27.96410161513,40.435244785438,94.));
#2638 = SURFACE_CURVE('',#2639,(#2643,#2649),.PCURVE_S1.);
#2639 = LINE('',#2640,#2641);
#2640 = CARTESIAN_POINT('',(-12.71410161513,14.021469970012,94.));
#2641 = VECTOR('',#2642,1.);
#2642 = DIRECTION('',(0.5,-0.866025403784,0.));
#2643 = PCURVE('',#93,#2644);
#2644 = DEFINITIONAL_REPRESENTATION('',(#2645),#2648);
#2645 = B_SPLINE_CURVE_WITH_KNOTS('',1,(#2646,#2647),.UNSPECIFIED.,.F.,
  .F.,(2,2),(-30.5,-18.5),.PIECEWISE_BEZIER_KNOTS.);
#2646 = CARTESIAN_POINT('',(-27.96410161513,40.435244785438));
#2647 = CARTESIAN_POINT('',(-21.96410161513,30.042939940024));
#2648 = ( GEOMETRIC_REPRESENTATION_CONTEXT(2) 
PARAMETRIC_REPRESENTATION_CONTEXT() REPRESENTATION_CONTEXT('2D SPACE',''
  ) );
#2649 = PCURVE('',#875,#2650);
#2650 = DEFINITIONAL_REPRESENTATION('',(#2651),#2654);
#2651 = B_SPLINE_CURVE_WITH_KNOTS('',1,(#2652,#2653),.UNSPECIFIED.,.F.,
  .F.,(2,2),(-30.5,-18.5),.PIECEWISE_BEZIER_KNOTS.);
#2652 = CARTESIAN_POINT('',(1.,12.));
#2653 = CARTESIAN_POINT('',(1.,0.));
#2654 = ( GEOMETRIC_REPRESENTATION_CONTEXT(2) 
PARAMETRIC_REPRESENTATION_CONTEXT() REPRESENTATION_CONTEXT('2D SPACE',''
  ) );
#2655 = ORIENTED_EDGE('',*,*,#2656,.F.);
#2656 = EDGE_CURVE('',#2592,#2636,#2657,.T.);
#2657 = SURFACE_CURVE('',#2658,(#2662,#2668),.PCURVE_S1.);
#2658 = LINE('',#2659,#2660);
#2659 = CARTESIAN_POINT('',(-22.76794919243,43.435244785438,94.));
#2660 = VECTOR('',#2661,1.);
#2661 = DIRECTION('',(-0.866025403784,-0.5,0.));
#2662 = PCURVE('',#93,#2663);
#2663 = DEFINITIONAL_REPRESENTATION('',(#2664),#2667);
#2664 = B_SPLINE_CURVE_WITH_KNOTS('',1,(#2665,#2666),.UNSPECIFIED.,.F.,
  .F.,(2,2),(-2.,6.),.PIECEWISE_BEZIER_KNOTS.);
#2665 = CARTESIAN_POINT('',(-21.03589838486,44.435244785438));
#2666 = CARTESIAN_POINT('',(-27.96410161513,40.435244785438));
#2667 = ( GEOMETRIC_REPRESENTATION_CONTEXT(2) 
PARAMETRIC_REPRESENTATION_CONTEXT() REPRESENTATION_CONTEXT('2D SPACE',''
  ) );
#2668 = PCURVE('',#899,#2669);
#2669 = DEFINITIONAL_REPRESENTATION('',(#2670),#2673);
#2670 = B_SPLINE_CURVE_WITH_KNOTS('',1,(#2671,#2672),.UNSPECIFIED.,.F.,
  .F.,(2,2),(-2.,6.),.PIECEWISE_BEZIER_KNOTS.);
#2671 = CARTESIAN_POINT('',(1.,0.));
#2672 = CARTESIAN_POINT('',(1.,-8.));
#2673 = ( GEOMETRIC_REPRESENTATION_CONTEXT(2) 
PARAMETRIC_REPRESENTATION_CONTEXT() REPRESENTATION_CONTEXT('2D SPACE',''
  ) );
#2674 = FACE_BOUND('',#2675,.F.);
#2675 = EDGE_LOOP('',(#2676,#2699,#2720,#2741));
#2676 = ORIENTED_EDGE('',*,*,#2677,.T.);
#2677 = EDGE_CURVE('',#2678,#2680,#2682,.T.);
#2678 = VERTEX_POINT('',#2679);
#2679 = CARTESIAN_POINT('',(49.,-4.,94.));
#2680 = VERTEX_POINT('',#2681);
#2681 = CARTESIAN_POINT('',(37.,-4.,94.));
#2682 = SURFACE_CURVE('',#2683,(#2687,#2693),.PCURVE_S1.);
#2683 = LINE('',#2684,#2685);
#2684 = CARTESIAN_POINT('',(18.5,-4.,94.));
#2685 = VECTOR('',#2686,1.);
#2686 = DIRECTION('',(-1.,0.,0.));
#2687 = PCURVE('',#93,#2688);
#2688 = DEFINITIONAL_REPRESENTATION('',(#2689),#2692);
#2689 = B_SPLINE_CURVE_WITH_KNOTS('',1,(#2690,#2691),.UNSPECIFIED.,.F.,
  .F.,(2,2),(-30.5,-18.5),.PIECEWISE_BEZIER_KNOTS.);
#2690 = CARTESIAN_POINT('',(49.,-4.));
#2691 = CARTESIAN_POINT('',(37.,-4.));
#2692 = ( GEOMETRIC_REPRESENTATION_CONTEXT(2) 
PARAMETRIC_REPRESENTATION_CONTEXT() REPRESENTATION_CONTEXT('2D SPACE',''
  ) );
#2693 = PCURVE('',#1103,#2694);
#2694 = DEFINITIONAL_REPRESENTATION('',(#2695),#2698);
#2695 = B_SPLINE_CURVE_WITH_KNOTS('',1,(#2696,#2697),.UNSPECIFIED.,.F.,
  .F.,(2,2),(-30.5,-18.5),.PIECEWISE_BEZIER_KNOTS.);
#2696 = CARTESIAN_POINT('',(1.,12.));
#2697 = CARTESIAN_POINT('',(1.,0.));
#2698 = ( GEOMETRIC_REPRESENTATION_CONTEXT(2) 
PARAMETRIC_REPRESENTATION_CONTEXT() REPRESENTATION_CONTEXT('2D SPACE',''
  ) );
#2699 = ORIENTED_EDGE('',*,*,#2700,.T.);
#2700 = EDGE_CURVE('',#2680,#2701,#2703,.T.);
#2701 = VERTEX_POINT('',#2702);
#2702 = CARTESIAN_POINT('',(37.,4.,94.));
#2703 = SURFACE_CURVE('',#2704,(#2708,#2714),.PCURVE_S1.);
#2704 = LINE('',#2705,#2706);
#2705 = CARTESIAN_POINT('',(37.,-2.,94.));
#2706 = VECTOR('',#2707,1.);
#2707 = DIRECTION('',(0.,1.,0.));
#2708 = PCURVE('',#93,#2709);
#2709 = DEFINITIONAL_REPRESENTATION('',(#2710),#2713);
#2710 = B_SPLINE_CURVE_WITH_KNOTS('',1,(#2711,#2712),.UNSPECIFIED.,.F.,
  .F.,(2,2),(-2.,6.),.PIECEWISE_BEZIER_KNOTS.);
#2711 = CARTESIAN_POINT('',(37.,-4.));
#2712 = CARTESIAN_POINT('',(37.,4.));
#2713 = ( GEOMETRIC_REPRESENTATION_CONTEXT(2) 
PARAMETRIC_REPRESENTATION_CONTEXT() REPRESENTATION_CONTEXT('2D SPACE',''
  ) );
#2714 = PCURVE('',#1129,#2715);
#2715 = DEFINITIONAL_REPRESENTATION('',(#2716),#2719);
#2716 = B_SPLINE_CURVE_WITH_KNOTS('',1,(#2717,#2718),.UNSPECIFIED.,.F.,
  .F.,(2,2),(-2.,6.),.PIECEWISE_BEZIER_KNOTS.);
#2717 = CARTESIAN_POINT('',(1.,0.));
#2718 = CARTESIAN_POINT('',(1.,-8.));
#2719 = ( GEOMETRIC_REPRESENTATION_CONTEXT(2) 
PARAMETRIC_REPRESENTATION_CONTEXT() REPRESENTATION_CONTEXT('2D SPACE',''
  ) );
#2720 = ORIENTED_EDGE('',*,*,#2721,.F.);
#2721 = EDGE_CURVE('',#2722,#2701,#2724,.T.);
#2722 = VERTEX_POINT('',#2723);
#2723 = CARTESIAN_POINT('',(49.,4.,94.));
#2724 = SURFACE_CURVE('',#2725,(#2729,#2735),.PCURVE_S1.);
#2725 = LINE('',#2726,#2727);
#2726 = CARTESIAN_POINT('',(18.5,4.,94.));
#2727 = VECTOR('',#2728,1.);
#2728 = DIRECTION('',(-1.,0.,0.));
#2729 = PCURVE('',#93,#2730);
#2730 = DEFINITIONAL_REPRESENTATION('',(#2731),#2734);
#2731 = B_SPLINE_CURVE_WITH_KNOTS('',1,(#2732,#2733),.UNSPECIFIED.,.F.,
  .F.,(2,2),(-30.5,-18.5),.PIECEWISE_BEZIER_KNOTS.);
#2732 = CARTESIAN_POINT('',(49.,4.));
#2733 = CARTESIAN_POINT('',(37.,4.));
#2734 = ( GEOMETRIC_REPRESENTATION_CONTEXT(2) 
PARAMETRIC_REPRESENTATION_CONTEXT() REPRESENTATION_CONTEXT('2D SPACE',''
  ) );
#2735 = PCURVE('',#1155,#2736);
#2736 = DEFINITIONAL_REPRESENTATION('',(#2737),#2740);
#2737 = B_SPLINE_CURVE_WITH_KNOTS('',1,(#2738,#2739),.UNSPECIFIED.,.F.,
  .F.,(2,2),(-30.5,-18.5),.PIECEWISE_BEZIER_KNOTS.);
#2738 = CARTESIAN_POINT('',(1.,12.));
#2739 = CARTESIAN_POINT('',(1.,0.));
#2740 = ( GEOMETRIC_REPRESENTATION_CONTEXT(2) 
PARAMETRIC_REPRESENTATION_CONTEXT() REPRESENTATION_CONTEXT('2D SPACE',''
  ) );
#2741 = ORIENTED_EDGE('',*,*,#2742,.F.);
#2742 = EDGE_CURVE('',#2678,#2722,#2743,.T.);
#2743 = SURFACE_CURVE('',#2744,(#2748,#2754),.PCURVE_S1.);
#2744 = LINE('',#2745,#2746);
#2745 = CARTESIAN_POINT('',(49.,-2.,94.));
#2746 = VECTOR('',#2747,1.);
#2747 = DIRECTION('',(0.,1.,0.));
#2748 = PCURVE('',#93,#2749);
#2749 = DEFINITIONAL_REPRESENTATION('',(#2750),#2753);
#2750 = B_SPLINE_CURVE_WITH_KNOTS('',1,(#2751,#2752),.UNSPECIFIED.,.F.,
  .F.,(2,2),(-2.,6.),.PIECEWISE_BEZIER_KNOTS.);
#2751 = CARTESIAN_POINT('',(49.,-4.));
#2752 = CARTESIAN_POINT('',(49.,4.));
#2753 = ( GEOMETRIC_REPRESENTATION_CONTEXT(2) 
PARAMETRIC_REPRESENTATION_CONTEXT() REPRESENTATION_CONTEXT('2D SPACE',''
  ) );
#2754 = PCURVE('',#1179,#2755);
#2755 = DEFINITIONAL_REPRESENTATION('',(#2756),#2759);
#2756 = B_SPLINE_CURVE_WITH_KNOTS('',1,(#2757,#2758),.UNSPECIFIED.,.F.,
  .F.,(2,2),(-2.,6.),.PIECEWISE_BEZIER_KNOTS.);
#2757 = CARTESIAN_POINT('',(1.,0.));
#2758 = CARTESIAN_POINT('',(1.,-8.));
#2759 = ( GEOMETRIC_REPRESENTATION_CONTEXT(2) 
PARAMETRIC_REPRESENTATION_CONTEXT() REPRESENTATION_CONTEXT('2D SPACE',''
  ) );
#2760 = FACE_BOUND('',#2761,.F.);
#2761 = EDGE_LOOP('',(#2762));
#2762 = ORIENTED_EDGE('',*,*,#2763,.F.);
#2763 = EDGE_CURVE('',#2764,#2764,#2766,.T.);
#2764 = VERTEX_POINT('',#2765);
#2765 = CARTESIAN_POINT('',(57.675625842204,32.,94.));
#2766 = SURFACE_CURVE('',#2767,(#2772,#2779),.PCURVE_S1.);
#2767 = CIRCLE('',#2768,2.25);
#2768 = AXIS2_PLACEMENT_3D('',#2769,#2770,#2771);
#2769 = CARTESIAN_POINT('',(55.425625842204,32.,94.));
#2770 = DIRECTION('',(0.,0.,1.));
#2771 = DIRECTION('',(1.,0.,-0.));
#2772 = PCURVE('',#93,#2773);
#2773 = DEFINITIONAL_REPRESENTATION('',(#2774),#2778);
#2774 = CIRCLE('',#2775,2.25);
#2775 = AXIS2_PLACEMENT_2D('',#2776,#2777);
#2776 = CARTESIAN_POINT('',(55.425625842204,32.));
#2777 = DIRECTION('',(1.,0.));
#2778 = ( GEOMETRIC_REPRESENTATION_CONTEXT(2) 
PARAMETRIC_REPRESENTATION_CONTEXT() REPRESENTATION_CONTEXT('2D SPACE',''
  ) );
#2779 = PCURVE('',#1267,#2780);
#2780 = DEFINITIONAL_REPRESENTATION('',(#2781),#2785);
#2781 = LINE('',#2782,#2783);
#2782 = CARTESIAN_POINT('',(0.,1.));
#2783 = VECTOR('',#2784,1.);
#2784 = DIRECTION('',(1.,0.));
#2785 = ( GEOMETRIC_REPRESENTATION_CONTEXT(2) 
PARAMETRIC_REPRESENTATION_CONTEXT() REPRESENTATION_CONTEXT('2D SPACE',''
  ) );
#2786 = FACE_BOUND('',#2787,.F.);
#2787 = EDGE_LOOP('',(#2788));
#2788 = ORIENTED_EDGE('',*,*,#2789,.F.);
#2789 = EDGE_CURVE('',#2790,#2790,#2792,.T.);
#2790 = VERTEX_POINT('',#2791);
#2791 = CARTESIAN_POINT('',(2.25,64.,94.));
#2792 = SURFACE_CURVE('',#2793,(#2798,#2805),.PCURVE_S1.);
#2793 = CIRCLE('',#2794,2.25);
#2794 = AXIS2_PLACEMENT_3D('',#2795,#2796,#2797);
#2795 = CARTESIAN_POINT('',(3.918869757272E-15,64.,94.));
#2796 = DIRECTION('',(0.,0.,1.));
#2797 = DIRECTION('',(1.,0.,-0.));
#2798 = PCURVE('',#93,#2799);
#2799 = DEFINITIONAL_REPRESENTATION('',(#2800),#2804);
#2800 = CIRCLE('',#2801,2.25);
#2801 = AXIS2_PLACEMENT_2D('',#2802,#2803);
#2802 = CARTESIAN_POINT('',(3.918869757272E-15,64.));
#2803 = DIRECTION('',(1.,0.));
#2804 = ( GEOMETRIC_REPRESENTATION_CONTEXT(2) 
PARAMETRIC_REPRESENTATION_CONTEXT() REPRESENTATION_CONTEXT('2D SPACE',''
  ) );
#2805 = PCURVE('',#1298,#2806);
#2806 = DEFINITIONAL_REPRESENTATION('',(#2807),#2811);
#2807 = LINE('',#2808,#2809);
#2808 = CARTESIAN_POINT('',(0.,1.));
#2809 = VECTOR('',#2810,1.);
#2810 = DIRECTION('',(1.,0.));
#2811 = ( GEOMETRIC_REPRESENTATION_CONTEXT(2) 
PARAMETRIC_REPRESENTATION_CONTEXT() REPRESENTATION_CONTEXT('2D SPACE',''
  ) );
#2812 = ADVANCED_FACE('',(#2813),#129,.F.);
#2813 = FACE_BOUND('',#2814,.F.);
#2814 = EDGE_LOOP('',(#2815,#2816,#2837,#2838));
#2815 = ORIENTED_EDGE('',*,*,#112,.F.);
#2816 = ORIENTED_EDGE('',*,*,#2817,.F.);
#2817 = EDGE_CURVE('',#1317,#113,#2818,.T.);
#2818 = SEAM_CURVE('',#2819,(#2823,#2830),.PCURVE_S1.);
#2819 = LINE('',#2820,#2821);
#2820 = CARTESIAN_POINT('',(2.25,-64.,93.));
#2821 = VECTOR('',#2822,1.);
#2822 = DIRECTION('',(0.,0.,1.));
#2823 = PCURVE('',#129,#2824);
#2824 = DEFINITIONAL_REPRESENTATION('',(#2825),#2829);
#2825 = LINE('',#2826,#2827);
#2826 = CARTESIAN_POINT('',(6.28318530718,-0.));
#2827 = VECTOR('',#2828,1.);
#2828 = DIRECTION('',(0.,1.));
#2829 = ( GEOMETRIC_REPRESENTATION_CONTEXT(2) 
PARAMETRIC_REPRESENTATION_CONTEXT() REPRESENTATION_CONTEXT('2D SPACE',''
  ) );
#2830 = PCURVE('',#129,#2831);
#2831 = DEFINITIONAL_REPRESENTATION('',(#2832),#2836);
#2832 = LINE('',#2833,#2834);
#2833 = CARTESIAN_POINT('',(0.,-0.));
#2834 = VECTOR('',#2835,1.);
#2835 = DIRECTION('',(0.,1.));
#2836 = ( GEOMETRIC_REPRESENTATION_CONTEXT(2) 
PARAMETRIC_REPRESENTATION_CONTEXT() REPRESENTATION_CONTEXT('2D SPACE',''
  ) );
#2837 = ORIENTED_EDGE('',*,*,#1316,.T.);
#2838 = ORIENTED_EDGE('',*,*,#2817,.T.);
#2839 = ADVANCED_FACE('',(#2840),#160,.T.);
#2840 = FACE_BOUND('',#2841,.T.);
#2841 = EDGE_LOOP('',(#2842,#2863,#2864,#2885));
#2842 = ORIENTED_EDGE('',*,*,#2843,.F.);
#2843 = EDGE_CURVE('',#1343,#144,#2844,.T.);
#2844 = SURFACE_CURVE('',#2845,(#2849,#2856),.PCURVE_S1.);
#2845 = LINE('',#2846,#2847);
#2846 = CARTESIAN_POINT('',(-27.96410161513,-40.43524478543,93.));
#2847 = VECTOR('',#2848,1.);
#2848 = DIRECTION('',(0.,0.,1.));
#2849 = PCURVE('',#160,#2850);
#2850 = DEFINITIONAL_REPRESENTATION('',(#2851),#2855);
#2851 = LINE('',#2852,#2853);
#2852 = CARTESIAN_POINT('',(0.,12.));
#2853 = VECTOR('',#2854,1.);
#2854 = DIRECTION('',(1.,0.));
#2855 = ( GEOMETRIC_REPRESENTATION_CONTEXT(2) 
PARAMETRIC_REPRESENTATION_CONTEXT() REPRESENTATION_CONTEXT('2D SPACE',''
  ) );
#2856 = PCURVE('',#236,#2857);
#2857 = DEFINITIONAL_REPRESENTATION('',(#2858),#2862);
#2858 = LINE('',#2859,#2860);
#2859 = CARTESIAN_POINT('',(0.,0.));
#2860 = VECTOR('',#2861,1.);
#2861 = DIRECTION('',(1.,0.));
#2862 = ( GEOMETRIC_REPRESENTATION_CONTEXT(2) 
PARAMETRIC_REPRESENTATION_CONTEXT() REPRESENTATION_CONTEXT('2D SPACE',''
  ) );
#2863 = ORIENTED_EDGE('',*,*,#1342,.T.);
#2864 = ORIENTED_EDGE('',*,*,#2865,.T.);
#2865 = EDGE_CURVE('',#1345,#146,#2866,.T.);
#2866 = SURFACE_CURVE('',#2867,(#2871,#2878),.PCURVE_S1.);
#2867 = LINE('',#2868,#2869);
#2868 = CARTESIAN_POINT('',(-21.96410161513,-30.04293994002,93.));
#2869 = VECTOR('',#2870,1.);
#2870 = DIRECTION('',(0.,0.,1.));
#2871 = PCURVE('',#160,#2872);
#2872 = DEFINITIONAL_REPRESENTATION('',(#2873),#2877);
#2873 = LINE('',#2874,#2875);
#2874 = CARTESIAN_POINT('',(0.,0.));
#2875 = VECTOR('',#2876,1.);
#2876 = DIRECTION('',(1.,0.));
#2877 = ( GEOMETRIC_REPRESENTATION_CONTEXT(2) 
PARAMETRIC_REPRESENTATION_CONTEXT() REPRESENTATION_CONTEXT('2D SPACE',''
  ) );
#2878 = PCURVE('',#186,#2879);
#2879 = DEFINITIONAL_REPRESENTATION('',(#2880),#2884);
#2880 = LINE('',#2881,#2882);
#2881 = CARTESIAN_POINT('',(0.,0.));
#2882 = VECTOR('',#2883,1.);
#2883 = DIRECTION('',(1.,0.));
#2884 = ( GEOMETRIC_REPRESENTATION_CONTEXT(2) 
PARAMETRIC_REPRESENTATION_CONTEXT() REPRESENTATION_CONTEXT('2D SPACE',''
  ) );
#2885 = ORIENTED_EDGE('',*,*,#143,.F.);
#2886 = ADVANCED_FACE('',(#2887),#236,.F.);
#2887 = FACE_BOUND('',#2888,.F.);
#2888 = EDGE_LOOP('',(#2889,#2890,#2891,#2912));
#2889 = ORIENTED_EDGE('',*,*,#2843,.F.);
#2890 = ORIENTED_EDGE('',*,*,#1407,.T.);
#2891 = ORIENTED_EDGE('',*,*,#2892,.T.);
#2892 = EDGE_CURVE('',#1387,#198,#2893,.T.);
#2893 = SURFACE_CURVE('',#2894,(#2898,#2905),.PCURVE_S1.);
#2894 = LINE('',#2895,#2896);
#2895 = CARTESIAN_POINT('',(-21.03589838486,-44.43524478543,93.));
#2896 = VECTOR('',#2897,1.);
#2897 = DIRECTION('',(0.,0.,1.));
#2898 = PCURVE('',#236,#2899);
#2899 = DEFINITIONAL_REPRESENTATION('',(#2900),#2904);
#2900 = LINE('',#2901,#2902);
#2901 = CARTESIAN_POINT('',(0.,-8.));
#2902 = VECTOR('',#2903,1.);
#2903 = DIRECTION('',(1.,0.));
#2904 = ( GEOMETRIC_REPRESENTATION_CONTEXT(2) 
PARAMETRIC_REPRESENTATION_CONTEXT() REPRESENTATION_CONTEXT('2D SPACE',''
  ) );
#2905 = PCURVE('',#212,#2906);
#2906 = DEFINITIONAL_REPRESENTATION('',(#2907),#2911);
#2907 = LINE('',#2908,#2909);
#2908 = CARTESIAN_POINT('',(0.,12.));
#2909 = VECTOR('',#2910,1.);
#2910 = DIRECTION('',(1.,0.));
#2911 = ( GEOMETRIC_REPRESENTATION_CONTEXT(2) 
PARAMETRIC_REPRESENTATION_CONTEXT() REPRESENTATION_CONTEXT('2D SPACE',''
  ) );
#2912 = ORIENTED_EDGE('',*,*,#223,.F.);
#2913 = ADVANCED_FACE('',(#2914),#186,.T.);
#2914 = FACE_BOUND('',#2915,.T.);
#2915 = EDGE_LOOP('',(#2916,#2917,#2918,#2939));
#2916 = ORIENTED_EDGE('',*,*,#2865,.F.);
#2917 = ORIENTED_EDGE('',*,*,#1365,.T.);
#2918 = ORIENTED_EDGE('',*,*,#2919,.T.);
#2919 = EDGE_CURVE('',#1366,#172,#2920,.T.);
#2920 = SURFACE_CURVE('',#2921,(#2925,#2932),.PCURVE_S1.);
#2921 = LINE('',#2922,#2923);
#2922 = CARTESIAN_POINT('',(-15.03589838486,-34.04293994002,93.));
#2923 = VECTOR('',#2924,1.);
#2924 = DIRECTION('',(0.,0.,1.));
#2925 = PCURVE('',#186,#2926);
#2926 = DEFINITIONAL_REPRESENTATION('',(#2927),#2931);
#2927 = LINE('',#2928,#2929);
#2928 = CARTESIAN_POINT('',(0.,-8.));
#2929 = VECTOR('',#2930,1.);
#2930 = DIRECTION('',(1.,0.));
#2931 = ( GEOMETRIC_REPRESENTATION_CONTEXT(2) 
PARAMETRIC_REPRESENTATION_CONTEXT() REPRESENTATION_CONTEXT('2D SPACE',''
  ) );
#2932 = PCURVE('',#212,#2933);
#2933 = DEFINITIONAL_REPRESENTATION('',(#2934),#2938);
#2934 = LINE('',#2935,#2936);
#2935 = CARTESIAN_POINT('',(0.,0.));
#2936 = VECTOR('',#2937,1.);
#2937 = DIRECTION('',(1.,0.));
#2938 = ( GEOMETRIC_REPRESENTATION_CONTEXT(2) 
PARAMETRIC_REPRESENTATION_CONTEXT() REPRESENTATION_CONTEXT('2D SPACE',''
  ) );
#2939 = ORIENTED_EDGE('',*,*,#171,.F.);
#2940 = ADVANCED_FACE('',(#2941),#212,.F.);
#2941 = FACE_BOUND('',#2942,.F.);
#2942 = EDGE_LOOP('',(#2943,#2944,#2945,#2946));
#2943 = ORIENTED_EDGE('',*,*,#2892,.F.);
#2944 = ORIENTED_EDGE('',*,*,#1386,.T.);
#2945 = ORIENTED_EDGE('',*,*,#2919,.T.);
#2946 = ORIENTED_EDGE('',*,*,#197,.F.);
#2947 = ADVANCED_FACE('',(#2948),#266,.F.);
#2948 = FACE_BOUND('',#2949,.F.);
#2949 = EDGE_LOOP('',(#2950,#2951,#2972,#2973,#2974,#2975,#3019,#3051,
    #3090,#3124));
#2950 = ORIENTED_EDGE('',*,*,#1689,.T.);
#2951 = ORIENTED_EDGE('',*,*,#2952,.F.);
#2952 = EDGE_CURVE('',#250,#1639,#2953,.T.);
#2953 = SEAM_CURVE('',#2954,(#2958,#2965),.PCURVE_S1.);
#2954 = LINE('',#2955,#2956);
#2955 = CARTESIAN_POINT('',(-4.589758734211,-40.85030467786,
    103.73575431107));
#2956 = VECTOR('',#2957,1.);
#2957 = DIRECTION('',(-0.409576022144,0.709406479916,-0.573576436351));
#2958 = PCURVE('',#266,#2959);
#2959 = DEFINITIONAL_REPRESENTATION('',(#2960),#2964);
#2960 = LINE('',#2961,#2962);
#2961 = CARTESIAN_POINT('',(6.28318530718,-0.));
#2962 = VECTOR('',#2963,1.);
#2963 = DIRECTION('',(0.,1.));
#2964 = ( GEOMETRIC_REPRESENTATION_CONTEXT(2) 
PARAMETRIC_REPRESENTATION_CONTEXT() REPRESENTATION_CONTEXT('2D SPACE',''
  ) );
#2965 = PCURVE('',#266,#2966);
#2966 = DEFINITIONAL_REPRESENTATION('',(#2967),#2971);
#2967 = LINE('',#2968,#2969);
#2968 = CARTESIAN_POINT('',(0.,-0.));
#2969 = VECTOR('',#2970,1.);
#2970 = DIRECTION('',(0.,1.));
#2971 = ( GEOMETRIC_REPRESENTATION_CONTEXT(2) 
PARAMETRIC_REPRESENTATION_CONTEXT() REPRESENTATION_CONTEXT('2D SPACE',''
  ) );
#2972 = ORIENTED_EDGE('',*,*,#249,.F.);
#2973 = ORIENTED_EDGE('',*,*,#2952,.T.);
#2974 = ORIENTED_EDGE('',*,*,#1638,.T.);
#2975 = ORIENTED_EDGE('',*,*,#2976,.T.);
#2976 = EDGE_CURVE('',#1613,#2977,#2979,.T.);
#2977 = VERTEX_POINT('',#2978);
#2978 = CARTESIAN_POINT('',(-10.97367368711,-27.5,91.724292407366));
#2979 = SURFACE_CURVE('',#2980,(#2985,#3012),.PCURVE_S1.);
#2980 = ELLIPSE('',#2981,1.973480704836,1.4);
#2981 = AXIS2_PLACEMENT_3D('',#2982,#2983,#2984);
#2982 = CARTESIAN_POINT('',(-10.68097998,-27.5,93.507603199824));
#2983 = DIRECTION('',(0.,1.,0.));
#2984 = DIRECTION('',(-0.581124101765,0.,-0.813814953382));
#2985 = PCURVE('',#266,#2986);
#2986 = DEFINITIONAL_REPRESENTATION('',(#2987),#3011);
#2987 = B_SPLINE_CURVE_WITH_KNOTS('',8,(#2988,#2989,#2990,#2991,#2992,
    #2993,#2994,#2995,#2996,#2997,#2998,#2999,#3000,#3001,#3002,#3003,
    #3004,#3005,#3006,#3007,#3008,#3009,#3010),.UNSPECIFIED.,.F.,.F.,(9,
    7,7,9),(0.782119223656,2.352915550451,4.709110040644,7.065304530836)
  ,.UNSPECIFIED.);
#2988 = CARTESIAN_POINT('',(0.,18.818977632456));
#2989 = CARTESIAN_POINT('',(0.196349540849,18.626498032379));
#2990 = CARTESIAN_POINT('',(0.392699081699,18.390541837788));
#2991 = CARTESIAN_POINT('',(0.589048622548,18.12241758552));
#2992 = CARTESIAN_POINT('',(0.785398163397,17.837005323989));
#2993 = CARTESIAN_POINT('',(0.981747704247,17.551379106585));
#2994 = CARTESIAN_POINT('',(1.178097245096,17.282631159074));
#2995 = CARTESIAN_POINT('',(1.374446785946,17.045692741679));
#2996 = CARTESIAN_POINT('',(1.865320638069,16.561327703842));
#2997 = CARTESIAN_POINT('',(2.159844949341,16.367892410399));
#2998 = CARTESIAN_POINT('',(2.454369260626,16.310047056097));
#2999 = CARTESIAN_POINT('',(2.748893571872,16.408253914851));
#3000 = CARTESIAN_POINT('',(3.043417883169,16.654229114662));
#3001 = CARTESIAN_POINT('',(3.337942194436,17.008818986014));
#3002 = CARTESIAN_POINT('',(3.632466505713,17.418022456105));
#3003 = CARTESIAN_POINT('',(4.221515128261,18.237330710858));
#3004 = CARTESIAN_POINT('',(4.51603943954,18.647438464446));
#3005 = CARTESIAN_POINT('',(4.810563750787,19.003836731579));
#3006 = CARTESIAN_POINT('',(5.105088062122,19.252357822435));
#3007 = CARTESIAN_POINT('',(5.399612373341,19.353511422072));
#3008 = CARTESIAN_POINT('',(5.694136684633,19.298593271498));
#3009 = CARTESIAN_POINT('',(5.988660995906,19.107697032572));
#3010 = CARTESIAN_POINT('',(6.28318530718,18.818977632456));
#3011 = ( GEOMETRIC_REPRESENTATION_CONTEXT(2) 
PARAMETRIC_REPRESENTATION_CONTEXT() REPRESENTATION_CONTEXT('2D SPACE',''
  ) );
#3012 = PCURVE('',#1627,#3013);
#3013 = DEFINITIONAL_REPRESENTATION('',(#3014),#3018);
#3014 = ELLIPSE('',#3015,1.973480704836,1.4);
#3015 = AXIS2_PLACEMENT_2D('',#3016,#3017);
#3016 = CARTESIAN_POINT('',(-0.783104400716,-9.470585884029));
#3017 = DIRECTION('',(-9.24391513613E-03,0.999957274104));
#3018 = ( GEOMETRIC_REPRESENTATION_CONTEXT(2) 
PARAMETRIC_REPRESENTATION_CONTEXT() REPRESENTATION_CONTEXT('2D SPACE',''
  ) );
#3019 = ORIENTED_EDGE('',*,*,#3020,.T.);
#3020 = EDGE_CURVE('',#2977,#3021,#3023,.T.);
#3021 = VERTEX_POINT('',#3022);
#3022 = CARTESIAN_POINT('',(-12.73460951649,-24.38127700216,
    89.209415412639));
#3023 = SURFACE_CURVE('',#3024,(#3029,#3039),.PCURVE_S1.);
#3024 = ELLIPSE('',#3025,214.88517284408,1.4);
#3025 = AXIS2_PLACEMENT_3D('',#3026,#3027,#3028);
#3026 = CARTESIAN_POINT('',(38.549333664402,-112.7694045046,
    162.45047664431));
#3027 = DIRECTION('',(0.819152044289,-2.775557561563E-17,-0.573576436351
    ));
#3028 = DIRECTION('',(-0.404247738089,0.709421536351,-0.577325601382));
#3029 = PCURVE('',#266,#3030);
#3030 = DEFINITIONAL_REPRESENTATION('',(#3031),#3038);
#3031 = B_SPLINE_CURVE_WITH_KNOTS('',5,(#3032,#3033,#3034,#3035,#3036,
    #3037),.UNSPECIFIED.,.F.,.F.,(6,6),(5.303568470407,5.385944153171),
  .PIECEWISE_BEZIER_KNOTS.);
#3032 = CARTESIAN_POINT('',(4.903328714018,17.395721034363));
#3033 = CARTESIAN_POINT('',(4.886853577466,20.335081585098));
#3034 = CARTESIAN_POINT('',(4.870378440913,23.233808465343));
#3035 = CARTESIAN_POINT('',(4.85390330436,26.090239519331));
#3036 = CARTESIAN_POINT('',(4.837428167808,28.902758581267));
#3037 = CARTESIAN_POINT('',(4.820953031255,31.669800953617));
#3038 = ( GEOMETRIC_REPRESENTATION_CONTEXT(2) 
PARAMETRIC_REPRESENTATION_CONTEXT() REPRESENTATION_CONTEXT('2D SPACE',''
  ) );
#3039 = PCURVE('',#3040,#3045);
#3040 = PLANE('',#3041);
#3041 = AXIS2_PLACEMENT_3D('',#3042,#3043,#3044);
#3042 = CARTESIAN_POINT('',(-15.47160331078,-27.5,85.300583180853));
#3043 = DIRECTION('',(0.819152044289,0.,-0.573576436351));
#3044 = DIRECTION('',(0.,1.,0.));
#3045 = DEFINITIONAL_REPRESENTATION('',(#3046),#3050);
#3046 = ELLIPSE('',#3047,214.88517284408,1.4);
#3047 = AXIS2_PLACEMENT_2D('',#3048,#3049);
#3048 = CARTESIAN_POINT('',(-85.26940450466,94.182629465844));
#3049 = DIRECTION('',(0.709421536351,-0.704784423608));
#3050 = ( GEOMETRIC_REPRESENTATION_CONTEXT(2) 
PARAMETRIC_REPRESENTATION_CONTEXT() REPRESENTATION_CONTEXT('2D SPACE',''
  ) );
#3051 = ORIENTED_EDGE('',*,*,#3052,.F.);
#3052 = EDGE_CURVE('',#3053,#3021,#3055,.T.);
#3053 = VERTEX_POINT('',#3054);
#3054 = CARTESIAN_POINT('',(-11.55880038844,-23.99319015089,
    89.869218103758));
#3055 = SURFACE_CURVE('',#3056,(#3061,#3073),.PCURVE_S1.);
#3056 = ELLIPSE('',#3057,1.986380301783,1.4);
#3057 = AXIS2_PLACEMENT_3D('',#3058,#3059,#3060);
#3058 = CARTESIAN_POINT('',(-13.27905619136,-23.,89.869218103758));
#3059 = DIRECTION('',(0.290562050882,0.50326823488,-0.813814953382));
#3060 = DIRECTION('',(0.866025403784,-0.5,0.));
#3061 = PCURVE('',#266,#3062);
#3062 = DEFINITIONAL_REPRESENTATION('',(#3063),#3072);
#3063 = B_SPLINE_CURVE_WITH_KNOTS('',7,(#3064,#3065,#3066,#3067,#3068,
    #3069,#3070,#3071),.UNSPECIFIED.,.F.,.F.,(8,8),(0.,1.570796326795),
  .PIECEWISE_BEZIER_KNOTS.);
#3064 = CARTESIAN_POINT('',(3.923711877246,22.766417059347));
#3065 = CARTESIAN_POINT('',(4.148111352503,22.766417059347));
#3066 = CARTESIAN_POINT('',(4.372510827759,22.849202813492));
#3067 = CARTESIAN_POINT('',(4.596910303015,23.014762312352));
#3068 = CARTESIAN_POINT('',(4.821309778272,23.252930934974));
#3069 = CARTESIAN_POINT('',(5.045709253528,23.543143885229));
#3070 = CARTESIAN_POINT('',(5.270108728785,23.859355359113));
#3071 = CARTESIAN_POINT('',(5.494508204041,24.17556811701));
#3072 = ( GEOMETRIC_REPRESENTATION_CONTEXT(2) 
PARAMETRIC_REPRESENTATION_CONTEXT() REPRESENTATION_CONTEXT('2D SPACE',''
  ) );
#3073 = PCURVE('',#3074,#3079);
#3074 = CYLINDRICAL_SURFACE('',#3075,1.4);
#3075 = AXIS2_PLACEMENT_3D('',#3076,#3077,#3078);
#3076 = CARTESIAN_POINT('',(-33.08252223625,-23.,103.73575431107));
#3077 = DIRECTION('',(0.819152044289,0.,-0.573576436351));
#3078 = DIRECTION('',(0.,1.,0.));
#3079 = DEFINITIONAL_REPRESENTATION('',(#3080),#3089);
#3080 = B_SPLINE_CURVE_WITH_KNOTS('',7,(#3081,#3082,#3083,#3084,#3085,
    #3086,#3087,#3088),.UNSPECIFIED.,.F.,.F.,(8,8),(0.,1.570796326795),
  .PIECEWISE_BEZIER_KNOTS.);
#3081 = CARTESIAN_POINT('',(2.359473429933,25.584719174673));
#3082 = CARTESIAN_POINT('',(2.58387290519,25.584719174673));
#3083 = CARTESIAN_POINT('',(2.808272380446,25.501933420524));
#3084 = CARTESIAN_POINT('',(3.032671855703,25.336373921673));
#3085 = CARTESIAN_POINT('',(3.257071330958,25.098205299051));
#3086 = CARTESIAN_POINT('',(3.481470806216,24.807992348794));
#3087 = CARTESIAN_POINT('',(3.705870281472,24.491780874906));
#3088 = CARTESIAN_POINT('',(3.930269756728,24.17556811701));
#3089 = ( GEOMETRIC_REPRESENTATION_CONTEXT(2) 
PARAMETRIC_REPRESENTATION_CONTEXT() REPRESENTATION_CONTEXT('2D SPACE',''
  ) );
#3090 = ORIENTED_EDGE('',*,*,#3091,.F.);
#3091 = EDGE_CURVE('',#3092,#3053,#3094,.T.);
#3092 = VERTEX_POINT('',#3093);
#3093 = CARTESIAN_POINT('',(-11.81061188039,-22.78086615035,
    90.529020794876));
#3094 = SURFACE_CURVE('',#3095,(#3100,#3112),.PCURVE_S1.);
#3095 = ELLIPSE('',#3096,1.986380301783,1.4);
#3096 = AXIS2_PLACEMENT_3D('',#3097,#3098,#3099);
#3097 = CARTESIAN_POINT('',(-13.27905619136,-23.,89.869218103758));
#3098 = DIRECTION('',(0.290562050882,0.50326823488,-0.813814953382));
#3099 = DIRECTION('',(0.866025403784,-0.5,0.));
#3100 = PCURVE('',#266,#3101);
#3101 = DEFINITIONAL_REPRESENTATION('',(#3102),#3111);
#3102 = B_SPLINE_CURVE_WITH_KNOTS('',7,(#3103,#3104,#3105,#3106,#3107,
    #3108,#3109,#3110),.UNSPECIFIED.,.F.,.F.,(8,8),(4.712388980385,
    6.28318530718),.PIECEWISE_BEZIER_KNOTS.);
#3103 = CARTESIAN_POINT('',(2.352915550451,24.17556811701));
#3104 = CARTESIAN_POINT('',(2.577315025708,23.859355359113));
#3105 = CARTESIAN_POINT('',(2.801714500964,23.543143885221));
#3106 = CARTESIAN_POINT('',(3.02611397622,23.252930934977));
#3107 = CARTESIAN_POINT('',(3.250513451478,23.014762312348));
#3108 = CARTESIAN_POINT('',(3.474912926733,22.849202813493));
#3109 = CARTESIAN_POINT('',(3.69931240199,22.766417059347));
#3110 = CARTESIAN_POINT('',(3.923711877246,22.766417059347));
#3111 = ( GEOMETRIC_REPRESENTATION_CONTEXT(2) 
PARAMETRIC_REPRESENTATION_CONTEXT() REPRESENTATION_CONTEXT('2D SPACE',''
  ) );
#3112 = PCURVE('',#3074,#3113);
#3113 = DEFINITIONAL_REPRESENTATION('',(#3114),#3123);
#3114 = B_SPLINE_CURVE_WITH_KNOTS('',7,(#3115,#3116,#3117,#3118,#3119,
    #3120,#3121,#3122),.UNSPECIFIED.,.F.,.F.,(8,8),(4.712388980385,
    6.28318530718),.PIECEWISE_BEZIER_KNOTS.);
#3115 = CARTESIAN_POINT('',(0.788677103139,24.17556811701));
#3116 = CARTESIAN_POINT('',(1.013076578395,24.491780874906));
#3117 = CARTESIAN_POINT('',(1.237476053651,24.807992348792));
#3118 = CARTESIAN_POINT('',(1.461875528908,25.098205299055));
#3119 = CARTESIAN_POINT('',(1.686275004164,25.336373921662));
#3120 = CARTESIAN_POINT('',(1.910674479421,25.501933420527));
#3121 = CARTESIAN_POINT('',(2.135073954677,25.584719174673));
#3122 = CARTESIAN_POINT('',(2.359473429933,25.584719174673));
#3123 = ( GEOMETRIC_REPRESENTATION_CONTEXT(2) 
PARAMETRIC_REPRESENTATION_CONTEXT() REPRESENTATION_CONTEXT('2D SPACE',''
  ) );
#3124 = ORIENTED_EDGE('',*,*,#3125,.T.);
#3125 = EDGE_CURVE('',#3092,#1690,#3126,.T.);
#3126 = SURFACE_CURVE('',#3127,(#3132,#3142),.PCURVE_S1.);
#3127 = ELLIPSE('',#3128,214.88517284408,1.4);
#3128 = AXIS2_PLACEMENT_3D('',#3129,#3130,#3131);
#3129 = CARTESIAN_POINT('',(38.549333664402,-112.7694045046,
    162.45047664431));
#3130 = DIRECTION('',(0.819152044289,-2.775557561563E-17,-0.573576436351
    ));
#3131 = DIRECTION('',(-0.404247738089,0.709421536351,-0.577325601382));
#3132 = PCURVE('',#266,#3133);
#3133 = DEFINITIONAL_REPRESENTATION('',(#3134),#3141);
#3134 = B_SPLINE_CURVE_WITH_KNOTS('',5,(#3135,#3136,#3137,#3138,#3139,
    #3140),.UNSPECIFIED.,.F.,.F.,(6,6),(0.884125395044,0.988165754012),
  .PIECEWISE_BEZIER_KNOTS.);
#3135 = CARTESIAN_POINT('',(3.039586482202,33.861035434518));
#3136 = CARTESIAN_POINT('',(3.018778410408,30.403144966332));
#3137 = CARTESIAN_POINT('',(2.997970338615,26.871525735194));
#3138 = CARTESIAN_POINT('',(2.977162266821,23.269296839858));
#3139 = CARTESIAN_POINT('',(2.956354195028,19.599710537738));
#3140 = CARTESIAN_POINT('',(2.935546123234,15.866134669446));
#3141 = ( GEOMETRIC_REPRESENTATION_CONTEXT(2) 
PARAMETRIC_REPRESENTATION_CONTEXT() REPRESENTATION_CONTEXT('2D SPACE',''
  ) );
#3142 = PCURVE('',#1755,#3143);
#3143 = DEFINITIONAL_REPRESENTATION('',(#3144),#3148);
#3144 = ELLIPSE('',#3145,214.88517284408,1.4);
#3145 = AXIS2_PLACEMENT_2D('',#3146,#3147);
#3146 = CARTESIAN_POINT('',(-85.26940450466,94.182629465844));
#3147 = DIRECTION('',(0.709421536351,-0.704784423608));
#3148 = ( GEOMETRIC_REPRESENTATION_CONTEXT(2) 
PARAMETRIC_REPRESENTATION_CONTEXT() REPRESENTATION_CONTEXT('2D SPACE',''
  ) );
#3149 = ADVANCED_FACE('',(#3150),#324,.F.);
#3150 = FACE_BOUND('',#3151,.F.);
#3151 = EDGE_LOOP('',(#3152,#3153,#3174,#3175));
#3152 = ORIENTED_EDGE('',*,*,#307,.F.);
#3153 = ORIENTED_EDGE('',*,*,#3154,.F.);
#3154 = EDGE_CURVE('',#1429,#308,#3155,.T.);
#3155 = SEAM_CURVE('',#3156,(#3160,#3167),.PCURVE_S1.);
#3156 = LINE('',#3157,#3158);
#3157 = CARTESIAN_POINT('',(-53.1756258422,-32.,93.));
#3158 = VECTOR('',#3159,1.);
#3159 = DIRECTION('',(0.,0.,1.));
#3160 = PCURVE('',#324,#3161);
#3161 = DEFINITIONAL_REPRESENTATION('',(#3162),#3166);
#3162 = LINE('',#3163,#3164);
#3163 = CARTESIAN_POINT('',(6.28318530718,-0.));
#3164 = VECTOR('',#3165,1.);
#3165 = DIRECTION('',(0.,1.));
#3166 = ( GEOMETRIC_REPRESENTATION_CONTEXT(2) 
PARAMETRIC_REPRESENTATION_CONTEXT() REPRESENTATION_CONTEXT('2D SPACE',''
  ) );
#3167 = PCURVE('',#324,#3168);
#3168 = DEFINITIONAL_REPRESENTATION('',(#3169),#3173);
#3169 = LINE('',#3170,#3171);
#3170 = CARTESIAN_POINT('',(0.,-0.));
#3171 = VECTOR('',#3172,1.);
#3172 = DIRECTION('',(0.,1.));
#3173 = ( GEOMETRIC_REPRESENTATION_CONTEXT(2) 
PARAMETRIC_REPRESENTATION_CONTEXT() REPRESENTATION_CONTEXT('2D SPACE',''
  ) );
#3174 = ORIENTED_EDGE('',*,*,#1428,.T.);
#3175 = ORIENTED_EDGE('',*,*,#3154,.T.);
#3176 = ADVANCED_FACE('',(#3177),#355,.F.);
#3177 = FACE_BOUND('',#3178,.F.);
#3178 = EDGE_LOOP('',(#3179,#3180,#3203,#3244,#3276,#3308,#3350,#3351,
    #3378,#3408));
#3179 = ORIENTED_EDGE('',*,*,#338,.F.);
#3180 = ORIENTED_EDGE('',*,*,#3181,.T.);
#3181 = EDGE_CURVE('',#339,#3182,#3184,.T.);
#3182 = VERTEX_POINT('',#3183);
#3183 = CARTESIAN_POINT('',(-14.09794783399,-21.6,90.442612204908));
#3184 = SEAM_CURVE('',#3185,(#3189,#3196),.PCURVE_S1.);
#3185 = LINE('',#3186,#3187);
#3186 = CARTESIAN_POINT('',(-33.08252223625,-21.6,103.73575431107));
#3187 = VECTOR('',#3188,1.);
#3188 = DIRECTION('',(0.819152044289,0.,-0.573576436351));
#3189 = PCURVE('',#355,#3190);
#3190 = DEFINITIONAL_REPRESENTATION('',(#3191),#3195);
#3191 = LINE('',#3192,#3193);
#3192 = CARTESIAN_POINT('',(0.,-0.));
#3193 = VECTOR('',#3194,1.);
#3194 = DIRECTION('',(0.,1.));
#3195 = ( GEOMETRIC_REPRESENTATION_CONTEXT(2) 
PARAMETRIC_REPRESENTATION_CONTEXT() REPRESENTATION_CONTEXT('2D SPACE',''
  ) );
#3196 = PCURVE('',#355,#3197);
#3197 = DEFINITIONAL_REPRESENTATION('',(#3198),#3202);
#3198 = LINE('',#3199,#3200);
#3199 = CARTESIAN_POINT('',(6.28318530718,-0.));
#3200 = VECTOR('',#3201,1.);
#3201 = DIRECTION('',(0.,1.));
#3202 = ( GEOMETRIC_REPRESENTATION_CONTEXT(2) 
PARAMETRIC_REPRESENTATION_CONTEXT() REPRESENTATION_CONTEXT('2D SPACE',''
  ) );
#3203 = ORIENTED_EDGE('',*,*,#3204,.F.);
#3204 = EDGE_CURVE('',#3205,#3182,#3207,.T.);
#3205 = VERTEX_POINT('',#3206);
#3206 = CARTESIAN_POINT('',(-14.90093757797,-22.99081903453,
    89.295824002607));
#3207 = SURFACE_CURVE('',#3208,(#3213,#3226),.PCURVE_S1.);
#3208 = ELLIPSE('',#3209,1.986380301783,1.4);
#3209 = AXIS2_PLACEMENT_3D('',#3210,#3211,#3212);
#3210 = CARTESIAN_POINT('',(-13.27905619136,-23.,89.869218103758));
#3211 = DIRECTION('',(0.290562050882,0.50326823488,-0.813814953382));
#3212 = DIRECTION('',(0.866025403784,-0.5,0.));
#3213 = PCURVE('',#355,#3214);
#3214 = DEFINITIONAL_REPRESENTATION('',(#3215),#3225);
#3215 = B_SPLINE_CURVE_WITH_KNOTS('',8,(#3216,#3217,#3218,#3219,#3220,
    #3221,#3222,#3223,#3224),.UNSPECIFIED.,.F.,.F.,(9,9),(2.359473429933
    ,3.923711877246),.PIECEWISE_BEZIER_KNOTS.);
#3216 = CARTESIAN_POINT('',(4.718946859867,23.175886008731));
#3217 = CARTESIAN_POINT('',(4.914476665781,22.981696028587));
#3218 = CARTESIAN_POINT('',(5.110006471686,22.831185759926));
#3219 = CARTESIAN_POINT('',(5.305536277636,22.73566840151));
#3220 = CARTESIAN_POINT('',(5.50106608346,22.702894217786));
#3221 = CARTESIAN_POINT('',(5.696595889451,22.735668401452));
#3222 = CARTESIAN_POINT('',(5.892125695342,22.831185759922));
#3223 = CARTESIAN_POINT('',(6.087655501265,22.981696028587));
#3224 = CARTESIAN_POINT('',(6.283185307179,23.175886008731));
#3225 = ( GEOMETRIC_REPRESENTATION_CONTEXT(2) 
PARAMETRIC_REPRESENTATION_CONTEXT() REPRESENTATION_CONTEXT('2D SPACE',''
  ) );
#3226 = PCURVE('',#3227,#3232);
#3227 = CYLINDRICAL_SURFACE('',#3228,1.4);
#3228 = AXIS2_PLACEMENT_3D('',#3229,#3230,#3231);
#3229 = CARTESIAN_POINT('',(-3.377323168913,-40.15030467786,
    103.73575431107));
#3230 = DIRECTION('',(-0.409576022144,0.709406479916,-0.573576436351));
#3231 = DIRECTION('',(-0.866025403784,-0.5,0.));
#3232 = DEFINITIONAL_REPRESENTATION('',(#3233),#3243);
#3233 = B_SPLINE_CURVE_WITH_KNOTS('',8,(#3234,#3235,#3236,#3237,#3238,
    #3239,#3240,#3241,#3242),.UNSPECIFIED.,.F.,.F.,(9,9),(2.359473429933
    ,3.923711877246),.PIECEWISE_BEZIER_KNOTS.);
#3234 = CARTESIAN_POINT('',(4.060244204343E-14,25.175250225288));
#3235 = CARTESIAN_POINT('',(0.195529805914,25.369440205432));
#3236 = CARTESIAN_POINT('',(0.391059611828,25.51995047403));
#3237 = CARTESIAN_POINT('',(0.586589417745,25.615467832613));
#3238 = CARTESIAN_POINT('',(0.782119223651,25.648242016061));
#3239 = CARTESIAN_POINT('',(0.977649029572,25.615467832584));
#3240 = CARTESIAN_POINT('',(1.173178835483,25.519950474034));
#3241 = CARTESIAN_POINT('',(1.368708641398,25.369440205432));
#3242 = CARTESIAN_POINT('',(1.564238447313,25.175250225288));
#3243 = ( GEOMETRIC_REPRESENTATION_CONTEXT(2) 
PARAMETRIC_REPRESENTATION_CONTEXT() REPRESENTATION_CONTEXT('2D SPACE',''
  ) );
#3244 = ORIENTED_EDGE('',*,*,#3245,.F.);
#3245 = EDGE_CURVE('',#3246,#3205,#3248,.T.);
#3246 = VERTEX_POINT('',#3247);
#3247 = CARTESIAN_POINT('',(-14.74750050233,-23.21913384964,
    89.209415412639));
#3248 = SURFACE_CURVE('',#3249,(#3254,#3265),.PCURVE_S1.);
#3249 = ELLIPSE('',#3250,1.986380301783,1.4);
#3250 = AXIS2_PLACEMENT_3D('',#3251,#3252,#3253);
#3251 = CARTESIAN_POINT('',(-13.27905619136,-23.,89.869218103758));
#3252 = DIRECTION('',(0.290562050882,0.50326823488,-0.813814953382));
#3253 = DIRECTION('',(0.866025403784,-0.5,0.));
#3254 = PCURVE('',#355,#3255);
#3255 = DEFINITIONAL_REPRESENTATION('',(#3256),#3264);
#3256 = B_SPLINE_CURVE_WITH_KNOTS('',6,(#3257,#3258,#3259,#3260,#3261,
    #3262,#3263),.UNSPECIFIED.,.F.,.F.,(7,7),(1.570796326795,
    2.359473429933),.PIECEWISE_BEZIER_KNOTS.);
#3257 = CARTESIAN_POINT('',(3.930269756728,24.17556811701));
#3258 = CARTESIAN_POINT('',(4.061715940585,23.990340588003));
#3259 = CARTESIAN_POINT('',(4.193162124441,23.805113345186));
#3260 = CARTESIAN_POINT('',(4.324608308297,23.625644968436));
#3261 = CARTESIAN_POINT('',(4.456054492154,23.457703813521));
#3262 = CARTESIAN_POINT('',(4.58750067601,23.306431485999));
#3263 = CARTESIAN_POINT('',(4.718946859867,23.175886008731));
#3264 = ( GEOMETRIC_REPRESENTATION_CONTEXT(2) 
PARAMETRIC_REPRESENTATION_CONTEXT() REPRESENTATION_CONTEXT('2D SPACE',''
  ) );
#3265 = PCURVE('',#3227,#3266);
#3266 = DEFINITIONAL_REPRESENTATION('',(#3267),#3275);
#3267 = B_SPLINE_CURVE_WITH_KNOTS('',6,(#3268,#3269,#3270,#3271,#3272,
    #3273,#3274),.UNSPECIFIED.,.F.,.F.,(7,7),(1.570796326795,
    2.359473429933),.PIECEWISE_BEZIER_KNOTS.);
#3268 = CARTESIAN_POINT('',(5.494508204041,24.17556811701));
#3269 = CARTESIAN_POINT('',(5.625954387897,24.360795646017));
#3270 = CARTESIAN_POINT('',(5.757400571754,24.546022888833));
#3271 = CARTESIAN_POINT('',(5.88884675561,24.725491265584));
#3272 = CARTESIAN_POINT('',(6.020292939467,24.893432420499));
#3273 = CARTESIAN_POINT('',(6.151739123323,25.04470474802));
#3274 = CARTESIAN_POINT('',(6.28318530718,25.175250225288));
#3275 = ( GEOMETRIC_REPRESENTATION_CONTEXT(2) 
PARAMETRIC_REPRESENTATION_CONTEXT() REPRESENTATION_CONTEXT('2D SPACE',''
  ) );
#3276 = ORIENTED_EDGE('',*,*,#3277,.T.);
#3277 = EDGE_CURVE('',#3246,#3278,#3280,.T.);
#3278 = VERTEX_POINT('',#3279);
#3279 = CARTESIAN_POINT('',(-18.32886176051,-23.25348018588,
    91.724292407367));
#3280 = SURFACE_CURVE('',#3281,(#3286,#3296),.PCURVE_S1.);
#3281 = ELLIPSE('',#3282,214.88517284408,1.4);
#3282 = AXIS2_PLACEMENT_3D('',#3283,#3284,#3285);
#3283 = CARTESIAN_POINT('',(-116.9358359028,-23.,162.45047664431));
#3284 = DIRECTION('',(-0.409576022144,0.709406479916,-0.573576436351));
#3285 = DIRECTION('',(0.816500941516,4.621957568065E-03,-0.577325601382)
  );
#3286 = PCURVE('',#355,#3287);
#3287 = DEFINITIONAL_REPRESENTATION('',(#3288),#3295);
#3288 = B_SPLINE_CURVE_WITH_KNOTS('',5,(#3289,#3290,#3291,#3292,#3293,
    #3294),.UNSPECIFIED.,.F.,.F.,(6,6),(0.897241154009,0.979616836772),
  .PIECEWISE_BEZIER_KNOTS.);
#3289 = CARTESIAN_POINT('',(4.603824929514,31.669800953602));
#3290 = CARTESIAN_POINT('',(4.587349792962,28.902758581264));
#3291 = CARTESIAN_POINT('',(4.570874656409,26.090239519341));
#3292 = CARTESIAN_POINT('',(4.554399519857,23.233808465366));
#3293 = CARTESIAN_POINT('',(4.537924383304,20.335081585134));
#3294 = CARTESIAN_POINT('',(4.521449246751,17.395721034412));
#3295 = ( GEOMETRIC_REPRESENTATION_CONTEXT(2) 
PARAMETRIC_REPRESENTATION_CONTEXT() REPRESENTATION_CONTEXT('2D SPACE',''
  ) );
#3296 = PCURVE('',#3297,#3302);
#3297 = PLANE('',#3298);
#3298 = AXIS2_PLACEMENT_3D('',#3299,#3300,#3301);
#3299 = CARTESIAN_POINT('',(31.551500259466,0.351198495582,
    85.300583180853));
#3300 = DIRECTION('',(-0.409576022144,0.709406479916,-0.573576436351));
#3301 = DIRECTION('',(-0.866025403784,-0.5,0.));
#3302 = DEFINITIONAL_REPRESENTATION('',(#3303),#3307);
#3303 = ELLIPSE('',#3304,214.88517284408,1.4);
#3304 = AXIS2_PLACEMENT_2D('',#3305,#3306);
#3305 = CARTESIAN_POINT('',(140.26940450467,94.182629465845));
#3306 = DIRECTION('',(-0.709421536351,-0.704784423608));
#3307 = ( GEOMETRIC_REPRESENTATION_CONTEXT(2) 
PARAMETRIC_REPRESENTATION_CONTEXT() REPRESENTATION_CONTEXT('2D SPACE',''
  ) );
#3308 = ORIENTED_EDGE('',*,*,#3309,.F.);
#3309 = EDGE_CURVE('',#1793,#3278,#3310,.T.);
#3310 = SURFACE_CURVE('',#3311,(#3316,#3343),.PCURVE_S1.);
#3311 = ELLIPSE('',#3312,1.973480704836,1.4);
#3312 = AXIS2_PLACEMENT_3D('',#3313,#3314,#3315);
#3313 = CARTESIAN_POINT('',(-18.47520861406,-23.,93.507603199824));
#3314 = DIRECTION('',(-0.866025403784,-0.5,0.));
#3315 = DIRECTION('',(0.290562050882,-0.50326823488,-0.813814953382));
#3316 = PCURVE('',#355,#3317);
#3317 = DEFINITIONAL_REPRESENTATION('',(#3318),#3342);
#3318 = B_SPLINE_CURVE_WITH_KNOTS('',8,(#3319,#3320,#3321,#3322,#3323,
    #3324,#3325,#3326,#3327,#3328,#3329,#3330,#3331,#3332,#3333,#3334,
    #3335,#3336,#3337,#3338,#3339,#3340,#3341),.UNSPECIFIED.,.F.,.F.,(9,
    7,7,9),(3.923711877246,5.494508204041,7.850702694233,10.206897184426
    ),.UNSPECIFIED.);
#3319 = CARTESIAN_POINT('',(6.28318530718,16.84549692762));
#3320 = CARTESIAN_POINT('',(6.08683576633,17.037976527698));
#3321 = CARTESIAN_POINT('',(5.890486225481,17.273932722286));
#3322 = CARTESIAN_POINT('',(5.694136684631,17.542056974559));
#3323 = CARTESIAN_POINT('',(5.497787143782,17.827469236096));
#3324 = CARTESIAN_POINT('',(5.301437602933,18.113095453497));
#3325 = CARTESIAN_POINT('',(5.105088062083,18.381843401002));
#3326 = CARTESIAN_POINT('',(4.908738521234,18.618781818397));
#3327 = CARTESIAN_POINT('',(4.417864669111,19.103146856234));
#3328 = CARTESIAN_POINT('',(4.123340357841,19.2965821497));
#3329 = CARTESIAN_POINT('',(3.828816046556,19.354427503808));
#3330 = CARTESIAN_POINT('',(3.534291735306,19.256220645446));
#3331 = CARTESIAN_POINT('',(3.239767424009,19.010245445257));
#3332 = CARTESIAN_POINT('',(2.945243112745,18.655655574083));
#3333 = CARTESIAN_POINT('',(2.650718801466,18.246452103971));
#3334 = CARTESIAN_POINT('',(2.061670178918,17.427143849218));
#3335 = CARTESIAN_POINT('',(1.767145867652,17.017036095607));
#3336 = CARTESIAN_POINT('',(1.47262155638,16.660637828485));
#3337 = CARTESIAN_POINT('',(1.178097245105,16.412116737527));
#3338 = CARTESIAN_POINT('',(0.883572933816,16.310963138058));
#3339 = CARTESIAN_POINT('',(0.589048622554,16.365881288557));
#3340 = CARTESIAN_POINT('',(0.294524311274,16.556777527504));
#3341 = CARTESIAN_POINT('',(2.04281036531E-14,16.84549692762));
#3342 = ( GEOMETRIC_REPRESENTATION_CONTEXT(2) 
PARAMETRIC_REPRESENTATION_CONTEXT() REPRESENTATION_CONTEXT('2D SPACE',''
  ) );
#3343 = PCURVE('',#1858,#3344);
#3344 = DEFINITIONAL_REPRESENTATION('',(#3345),#3349);
#3345 = ELLIPSE('',#3346,1.973480704836,1.4);
#3346 = AXIS2_PLACEMENT_2D('',#3347,#3348);
#3347 = CARTESIAN_POINT('',(-0.783104400716,-9.470585884029));
#3348 = DIRECTION('',(-9.24391513613E-03,0.999957274104));
#3349 = ( GEOMETRIC_REPRESENTATION_CONTEXT(2) 
PARAMETRIC_REPRESENTATION_CONTEXT() REPRESENTATION_CONTEXT('2D SPACE',''
  ) );
#3350 = ORIENTED_EDGE('',*,*,#1792,.T.);
#3351 = ORIENTED_EDGE('',*,*,#3352,.T.);
#3352 = EDGE_CURVE('',#1767,#3353,#3355,.T.);
#3353 = VERTEX_POINT('',#3354);
#3354 = CARTESIAN_POINT('',(-13.82350286622,-21.61872299783,
    90.529020794876));
#3355 = SURFACE_CURVE('',#3356,(#3361,#3371),.PCURVE_S1.);
#3356 = ELLIPSE('',#3357,214.88517284408,1.4);
#3357 = AXIS2_PLACEMENT_3D('',#3358,#3359,#3360);
#3358 = CARTESIAN_POINT('',(-116.9358359028,-23.,162.45047664431));
#3359 = DIRECTION('',(-0.409576022144,0.709406479916,-0.573576436351));
#3360 = DIRECTION('',(0.816500941516,4.621957568065E-03,-0.577325601382)
  );
#3361 = PCURVE('',#355,#3362);
#3362 = DEFINITIONAL_REPRESENTATION('',(#3363),#3370);
#3363 = B_SPLINE_CURVE_WITH_KNOTS('',5,(#3364,#3365,#3366,#3367,#3368,
    #3369),.UNSPECIFIED.,.F.,.F.,(6,6),(5.295019553168,5.399059912135),
  .PIECEWISE_BEZIER_KNOTS.);
#3364 = CARTESIAN_POINT('',(0.206046530355,15.866134669446));
#3365 = CARTESIAN_POINT('',(0.185238458562,19.599710537735));
#3366 = CARTESIAN_POINT('',(0.164430386768,23.269296839853));
#3367 = CARTESIAN_POINT('',(0.143622314975,26.871525735187));
#3368 = CARTESIAN_POINT('',(0.122814243182,30.403144966323));
#3369 = CARTESIAN_POINT('',(0.102006171388,33.861035434507));
#3370 = ( GEOMETRIC_REPRESENTATION_CONTEXT(2) 
PARAMETRIC_REPRESENTATION_CONTEXT() REPRESENTATION_CONTEXT('2D SPACE',''
  ) );
#3371 = PCURVE('',#1781,#3372);
#3372 = DEFINITIONAL_REPRESENTATION('',(#3373),#3377);
#3373 = ELLIPSE('',#3374,214.88517284408,1.4);
#3374 = AXIS2_PLACEMENT_2D('',#3375,#3376);
#3375 = CARTESIAN_POINT('',(140.26940450467,94.182629465845));
#3376 = DIRECTION('',(-0.709421536351,-0.704784423608));
#3377 = ( GEOMETRIC_REPRESENTATION_CONTEXT(2) 
PARAMETRIC_REPRESENTATION_CONTEXT() REPRESENTATION_CONTEXT('2D SPACE',''
  ) );
#3378 = ORIENTED_EDGE('',*,*,#3379,.F.);
#3379 = EDGE_CURVE('',#3182,#3353,#3380,.T.);
#3380 = SURFACE_CURVE('',#3381,(#3386,#3397),.PCURVE_S1.);
#3381 = ELLIPSE('',#3382,1.986380301783,1.4);
#3382 = AXIS2_PLACEMENT_3D('',#3383,#3384,#3385);
#3383 = CARTESIAN_POINT('',(-13.27905619136,-23.,89.869218103758));
#3384 = DIRECTION('',(0.290562050882,0.50326823488,-0.813814953382));
#3385 = DIRECTION('',(0.866025403784,-0.5,0.));
#3386 = PCURVE('',#355,#3387);
#3387 = DEFINITIONAL_REPRESENTATION('',(#3388),#3396);
#3388 = B_SPLINE_CURVE_WITH_KNOTS('',6,(#3389,#3390,#3391,#3392,#3393,
    #3394,#3395),.UNSPECIFIED.,.F.,.F.,(7,7),(3.923711877246,
    4.712388980385),.PIECEWISE_BEZIER_KNOTS.);
#3389 = CARTESIAN_POINT('',(-2.540190280342E-13,23.175886008731));
#3390 = CARTESIAN_POINT('',(0.131446183856,23.306431485999));
#3391 = CARTESIAN_POINT('',(0.262892367713,23.45770381352));
#3392 = CARTESIAN_POINT('',(0.394338551569,23.625644968435));
#3393 = CARTESIAN_POINT('',(0.525784735426,23.805113345186));
#3394 = CARTESIAN_POINT('',(0.657230919282,23.990340588003));
#3395 = CARTESIAN_POINT('',(0.788677103139,24.17556811701));
#3396 = ( GEOMETRIC_REPRESENTATION_CONTEXT(2) 
PARAMETRIC_REPRESENTATION_CONTEXT() REPRESENTATION_CONTEXT('2D SPACE',''
  ) );
#3397 = PCURVE('',#3227,#3398);
#3398 = DEFINITIONAL_REPRESENTATION('',(#3399),#3407);
#3399 = B_SPLINE_CURVE_WITH_KNOTS('',6,(#3400,#3401,#3402,#3403,#3404,
    #3405,#3406),.UNSPECIFIED.,.F.,.F.,(7,7),(3.923711877246,
    4.712388980385),.PIECEWISE_BEZIER_KNOTS.);
#3400 = CARTESIAN_POINT('',(1.564238447313,25.175250225288));
#3401 = CARTESIAN_POINT('',(1.695684631169,25.04470474802));
#3402 = CARTESIAN_POINT('',(1.827130815025,24.893432420499));
#3403 = CARTESIAN_POINT('',(1.958576998882,24.725491265583));
#3404 = CARTESIAN_POINT('',(2.090023182738,24.546022888833));
#3405 = CARTESIAN_POINT('',(2.221469366595,24.360795646017));
#3406 = CARTESIAN_POINT('',(2.352915550451,24.17556811701));
#3407 = ( GEOMETRIC_REPRESENTATION_CONTEXT(2) 
PARAMETRIC_REPRESENTATION_CONTEXT() REPRESENTATION_CONTEXT('2D SPACE',''
  ) );
#3408 = ORIENTED_EDGE('',*,*,#3181,.F.);
#3409 = ADVANCED_FACE('',(#3410),#413,.F.);
#3410 = FACE_BOUND('',#3411,.F.);
#3411 = EDGE_LOOP('',(#3412,#3451,#3472,#3473,#3474,#3510,#3542,#3574));
#3412 = ORIENTED_EDGE('',*,*,#3413,.F.);
#3413 = EDGE_CURVE('',#3414,#3416,#3418,.T.);
#3414 = VERTEX_POINT('',#3415);
#3415 = CARTESIAN_POINT('',(-27.3611021267,-1.409180965469,
    91.378815134088));
#3416 = VERTEX_POINT('',#3417);
#3417 = CARTESIAN_POINT('',(-27.69745331745,2.870411672016E-14,
    91.618994775408));
#3418 = SURFACE_CURVE('',#3419,(#3424,#3435),.PCURVE_S1.);
#3419 = ELLIPSE('',#3420,1.986380301783,1.4);
#3420 = AXIS2_PLACEMENT_3D('',#3421,#3422,#3423);
#3421 = CARTESIAN_POINT('',(-26.55811238272,2.84217094304E-14,
    90.805421032938));
#3422 = DIRECTION('',(-0.581124101765,1.575232247644E-16,-0.813814953382
    ));
#3423 = DIRECTION('',(3.617581253699E-16,1.,-6.476059536414E-17));
#3424 = PCURVE('',#413,#3425);
#3425 = DEFINITIONAL_REPRESENTATION('',(#3426),#3434);
#3426 = B_SPLINE_CURVE_WITH_KNOTS('',6,(#3427,#3428,#3429,#3430,#3431,
    #3432,#3433),.UNSPECIFIED.,.F.,.F.,(7,7),(3.923711877246,
    4.712388980385),.PIECEWISE_BEZIER_KNOTS.);
#3427 = CARTESIAN_POINT('',(8.120488408687E-14,44.394034119675));
#3428 = CARTESIAN_POINT('',(0.131446183856,44.524579596943));
#3429 = CARTESIAN_POINT('',(0.262892367713,44.675851924464));
#3430 = CARTESIAN_POINT('',(0.394338551569,44.843793079379));
#3431 = CARTESIAN_POINT('',(0.525784735426,45.023261456131));
#3432 = CARTESIAN_POINT('',(0.657230919282,45.208488698946));
#3433 = CARTESIAN_POINT('',(0.788677103139,45.393716227953));
#3434 = ( GEOMETRIC_REPRESENTATION_CONTEXT(2) 
PARAMETRIC_REPRESENTATION_CONTEXT() REPRESENTATION_CONTEXT('2D SPACE',''
  ) );
#3435 = PCURVE('',#3436,#3441);
#3436 = CYLINDRICAL_SURFACE('',#3437,1.4);
#3437 = AXIS2_PLACEMENT_3D('',#3438,#3439,#3440);
#3438 = CARTESIAN_POINT('',(-7.965934659722,32.202596439588,
    116.84218701969));
#3439 = DIRECTION('',(-0.409576022144,-0.709406479916,-0.573576436351));
#3440 = DIRECTION('',(0.866025403784,-0.5,5.551115123126E-17));
#3441 = DEFINITIONAL_REPRESENTATION('',(#3442),#3450);
#3442 = B_SPLINE_CURVE_WITH_KNOTS('',6,(#3443,#3444,#3445,#3446,#3447,
    #3448,#3449),.UNSPECIFIED.,.F.,.F.,(7,7),(3.923711877246,
    4.712388980385),.PIECEWISE_BEZIER_KNOTS.);
#3443 = CARTESIAN_POINT('',(1.564238447313,46.393398336231));
#3444 = CARTESIAN_POINT('',(1.695684631169,46.262852858964));
#3445 = CARTESIAN_POINT('',(1.827130815026,46.111580531443));
#3446 = CARTESIAN_POINT('',(1.958576998882,45.943639376524));
#3447 = CARTESIAN_POINT('',(2.090023182738,45.764170999777));
#3448 = CARTESIAN_POINT('',(2.221469366595,45.57894375696));
#3449 = CARTESIAN_POINT('',(2.352915550451,45.393716227953));
#3450 = ( GEOMETRIC_REPRESENTATION_CONTEXT(2) 
PARAMETRIC_REPRESENTATION_CONTEXT() REPRESENTATION_CONTEXT('2D SPACE',''
  ) );
#3451 = ORIENTED_EDGE('',*,*,#3452,.F.);
#3452 = EDGE_CURVE('',#397,#3414,#3453,.T.);
#3453 = SEAM_CURVE('',#3454,(#3458,#3465),.PCURVE_S1.);
#3454 = LINE('',#3455,#3456);
#3455 = CARTESIAN_POINT('',(-9.17837022502,-32.90259643958,
    116.84218701969));
#3456 = VECTOR('',#3457,1.);
#3457 = DIRECTION('',(-0.409576022144,0.709406479916,-0.573576436351));
#3458 = PCURVE('',#413,#3459);
#3459 = DEFINITIONAL_REPRESENTATION('',(#3460),#3464);
#3460 = LINE('',#3461,#3462);
#3461 = CARTESIAN_POINT('',(6.28318530718,-0.));
#3462 = VECTOR('',#3463,1.);
#3463 = DIRECTION('',(0.,1.));
#3464 = ( GEOMETRIC_REPRESENTATION_CONTEXT(2) 
PARAMETRIC_REPRESENTATION_CONTEXT() REPRESENTATION_CONTEXT('2D SPACE',''
  ) );
#3465 = PCURVE('',#413,#3466);
#3466 = DEFINITIONAL_REPRESENTATION('',(#3467),#3471);
#3467 = LINE('',#3468,#3469);
#3468 = CARTESIAN_POINT('',(0.,-0.));
#3469 = VECTOR('',#3470,1.);
#3470 = DIRECTION('',(0.,1.));
#3471 = ( GEOMETRIC_REPRESENTATION_CONTEXT(2) 
PARAMETRIC_REPRESENTATION_CONTEXT() REPRESENTATION_CONTEXT('2D SPACE',''
  ) );
#3472 = ORIENTED_EDGE('',*,*,#396,.F.);
#3473 = ORIENTED_EDGE('',*,*,#3452,.T.);
#3474 = ORIENTED_EDGE('',*,*,#3475,.F.);
#3475 = EDGE_CURVE('',#3476,#3414,#3478,.T.);
#3476 = VERTEX_POINT('',#3477);
#3477 = CARTESIAN_POINT('',(-25.75512263874,-1.409180965468,
    90.232026931788));
#3478 = SURFACE_CURVE('',#3479,(#3484,#3497),.PCURVE_S1.);
#3479 = ELLIPSE('',#3480,1.986380301783,1.4);
#3480 = AXIS2_PLACEMENT_3D('',#3481,#3482,#3483);
#3481 = CARTESIAN_POINT('',(-26.55811238272,2.84217094304E-14,
    90.805421032938));
#3482 = DIRECTION('',(-0.581124101765,1.575232247644E-16,-0.813814953382
    ));
#3483 = DIRECTION('',(3.617581253699E-16,1.,-6.476059536414E-17));
#3484 = PCURVE('',#413,#3485);
#3485 = DEFINITIONAL_REPRESENTATION('',(#3486),#3496);
#3486 = B_SPLINE_CURVE_WITH_KNOTS('',8,(#3487,#3488,#3489,#3490,#3491,
    #3492,#3493,#3494,#3495),.UNSPECIFIED.,.F.,.F.,(9,9),(2.359473429933
    ,3.923711877246),.PIECEWISE_BEZIER_KNOTS.);
#3487 = CARTESIAN_POINT('',(4.718946859867,44.394034119675));
#3488 = CARTESIAN_POINT('',(4.914476665781,44.199844139531));
#3489 = CARTESIAN_POINT('',(5.110006471694,44.049333870928));
#3490 = CARTESIAN_POINT('',(5.305536277611,43.953816512367));
#3491 = CARTESIAN_POINT('',(5.501066083527,43.921042328991));
#3492 = CARTESIAN_POINT('',(5.696595889438,43.953816512367));
#3493 = CARTESIAN_POINT('',(5.892125695351,44.049333870906));
#3494 = CARTESIAN_POINT('',(6.087655501266,44.199844139531));
#3495 = CARTESIAN_POINT('',(6.28318530718,44.394034119675));
#3496 = ( GEOMETRIC_REPRESENTATION_CONTEXT(2) 
PARAMETRIC_REPRESENTATION_CONTEXT() REPRESENTATION_CONTEXT('2D SPACE',''
  ) );
#3497 = PCURVE('',#3436,#3498);
#3498 = DEFINITIONAL_REPRESENTATION('',(#3499),#3509);
#3499 = B_SPLINE_CURVE_WITH_KNOTS('',8,(#3500,#3501,#3502,#3503,#3504,
    #3505,#3506,#3507,#3508),.UNSPECIFIED.,.F.,.F.,(9,9),(2.359473429933
    ,3.923711877246),.PIECEWISE_BEZIER_KNOTS.);
#3500 = CARTESIAN_POINT('',(-1.927347170749E-13,46.393398336231));
#3501 = CARTESIAN_POINT('',(0.195529805914,46.587588316376));
#3502 = CARTESIAN_POINT('',(0.391059611828,46.738098585003));
#3503 = CARTESIAN_POINT('',(0.586589417741,46.833615943498));
#3504 = CARTESIAN_POINT('',(0.782119223653,46.866390126874));
#3505 = CARTESIAN_POINT('',(0.97764902957,46.833615943528));
#3506 = CARTESIAN_POINT('',(1.173178835484,46.738098585003));
#3507 = CARTESIAN_POINT('',(1.368708641399,46.587588316376));
#3508 = CARTESIAN_POINT('',(1.564238447313,46.393398336231));
#3509 = ( GEOMETRIC_REPRESENTATION_CONTEXT(2) 
PARAMETRIC_REPRESENTATION_CONTEXT() REPRESENTATION_CONTEXT('2D SPACE',''
  ) );
#3510 = ORIENTED_EDGE('',*,*,#3511,.F.);
#3511 = EDGE_CURVE('',#3512,#3476,#3514,.T.);
#3512 = VERTEX_POINT('',#3513);
#3513 = CARTESIAN_POINT('',(-25.41877144798,2.801767142672E-14,
    89.991847290467));
#3514 = SURFACE_CURVE('',#3515,(#3520,#3531),.PCURVE_S1.);
#3515 = ELLIPSE('',#3516,1.986380301783,1.4);
#3516 = AXIS2_PLACEMENT_3D('',#3517,#3518,#3519);
#3517 = CARTESIAN_POINT('',(-26.55811238272,2.84217094304E-14,
    90.805421032938));
#3518 = DIRECTION('',(-0.581124101765,1.575232247644E-16,-0.813814953382
    ));
#3519 = DIRECTION('',(3.617581253699E-16,1.,-6.476059536414E-17));
#3520 = PCURVE('',#413,#3521);
#3521 = DEFINITIONAL_REPRESENTATION('',(#3522),#3530);
#3522 = B_SPLINE_CURVE_WITH_KNOTS('',6,(#3523,#3524,#3525,#3526,#3527,
    #3528,#3529),.UNSPECIFIED.,.F.,.F.,(7,7),(1.570796326795,
    2.359473429933),.PIECEWISE_BEZIER_KNOTS.);
#3523 = CARTESIAN_POINT('',(3.930269756728,45.393716227953));
#3524 = CARTESIAN_POINT('',(4.061715940585,45.208488698946));
#3525 = CARTESIAN_POINT('',(4.193162124441,45.023261456131));
#3526 = CARTESIAN_POINT('',(4.324608308297,44.843793079378));
#3527 = CARTESIAN_POINT('',(4.456054492154,44.675851924464));
#3528 = CARTESIAN_POINT('',(4.58750067601,44.524579596943));
#3529 = CARTESIAN_POINT('',(4.718946859867,44.394034119675));
#3530 = ( GEOMETRIC_REPRESENTATION_CONTEXT(2) 
PARAMETRIC_REPRESENTATION_CONTEXT() REPRESENTATION_CONTEXT('2D SPACE',''
  ) );
#3531 = PCURVE('',#3436,#3532);
#3532 = DEFINITIONAL_REPRESENTATION('',(#3533),#3541);
#3533 = B_SPLINE_CURVE_WITH_KNOTS('',6,(#3534,#3535,#3536,#3537,#3538,
    #3539,#3540),.UNSPECIFIED.,.F.,.F.,(7,7),(1.570796326795,
    2.359473429933),.PIECEWISE_BEZIER_KNOTS.);
#3534 = CARTESIAN_POINT('',(5.494508204041,45.393716227953));
#3535 = CARTESIAN_POINT('',(5.625954387897,45.57894375696));
#3536 = CARTESIAN_POINT('',(5.757400571754,45.764170999777));
#3537 = CARTESIAN_POINT('',(5.88884675561,45.943639376525));
#3538 = CARTESIAN_POINT('',(6.020292939467,46.111580531443));
#3539 = CARTESIAN_POINT('',(6.151739123323,46.262852858964));
#3540 = CARTESIAN_POINT('',(6.283185307179,46.393398336231));
#3541 = ( GEOMETRIC_REPRESENTATION_CONTEXT(2) 
PARAMETRIC_REPRESENTATION_CONTEXT() REPRESENTATION_CONTEXT('2D SPACE',''
  ) );
#3542 = ORIENTED_EDGE('',*,*,#3543,.F.);
#3543 = EDGE_CURVE('',#3544,#3512,#3546,.T.);
#3544 = VERTEX_POINT('',#3545);
#3545 = CARTESIAN_POINT('',(-24.94153162899,-5.329070518201E-13,
    91.371392047881));
#3546 = SURFACE_CURVE('',#3547,(#3552,#3563),.PCURVE_S1.);
#3547 = ELLIPSE('',#3548,1.973480704836,1.4);
#3548 = AXIS2_PLACEMENT_3D('',#3549,#3550,#3551);
#3549 = CARTESIAN_POINT('',(-26.55811238272,2.84217094304E-14,
    90.805421032938));
#3550 = DIRECTION('',(3.52125597401E-16,1.,-7.825013275578E-17));
#3551 = DIRECTION('',(-0.581124101765,1.409475433573E-16,-0.813814953382
    ));
#3552 = PCURVE('',#413,#3553);
#3553 = DEFINITIONAL_REPRESENTATION('',(#3554),#3562);
#3554 = B_SPLINE_CURVE_WITH_KNOTS('',6,(#3555,#3556,#3557,#3558,#3559,
    #3560,#3561),.UNSPECIFIED.,.F.,.F.,(7,7),(3.923711877246,
    4.712388980385),.PIECEWISE_BEZIER_KNOTS.);
#3555 = CARTESIAN_POINT('',(3.14159265359,44.406975875536));
#3556 = CARTESIAN_POINT('',(3.273038837446,44.535831327863));
#3557 = CARTESIAN_POINT('',(3.404485021303,44.68514530331));
#3558 = CARTESIAN_POINT('',(3.535931205159,44.850912313653));
#3559 = CARTESIAN_POINT('',(3.667377389015,45.02805731591));
#3560 = CARTESIAN_POINT('',(3.798823572872,45.210886630688));
#3561 = CARTESIAN_POINT('',(3.930269756728,45.393716227953));
#3562 = ( GEOMETRIC_REPRESENTATION_CONTEXT(2) 
PARAMETRIC_REPRESENTATION_CONTEXT() REPRESENTATION_CONTEXT('2D SPACE',''
  ) );
#3563 = PCURVE('',#707,#3564);
#3564 = DEFINITIONAL_REPRESENTATION('',(#3565),#3573);
#3565 = B_SPLINE_CURVE_WITH_KNOTS('',6,(#3566,#3567,#3568,#3569,#3570,
    #3571,#3572),.UNSPECIFIED.,.F.,.F.,(7,7),(3.923711877246,
    4.712388980385),.PIECEWISE_BEZIER_KNOTS.);
#3566 = CARTESIAN_POINT('',(6.283185307179,44.406975875536));
#3567 = CARTESIAN_POINT('',(6.151739123323,44.535831327863));
#3568 = CARTESIAN_POINT('',(6.020292939467,44.68514530331));
#3569 = CARTESIAN_POINT('',(5.88884675561,44.850912313653));
#3570 = CARTESIAN_POINT('',(5.757400571754,45.02805731591));
#3571 = CARTESIAN_POINT('',(5.625954387897,45.210886630688));
#3572 = CARTESIAN_POINT('',(5.494508204041,45.393716227953));
#3573 = ( GEOMETRIC_REPRESENTATION_CONTEXT(2) 
PARAMETRIC_REPRESENTATION_CONTEXT() REPRESENTATION_CONTEXT('2D SPACE',''
  ) );
#3574 = ORIENTED_EDGE('',*,*,#3575,.F.);
#3575 = EDGE_CURVE('',#3416,#3544,#3576,.T.);
#3576 = SURFACE_CURVE('',#3577,(#3582,#3595),.PCURVE_S1.);
#3577 = ELLIPSE('',#3578,1.973480704836,1.4);
#3578 = AXIS2_PLACEMENT_3D('',#3579,#3580,#3581);
#3579 = CARTESIAN_POINT('',(-26.55811238272,2.84217094304E-14,
    90.805421032938));
#3580 = DIRECTION('',(3.52125597401E-16,1.,-7.825013275578E-17));
#3581 = DIRECTION('',(-0.581124101765,1.409475433573E-16,-0.813814953382
    ));
#3582 = PCURVE('',#413,#3583);
#3583 = DEFINITIONAL_REPRESENTATION('',(#3584),#3594);
#3584 = B_SPLINE_CURVE_WITH_KNOTS('',8,(#3585,#3586,#3587,#3588,#3589,
    #3590,#3591,#3592,#3593),.UNSPECIFIED.,.F.,.F.,(9,9),(1.570796326795
    ,3.923711877246),.PIECEWISE_BEZIER_KNOTS.);
#3585 = CARTESIAN_POINT('',(0.788677103139,45.393716227953));
#3586 = CARTESIAN_POINT('',(1.082791546945,44.984629986471));
#3587 = CARTESIAN_POINT('',(1.37690599075,44.575542274346));
#3588 = CARTESIAN_POINT('',(1.671020434553,44.220390523667));
#3589 = CARTESIAN_POINT('',(1.965134878355,43.973034292139));
#3590 = CARTESIAN_POINT('',(2.259249322173,43.872672221478));
#3591 = CARTESIAN_POINT('',(2.553363765976,43.927891723361));
#3592 = CARTESIAN_POINT('',(2.847478209784,44.118658264626));
#3593 = CARTESIAN_POINT('',(3.14159265359,44.406975875536));
#3594 = ( GEOMETRIC_REPRESENTATION_CONTEXT(2) 
PARAMETRIC_REPRESENTATION_CONTEXT() REPRESENTATION_CONTEXT('2D SPACE',''
  ) );
#3595 = PCURVE('',#707,#3596);
#3596 = DEFINITIONAL_REPRESENTATION('',(#3597),#3607);
#3597 = B_SPLINE_CURVE_WITH_KNOTS('',8,(#3598,#3599,#3600,#3601,#3602,
    #3603,#3604,#3605,#3606),.UNSPECIFIED.,.F.,.F.,(9,9),(1.570796326795
    ,3.923711877246),.PIECEWISE_BEZIER_KNOTS.);
#3598 = CARTESIAN_POINT('',(2.352915550451,45.393716227953));
#3599 = CARTESIAN_POINT('',(2.058801106645,44.984629986471));
#3600 = CARTESIAN_POINT('',(1.76468666284,44.575542274426));
#3601 = CARTESIAN_POINT('',(1.470572219027,44.220390523464));
#3602 = CARTESIAN_POINT('',(1.176457775236,43.973034292721));
#3603 = CARTESIAN_POINT('',(0.882343331412,43.872672221332));
#3604 = CARTESIAN_POINT('',(0.588228887614,43.927891723441));
#3605 = CARTESIAN_POINT('',(0.294114443806,44.118658264626));
#3606 = CARTESIAN_POINT('',(-2.033928581113E-13,44.406975875536));
#3607 = ( GEOMETRIC_REPRESENTATION_CONTEXT(2) 
PARAMETRIC_REPRESENTATION_CONTEXT() REPRESENTATION_CONTEXT('2D SPACE',''
  ) );
#3608 = ADVANCED_FACE('',(#3609),#471,.F.);
#3609 = FACE_BOUND('',#3610,.F.);
#3610 = EDGE_LOOP('',(#3611,#3649,#3670,#3671,#3672,#3704));
#3611 = ORIENTED_EDGE('',*,*,#3612,.F.);
#3612 = EDGE_CURVE('',#3613,#3615,#3617,.T.);
#3613 = VERTEX_POINT('',#3614);
#3614 = CARTESIAN_POINT('',(12.470765814496,-21.6,91.371392047881));
#3615 = VERTEX_POINT('',#3616);
#3616 = CARTESIAN_POINT('',(13.848726658729,-23.98669819305,
    91.618994775408));
#3617 = SURFACE_CURVE('',#3618,(#3623,#3636),.PCURVE_S1.);
#3618 = ELLIPSE('',#3619,1.973480704836,1.4);
#3619 = AXIS2_PLACEMENT_3D('',#3620,#3621,#3622);
#3620 = CARTESIAN_POINT('',(13.279056191361,-23.,90.805421032938));
#3621 = DIRECTION('',(0.866025403784,0.5,-5.551115123126E-17));
#3622 = DIRECTION('',(0.290562050882,-0.50326823488,-0.813814953382));
#3623 = PCURVE('',#471,#3624);
#3624 = DEFINITIONAL_REPRESENTATION('',(#3625),#3635);
#3625 = B_SPLINE_CURVE_WITH_KNOTS('',8,(#3626,#3627,#3628,#3629,#3630,
    #3631,#3632,#3633,#3634),.UNSPECIFIED.,.F.,.F.,(9,9),(2.359473429933
    ,4.712388980385),.PIECEWISE_BEZIER_KNOTS.);
#3626 = CARTESIAN_POINT('',(-3.01980662698E-14,44.406975875536));
#3627 = CARTESIAN_POINT('',(0.294114443806,44.118658264626));
#3628 = CARTESIAN_POINT('',(0.588228887612,43.927891723455));
#3629 = CARTESIAN_POINT('',(0.882343331416,43.872672221274));
#3630 = CARTESIAN_POINT('',(1.176457775226,43.973034292605));
#3631 = CARTESIAN_POINT('',(1.470572219027,44.220390523376));
#3632 = CARTESIAN_POINT('',(1.764686662838,44.575542274433));
#3633 = CARTESIAN_POINT('',(2.058801106645,44.984629986471));
#3634 = CARTESIAN_POINT('',(2.352915550451,45.393716227953));
#3635 = ( GEOMETRIC_REPRESENTATION_CONTEXT(2) 
PARAMETRIC_REPRESENTATION_CONTEXT() REPRESENTATION_CONTEXT('2D SPACE',''
  ) );
#3636 = PCURVE('',#529,#3637);
#3637 = DEFINITIONAL_REPRESENTATION('',(#3638),#3648);
#3638 = B_SPLINE_CURVE_WITH_KNOTS('',8,(#3639,#3640,#3641,#3642,#3643,
    #3644,#3645,#3646,#3647),.UNSPECIFIED.,.F.,.F.,(9,9),(2.359473429933
    ,4.712388980385),.PIECEWISE_BEZIER_KNOTS.);
#3639 = CARTESIAN_POINT('',(3.14159265359,44.406975875536));
#3640 = CARTESIAN_POINT('',(2.847478209783,44.118658264626));
#3641 = CARTESIAN_POINT('',(2.553363765978,43.927891723419));
#3642 = CARTESIAN_POINT('',(2.25924932216,43.872672221303));
#3643 = CARTESIAN_POINT('',(1.965134878368,43.973034292459));
#3644 = CARTESIAN_POINT('',(1.67102043455,44.220390523406));
#3645 = CARTESIAN_POINT('',(1.376905990753,44.57554227436));
#3646 = CARTESIAN_POINT('',(1.082791546945,44.984629986471));
#3647 = CARTESIAN_POINT('',(0.788677103139,45.393716227953));
#3648 = ( GEOMETRIC_REPRESENTATION_CONTEXT(2) 
PARAMETRIC_REPRESENTATION_CONTEXT() REPRESENTATION_CONTEXT('2D SPACE',''
  ) );
#3649 = ORIENTED_EDGE('',*,*,#3650,.F.);
#3650 = EDGE_CURVE('',#455,#3613,#3651,.T.);
#3651 = SEAM_CURVE('',#3652,(#3656,#3663),.PCURVE_S1.);
#3652 = LINE('',#3653,#3654);
#3653 = CARTESIAN_POINT('',(-23.90529925464,-21.6,116.84218701969));
#3654 = VECTOR('',#3655,1.);
#3655 = DIRECTION('',(0.819152044289,0.,-0.573576436351));
#3656 = PCURVE('',#471,#3657);
#3657 = DEFINITIONAL_REPRESENTATION('',(#3658),#3662);
#3658 = LINE('',#3659,#3660);
#3659 = CARTESIAN_POINT('',(6.28318530718,-0.));
#3660 = VECTOR('',#3661,1.);
#3661 = DIRECTION('',(0.,1.));
#3662 = ( GEOMETRIC_REPRESENTATION_CONTEXT(2) 
PARAMETRIC_REPRESENTATION_CONTEXT() REPRESENTATION_CONTEXT('2D SPACE',''
  ) );
#3663 = PCURVE('',#471,#3664);
#3664 = DEFINITIONAL_REPRESENTATION('',(#3665),#3669);
#3665 = LINE('',#3666,#3667);
#3666 = CARTESIAN_POINT('',(0.,-0.));
#3667 = VECTOR('',#3668,1.);
#3668 = DIRECTION('',(0.,1.));
#3669 = ( GEOMETRIC_REPRESENTATION_CONTEXT(2) 
PARAMETRIC_REPRESENTATION_CONTEXT() REPRESENTATION_CONTEXT('2D SPACE',''
  ) );
#3670 = ORIENTED_EDGE('',*,*,#454,.F.);
#3671 = ORIENTED_EDGE('',*,*,#3650,.T.);
#3672 = ORIENTED_EDGE('',*,*,#3673,.F.);
#3673 = EDGE_CURVE('',#3674,#3613,#3676,.T.);
#3674 = VERTEX_POINT('',#3675);
#3675 = CARTESIAN_POINT('',(12.709385723994,-22.01330180694,
    89.991847290467));
#3676 = SURFACE_CURVE('',#3677,(#3682,#3693),.PCURVE_S1.);
#3677 = ELLIPSE('',#3678,1.973480704836,1.4);
#3678 = AXIS2_PLACEMENT_3D('',#3679,#3680,#3681);
#3679 = CARTESIAN_POINT('',(13.279056191361,-23.,90.805421032938));
#3680 = DIRECTION('',(0.866025403784,0.5,-5.551115123126E-17));
#3681 = DIRECTION('',(0.290562050882,-0.50326823488,-0.813814953382));
#3682 = PCURVE('',#471,#3683);
#3683 = DEFINITIONAL_REPRESENTATION('',(#3684),#3692);
#3684 = B_SPLINE_CURVE_WITH_KNOTS('',6,(#3685,#3686,#3687,#3688,#3689,
    #3690,#3691),.UNSPECIFIED.,.F.,.F.,(7,7),(1.570796326795,
    2.359473429933),.PIECEWISE_BEZIER_KNOTS.);
#3685 = CARTESIAN_POINT('',(5.494508204041,45.393716227953));
#3686 = CARTESIAN_POINT('',(5.625954387897,45.210886630688));
#3687 = CARTESIAN_POINT('',(5.757400571754,45.028057315907));
#3688 = CARTESIAN_POINT('',(5.88884675561,44.850912313657));
#3689 = CARTESIAN_POINT('',(6.020292939467,44.685145303308));
#3690 = CARTESIAN_POINT('',(6.151739123323,44.535831327863));
#3691 = CARTESIAN_POINT('',(6.28318530718,44.406975875536));
#3692 = ( GEOMETRIC_REPRESENTATION_CONTEXT(2) 
PARAMETRIC_REPRESENTATION_CONTEXT() REPRESENTATION_CONTEXT('2D SPACE',''
  ) );
#3693 = PCURVE('',#529,#3694);
#3694 = DEFINITIONAL_REPRESENTATION('',(#3695),#3703);
#3695 = B_SPLINE_CURVE_WITH_KNOTS('',6,(#3696,#3697,#3698,#3699,#3700,
    #3701,#3702),.UNSPECIFIED.,.F.,.F.,(7,7),(1.570796326795,
    2.359473429933),.PIECEWISE_BEZIER_KNOTS.);
#3696 = CARTESIAN_POINT('',(3.930269756728,45.393716227953));
#3697 = CARTESIAN_POINT('',(3.798823572872,45.210886630688));
#3698 = CARTESIAN_POINT('',(3.667377389015,45.028057315909));
#3699 = CARTESIAN_POINT('',(3.535931205159,44.850912313655));
#3700 = CARTESIAN_POINT('',(3.404485021303,44.68514530331));
#3701 = CARTESIAN_POINT('',(3.273038837446,44.535831327863));
#3702 = CARTESIAN_POINT('',(3.14159265359,44.406975875536));
#3703 = ( GEOMETRIC_REPRESENTATION_CONTEXT(2) 
PARAMETRIC_REPRESENTATION_CONTEXT() REPRESENTATION_CONTEXT('2D SPACE',''
  ) );
#3704 = ORIENTED_EDGE('',*,*,#3705,.F.);
#3705 = EDGE_CURVE('',#3615,#3674,#3706,.T.);
#3706 = SURFACE_CURVE('',#3707,(#3712,#3730),.PCURVE_S1.);
#3707 = ELLIPSE('',#3708,1.986380301783,1.4);
#3708 = AXIS2_PLACEMENT_3D('',#3709,#3710,#3711);
#3709 = CARTESIAN_POINT('',(13.279056191361,-23.,90.805421032938));
#3710 = DIRECTION('',(0.290562050882,-0.50326823488,-0.813814953382));
#3711 = DIRECTION('',(0.866025403784,0.5,0.));
#3712 = PCURVE('',#471,#3713);
#3713 = DEFINITIONAL_REPRESENTATION('',(#3714),#3729);
#3714 = B_SPLINE_CURVE_WITH_KNOTS('',7,(#3715,#3716,#3717,#3718,#3719,
    #3720,#3721,#3722,#3723,#3724,#3725,#3726,#3727,#3728),
  .UNSPECIFIED.,.F.,.F.,(8,6,8),(1.570796326795,3.14159265359,
    4.712388980385),.UNSPECIFIED.);
#3715 = CARTESIAN_POINT('',(2.352915550451,45.393716227953));
#3716 = CARTESIAN_POINT('',(2.577315025708,45.077503470057));
#3717 = CARTESIAN_POINT('',(2.801714500964,44.761291996172));
#3718 = CARTESIAN_POINT('',(3.026113976221,44.471079045899));
#3719 = CARTESIAN_POINT('',(3.250513451477,44.232910423303));
#3720 = CARTESIAN_POINT('',(3.474912926734,44.06735092443));
#3721 = CARTESIAN_POINT('',(3.69931240199,43.98456517029));
#3722 = CARTESIAN_POINT('',(4.148111352503,43.98456517029));
#3723 = CARTESIAN_POINT('',(4.37251082776,44.067350924432));
#3724 = CARTESIAN_POINT('',(4.596910303014,44.232910423303));
#3725 = CARTESIAN_POINT('',(4.821309778272,44.471079045907));
#3726 = CARTESIAN_POINT('',(5.045709253528,44.761291996167));
#3727 = CARTESIAN_POINT('',(5.270108728785,45.077503470057));
#3728 = CARTESIAN_POINT('',(5.494508204041,45.393716227953));
#3729 = ( GEOMETRIC_REPRESENTATION_CONTEXT(2) 
PARAMETRIC_REPRESENTATION_CONTEXT() REPRESENTATION_CONTEXT('2D SPACE',''
  ) );
#3730 = PCURVE('',#3731,#3736);
#3731 = CYLINDRICAL_SURFACE('',#3732,1.4);
#3732 = AXIS2_PLACEMENT_3D('',#3733,#3734,#3735);
#3733 = CARTESIAN_POINT('',(31.871233914363,9.202596439588,
    116.84218701969));
#3734 = DIRECTION('',(-0.409576022144,-0.709406479916,-0.573576436351));
#3735 = DIRECTION('',(0.866025403784,-0.5,5.551115123126E-17));
#3736 = DEFINITIONAL_REPRESENTATION('',(#3737),#3752);
#3737 = B_SPLINE_CURVE_WITH_KNOTS('',7,(#3738,#3739,#3740,#3741,#3742,
    #3743,#3744,#3745,#3746,#3747,#3748,#3749,#3750,#3751),
  .UNSPECIFIED.,.F.,.F.,(8,6,8),(1.570796326795,3.14159265359,
    4.712388980385),.UNSPECIFIED.);
#3738 = CARTESIAN_POINT('',(0.788677103139,45.393716227953));
#3739 = CARTESIAN_POINT('',(1.013076578395,45.70992898585));
#3740 = CARTESIAN_POINT('',(1.237476053652,46.026140459735));
#3741 = CARTESIAN_POINT('',(1.461875528907,46.316353410017));
#3742 = CARTESIAN_POINT('',(1.686275004165,46.554522032588));
#3743 = CARTESIAN_POINT('',(1.91067447942,46.720081531481));
#3744 = CARTESIAN_POINT('',(2.135073954677,46.802867285616));
#3745 = CARTESIAN_POINT('',(2.58387290519,46.802867285616));
#3746 = CARTESIAN_POINT('',(2.808272380446,46.720081531465));
#3747 = CARTESIAN_POINT('',(3.032671855702,46.554522032631));
#3748 = CARTESIAN_POINT('',(3.257071330961,46.316353409966));
#3749 = CARTESIAN_POINT('',(3.481470806215,46.026140459739));
#3750 = CARTESIAN_POINT('',(3.705870281472,45.70992898585));
#3751 = CARTESIAN_POINT('',(3.930269756728,45.393716227953));
#3752 = ( GEOMETRIC_REPRESENTATION_CONTEXT(2) 
PARAMETRIC_REPRESENTATION_CONTEXT() REPRESENTATION_CONTEXT('2D SPACE',''
  ) );
#3753 = ADVANCED_FACE('',(#3754),#529,.F.);
#3754 = FACE_BOUND('',#3755,.F.);
#3755 = EDGE_LOOP('',(#3756,#3793,#3814,#3815,#3816,#3848,#3880,#3910,
    #3911));
#3756 = ORIENTED_EDGE('',*,*,#3757,.F.);
#3757 = EDGE_CURVE('',#3758,#3615,#3760,.T.);
#3758 = VERTEX_POINT('',#3759);
#3759 = CARTESIAN_POINT('',(14.900937577977,-22.99081903453,
    91.378815134088));
#3760 = SURFACE_CURVE('',#3761,(#3766,#3777),.PCURVE_S1.);
#3761 = ELLIPSE('',#3762,1.986380301783,1.4);
#3762 = AXIS2_PLACEMENT_3D('',#3763,#3764,#3765);
#3763 = CARTESIAN_POINT('',(13.279056191361,-23.,90.805421032938));
#3764 = DIRECTION('',(0.290562050882,-0.50326823488,-0.813814953382));
#3765 = DIRECTION('',(0.866025403784,0.5,0.));
#3766 = PCURVE('',#529,#3767);
#3767 = DEFINITIONAL_REPRESENTATION('',(#3768),#3776);
#3768 = B_SPLINE_CURVE_WITH_KNOTS('',6,(#3769,#3770,#3771,#3772,#3773,
    #3774,#3775),.UNSPECIFIED.,.F.,.F.,(7,7),(0.782119223656,
    1.570796326795),.PIECEWISE_BEZIER_KNOTS.);
#3769 = CARTESIAN_POINT('',(-1.42108547152E-13,44.394034119675));
#3770 = CARTESIAN_POINT('',(0.131446183856,44.524579596943));
#3771 = CARTESIAN_POINT('',(0.262892367713,44.675851924464));
#3772 = CARTESIAN_POINT('',(0.394338551569,44.843793079379));
#3773 = CARTESIAN_POINT('',(0.525784735426,45.02326145613));
#3774 = CARTESIAN_POINT('',(0.657230919282,45.208488698946));
#3775 = CARTESIAN_POINT('',(0.788677103139,45.393716227953));
#3776 = ( GEOMETRIC_REPRESENTATION_CONTEXT(2) 
PARAMETRIC_REPRESENTATION_CONTEXT() REPRESENTATION_CONTEXT('2D SPACE',''
  ) );
#3777 = PCURVE('',#3778,#3783);
#3778 = CYLINDRICAL_SURFACE('',#3779,1.4);
#3779 = AXIS2_PLACEMENT_3D('',#3780,#3781,#3782);
#3780 = CARTESIAN_POINT('',(-23.90529925464,-23.,116.84218701969));
#3781 = DIRECTION('',(0.819152044289,0.,-0.573576436351));
#3782 = DIRECTION('',(0.,1.,0.));
#3783 = DEFINITIONAL_REPRESENTATION('',(#3784),#3792);
#3784 = B_SPLINE_CURVE_WITH_KNOTS('',6,(#3785,#3786,#3787,#3788,#3789,
    #3790,#3791),.UNSPECIFIED.,.F.,.F.,(7,7),(0.782119223656,
    1.570796326795),.PIECEWISE_BEZIER_KNOTS.);
#3785 = CARTESIAN_POINT('',(1.564238447313,46.393398336232));
#3786 = CARTESIAN_POINT('',(1.695684631169,46.262852858964));
#3787 = CARTESIAN_POINT('',(1.827130815025,46.111580531443));
#3788 = CARTESIAN_POINT('',(1.958576998882,45.943639376525));
#3789 = CARTESIAN_POINT('',(2.090023182738,45.764170999777));
#3790 = CARTESIAN_POINT('',(2.221469366595,45.57894375696));
#3791 = CARTESIAN_POINT('',(2.352915550451,45.393716227953));
#3792 = ( GEOMETRIC_REPRESENTATION_CONTEXT(2) 
PARAMETRIC_REPRESENTATION_CONTEXT() REPRESENTATION_CONTEXT('2D SPACE',''
  ) );
#3793 = ORIENTED_EDGE('',*,*,#3794,.F.);
#3794 = EDGE_CURVE('',#513,#3758,#3795,.T.);
#3795 = SEAM_CURVE('',#3796,(#3800,#3807),.PCURVE_S1.);
#3796 = LINE('',#3797,#3798);
#3797 = CARTESIAN_POINT('',(33.083669479661,8.502596439588,
    116.84218701969));
#3798 = VECTOR('',#3799,1.);
#3799 = DIRECTION('',(-0.409576022144,-0.709406479916,-0.573576436351));
#3800 = PCURVE('',#529,#3801);
#3801 = DEFINITIONAL_REPRESENTATION('',(#3802),#3806);
#3802 = LINE('',#3803,#3804);
#3803 = CARTESIAN_POINT('',(6.28318530718,-0.));
#3804 = VECTOR('',#3805,1.);
#3805 = DIRECTION('',(0.,1.));
#3806 = ( GEOMETRIC_REPRESENTATION_CONTEXT(2) 
PARAMETRIC_REPRESENTATION_CONTEXT() REPRESENTATION_CONTEXT('2D SPACE',''
  ) );
#3807 = PCURVE('',#529,#3808);
#3808 = DEFINITIONAL_REPRESENTATION('',(#3809),#3813);
#3809 = LINE('',#3810,#3811);
#3810 = CARTESIAN_POINT('',(0.,-0.));
#3811 = VECTOR('',#3812,1.);
#3812 = DIRECTION('',(0.,1.));
#3813 = ( GEOMETRIC_REPRESENTATION_CONTEXT(2) 
PARAMETRIC_REPRESENTATION_CONTEXT() REPRESENTATION_CONTEXT('2D SPACE',''
  ) );
#3814 = ORIENTED_EDGE('',*,*,#512,.F.);
#3815 = ORIENTED_EDGE('',*,*,#3794,.T.);
#3816 = ORIENTED_EDGE('',*,*,#3817,.F.);
#3817 = EDGE_CURVE('',#3818,#3758,#3820,.T.);
#3818 = VERTEX_POINT('',#3819);
#3819 = CARTESIAN_POINT('',(14.999311994283,-22.0068098491,
    90.805421032938));
#3820 = SURFACE_CURVE('',#3821,(#3826,#3837),.PCURVE_S1.);
#3821 = ELLIPSE('',#3822,1.986380301783,1.4);
#3822 = AXIS2_PLACEMENT_3D('',#3823,#3824,#3825);
#3823 = CARTESIAN_POINT('',(13.279056191361,-23.,90.805421032938));
#3824 = DIRECTION('',(0.290562050882,-0.50326823488,-0.813814953382));
#3825 = DIRECTION('',(0.866025403784,0.5,0.));
#3826 = PCURVE('',#529,#3827);
#3827 = DEFINITIONAL_REPRESENTATION('',(#3828),#3836);
#3828 = B_SPLINE_CURVE_WITH_KNOTS('',6,(#3829,#3830,#3831,#3832,#3833,
    #3834,#3835),.UNSPECIFIED.,.F.,.F.,(7,7),(0.,0.782119223656),
  .PIECEWISE_BEZIER_KNOTS.);
#3829 = CARTESIAN_POINT('',(5.501066083523,43.98456517029));
#3830 = CARTESIAN_POINT('',(5.631419287466,43.98456517029));
#3831 = CARTESIAN_POINT('',(5.761772491409,44.01329815228));
#3832 = CARTESIAN_POINT('',(5.892125695351,44.070764821363));
#3833 = CARTESIAN_POINT('',(6.022478899294,44.15549813286));
#3834 = CARTESIAN_POINT('',(6.152832103237,44.264574132912));
#3835 = CARTESIAN_POINT('',(6.283185307179,44.394034119675));
#3836 = ( GEOMETRIC_REPRESENTATION_CONTEXT(2) 
PARAMETRIC_REPRESENTATION_CONTEXT() REPRESENTATION_CONTEXT('2D SPACE',''
  ) );
#3837 = PCURVE('',#3778,#3838);
#3838 = DEFINITIONAL_REPRESENTATION('',(#3839),#3847);
#3839 = B_SPLINE_CURVE_WITH_KNOTS('',6,(#3840,#3841,#3842,#3843,#3844,
    #3845,#3846),.UNSPECIFIED.,.F.,.F.,(7,7),(0.,0.782119223656),
  .PIECEWISE_BEZIER_KNOTS.);
#3840 = CARTESIAN_POINT('',(0.782119223656,46.802867285616));
#3841 = CARTESIAN_POINT('',(0.912472427599,46.802867285616));
#3842 = CARTESIAN_POINT('',(1.042825631542,46.774134303627));
#3843 = CARTESIAN_POINT('',(1.173178835484,46.71666763454));
#3844 = CARTESIAN_POINT('',(1.303532039427,46.631934323048));
#3845 = CARTESIAN_POINT('',(1.43388524337,46.522858322994));
#3846 = CARTESIAN_POINT('',(1.564238447313,46.393398336232));
#3847 = ( GEOMETRIC_REPRESENTATION_CONTEXT(2) 
PARAMETRIC_REPRESENTATION_CONTEXT() REPRESENTATION_CONTEXT('2D SPACE',''
  ) );
#3848 = ORIENTED_EDGE('',*,*,#3849,.F.);
#3849 = EDGE_CURVE('',#3850,#3818,#3852,.T.);
#3850 = VERTEX_POINT('',#3851);
#3851 = CARTESIAN_POINT('',(14.097947833997,-21.6,90.232026931788));
#3852 = SURFACE_CURVE('',#3853,(#3858,#3869),.PCURVE_S1.);
#3853 = ELLIPSE('',#3854,1.986380301783,1.4);
#3854 = AXIS2_PLACEMENT_3D('',#3855,#3856,#3857);
#3855 = CARTESIAN_POINT('',(13.279056191361,-23.,90.805421032938));
#3856 = DIRECTION('',(0.290562050882,-0.50326823488,-0.813814953382));
#3857 = DIRECTION('',(0.866025403784,0.5,0.));
#3858 = PCURVE('',#529,#3859);
#3859 = DEFINITIONAL_REPRESENTATION('',(#3860),#3868);
#3860 = B_SPLINE_CURVE_WITH_KNOTS('',6,(#3861,#3862,#3863,#3864,#3865,
    #3866,#3867),.UNSPECIFIED.,.F.,.F.,(7,7),(5.501066083523,
    6.28318530718),.PIECEWISE_BEZIER_KNOTS.);
#3861 = CARTESIAN_POINT('',(4.718946859867,44.394034119675));
#3862 = CARTESIAN_POINT('',(4.84930006381,44.264574132912));
#3863 = CARTESIAN_POINT('',(4.979653267752,44.15549813286));
#3864 = CARTESIAN_POINT('',(5.110006471695,44.070764821363));
#3865 = CARTESIAN_POINT('',(5.240359675638,44.01329815228));
#3866 = CARTESIAN_POINT('',(5.37071287958,43.98456517029));
#3867 = CARTESIAN_POINT('',(5.501066083523,43.98456517029));
#3868 = ( GEOMETRIC_REPRESENTATION_CONTEXT(2) 
PARAMETRIC_REPRESENTATION_CONTEXT() REPRESENTATION_CONTEXT('2D SPACE',''
  ) );
#3869 = PCURVE('',#3778,#3870);
#3870 = DEFINITIONAL_REPRESENTATION('',(#3871),#3879);
#3871 = B_SPLINE_CURVE_WITH_KNOTS('',6,(#3872,#3873,#3874,#3875,#3876,
    #3877,#3878),.UNSPECIFIED.,.F.,.F.,(7,7),(5.501066083523,
    6.28318530718),.PIECEWISE_BEZIER_KNOTS.);
#3872 = CARTESIAN_POINT('',(-2.04281036531E-14,46.393398336231));
#3873 = CARTESIAN_POINT('',(0.130353203943,46.522858322994));
#3874 = CARTESIAN_POINT('',(0.260706407886,46.631934323048));
#3875 = CARTESIAN_POINT('',(0.391059611828,46.716667634537));
#3876 = CARTESIAN_POINT('',(0.521412815771,46.774134303629));
#3877 = CARTESIAN_POINT('',(0.651766019714,46.802867285616));
#3878 = CARTESIAN_POINT('',(0.782119223656,46.802867285616));
#3879 = ( GEOMETRIC_REPRESENTATION_CONTEXT(2) 
PARAMETRIC_REPRESENTATION_CONTEXT() REPRESENTATION_CONTEXT('2D SPACE',''
  ) );
#3880 = ORIENTED_EDGE('',*,*,#3881,.F.);
#3881 = EDGE_CURVE('',#3674,#3850,#3882,.T.);
#3882 = SURFACE_CURVE('',#3883,(#3888,#3899),.PCURVE_S1.);
#3883 = ELLIPSE('',#3884,1.986380301783,1.4);
#3884 = AXIS2_PLACEMENT_3D('',#3885,#3886,#3887);
#3885 = CARTESIAN_POINT('',(13.279056191361,-23.,90.805421032938));
#3886 = DIRECTION('',(0.290562050882,-0.50326823488,-0.813814953382));
#3887 = DIRECTION('',(0.866025403784,0.5,0.));
#3888 = PCURVE('',#529,#3889);
#3889 = DEFINITIONAL_REPRESENTATION('',(#3890),#3898);
#3890 = B_SPLINE_CURVE_WITH_KNOTS('',6,(#3891,#3892,#3893,#3894,#3895,
    #3896,#3897),.UNSPECIFIED.,.F.,.F.,(7,7),(4.712388980385,
    5.501066083523),.PIECEWISE_BEZIER_KNOTS.);
#3891 = CARTESIAN_POINT('',(3.930269756728,45.393716227953));
#3892 = CARTESIAN_POINT('',(4.061715940585,45.208488698946));
#3893 = CARTESIAN_POINT('',(4.193162124441,45.02326145613));
#3894 = CARTESIAN_POINT('',(4.324608308297,44.84379307938));
#3895 = CARTESIAN_POINT('',(4.456054492154,44.675851924464));
#3896 = CARTESIAN_POINT('',(4.58750067601,44.524579596943));
#3897 = CARTESIAN_POINT('',(4.718946859867,44.394034119675));
#3898 = ( GEOMETRIC_REPRESENTATION_CONTEXT(2) 
PARAMETRIC_REPRESENTATION_CONTEXT() REPRESENTATION_CONTEXT('2D SPACE',''
  ) );
#3899 = PCURVE('',#3778,#3900);
#3900 = DEFINITIONAL_REPRESENTATION('',(#3901),#3909);
#3901 = B_SPLINE_CURVE_WITH_KNOTS('',6,(#3902,#3903,#3904,#3905,#3906,
    #3907,#3908),.UNSPECIFIED.,.F.,.F.,(7,7),(4.712388980385,
    5.501066083523),.PIECEWISE_BEZIER_KNOTS.);
#3902 = CARTESIAN_POINT('',(5.494508204041,45.393716227953));
#3903 = CARTESIAN_POINT('',(5.625954387897,45.57894375696));
#3904 = CARTESIAN_POINT('',(5.757400571754,45.764170999777));
#3905 = CARTESIAN_POINT('',(5.88884675561,45.943639376525));
#3906 = CARTESIAN_POINT('',(6.020292939467,46.111580531442));
#3907 = CARTESIAN_POINT('',(6.151739123323,46.262852858964));
#3908 = CARTESIAN_POINT('',(6.28318530718,46.393398336231));
#3909 = ( GEOMETRIC_REPRESENTATION_CONTEXT(2) 
PARAMETRIC_REPRESENTATION_CONTEXT() REPRESENTATION_CONTEXT('2D SPACE',''
  ) );
#3910 = ORIENTED_EDGE('',*,*,#3673,.T.);
#3911 = ORIENTED_EDGE('',*,*,#3612,.T.);
#3912 = ADVANCED_FACE('',(#3913),#587,.F.);
#3913 = FACE_BOUND('',#3914,.F.);
#3914 = EDGE_LOOP('',(#3915,#3916,#3937,#3938));
#3915 = ORIENTED_EDGE('',*,*,#570,.F.);
#3916 = ORIENTED_EDGE('',*,*,#3917,.F.);
#3917 = EDGE_CURVE('',#1455,#571,#3918,.T.);
#3918 = SEAM_CURVE('',#3919,(#3923,#3930),.PCURVE_S1.);
#3919 = LINE('',#3920,#3921);
#3920 = CARTESIAN_POINT('',(57.675625842204,-32.,93.));
#3921 = VECTOR('',#3922,1.);
#3922 = DIRECTION('',(0.,0.,1.));
#3923 = PCURVE('',#587,#3924);
#3924 = DEFINITIONAL_REPRESENTATION('',(#3925),#3929);
#3925 = LINE('',#3926,#3927);
#3926 = CARTESIAN_POINT('',(6.28318530718,-0.));
#3927 = VECTOR('',#3928,1.);
#3928 = DIRECTION('',(0.,1.));
#3929 = ( GEOMETRIC_REPRESENTATION_CONTEXT(2) 
PARAMETRIC_REPRESENTATION_CONTEXT() REPRESENTATION_CONTEXT('2D SPACE',''
  ) );
#3930 = PCURVE('',#587,#3931);
#3931 = DEFINITIONAL_REPRESENTATION('',(#3932),#3936);
#3932 = LINE('',#3933,#3934);
#3933 = CARTESIAN_POINT('',(0.,-0.));
#3934 = VECTOR('',#3935,1.);
#3935 = DIRECTION('',(0.,1.));
#3936 = ( GEOMETRIC_REPRESENTATION_CONTEXT(2) 
PARAMETRIC_REPRESENTATION_CONTEXT() REPRESENTATION_CONTEXT('2D SPACE',''
  ) );
#3937 = ORIENTED_EDGE('',*,*,#1454,.T.);
#3938 = ORIENTED_EDGE('',*,*,#3917,.T.);
#3939 = ADVANCED_FACE('',(#3940),#618,.F.);
#3940 = FACE_BOUND('',#3941,.F.);
#3941 = EDGE_LOOP('',(#3942,#3981,#4002,#4003,#4004,#4040,#4072,#4104,
    #4146,#4147));
#3942 = ORIENTED_EDGE('',*,*,#3943,.F.);
#3943 = EDGE_CURVE('',#3944,#3946,#3948,.T.);
#3944 = VERTEX_POINT('',#3945);
#3945 = CARTESIAN_POINT('',(25.755122638742,-1.409180965469,
    90.442612204908));
#3946 = VERTEX_POINT('',#3947);
#3947 = CARTESIAN_POINT('',(25.634114746618,-1.162143152523,
    90.529020794876));
#3948 = SURFACE_CURVE('',#3949,(#3954,#3965),.PCURVE_S1.);
#3949 = ELLIPSE('',#3950,1.986380301783,1.4);
#3950 = AXIS2_PLACEMENT_3D('',#3951,#3952,#3953);
#3951 = CARTESIAN_POINT('',(26.558112382723,7.105427357601E-15,
    89.869218103758));
#3952 = DIRECTION('',(-0.581124101765,1.575232247644E-16,-0.813814953382
    ));
#3953 = DIRECTION('',(3.617581253699E-16,1.,-6.476059536414E-17));
#3954 = PCURVE('',#618,#3955);
#3955 = DEFINITIONAL_REPRESENTATION('',(#3956),#3964);
#3956 = B_SPLINE_CURVE_WITH_KNOTS('',6,(#3957,#3958,#3959,#3960,#3961,
    #3962,#3963),.UNSPECIFIED.,.F.,.F.,(7,7),(3.923711877246,
    4.712388980385),.PIECEWISE_BEZIER_KNOTS.);
#3957 = CARTESIAN_POINT('',(1.015061051086E-13,23.175886008732));
#3958 = CARTESIAN_POINT('',(0.131446183857,23.306431485999));
#3959 = CARTESIAN_POINT('',(0.262892367713,23.457703813521));
#3960 = CARTESIAN_POINT('',(0.394338551569,23.625644968436));
#3961 = CARTESIAN_POINT('',(0.525784735426,23.805113345186));
#3962 = CARTESIAN_POINT('',(0.657230919282,23.990340588003));
#3963 = CARTESIAN_POINT('',(0.788677103139,24.17556811701));
#3964 = ( GEOMETRIC_REPRESENTATION_CONTEXT(2) 
PARAMETRIC_REPRESENTATION_CONTEXT() REPRESENTATION_CONTEXT('2D SPACE',''
  ) );
#3965 = PCURVE('',#3966,#3971);
#3966 = CYLINDRICAL_SURFACE('',#3967,1.4);
#3967 = AXIS2_PLACEMENT_3D('',#3968,#3969,#3970);
#3968 = CARTESIAN_POINT('',(36.459845405171,17.150304677863,
    103.73575431107));
#3969 = DIRECTION('',(-0.409576022144,-0.709406479916,-0.573576436351));
#3970 = DIRECTION('',(0.866025403784,-0.5,5.551115123126E-17));
#3971 = DEFINITIONAL_REPRESENTATION('',(#3972),#3980);
#3972 = B_SPLINE_CURVE_WITH_KNOTS('',6,(#3973,#3974,#3975,#3976,#3977,
    #3978,#3979),.UNSPECIFIED.,.F.,.F.,(7,7),(3.923711877246,
    4.712388980385),.PIECEWISE_BEZIER_KNOTS.);
#3973 = CARTESIAN_POINT('',(1.564238447313,25.175250225288));
#3974 = CARTESIAN_POINT('',(1.695684631169,25.04470474802));
#3975 = CARTESIAN_POINT('',(1.827130815026,24.893432420499));
#3976 = CARTESIAN_POINT('',(1.958576998882,24.725491265582));
#3977 = CARTESIAN_POINT('',(2.090023182739,24.546022888833));
#3978 = CARTESIAN_POINT('',(2.221469366595,24.360795646017));
#3979 = CARTESIAN_POINT('',(2.352915550451,24.17556811701));
#3980 = ( GEOMETRIC_REPRESENTATION_CONTEXT(2) 
PARAMETRIC_REPRESENTATION_CONTEXT() REPRESENTATION_CONTEXT('2D SPACE',''
  ) );
#3981 = ORIENTED_EDGE('',*,*,#3982,.F.);
#3982 = EDGE_CURVE('',#602,#3944,#3983,.T.);
#3983 = SEAM_CURVE('',#3984,(#3988,#3995),.PCURVE_S1.);
#3984 = LINE('',#3985,#3986);
#3985 = CARTESIAN_POINT('',(35.247409839873,-17.85030467786,
    103.73575431107));
#3986 = VECTOR('',#3987,1.);
#3987 = DIRECTION('',(-0.409576022144,0.709406479916,-0.573576436351));
#3988 = PCURVE('',#618,#3989);
#3989 = DEFINITIONAL_REPRESENTATION('',(#3990),#3994);
#3990 = LINE('',#3991,#3992);
#3991 = CARTESIAN_POINT('',(6.28318530718,-0.));
#3992 = VECTOR('',#3993,1.);
#3993 = DIRECTION('',(0.,1.));
#3994 = ( GEOMETRIC_REPRESENTATION_CONTEXT(2) 
PARAMETRIC_REPRESENTATION_CONTEXT() REPRESENTATION_CONTEXT('2D SPACE',''
  ) );
#3995 = PCURVE('',#618,#3996);
#3996 = DEFINITIONAL_REPRESENTATION('',(#3997),#4001);
#3997 = LINE('',#3998,#3999);
#3998 = CARTESIAN_POINT('',(0.,-0.));
#3999 = VECTOR('',#4000,1.);
#4000 = DIRECTION('',(0.,1.));
#4001 = ( GEOMETRIC_REPRESENTATION_CONTEXT(2) 
PARAMETRIC_REPRESENTATION_CONTEXT() REPRESENTATION_CONTEXT('2D SPACE',''
  ) );
#4002 = ORIENTED_EDGE('',*,*,#601,.F.);
#4003 = ORIENTED_EDGE('',*,*,#3982,.T.);
#4004 = ORIENTED_EDGE('',*,*,#4005,.F.);
#4005 = EDGE_CURVE('',#4006,#3944,#4008,.T.);
#4006 = VERTEX_POINT('',#4007);
#4007 = CARTESIAN_POINT('',(27.361102126703,-1.409180965469,
    89.295824002608));
#4008 = SURFACE_CURVE('',#4009,(#4014,#4027),.PCURVE_S1.);
#4009 = ELLIPSE('',#4010,1.986380301783,1.4);
#4010 = AXIS2_PLACEMENT_3D('',#4011,#4012,#4013);
#4011 = CARTESIAN_POINT('',(26.558112382723,7.105427357601E-15,
    89.869218103758));
#4012 = DIRECTION('',(-0.581124101765,1.575232247644E-16,-0.813814953382
    ));
#4013 = DIRECTION('',(3.617581253699E-16,1.,-6.476059536414E-17));
#4014 = PCURVE('',#618,#4015);
#4015 = DEFINITIONAL_REPRESENTATION('',(#4016),#4026);
#4016 = B_SPLINE_CURVE_WITH_KNOTS('',8,(#4017,#4018,#4019,#4020,#4021,
    #4022,#4023,#4024,#4025),.UNSPECIFIED.,.F.,.F.,(9,9),(2.359473429933
    ,3.923711877246),.PIECEWISE_BEZIER_KNOTS.);
#4017 = CARTESIAN_POINT('',(4.718946859867,23.175886008732));
#4018 = CARTESIAN_POINT('',(4.914476665781,22.981696028587));
#4019 = CARTESIAN_POINT('',(5.110006471696,22.831185759955));
#4020 = CARTESIAN_POINT('',(5.305536277607,22.735668401394));
#4021 = CARTESIAN_POINT('',(5.501066083525,22.702894217902));
#4022 = CARTESIAN_POINT('',(5.696595889436,22.735668401379));
#4023 = CARTESIAN_POINT('',(5.892125695352,22.831185759944));
#4024 = CARTESIAN_POINT('',(6.087655501266,22.981696028587));
#4025 = CARTESIAN_POINT('',(6.28318530718,23.175886008732));
#4026 = ( GEOMETRIC_REPRESENTATION_CONTEXT(2) 
PARAMETRIC_REPRESENTATION_CONTEXT() REPRESENTATION_CONTEXT('2D SPACE',''
  ) );
#4027 = PCURVE('',#3966,#4028);
#4028 = DEFINITIONAL_REPRESENTATION('',(#4029),#4039);
#4029 = B_SPLINE_CURVE_WITH_KNOTS('',8,(#4030,#4031,#4032,#4033,#4034,
    #4035,#4036,#4037,#4038),.UNSPECIFIED.,.F.,.F.,(9,9),(2.359473429933
    ,3.923711877246),.PIECEWISE_BEZIER_KNOTS.);
#4030 = CARTESIAN_POINT('',(-2.04281036531E-14,25.175250225288));
#4031 = CARTESIAN_POINT('',(0.195529805914,25.369440205432));
#4032 = CARTESIAN_POINT('',(0.391059611827,25.519950474038));
#4033 = CARTESIAN_POINT('',(0.58658941774,25.615467832627));
#4034 = CARTESIAN_POINT('',(0.782119223657,25.648242015988));
#4035 = CARTESIAN_POINT('',(0.977649029567,25.615467832555));
#4036 = CARTESIAN_POINT('',(1.173178835484,25.519950474038));
#4037 = CARTESIAN_POINT('',(1.368708641399,25.369440205432));
#4038 = CARTESIAN_POINT('',(1.564238447313,25.175250225288));
#4039 = ( GEOMETRIC_REPRESENTATION_CONTEXT(2) 
PARAMETRIC_REPRESENTATION_CONTEXT() REPRESENTATION_CONTEXT('2D SPACE',''
  ) );
#4040 = ORIENTED_EDGE('',*,*,#4041,.F.);
#4041 = EDGE_CURVE('',#4042,#4006,#4044,.T.);
#4042 = VERTEX_POINT('',#4043);
#4043 = CARTESIAN_POINT('',(27.482110018827,-1.162143152523,
    89.209415412639));
#4044 = SURFACE_CURVE('',#4045,(#4050,#4061),.PCURVE_S1.);
#4045 = ELLIPSE('',#4046,1.986380301783,1.4);
#4046 = AXIS2_PLACEMENT_3D('',#4047,#4048,#4049);
#4047 = CARTESIAN_POINT('',(26.558112382723,7.105427357601E-15,
    89.869218103758));
#4048 = DIRECTION('',(-0.581124101765,1.575232247644E-16,-0.813814953382
    ));
#4049 = DIRECTION('',(3.617581253699E-16,1.,-6.476059536414E-17));
#4050 = PCURVE('',#618,#4051);
#4051 = DEFINITIONAL_REPRESENTATION('',(#4052),#4060);
#4052 = B_SPLINE_CURVE_WITH_KNOTS('',6,(#4053,#4054,#4055,#4056,#4057,
    #4058,#4059),.UNSPECIFIED.,.F.,.F.,(7,7),(1.570796326795,
    2.359473429933),.PIECEWISE_BEZIER_KNOTS.);
#4053 = CARTESIAN_POINT('',(3.930269756728,24.17556811701));
#4054 = CARTESIAN_POINT('',(4.061715940585,23.990340588003));
#4055 = CARTESIAN_POINT('',(4.193162124441,23.805113345187));
#4056 = CARTESIAN_POINT('',(4.324608308297,23.625644968435));
#4057 = CARTESIAN_POINT('',(4.456054492154,23.457703813521));
#4058 = CARTESIAN_POINT('',(4.58750067601,23.306431485999));
#4059 = CARTESIAN_POINT('',(4.718946859867,23.175886008732));
#4060 = ( GEOMETRIC_REPRESENTATION_CONTEXT(2) 
PARAMETRIC_REPRESENTATION_CONTEXT() REPRESENTATION_CONTEXT('2D SPACE',''
  ) );
#4061 = PCURVE('',#3966,#4062);
#4062 = DEFINITIONAL_REPRESENTATION('',(#4063),#4071);
#4063 = B_SPLINE_CURVE_WITH_KNOTS('',6,(#4064,#4065,#4066,#4067,#4068,
    #4069,#4070),.UNSPECIFIED.,.F.,.F.,(7,7),(1.570796326795,
    2.359473429933),.PIECEWISE_BEZIER_KNOTS.);
#4064 = CARTESIAN_POINT('',(5.494508204041,24.17556811701));
#4065 = CARTESIAN_POINT('',(5.625954387897,24.360795646017));
#4066 = CARTESIAN_POINT('',(5.757400571754,24.546022888833));
#4067 = CARTESIAN_POINT('',(5.88884675561,24.725491265583));
#4068 = CARTESIAN_POINT('',(6.020292939467,24.893432420499));
#4069 = CARTESIAN_POINT('',(6.151739123323,25.04470474802));
#4070 = CARTESIAN_POINT('',(6.28318530718,25.175250225288));
#4071 = ( GEOMETRIC_REPRESENTATION_CONTEXT(2) 
PARAMETRIC_REPRESENTATION_CONTEXT() REPRESENTATION_CONTEXT('2D SPACE',''
  ) );
#4072 = ORIENTED_EDGE('',*,*,#4073,.T.);
#4073 = EDGE_CURVE('',#4042,#4074,#4076,.T.);
#4074 = VERTEX_POINT('',#4075);
#4075 = CARTESIAN_POINT('',(29.30253544763,-4.246519814117,
    91.724292407367));
#4076 = SURFACE_CURVE('',#4077,(#4082,#4092),.PCURVE_S1.);
#4077 = ELLIPSE('',#4078,214.88517284408,1.4);
#4078 = AXIS2_PLACEMENT_3D('',#4079,#4080,#4081);
#4079 = CARTESIAN_POINT('',(78.386502238487,-89.76940450467,
    162.45047664431));
#4080 = DIRECTION('',(-0.409576022144,-0.709406479916,-0.573576436351));
#4081 = DIRECTION('',(-0.412253203427,0.704799578783,-0.577325601382));
#4082 = PCURVE('',#618,#4083);
#4083 = DEFINITIONAL_REPRESENTATION('',(#4084),#4091);
#4084 = B_SPLINE_CURVE_WITH_KNOTS('',5,(#4085,#4086,#4087,#4088,#4089,
    #4090),.UNSPECIFIED.,.F.,.F.,(6,6),(0.897241154009,0.979616836772),
  .PIECEWISE_BEZIER_KNOTS.);
#4085 = CARTESIAN_POINT('',(4.603824929515,31.669800953626));
#4086 = CARTESIAN_POINT('',(4.587349792962,28.902758581284));
#4087 = CARTESIAN_POINT('',(4.570874656409,26.090239519356));
#4088 = CARTESIAN_POINT('',(4.554399519857,23.233808465375));
#4089 = CARTESIAN_POINT('',(4.537924383304,20.335081585138));
#4090 = CARTESIAN_POINT('',(4.521449246751,17.39572103441));
#4091 = ( GEOMETRIC_REPRESENTATION_CONTEXT(2) 
PARAMETRIC_REPRESENTATION_CONTEXT() REPRESENTATION_CONTEXT('2D SPACE',''
  ) );
#4092 = PCURVE('',#4093,#4098);
#4093 = PLANE('',#4094);
#4094 = AXIS2_PLACEMENT_3D('',#4095,#4096,#4097);
#4095 = CARTESIAN_POINT('',(-16.07989694867,27.148801504418,
    85.300583180853));
#4096 = DIRECTION('',(-0.409576022144,-0.709406479916,-0.573576436351));
#4097 = DIRECTION('',(0.866025403784,-0.5,5.551115123126E-17));
#4098 = DEFINITIONAL_REPRESENTATION('',(#4099),#4103);
#4099 = ELLIPSE('',#4100,214.88517284408,1.4);
#4100 = AXIS2_PLACEMENT_2D('',#4101,#4102);
#4101 = CARTESIAN_POINT('',(140.26940450467,94.182629465845));
#4102 = DIRECTION('',(-0.709421536351,-0.704784423608));
#4103 = ( GEOMETRIC_REPRESENTATION_CONTEXT(2) 
PARAMETRIC_REPRESENTATION_CONTEXT() REPRESENTATION_CONTEXT('2D SPACE',''
  ) );
#4104 = ORIENTED_EDGE('',*,*,#4105,.F.);
#4105 = EDGE_CURVE('',#2515,#4074,#4106,.T.);
#4106 = SURFACE_CURVE('',#4107,(#4112,#4139),.PCURVE_S1.);
#4107 = ELLIPSE('',#4108,1.973480704836,1.4);
#4108 = AXIS2_PLACEMENT_3D('',#4109,#4110,#4111);
#4109 = CARTESIAN_POINT('',(29.156188594076,-4.5,93.507603199823));
#4110 = DIRECTION('',(0.866025403784,-0.5,2.775557561563E-17));
#4111 = DIRECTION('',(0.290562050882,0.50326823488,-0.813814953382));
#4112 = PCURVE('',#618,#4113);
#4113 = DEFINITIONAL_REPRESENTATION('',(#4114),#4138);
#4114 = B_SPLINE_CURVE_WITH_KNOTS('',8,(#4115,#4116,#4117,#4118,#4119,
    #4120,#4121,#4122,#4123,#4124,#4125,#4126,#4127,#4128,#4129,#4130,
    #4131,#4132,#4133,#4134,#4135,#4136,#4137),.UNSPECIFIED.,.F.,.F.,(9,
    7,7,9),(3.923711877246,5.494508204041,7.850702694233,10.206897184426
    ),.UNSPECIFIED.);
#4115 = CARTESIAN_POINT('',(6.28318530718,16.84549692762));
#4116 = CARTESIAN_POINT('',(6.08683576633,17.037976527698));
#4117 = CARTESIAN_POINT('',(5.89048622548,17.273932722286));
#4118 = CARTESIAN_POINT('',(5.694136684632,17.542056974561));
#4119 = CARTESIAN_POINT('',(5.497787143782,17.827469236096));
#4120 = CARTESIAN_POINT('',(5.301437602932,18.113095453496));
#4121 = CARTESIAN_POINT('',(5.105088062083,18.381843401004));
#4122 = CARTESIAN_POINT('',(4.908738521234,18.618781818397));
#4123 = CARTESIAN_POINT('',(4.417864669111,19.103146856234));
#4124 = CARTESIAN_POINT('',(4.123340357831,19.296582149669));
#4125 = CARTESIAN_POINT('',(3.828816046573,19.354427504019));
#4126 = CARTESIAN_POINT('',(3.534291735261,19.256220645053));
#4127 = CARTESIAN_POINT('',(3.239767424027,19.010245445432));
#4128 = CARTESIAN_POINT('',(2.945243112734,18.655655574032));
#4129 = CARTESIAN_POINT('',(2.650718801466,18.246452103972));
#4130 = CARTESIAN_POINT('',(2.061670178918,17.427143849218));
#4131 = CARTESIAN_POINT('',(1.767145867643,17.017036095618));
#4132 = CARTESIAN_POINT('',(1.472621556366,16.660637828434));
#4133 = CARTESIAN_POINT('',(1.178097245097,16.412116737643));
#4134 = CARTESIAN_POINT('',(0.88357293382,16.310963137941));
#4135 = CARTESIAN_POINT('',(0.589048622548,16.365881288566));
#4136 = CARTESIAN_POINT('',(0.294524311274,16.556777527504));
#4137 = CARTESIAN_POINT('',(1.015061051086E-14,16.84549692762));
#4138 = ( GEOMETRIC_REPRESENTATION_CONTEXT(2) 
PARAMETRIC_REPRESENTATION_CONTEXT() REPRESENTATION_CONTEXT('2D SPACE',''
  ) );
#4139 = PCURVE('',#2578,#4140);
#4140 = DEFINITIONAL_REPRESENTATION('',(#4141),#4145);
#4141 = ELLIPSE('',#4142,1.973480704836,1.4);
#4142 = AXIS2_PLACEMENT_2D('',#4143,#4144);
#4143 = CARTESIAN_POINT('',(-0.783104400716,-9.470585884029));
#4144 = DIRECTION('',(-9.24391513613E-03,0.999957274104));
#4145 = ( GEOMETRIC_REPRESENTATION_CONTEXT(2) 
PARAMETRIC_REPRESENTATION_CONTEXT() REPRESENTATION_CONTEXT('2D SPACE',''
  ) );
#4146 = ORIENTED_EDGE('',*,*,#2514,.T.);
#4147 = ORIENTED_EDGE('',*,*,#4148,.T.);
#4148 = EDGE_CURVE('',#2489,#3946,#4149,.T.);
#4149 = SURFACE_CURVE('',#4150,(#4155,#4165),.PCURVE_S1.);
#4150 = ELLIPSE('',#4151,214.88517284408,1.4);
#4151 = AXIS2_PLACEMENT_3D('',#4152,#4153,#4154);
#4152 = CARTESIAN_POINT('',(78.386502238487,-89.76940450467,
    162.45047664431));
#4153 = DIRECTION('',(-0.409576022144,-0.709406479916,-0.573576436351));
#4154 = DIRECTION('',(-0.412253203427,0.704799578783,-0.577325601382));
#4155 = PCURVE('',#618,#4156);
#4156 = DEFINITIONAL_REPRESENTATION('',(#4157),#4164);
#4157 = B_SPLINE_CURVE_WITH_KNOTS('',5,(#4158,#4159,#4160,#4161,#4162,
    #4163),.UNSPECIFIED.,.F.,.F.,(6,6),(5.295019553168,5.399059912135),
  .PIECEWISE_BEZIER_KNOTS.);
#4158 = CARTESIAN_POINT('',(0.206046530355,15.866134669449));
#4159 = CARTESIAN_POINT('',(0.185238458562,19.599710537742));
#4160 = CARTESIAN_POINT('',(0.164430386768,23.269296839864));
#4161 = CARTESIAN_POINT('',(0.143622314975,26.871525735201));
#4162 = CARTESIAN_POINT('',(0.122814243181,30.403144966341));
#4163 = CARTESIAN_POINT('',(0.102006171388,33.861035434529));
#4164 = ( GEOMETRIC_REPRESENTATION_CONTEXT(2) 
PARAMETRIC_REPRESENTATION_CONTEXT() REPRESENTATION_CONTEXT('2D SPACE',''
  ) );
#4165 = PCURVE('',#2503,#4166);
#4166 = DEFINITIONAL_REPRESENTATION('',(#4167),#4171);
#4167 = ELLIPSE('',#4168,214.88517284408,1.4);
#4168 = AXIS2_PLACEMENT_2D('',#4169,#4170);
#4169 = CARTESIAN_POINT('',(140.26940450467,94.182629465845));
#4170 = DIRECTION('',(-0.709421536351,-0.704784423608));
#4171 = ( GEOMETRIC_REPRESENTATION_CONTEXT(2) 
PARAMETRIC_REPRESENTATION_CONTEXT() REPRESENTATION_CONTEXT('2D SPACE',''
  ) );
#4172 = ADVANCED_FACE('',(#4173),#676,.F.);
#4173 = FACE_BOUND('',#4174,.F.);
#4174 = EDGE_LOOP('',(#4175,#4176,#4197,#4198));
#4175 = ORIENTED_EDGE('',*,*,#659,.F.);
#4176 = ORIENTED_EDGE('',*,*,#4177,.F.);
#4177 = EDGE_CURVE('',#1481,#660,#4178,.T.);
#4178 = SEAM_CURVE('',#4179,(#4183,#4190),.PCURVE_S1.);
#4179 = LINE('',#4180,#4181);
#4180 = CARTESIAN_POINT('',(-53.1756258422,32.,93.));
#4181 = VECTOR('',#4182,1.);
#4182 = DIRECTION('',(0.,0.,1.));
#4183 = PCURVE('',#676,#4184);
#4184 = DEFINITIONAL_REPRESENTATION('',(#4185),#4189);
#4185 = LINE('',#4186,#4187);
#4186 = CARTESIAN_POINT('',(6.28318530718,-0.));
#4187 = VECTOR('',#4188,1.);
#4188 = DIRECTION('',(0.,1.));
#4189 = ( GEOMETRIC_REPRESENTATION_CONTEXT(2) 
PARAMETRIC_REPRESENTATION_CONTEXT() REPRESENTATION_CONTEXT('2D SPACE',''
  ) );
#4190 = PCURVE('',#676,#4191);
#4191 = DEFINITIONAL_REPRESENTATION('',(#4192),#4196);
#4192 = LINE('',#4193,#4194);
#4193 = CARTESIAN_POINT('',(0.,-0.));
#4194 = VECTOR('',#4195,1.);
#4195 = DIRECTION('',(0.,1.));
#4196 = ( GEOMETRIC_REPRESENTATION_CONTEXT(2) 
PARAMETRIC_REPRESENTATION_CONTEXT() REPRESENTATION_CONTEXT('2D SPACE',''
  ) );
#4197 = ORIENTED_EDGE('',*,*,#1480,.T.);
#4198 = ORIENTED_EDGE('',*,*,#4177,.T.);
#4199 = ADVANCED_FACE('',(#4200),#707,.F.);
#4200 = FACE_BOUND('',#4201,.F.);
#4201 = EDGE_LOOP('',(#4202,#4203,#4224,#4225,#4226,#4227,#4266));
#4202 = ORIENTED_EDGE('',*,*,#3575,.T.);
#4203 = ORIENTED_EDGE('',*,*,#4204,.F.);
#4204 = EDGE_CURVE('',#691,#3544,#4205,.T.);
#4205 = SEAM_CURVE('',#4206,(#4210,#4217),.PCURVE_S1.);
#4206 = LINE('',#4207,#4208);
#4207 = CARTESIAN_POINT('',(-6.753499094423,31.502596439588,
    116.84218701969));
#4208 = VECTOR('',#4209,1.);
#4209 = DIRECTION('',(-0.409576022144,-0.709406479916,-0.573576436351));
#4210 = PCURVE('',#707,#4211);
#4211 = DEFINITIONAL_REPRESENTATION('',(#4212),#4216);
#4212 = LINE('',#4213,#4214);
#4213 = CARTESIAN_POINT('',(6.28318530718,-0.));
#4214 = VECTOR('',#4215,1.);
#4215 = DIRECTION('',(0.,1.));
#4216 = ( GEOMETRIC_REPRESENTATION_CONTEXT(2) 
PARAMETRIC_REPRESENTATION_CONTEXT() REPRESENTATION_CONTEXT('2D SPACE',''
  ) );
#4217 = PCURVE('',#707,#4218);
#4218 = DEFINITIONAL_REPRESENTATION('',(#4219),#4223);
#4219 = LINE('',#4220,#4221);
#4220 = CARTESIAN_POINT('',(0.,-0.));
#4221 = VECTOR('',#4222,1.);
#4222 = DIRECTION('',(0.,1.));
#4223 = ( GEOMETRIC_REPRESENTATION_CONTEXT(2) 
PARAMETRIC_REPRESENTATION_CONTEXT() REPRESENTATION_CONTEXT('2D SPACE',''
  ) );
#4224 = ORIENTED_EDGE('',*,*,#690,.F.);
#4225 = ORIENTED_EDGE('',*,*,#4204,.T.);
#4226 = ORIENTED_EDGE('',*,*,#3543,.T.);
#4227 = ORIENTED_EDGE('',*,*,#4228,.F.);
#4228 = EDGE_CURVE('',#4229,#3512,#4231,.T.);
#4229 = VERTEX_POINT('',#4230);
#4230 = CARTESIAN_POINT('',(-26.55811238272,1.986380301783,
    90.805421032938));
#4231 = SURFACE_CURVE('',#4232,(#4237,#4249),.PCURVE_S1.);
#4232 = ELLIPSE('',#4233,1.986380301783,1.4);
#4233 = AXIS2_PLACEMENT_3D('',#4234,#4235,#4236);
#4234 = CARTESIAN_POINT('',(-26.55811238272,2.84217094304E-14,
    90.805421032938));
#4235 = DIRECTION('',(-0.581124101765,1.575232247644E-16,-0.813814953382
    ));
#4236 = DIRECTION('',(3.617581253699E-16,1.,-6.476059536414E-17));
#4237 = PCURVE('',#707,#4238);
#4238 = DEFINITIONAL_REPRESENTATION('',(#4239),#4248);
#4239 = B_SPLINE_CURVE_WITH_KNOTS('',7,(#4240,#4241,#4242,#4243,#4244,
    #4245,#4246,#4247),.UNSPECIFIED.,.F.,.F.,(8,8),(0.,1.570796326795),
  .PIECEWISE_BEZIER_KNOTS.);
#4240 = CARTESIAN_POINT('',(3.923711877246,43.98456517029));
#4241 = CARTESIAN_POINT('',(4.148111352503,43.98456517029));
#4242 = CARTESIAN_POINT('',(4.372510827758,44.067350924432));
#4243 = CARTESIAN_POINT('',(4.596910303017,44.23291042331));
#4244 = CARTESIAN_POINT('',(4.821309778271,44.471079045907));
#4245 = CARTESIAN_POINT('',(5.045709253528,44.761291996176));
#4246 = CARTESIAN_POINT('',(5.270108728785,45.077503470057));
#4247 = CARTESIAN_POINT('',(5.494508204041,45.393716227953));
#4248 = ( GEOMETRIC_REPRESENTATION_CONTEXT(2) 
PARAMETRIC_REPRESENTATION_CONTEXT() REPRESENTATION_CONTEXT('2D SPACE',''
  ) );
#4249 = PCURVE('',#4250,#4255);
#4250 = CYLINDRICAL_SURFACE('',#4251,1.4);
#4251 = AXIS2_PLACEMENT_3D('',#4252,#4253,#4254);
#4252 = CARTESIAN_POINT('',(-7.965934659722,-32.20259643958,
    116.84218701969));
#4253 = DIRECTION('',(-0.409576022144,0.709406479916,-0.573576436351));
#4254 = DIRECTION('',(-0.866025403784,-0.5,0.));
#4255 = DEFINITIONAL_REPRESENTATION('',(#4256),#4265);
#4256 = B_SPLINE_CURVE_WITH_KNOTS('',7,(#4257,#4258,#4259,#4260,#4261,
    #4262,#4263,#4264),.UNSPECIFIED.,.F.,.F.,(8,8),(0.,1.570796326795),
  .PIECEWISE_BEZIER_KNOTS.);
#4257 = CARTESIAN_POINT('',(2.359473429933,46.802867285616));
#4258 = CARTESIAN_POINT('',(2.58387290519,46.802867285616));
#4259 = CARTESIAN_POINT('',(2.808272380446,46.720081531472));
#4260 = CARTESIAN_POINT('',(3.032671855703,46.554522032624));
#4261 = CARTESIAN_POINT('',(3.257071330959,46.316353409988));
#4262 = CARTESIAN_POINT('',(3.481470806216,46.026140459733));
#4263 = CARTESIAN_POINT('',(3.705870281472,45.70992898585));
#4264 = CARTESIAN_POINT('',(3.930269756728,45.393716227953));
#4265 = ( GEOMETRIC_REPRESENTATION_CONTEXT(2) 
PARAMETRIC_REPRESENTATION_CONTEXT() REPRESENTATION_CONTEXT('2D SPACE',''
  ) );
#4266 = ORIENTED_EDGE('',*,*,#4267,.F.);
#4267 = EDGE_CURVE('',#3416,#4229,#4268,.T.);
#4268 = SURFACE_CURVE('',#4269,(#4274,#4286),.PCURVE_S1.);
#4269 = ELLIPSE('',#4270,1.986380301783,1.4);
#4270 = AXIS2_PLACEMENT_3D('',#4271,#4272,#4273);
#4271 = CARTESIAN_POINT('',(-26.55811238272,2.84217094304E-14,
    90.805421032938));
#4272 = DIRECTION('',(-0.581124101765,1.575232247644E-16,-0.813814953382
    ));
#4273 = DIRECTION('',(3.617581253699E-16,1.,-6.476059536414E-17));
#4274 = PCURVE('',#707,#4275);
#4275 = DEFINITIONAL_REPRESENTATION('',(#4276),#4285);
#4276 = B_SPLINE_CURVE_WITH_KNOTS('',7,(#4277,#4278,#4279,#4280,#4281,
    #4282,#4283,#4284),.UNSPECIFIED.,.F.,.F.,(8,8),(4.712388980385,
    6.28318530718),.PIECEWISE_BEZIER_KNOTS.);
#4277 = CARTESIAN_POINT('',(2.352915550451,45.393716227953));
#4278 = CARTESIAN_POINT('',(2.577315025708,45.077503470057));
#4279 = CARTESIAN_POINT('',(2.801714500964,44.761291996172));
#4280 = CARTESIAN_POINT('',(3.026113976222,44.471079045899));
#4281 = CARTESIAN_POINT('',(3.250513451476,44.23291042331));
#4282 = CARTESIAN_POINT('',(3.474912926733,44.067350924432));
#4283 = CARTESIAN_POINT('',(3.69931240199,43.98456517029));
#4284 = CARTESIAN_POINT('',(3.923711877246,43.98456517029));
#4285 = ( GEOMETRIC_REPRESENTATION_CONTEXT(2) 
PARAMETRIC_REPRESENTATION_CONTEXT() REPRESENTATION_CONTEXT('2D SPACE',''
  ) );
#4286 = PCURVE('',#4250,#4287);
#4287 = DEFINITIONAL_REPRESENTATION('',(#4288),#4297);
#4288 = B_SPLINE_CURVE_WITH_KNOTS('',7,(#4289,#4290,#4291,#4292,#4293,
    #4294,#4295,#4296),.UNSPECIFIED.,.F.,.F.,(8,8),(4.712388980385,
    6.28318530718),.PIECEWISE_BEZIER_KNOTS.);
#4289 = CARTESIAN_POINT('',(0.788677103139,45.393716227953));
#4290 = CARTESIAN_POINT('',(1.013076578395,45.70992898585));
#4291 = CARTESIAN_POINT('',(1.237476053651,46.026140459746));
#4292 = CARTESIAN_POINT('',(1.461875528909,46.316353409999));
#4293 = CARTESIAN_POINT('',(1.686275004164,46.554522032609));
#4294 = CARTESIAN_POINT('',(1.910674479421,46.720081531472));
#4295 = CARTESIAN_POINT('',(2.135073954677,46.802867285616));
#4296 = CARTESIAN_POINT('',(2.359473429933,46.802867285616));
#4297 = ( GEOMETRIC_REPRESENTATION_CONTEXT(2) 
PARAMETRIC_REPRESENTATION_CONTEXT() REPRESENTATION_CONTEXT('2D SPACE',''
  ) );
#4298 = ADVANCED_FACE('',(#4299),#765,.F.);
#4299 = FACE_BOUND('',#4300,.F.);
#4300 = EDGE_LOOP('',(#4301,#4335,#4386,#4411,#4412,#4433,#4434,#4435,
    #4436));
#4301 = ORIENTED_EDGE('',*,*,#4302,.T.);
#4302 = EDGE_CURVE('',#4303,#4305,#4307,.T.);
#4303 = VERTEX_POINT('',#4304);
#4304 = CARTESIAN_POINT('',(-18.32886176051,23.253480185883,
    91.724292407367));
#4305 = VERTEX_POINT('',#4306);
#4306 = CARTESIAN_POINT('',(-14.74750050233,23.219133849642,
    89.209415412639));
#4307 = SURFACE_CURVE('',#4308,(#4313,#4323),.PCURVE_S1.);
#4308 = ELLIPSE('',#4309,214.88517284406,1.4);
#4309 = AXIS2_PLACEMENT_3D('',#4310,#4311,#4312);
#4310 = CARTESIAN_POINT('',(-116.9358359028,23.,162.4504766443));
#4311 = DIRECTION('',(-0.409576022144,-0.709406479916,-0.573576436351));
#4312 = DIRECTION('',(0.816500941516,-4.621957568065E-03,-0.577325601382
    ));
#4313 = PCURVE('',#765,#4314);
#4314 = DEFINITIONAL_REPRESENTATION('',(#4315),#4322);
#4315 = B_SPLINE_CURVE_WITH_KNOTS('',5,(#4316,#4317,#4318,#4319,#4320,
    #4321),.UNSPECIFIED.,.F.,.F.,(6,6),(5.303568470408,5.385944153171),
  .PIECEWISE_BEZIER_KNOTS.);
#4316 = CARTESIAN_POINT('',(4.903328714018,17.395721034413));
#4317 = CARTESIAN_POINT('',(4.886853577465,20.335081585137));
#4318 = CARTESIAN_POINT('',(4.870378440913,23.23380846537));
#4319 = CARTESIAN_POINT('',(4.85390330436,26.090239519348));
#4320 = CARTESIAN_POINT('',(4.837428167808,28.902758581272));
#4321 = CARTESIAN_POINT('',(4.820953031255,31.669800953611));
#4322 = ( GEOMETRIC_REPRESENTATION_CONTEXT(2) 
PARAMETRIC_REPRESENTATION_CONTEXT() REPRESENTATION_CONTEXT('2D SPACE',''
  ) );
#4323 = PCURVE('',#4324,#4329);
#4324 = PLANE('',#4325);
#4325 = AXIS2_PLACEMENT_3D('',#4326,#4327,#4328);
#4326 = CARTESIAN_POINT('',(-16.07989694867,27.148801504418,
    85.300583180853));
#4327 = DIRECTION('',(-0.409576022144,-0.709406479916,-0.573576436351));
#4328 = DIRECTION('',(0.866025403784,-0.5,5.551115123126E-17));
#4329 = DEFINITIONAL_REPRESENTATION('',(#4330),#4334);
#4330 = ELLIPSE('',#4331,214.88517284406,1.4);
#4331 = AXIS2_PLACEMENT_2D('',#4332,#4333);
#4332 = CARTESIAN_POINT('',(-85.26940450466,94.182629465837));
#4333 = DIRECTION('',(0.709421536351,-0.704784423608));
#4334 = ( GEOMETRIC_REPRESENTATION_CONTEXT(2) 
PARAMETRIC_REPRESENTATION_CONTEXT() REPRESENTATION_CONTEXT('2D SPACE',''
  ) );
#4335 = ORIENTED_EDGE('',*,*,#4336,.F.);
#4336 = EDGE_CURVE('',#4337,#4305,#4339,.T.);
#4337 = VERTEX_POINT('',#4338);
#4338 = CARTESIAN_POINT('',(-13.82350286622,21.618722997835,
    90.529020794876));
#4339 = SURFACE_CURVE('',#4340,(#4345,#4363),.PCURVE_S1.);
#4340 = ELLIPSE('',#4341,1.986380301783,1.4);
#4341 = AXIS2_PLACEMENT_3D('',#4342,#4343,#4344);
#4342 = CARTESIAN_POINT('',(-13.27905619136,23.,89.869218103758));
#4343 = DIRECTION('',(0.290562050882,-0.50326823488,-0.813814953382));
#4344 = DIRECTION('',(0.866025403784,0.5,0.));
#4345 = PCURVE('',#765,#4346);
#4346 = DEFINITIONAL_REPRESENTATION('',(#4347),#4362);
#4347 = B_SPLINE_CURVE_WITH_KNOTS('',7,(#4348,#4349,#4350,#4351,#4352,
    #4353,#4354,#4355,#4356,#4357,#4358,#4359,#4360,#4361),
  .UNSPECIFIED.,.F.,.F.,(8,6,8),(1.570796326795,3.14159265359,
    4.712388980385),.UNSPECIFIED.);
#4348 = CARTESIAN_POINT('',(2.352915550451,24.17556811701));
#4349 = CARTESIAN_POINT('',(2.577315025708,23.859355359113));
#4350 = CARTESIAN_POINT('',(2.801714500963,23.543143885227));
#4351 = CARTESIAN_POINT('',(3.026113976222,23.25293093497));
#4352 = CARTESIAN_POINT('',(3.250513451476,23.014762312363));
#4353 = CARTESIAN_POINT('',(3.474912926734,22.849202813491));
#4354 = CARTESIAN_POINT('',(3.69931240199,22.766417059347));
#4355 = CARTESIAN_POINT('',(4.148111352503,22.766417059347));
#4356 = CARTESIAN_POINT('',(4.372510827759,22.849202813489));
#4357 = CARTESIAN_POINT('',(4.596910303014,23.014762312363));
#4358 = CARTESIAN_POINT('',(4.821309778274,23.252930934956));
#4359 = CARTESIAN_POINT('',(5.045709253528,23.543143885229));
#4360 = CARTESIAN_POINT('',(5.270108728785,23.859355359113));
#4361 = CARTESIAN_POINT('',(5.494508204041,24.17556811701));
#4362 = ( GEOMETRIC_REPRESENTATION_CONTEXT(2) 
PARAMETRIC_REPRESENTATION_CONTEXT() REPRESENTATION_CONTEXT('2D SPACE',''
  ) );
#4363 = PCURVE('',#4364,#4369);
#4364 = CYLINDRICAL_SURFACE('',#4365,1.4);
#4365 = AXIS2_PLACEMENT_3D('',#4366,#4367,#4368);
#4366 = CARTESIAN_POINT('',(-3.377323168913,40.150304677863,
    103.73575431107));
#4367 = DIRECTION('',(-0.409576022144,-0.709406479916,-0.573576436351));
#4368 = DIRECTION('',(0.866025403784,-0.5,5.551115123126E-17));
#4369 = DEFINITIONAL_REPRESENTATION('',(#4370),#4385);
#4370 = B_SPLINE_CURVE_WITH_KNOTS('',7,(#4371,#4372,#4373,#4374,#4375,
    #4376,#4377,#4378,#4379,#4380,#4381,#4382,#4383,#4384),
  .UNSPECIFIED.,.F.,.F.,(8,6,8),(1.570796326795,3.14159265359,
    4.712388980385),.UNSPECIFIED.);
#4371 = CARTESIAN_POINT('',(0.788677103139,24.17556811701));
#4372 = CARTESIAN_POINT('',(1.013076578395,24.491780874906));
#4373 = CARTESIAN_POINT('',(1.237476053651,24.807992348797));
#4374 = CARTESIAN_POINT('',(1.461875528908,25.098205299048));
#4375 = CARTESIAN_POINT('',(1.686275004164,25.336373921669));
#4376 = CARTESIAN_POINT('',(1.91067447942,25.501933420525));
#4377 = CARTESIAN_POINT('',(2.135073954677,25.584719174673));
#4378 = CARTESIAN_POINT('',(2.58387290519,25.584719174673));
#4379 = CARTESIAN_POINT('',(2.808272380446,25.501933420526));
#4380 = CARTESIAN_POINT('',(3.032671855703,25.336373921677));
#4381 = CARTESIAN_POINT('',(3.25707133096,25.098205299048));
#4382 = CARTESIAN_POINT('',(3.481470806215,24.807992348795));
#4383 = CARTESIAN_POINT('',(3.705870281472,24.491780874906));
#4384 = CARTESIAN_POINT('',(3.930269756728,24.17556811701));
#4385 = ( GEOMETRIC_REPRESENTATION_CONTEXT(2) 
PARAMETRIC_REPRESENTATION_CONTEXT() REPRESENTATION_CONTEXT('2D SPACE',''
  ) );
#4386 = ORIENTED_EDGE('',*,*,#4387,.T.);
#4387 = EDGE_CURVE('',#4337,#2051,#4388,.T.);
#4388 = SURFACE_CURVE('',#4389,(#4394,#4404),.PCURVE_S1.);
#4389 = ELLIPSE('',#4390,214.88517284406,1.4);
#4390 = AXIS2_PLACEMENT_3D('',#4391,#4392,#4393);
#4391 = CARTESIAN_POINT('',(-116.9358359028,23.,162.4504766443));
#4392 = DIRECTION('',(-0.409576022144,-0.709406479916,-0.573576436351));
#4393 = DIRECTION('',(0.816500941516,-4.621957568065E-03,-0.577325601382
    ));
#4394 = PCURVE('',#765,#4395);
#4395 = DEFINITIONAL_REPRESENTATION('',(#4396),#4403);
#4396 = B_SPLINE_CURVE_WITH_KNOTS('',5,(#4397,#4398,#4399,#4400,#4401,
    #4402),.UNSPECIFIED.,.F.,.F.,(6,6),(0.884125395044,0.988165754012),
  .PIECEWISE_BEZIER_KNOTS.);
#4397 = CARTESIAN_POINT('',(3.039586482202,33.861035434511));
#4398 = CARTESIAN_POINT('',(3.018778410408,30.403144966316));
#4399 = CARTESIAN_POINT('',(2.997970338615,26.871525735169));
#4400 = CARTESIAN_POINT('',(2.977162266821,23.269296839824));
#4401 = CARTESIAN_POINT('',(2.956354195028,19.599710537694));
#4402 = CARTESIAN_POINT('',(2.935546123234,15.866134669393));
#4403 = ( GEOMETRIC_REPRESENTATION_CONTEXT(2) 
PARAMETRIC_REPRESENTATION_CONTEXT() REPRESENTATION_CONTEXT('2D SPACE',''
  ) );
#4404 = PCURVE('',#2116,#4405);
#4405 = DEFINITIONAL_REPRESENTATION('',(#4406),#4410);
#4406 = ELLIPSE('',#4407,214.88517284406,1.4);
#4407 = AXIS2_PLACEMENT_2D('',#4408,#4409);
#4408 = CARTESIAN_POINT('',(-85.26940450466,94.182629465837));
#4409 = DIRECTION('',(0.709421536351,-0.704784423608));
#4410 = ( GEOMETRIC_REPRESENTATION_CONTEXT(2) 
PARAMETRIC_REPRESENTATION_CONTEXT() REPRESENTATION_CONTEXT('2D SPACE',''
  ) );
#4411 = ORIENTED_EDGE('',*,*,#2050,.T.);
#4412 = ORIENTED_EDGE('',*,*,#4413,.F.);
#4413 = EDGE_CURVE('',#749,#2000,#4414,.T.);
#4414 = SEAM_CURVE('',#4415,(#4419,#4426),.PCURVE_S1.);
#4415 = LINE('',#4416,#4417);
#4416 = CARTESIAN_POINT('',(-33.08252223625,24.4,103.73575431107));
#4417 = VECTOR('',#4418,1.);
#4418 = DIRECTION('',(0.819152044289,0.,-0.573576436351));
#4419 = PCURVE('',#765,#4420);
#4420 = DEFINITIONAL_REPRESENTATION('',(#4421),#4425);
#4421 = LINE('',#4422,#4423);
#4422 = CARTESIAN_POINT('',(6.28318530718,-0.));
#4423 = VECTOR('',#4424,1.);
#4424 = DIRECTION('',(0.,1.));
#4425 = ( GEOMETRIC_REPRESENTATION_CONTEXT(2) 
PARAMETRIC_REPRESENTATION_CONTEXT() REPRESENTATION_CONTEXT('2D SPACE',''
  ) );
#4426 = PCURVE('',#765,#4427);
#4427 = DEFINITIONAL_REPRESENTATION('',(#4428),#4432);
#4428 = LINE('',#4429,#4430);
#4429 = CARTESIAN_POINT('',(0.,-0.));
#4430 = VECTOR('',#4431,1.);
#4431 = DIRECTION('',(0.,1.));
#4432 = ( GEOMETRIC_REPRESENTATION_CONTEXT(2) 
PARAMETRIC_REPRESENTATION_CONTEXT() REPRESENTATION_CONTEXT('2D SPACE',''
  ) );
#4433 = ORIENTED_EDGE('',*,*,#748,.F.);
#4434 = ORIENTED_EDGE('',*,*,#4413,.T.);
#4435 = ORIENTED_EDGE('',*,*,#1999,.T.);
#4436 = ORIENTED_EDGE('',*,*,#4437,.T.);
#4437 = EDGE_CURVE('',#1974,#4303,#4438,.T.);
#4438 = SURFACE_CURVE('',#4439,(#4444,#4471),.PCURVE_S1.);
#4439 = ELLIPSE('',#4440,1.973480704836,1.4);
#4440 = AXIS2_PLACEMENT_3D('',#4441,#4442,#4443);
#4441 = CARTESIAN_POINT('',(-18.47520861406,23.,93.507603199823));
#4442 = DIRECTION('',(0.866025403784,-0.5,8.326672684689E-17));
#4443 = DIRECTION('',(0.290562050882,0.50326823488,-0.813814953382));
#4444 = PCURVE('',#765,#4445);
#4445 = DEFINITIONAL_REPRESENTATION('',(#4446),#4470);
#4446 = B_SPLINE_CURVE_WITH_KNOTS('',8,(#4447,#4448,#4449,#4450,#4451,
    #4452,#4453,#4454,#4455,#4456,#4457,#4458,#4459,#4460,#4461,#4462,
    #4463,#4464,#4465,#4466,#4467,#4468,#4469),.UNSPECIFIED.,.F.,.F.,(9,
    7,7,9),(0.782119223656,2.352915550451,4.709110040644,7.065304530836)
  ,.UNSPECIFIED.);
#4447 = CARTESIAN_POINT('',(0.,18.818977632456));
#4448 = CARTESIAN_POINT('',(0.196349540849,18.626498032379));
#4449 = CARTESIAN_POINT('',(0.392699081699,18.39054183779));
#4450 = CARTESIAN_POINT('',(0.589048622548,18.122417585518));
#4451 = CARTESIAN_POINT('',(0.785398163397,17.837005323983));
#4452 = CARTESIAN_POINT('',(0.981747704247,17.551379106581));
#4453 = CARTESIAN_POINT('',(1.178097245096,17.282631159073));
#4454 = CARTESIAN_POINT('',(1.374446785946,17.045692741679));
#4455 = CARTESIAN_POINT('',(1.865320638069,16.561327703842));
#4456 = CARTESIAN_POINT('',(2.159844949338,16.367892410381));
#4457 = CARTESIAN_POINT('',(2.454369260637,16.310047056199));
#4458 = CARTESIAN_POINT('',(2.748893571867,16.40825391472));
#4459 = CARTESIAN_POINT('',(3.043417883175,16.654229114727));
#4460 = CARTESIAN_POINT('',(3.337942194433,17.008818986014));
#4461 = CARTESIAN_POINT('',(3.632466505713,17.418022456105));
#4462 = CARTESIAN_POINT('',(4.221515128261,18.237330710858));
#4463 = CARTESIAN_POINT('',(4.516039439529,18.647438464466));
#4464 = CARTESIAN_POINT('',(4.810563750831,19.003836731492));
#4465 = CARTESIAN_POINT('',(5.10508806205,19.252357822639));
#4466 = CARTESIAN_POINT('',(5.399612373389,19.353511421956));
#4467 = CARTESIAN_POINT('',(5.694136684626,19.298593271516));
#4468 = CARTESIAN_POINT('',(5.988660995906,19.107697032572));
#4469 = CARTESIAN_POINT('',(6.28318530718,18.818977632456));
#4470 = ( GEOMETRIC_REPRESENTATION_CONTEXT(2) 
PARAMETRIC_REPRESENTATION_CONTEXT() REPRESENTATION_CONTEXT('2D SPACE',''
  ) );
#4471 = PCURVE('',#1988,#4472);
#4472 = DEFINITIONAL_REPRESENTATION('',(#4473),#4477);
#4473 = ELLIPSE('',#4474,1.973480704836,1.4);
#4474 = AXIS2_PLACEMENT_2D('',#4475,#4476);
#4475 = CARTESIAN_POINT('',(-0.783104400716,-9.470585884029));
#4476 = DIRECTION('',(-9.243915136131E-03,0.999957274104));
#4477 = ( GEOMETRIC_REPRESENTATION_CONTEXT(2) 
PARAMETRIC_REPRESENTATION_CONTEXT() REPRESENTATION_CONTEXT('2D SPACE',''
  ) );
#4478 = ADVANCED_FACE('',(#4479),#823,.T.);
#4479 = FACE_BOUND('',#4480,.T.);
#4480 = EDGE_LOOP('',(#4481,#4502,#4503,#4524));
#4481 = ORIENTED_EDGE('',*,*,#4482,.F.);
#4482 = EDGE_CURVE('',#2592,#807,#4483,.T.);
#4483 = SURFACE_CURVE('',#4484,(#4488,#4495),.PCURVE_S1.);
#4484 = LINE('',#4485,#4486);
#4485 = CARTESIAN_POINT('',(-21.03589838486,44.435244785437,93.));
#4486 = VECTOR('',#4487,1.);
#4487 = DIRECTION('',(0.,0.,1.));
#4488 = PCURVE('',#823,#4489);
#4489 = DEFINITIONAL_REPRESENTATION('',(#4490),#4494);
#4490 = LINE('',#4491,#4492);
#4491 = CARTESIAN_POINT('',(0.,12.));
#4492 = VECTOR('',#4493,1.);
#4493 = DIRECTION('',(1.,0.));
#4494 = ( GEOMETRIC_REPRESENTATION_CONTEXT(2) 
PARAMETRIC_REPRESENTATION_CONTEXT() REPRESENTATION_CONTEXT('2D SPACE',''
  ) );
#4495 = PCURVE('',#899,#4496);
#4496 = DEFINITIONAL_REPRESENTATION('',(#4497),#4501);
#4497 = LINE('',#4498,#4499);
#4498 = CARTESIAN_POINT('',(0.,0.));
#4499 = VECTOR('',#4500,1.);
#4500 = DIRECTION('',(1.,0.));
#4501 = ( GEOMETRIC_REPRESENTATION_CONTEXT(2) 
PARAMETRIC_REPRESENTATION_CONTEXT() REPRESENTATION_CONTEXT('2D SPACE',''
  ) );
#4502 = ORIENTED_EDGE('',*,*,#2591,.T.);
#4503 = ORIENTED_EDGE('',*,*,#4504,.T.);
#4504 = EDGE_CURVE('',#2594,#809,#4505,.T.);
#4505 = SURFACE_CURVE('',#4506,(#4510,#4517),.PCURVE_S1.);
#4506 = LINE('',#4507,#4508);
#4507 = CARTESIAN_POINT('',(-15.03589838486,34.042939940024,93.));
#4508 = VECTOR('',#4509,1.);
#4509 = DIRECTION('',(0.,0.,1.));
#4510 = PCURVE('',#823,#4511);
#4511 = DEFINITIONAL_REPRESENTATION('',(#4512),#4516);
#4512 = LINE('',#4513,#4514);
#4513 = CARTESIAN_POINT('',(0.,0.));
#4514 = VECTOR('',#4515,1.);
#4515 = DIRECTION('',(1.,0.));
#4516 = ( GEOMETRIC_REPRESENTATION_CONTEXT(2) 
PARAMETRIC_REPRESENTATION_CONTEXT() REPRESENTATION_CONTEXT('2D SPACE',''
  ) );
#4517 = PCURVE('',#849,#4518);
#4518 = DEFINITIONAL_REPRESENTATION('',(#4519),#4523);
#4519 = LINE('',#4520,#4521);
#4520 = CARTESIAN_POINT('',(0.,0.));
#4521 = VECTOR('',#4522,1.);
#4522 = DIRECTION('',(1.,0.));
#4523 = ( GEOMETRIC_REPRESENTATION_CONTEXT(2) 
PARAMETRIC_REPRESENTATION_CONTEXT() REPRESENTATION_CONTEXT('2D SPACE',''
  ) );
#4524 = ORIENTED_EDGE('',*,*,#806,.F.);
#4525 = ADVANCED_FACE('',(#4526),#899,.F.);
#4526 = FACE_BOUND('',#4527,.F.);
#4527 = EDGE_LOOP('',(#4528,#4529,#4530,#4551));
#4528 = ORIENTED_EDGE('',*,*,#4482,.F.);
#4529 = ORIENTED_EDGE('',*,*,#2656,.T.);
#4530 = ORIENTED_EDGE('',*,*,#4531,.T.);
#4531 = EDGE_CURVE('',#2636,#861,#4532,.T.);
#4532 = SURFACE_CURVE('',#4533,(#4537,#4544),.PCURVE_S1.);
#4533 = LINE('',#4534,#4535);
#4534 = CARTESIAN_POINT('',(-27.96410161513,40.435244785438,93.));
#4535 = VECTOR('',#4536,1.);
#4536 = DIRECTION('',(0.,0.,1.));
#4537 = PCURVE('',#899,#4538);
#4538 = DEFINITIONAL_REPRESENTATION('',(#4539),#4543);
#4539 = LINE('',#4540,#4541);
#4540 = CARTESIAN_POINT('',(0.,-8.));
#4541 = VECTOR('',#4542,1.);
#4542 = DIRECTION('',(1.,0.));
#4543 = ( GEOMETRIC_REPRESENTATION_CONTEXT(2) 
PARAMETRIC_REPRESENTATION_CONTEXT() REPRESENTATION_CONTEXT('2D SPACE',''
  ) );
#4544 = PCURVE('',#875,#4545);
#4545 = DEFINITIONAL_REPRESENTATION('',(#4546),#4550);
#4546 = LINE('',#4547,#4548);
#4547 = CARTESIAN_POINT('',(0.,12.));
#4548 = VECTOR('',#4549,1.);
#4549 = DIRECTION('',(1.,0.));
#4550 = ( GEOMETRIC_REPRESENTATION_CONTEXT(2) 
PARAMETRIC_REPRESENTATION_CONTEXT() REPRESENTATION_CONTEXT('2D SPACE',''
  ) );
#4551 = ORIENTED_EDGE('',*,*,#886,.F.);
#4552 = ADVANCED_FACE('',(#4553),#849,.T.);
#4553 = FACE_BOUND('',#4554,.T.);
#4554 = EDGE_LOOP('',(#4555,#4556,#4557,#4578));
#4555 = ORIENTED_EDGE('',*,*,#4504,.F.);
#4556 = ORIENTED_EDGE('',*,*,#2614,.T.);
#4557 = ORIENTED_EDGE('',*,*,#4558,.T.);
#4558 = EDGE_CURVE('',#2615,#835,#4559,.T.);
#4559 = SURFACE_CURVE('',#4560,(#4564,#4571),.PCURVE_S1.);
#4560 = LINE('',#4561,#4562);
#4561 = CARTESIAN_POINT('',(-21.96410161513,30.042939940024,93.));
#4562 = VECTOR('',#4563,1.);
#4563 = DIRECTION('',(0.,0.,1.));
#4564 = PCURVE('',#849,#4565);
#4565 = DEFINITIONAL_REPRESENTATION('',(#4566),#4570);
#4566 = LINE('',#4567,#4568);
#4567 = CARTESIAN_POINT('',(0.,-8.));
#4568 = VECTOR('',#4569,1.);
#4569 = DIRECTION('',(1.,0.));
#4570 = ( GEOMETRIC_REPRESENTATION_CONTEXT(2) 
PARAMETRIC_REPRESENTATION_CONTEXT() REPRESENTATION_CONTEXT('2D SPACE',''
  ) );
#4571 = PCURVE('',#875,#4572);
#4572 = DEFINITIONAL_REPRESENTATION('',(#4573),#4577);
#4573 = LINE('',#4574,#4575);
#4574 = CARTESIAN_POINT('',(0.,0.));
#4575 = VECTOR('',#4576,1.);
#4576 = DIRECTION('',(1.,0.));
#4577 = ( GEOMETRIC_REPRESENTATION_CONTEXT(2) 
PARAMETRIC_REPRESENTATION_CONTEXT() REPRESENTATION_CONTEXT('2D SPACE',''
  ) );
#4578 = ORIENTED_EDGE('',*,*,#834,.F.);
#4579 = ADVANCED_FACE('',(#4580),#875,.F.);
#4580 = FACE_BOUND('',#4581,.F.);
#4581 = EDGE_LOOP('',(#4582,#4583,#4584,#4585));
#4582 = ORIENTED_EDGE('',*,*,#4531,.F.);
#4583 = ORIENTED_EDGE('',*,*,#2635,.T.);
#4584 = ORIENTED_EDGE('',*,*,#4558,.T.);
#4585 = ORIENTED_EDGE('',*,*,#860,.F.);
#4586 = ADVANCED_FACE('',(#4587),#929,.F.);
#4587 = FACE_BOUND('',#4588,.F.);
#4588 = EDGE_LOOP('',(#4589,#4628,#4649,#4650,#4651,#4683,#4715,#4747,
    #4779,#4821,#4822));
#4589 = ORIENTED_EDGE('',*,*,#4590,.F.);
#4590 = EDGE_CURVE('',#4591,#4593,#4595,.T.);
#4591 = VERTEX_POINT('',#4592);
#4592 = CARTESIAN_POINT('',(-11.65717480474,23.009180965468,
    90.442612204907));
#4593 = VERTEX_POINT('',#4594);
#4594 = CARTESIAN_POINT('',(-11.81061188039,22.780866150358,
    90.529020794876));
#4595 = SURFACE_CURVE('',#4596,(#4601,#4612),.PCURVE_S1.);
#4596 = ELLIPSE('',#4597,1.986380301783,1.4);
#4597 = AXIS2_PLACEMENT_3D('',#4598,#4599,#4600);
#4598 = CARTESIAN_POINT('',(-13.27905619136,23.,89.869218103758));
#4599 = DIRECTION('',(0.290562050882,-0.50326823488,-0.813814953382));
#4600 = DIRECTION('',(0.866025403784,0.5,0.));
#4601 = PCURVE('',#929,#4602);
#4602 = DEFINITIONAL_REPRESENTATION('',(#4603),#4611);
#4603 = B_SPLINE_CURVE_WITH_KNOTS('',6,(#4604,#4605,#4606,#4607,#4608,
    #4609,#4610),.UNSPECIFIED.,.F.,.F.,(7,7),(0.782119223657,
    1.570796326795),.PIECEWISE_BEZIER_KNOTS.);
#4604 = CARTESIAN_POINT('',(1.725603786846E-13,23.175886008732));
#4605 = CARTESIAN_POINT('',(0.131446183857,23.306431485999));
#4606 = CARTESIAN_POINT('',(0.262892367713,23.457703813521));
#4607 = CARTESIAN_POINT('',(0.394338551569,23.625644968436));
#4608 = CARTESIAN_POINT('',(0.525784735426,23.805113345187));
#4609 = CARTESIAN_POINT('',(0.657230919282,23.990340588003));
#4610 = CARTESIAN_POINT('',(0.788677103139,24.17556811701));
#4611 = ( GEOMETRIC_REPRESENTATION_CONTEXT(2) 
PARAMETRIC_REPRESENTATION_CONTEXT() REPRESENTATION_CONTEXT('2D SPACE',''
  ) );
#4612 = PCURVE('',#4613,#4618);
#4613 = CYLINDRICAL_SURFACE('',#4614,1.4);
#4614 = AXIS2_PLACEMENT_3D('',#4615,#4616,#4617);
#4615 = CARTESIAN_POINT('',(-33.08252223625,23.,103.73575431107));
#4616 = DIRECTION('',(0.819152044289,0.,-0.573576436351));
#4617 = DIRECTION('',(0.,1.,0.));
#4618 = DEFINITIONAL_REPRESENTATION('',(#4619),#4627);
#4619 = B_SPLINE_CURVE_WITH_KNOTS('',6,(#4620,#4621,#4622,#4623,#4624,
    #4625,#4626),.UNSPECIFIED.,.F.,.F.,(7,7),(0.782119223657,
    1.570796326795),.PIECEWISE_BEZIER_KNOTS.);
#4620 = CARTESIAN_POINT('',(1.564238447313,25.175250225288));
#4621 = CARTESIAN_POINT('',(1.695684631169,25.04470474802));
#4622 = CARTESIAN_POINT('',(1.827130815026,24.893432420499));
#4623 = CARTESIAN_POINT('',(1.958576998882,24.725491265582));
#4624 = CARTESIAN_POINT('',(2.090023182739,24.546022888833));
#4625 = CARTESIAN_POINT('',(2.221469366595,24.360795646017));
#4626 = CARTESIAN_POINT('',(2.352915550451,24.17556811701));
#4627 = ( GEOMETRIC_REPRESENTATION_CONTEXT(2) 
PARAMETRIC_REPRESENTATION_CONTEXT() REPRESENTATION_CONTEXT('2D SPACE',''
  ) );
#4628 = ORIENTED_EDGE('',*,*,#4629,.F.);
#4629 = EDGE_CURVE('',#913,#4591,#4630,.T.);
#4630 = SEAM_CURVE('',#4631,(#4635,#4642),.PCURVE_S1.);
#4631 = LINE('',#4632,#4633);
#4632 = CARTESIAN_POINT('',(-2.164887603615,39.450304677863,
    103.73575431107));
#4633 = VECTOR('',#4634,1.);
#4634 = DIRECTION('',(-0.409576022144,-0.709406479916,-0.573576436351));
#4635 = PCURVE('',#929,#4636);
#4636 = DEFINITIONAL_REPRESENTATION('',(#4637),#4641);
#4637 = LINE('',#4638,#4639);
#4638 = CARTESIAN_POINT('',(6.28318530718,-0.));
#4639 = VECTOR('',#4640,1.);
#4640 = DIRECTION('',(0.,1.));
#4641 = ( GEOMETRIC_REPRESENTATION_CONTEXT(2) 
PARAMETRIC_REPRESENTATION_CONTEXT() REPRESENTATION_CONTEXT('2D SPACE',''
  ) );
#4642 = PCURVE('',#929,#4643);
#4643 = DEFINITIONAL_REPRESENTATION('',(#4644),#4648);
#4644 = LINE('',#4645,#4646);
#4645 = CARTESIAN_POINT('',(0.,-0.));
#4646 = VECTOR('',#4647,1.);
#4647 = DIRECTION('',(0.,1.));
#4648 = ( GEOMETRIC_REPRESENTATION_CONTEXT(2) 
PARAMETRIC_REPRESENTATION_CONTEXT() REPRESENTATION_CONTEXT('2D SPACE',''
  ) );
#4649 = ORIENTED_EDGE('',*,*,#912,.F.);
#4650 = ORIENTED_EDGE('',*,*,#4629,.T.);
#4651 = ORIENTED_EDGE('',*,*,#4652,.F.);
#4652 = EDGE_CURVE('',#4653,#4591,#4655,.T.);
#4653 = VERTEX_POINT('',#4654);
#4654 = CARTESIAN_POINT('',(-11.55880038844,23.993190150892,
    89.869218103758));
#4655 = SURFACE_CURVE('',#4656,(#4661,#4672),.PCURVE_S1.);
#4656 = ELLIPSE('',#4657,1.986380301783,1.4);
#4657 = AXIS2_PLACEMENT_3D('',#4658,#4659,#4660);
#4658 = CARTESIAN_POINT('',(-13.27905619136,23.,89.869218103758));
#4659 = DIRECTION('',(0.290562050882,-0.50326823488,-0.813814953382));
#4660 = DIRECTION('',(0.866025403784,0.5,0.));
#4661 = PCURVE('',#929,#4662);
#4662 = DEFINITIONAL_REPRESENTATION('',(#4663),#4671);
#4663 = B_SPLINE_CURVE_WITH_KNOTS('',6,(#4664,#4665,#4666,#4667,#4668,
    #4669,#4670),.UNSPECIFIED.,.F.,.F.,(7,7),(0.,0.782119223657),
  .PIECEWISE_BEZIER_KNOTS.);
#4664 = CARTESIAN_POINT('',(5.501066083523,22.766417059347));
#4665 = CARTESIAN_POINT('',(5.631419287466,22.766417059347));
#4666 = CARTESIAN_POINT('',(5.761772491409,22.795150041336));
#4667 = CARTESIAN_POINT('',(5.892125695352,22.852616710421));
#4668 = CARTESIAN_POINT('',(6.022478899294,22.937350021916));
#4669 = CARTESIAN_POINT('',(6.152832103237,23.046426021969));
#4670 = CARTESIAN_POINT('',(6.28318530718,23.175886008732));
#4671 = ( GEOMETRIC_REPRESENTATION_CONTEXT(2) 
PARAMETRIC_REPRESENTATION_CONTEXT() REPRESENTATION_CONTEXT('2D SPACE',''
  ) );
#4672 = PCURVE('',#4613,#4673);
#4673 = DEFINITIONAL_REPRESENTATION('',(#4674),#4682);
#4674 = B_SPLINE_CURVE_WITH_KNOTS('',6,(#4675,#4676,#4677,#4678,#4679,
    #4680,#4681),.UNSPECIFIED.,.F.,.F.,(7,7),(0.,0.782119223657),
  .PIECEWISE_BEZIER_KNOTS.);
#4675 = CARTESIAN_POINT('',(0.782119223656,25.584719174673));
#4676 = CARTESIAN_POINT('',(0.912472427599,25.584719174673));
#4677 = CARTESIAN_POINT('',(1.042825631542,25.555986192684));
#4678 = CARTESIAN_POINT('',(1.173178835485,25.498519523597));
#4679 = CARTESIAN_POINT('',(1.303532039427,25.413786212104));
#4680 = CARTESIAN_POINT('',(1.43388524337,25.304710212051));
#4681 = CARTESIAN_POINT('',(1.564238447313,25.175250225288));
#4682 = ( GEOMETRIC_REPRESENTATION_CONTEXT(2) 
PARAMETRIC_REPRESENTATION_CONTEXT() REPRESENTATION_CONTEXT('2D SPACE',''
  ) );
#4683 = ORIENTED_EDGE('',*,*,#4684,.F.);
#4684 = EDGE_CURVE('',#4685,#4653,#4687,.T.);
#4685 = VERTEX_POINT('',#4686);
#4686 = CARTESIAN_POINT('',(-12.46016454872,24.4,89.295824002608));
#4687 = SURFACE_CURVE('',#4688,(#4693,#4704),.PCURVE_S1.);
#4688 = ELLIPSE('',#4689,1.986380301783,1.4);
#4689 = AXIS2_PLACEMENT_3D('',#4690,#4691,#4692);
#4690 = CARTESIAN_POINT('',(-13.27905619136,23.,89.869218103758));
#4691 = DIRECTION('',(0.290562050882,-0.50326823488,-0.813814953382));
#4692 = DIRECTION('',(0.866025403784,0.5,0.));
#4693 = PCURVE('',#929,#4694);
#4694 = DEFINITIONAL_REPRESENTATION('',(#4695),#4703);
#4695 = B_SPLINE_CURVE_WITH_KNOTS('',6,(#4696,#4697,#4698,#4699,#4700,
    #4701,#4702),.UNSPECIFIED.,.F.,.F.,(7,7),(5.501066083523,
    6.28318530718),.PIECEWISE_BEZIER_KNOTS.);
#4696 = CARTESIAN_POINT('',(4.718946859867,23.175886008732));
#4697 = CARTESIAN_POINT('',(4.849300063809,23.046426021969));
#4698 = CARTESIAN_POINT('',(4.979653267752,22.937350021916));
#4699 = CARTESIAN_POINT('',(5.110006471695,22.852616710421));
#4700 = CARTESIAN_POINT('',(5.240359675638,22.795150041336));
#4701 = CARTESIAN_POINT('',(5.37071287958,22.766417059347));
#4702 = CARTESIAN_POINT('',(5.501066083523,22.766417059347));
#4703 = ( GEOMETRIC_REPRESENTATION_CONTEXT(2) 
PARAMETRIC_REPRESENTATION_CONTEXT() REPRESENTATION_CONTEXT('2D SPACE',''
  ) );
#4704 = PCURVE('',#4613,#4705);
#4705 = DEFINITIONAL_REPRESENTATION('',(#4706),#4714);
#4706 = B_SPLINE_CURVE_WITH_KNOTS('',6,(#4707,#4708,#4709,#4710,#4711,
    #4712,#4713),.UNSPECIFIED.,.F.,.F.,(7,7),(5.501066083523,
    6.28318530718),.PIECEWISE_BEZIER_KNOTS.);
#4707 = CARTESIAN_POINT('',(-8.082423619271E-14,25.175250225288));
#4708 = CARTESIAN_POINT('',(0.130353203943,25.304710212051));
#4709 = CARTESIAN_POINT('',(0.260706407885,25.413786212104));
#4710 = CARTESIAN_POINT('',(0.391059611828,25.498519523598));
#4711 = CARTESIAN_POINT('',(0.521412815771,25.555986192684));
#4712 = CARTESIAN_POINT('',(0.651766019714,25.584719174673));
#4713 = CARTESIAN_POINT('',(0.782119223656,25.584719174673));
#4714 = ( GEOMETRIC_REPRESENTATION_CONTEXT(2) 
PARAMETRIC_REPRESENTATION_CONTEXT() REPRESENTATION_CONTEXT('2D SPACE',''
  ) );
#4715 = ORIENTED_EDGE('',*,*,#4716,.F.);
#4716 = EDGE_CURVE('',#4717,#4685,#4719,.T.);
#4717 = VERTEX_POINT('',#4718);
#4718 = CARTESIAN_POINT('',(-12.73460951649,24.381277002165,
    89.209415412639));
#4719 = SURFACE_CURVE('',#4720,(#4725,#4736),.PCURVE_S1.);
#4720 = ELLIPSE('',#4721,1.986380301783,1.4);
#4721 = AXIS2_PLACEMENT_3D('',#4722,#4723,#4724);
#4722 = CARTESIAN_POINT('',(-13.27905619136,23.,89.869218103758));
#4723 = DIRECTION('',(0.290562050882,-0.50326823488,-0.813814953382));
#4724 = DIRECTION('',(0.866025403784,0.5,0.));
#4725 = PCURVE('',#929,#4726);
#4726 = DEFINITIONAL_REPRESENTATION('',(#4727),#4735);
#4727 = B_SPLINE_CURVE_WITH_KNOTS('',6,(#4728,#4729,#4730,#4731,#4732,
    #4733,#4734),.UNSPECIFIED.,.F.,.F.,(7,7),(4.712388980385,
    5.501066083523),.PIECEWISE_BEZIER_KNOTS.);
#4728 = CARTESIAN_POINT('',(3.930269756728,24.17556811701));
#4729 = CARTESIAN_POINT('',(4.061715940585,23.990340588003));
#4730 = CARTESIAN_POINT('',(4.193162124441,23.805113345186));
#4731 = CARTESIAN_POINT('',(4.324608308297,23.625644968436));
#4732 = CARTESIAN_POINT('',(4.456054492154,23.45770381352));
#4733 = CARTESIAN_POINT('',(4.58750067601,23.306431485999));
#4734 = CARTESIAN_POINT('',(4.718946859867,23.175886008732));
#4735 = ( GEOMETRIC_REPRESENTATION_CONTEXT(2) 
PARAMETRIC_REPRESENTATION_CONTEXT() REPRESENTATION_CONTEXT('2D SPACE',''
  ) );
#4736 = PCURVE('',#4613,#4737);
#4737 = DEFINITIONAL_REPRESENTATION('',(#4738),#4746);
#4738 = B_SPLINE_CURVE_WITH_KNOTS('',6,(#4739,#4740,#4741,#4742,#4743,
    #4744,#4745),.UNSPECIFIED.,.F.,.F.,(7,7),(4.712388980385,
    5.501066083523),.PIECEWISE_BEZIER_KNOTS.);
#4739 = CARTESIAN_POINT('',(5.494508204041,24.17556811701));
#4740 = CARTESIAN_POINT('',(5.625954387897,24.360795646017));
#4741 = CARTESIAN_POINT('',(5.757400571754,24.546022888832));
#4742 = CARTESIAN_POINT('',(5.88884675561,24.725491265584));
#4743 = CARTESIAN_POINT('',(6.020292939467,24.893432420498));
#4744 = CARTESIAN_POINT('',(6.151739123323,25.04470474802));
#4745 = CARTESIAN_POINT('',(6.28318530718,25.175250225288));
#4746 = ( GEOMETRIC_REPRESENTATION_CONTEXT(2) 
PARAMETRIC_REPRESENTATION_CONTEXT() REPRESENTATION_CONTEXT('2D SPACE',''
  ) );
#4747 = ORIENTED_EDGE('',*,*,#4748,.T.);
#4748 = EDGE_CURVE('',#4717,#4749,#4751,.T.);
#4749 = VERTEX_POINT('',#4750);
#4750 = CARTESIAN_POINT('',(-10.97367368711,27.5,91.724292407367));
#4751 = SURFACE_CURVE('',#4752,(#4757,#4767),.PCURVE_S1.);
#4752 = ELLIPSE('',#4753,214.88517284406,1.4);
#4753 = AXIS2_PLACEMENT_3D('',#4754,#4755,#4756);
#4754 = CARTESIAN_POINT('',(38.549333664397,112.76940450466,
    162.4504766443));
#4755 = DIRECTION('',(0.819152044289,-2.775557561563E-17,-0.573576436351
    ));
#4756 = DIRECTION('',(-0.404247738089,-0.709421536351,-0.577325601382));
#4757 = PCURVE('',#929,#4758);
#4758 = DEFINITIONAL_REPRESENTATION('',(#4759),#4766);
#4759 = B_SPLINE_CURVE_WITH_KNOTS('',5,(#4760,#4761,#4762,#4763,#4764,
    #4765),.UNSPECIFIED.,.F.,.F.,(6,6),(0.897241154009,0.979616836772),
  .PIECEWISE_BEZIER_KNOTS.);
#4760 = CARTESIAN_POINT('',(4.603824929515,31.669800953632));
#4761 = CARTESIAN_POINT('',(4.587349792962,28.902758581291));
#4762 = CARTESIAN_POINT('',(4.570874656409,26.090239519364));
#4763 = CARTESIAN_POINT('',(4.554399519857,23.233808465384));
#4764 = CARTESIAN_POINT('',(4.537924383304,20.335081585148));
#4765 = CARTESIAN_POINT('',(4.521449246751,17.395721034421));
#4766 = ( GEOMETRIC_REPRESENTATION_CONTEXT(2) 
PARAMETRIC_REPRESENTATION_CONTEXT() REPRESENTATION_CONTEXT('2D SPACE',''
  ) );
#4767 = PCURVE('',#4768,#4773);
#4768 = PLANE('',#4769);
#4769 = AXIS2_PLACEMENT_3D('',#4770,#4771,#4772);
#4770 = CARTESIAN_POINT('',(-15.47160331078,-27.5,85.300583180853));
#4771 = DIRECTION('',(0.819152044289,0.,-0.573576436351));
#4772 = DIRECTION('',(0.,1.,0.));
#4773 = DEFINITIONAL_REPRESENTATION('',(#4774),#4778);
#4774 = ELLIPSE('',#4775,214.88517284406,1.4);
#4775 = AXIS2_PLACEMENT_2D('',#4776,#4777);
#4776 = CARTESIAN_POINT('',(140.26940450466,94.182629465835));
#4777 = DIRECTION('',(-0.709421536351,-0.704784423608));
#4778 = ( GEOMETRIC_REPRESENTATION_CONTEXT(2) 
PARAMETRIC_REPRESENTATION_CONTEXT() REPRESENTATION_CONTEXT('2D SPACE',''
  ) );
#4779 = ORIENTED_EDGE('',*,*,#4780,.F.);
#4780 = EDGE_CURVE('',#2154,#4749,#4781,.T.);
#4781 = SURFACE_CURVE('',#4782,(#4787,#4814),.PCURVE_S1.);
#4782 = ELLIPSE('',#4783,1.973480704836,1.4);
#4783 = AXIS2_PLACEMENT_3D('',#4784,#4785,#4786);
#4784 = CARTESIAN_POINT('',(-10.68097998,27.5,93.507603199823));
#4785 = DIRECTION('',(0.,1.,0.));
#4786 = DIRECTION('',(-0.581124101765,0.,-0.813814953382));
#4787 = PCURVE('',#929,#4788);
#4788 = DEFINITIONAL_REPRESENTATION('',(#4789),#4813);
#4789 = B_SPLINE_CURVE_WITH_KNOTS('',8,(#4790,#4791,#4792,#4793,#4794,
    #4795,#4796,#4797,#4798,#4799,#4800,#4801,#4802,#4803,#4804,#4805,
    #4806,#4807,#4808,#4809,#4810,#4811,#4812),.UNSPECIFIED.,.F.,.F.,(9,
    7,7,9),(3.923711877246,5.494508204041,7.850702694233,10.206897184426
    ),.UNSPECIFIED.);
#4790 = CARTESIAN_POINT('',(6.28318530718,16.84549692762));
#4791 = CARTESIAN_POINT('',(6.08683576633,17.037976527698));
#4792 = CARTESIAN_POINT('',(5.890486225481,17.27393272229));
#4793 = CARTESIAN_POINT('',(5.694136684631,17.542056974555));
#4794 = CARTESIAN_POINT('',(5.497787143782,17.827469236097));
#4795 = CARTESIAN_POINT('',(5.301437602933,18.113095453505));
#4796 = CARTESIAN_POINT('',(5.105088062083,18.381843401001));
#4797 = CARTESIAN_POINT('',(4.908738521234,18.618781818397));
#4798 = CARTESIAN_POINT('',(4.417864669111,19.103146856234));
#4799 = CARTESIAN_POINT('',(4.123340357839,19.296582149645));
#4800 = CARTESIAN_POINT('',(3.828816046563,19.354427503968));
#4801 = CARTESIAN_POINT('',(3.534291735298,19.25622064514));
#4802 = CARTESIAN_POINT('',(3.239767424007,19.010245445461));
#4803 = CARTESIAN_POINT('',(2.945243112744,18.655655574032));
#4804 = CARTESIAN_POINT('',(2.650718801466,18.246452103972));
#4805 = CARTESIAN_POINT('',(2.061670178918,17.427143849218));
#4806 = CARTESIAN_POINT('',(1.767145867645,17.017036095604));
#4807 = CARTESIAN_POINT('',(1.472621556373,16.6606378285));
#4808 = CARTESIAN_POINT('',(1.178097245105,16.412116737454));
#4809 = CARTESIAN_POINT('',(0.883572933827,16.310963138036));
#4810 = CARTESIAN_POINT('',(0.589048622549,16.365881288535));
#4811 = CARTESIAN_POINT('',(0.294524311274,16.556777527504));
#4812 = CARTESIAN_POINT('',(2.04281036531E-14,16.84549692762));
#4813 = ( GEOMETRIC_REPRESENTATION_CONTEXT(2) 
PARAMETRIC_REPRESENTATION_CONTEXT() REPRESENTATION_CONTEXT('2D SPACE',''
  ) );
#4814 = PCURVE('',#2219,#4815);
#4815 = DEFINITIONAL_REPRESENTATION('',(#4816),#4820);
#4816 = ELLIPSE('',#4817,1.973480704836,1.4);
#4817 = AXIS2_PLACEMENT_2D('',#4818,#4819);
#4818 = CARTESIAN_POINT('',(-0.783104400716,-9.470585884029));
#4819 = DIRECTION('',(-9.243915136131E-03,0.999957274104));
#4820 = ( GEOMETRIC_REPRESENTATION_CONTEXT(2) 
PARAMETRIC_REPRESENTATION_CONTEXT() REPRESENTATION_CONTEXT('2D SPACE',''
  ) );
#4821 = ORIENTED_EDGE('',*,*,#2153,.T.);
#4822 = ORIENTED_EDGE('',*,*,#4823,.T.);
#4823 = EDGE_CURVE('',#2128,#4593,#4824,.T.);
#4824 = SURFACE_CURVE('',#4825,(#4830,#4840),.PCURVE_S1.);
#4825 = ELLIPSE('',#4826,214.88517284406,1.4);
#4826 = AXIS2_PLACEMENT_3D('',#4827,#4828,#4829);
#4827 = CARTESIAN_POINT('',(38.549333664397,112.76940450466,
    162.4504766443));
#4828 = DIRECTION('',(0.819152044289,-2.775557561563E-17,-0.573576436351
    ));
#4829 = DIRECTION('',(-0.404247738089,-0.709421536351,-0.577325601382));
#4830 = PCURVE('',#929,#4831);
#4831 = DEFINITIONAL_REPRESENTATION('',(#4832),#4839);
#4832 = B_SPLINE_CURVE_WITH_KNOTS('',5,(#4833,#4834,#4835,#4836,#4837,
    #4838),.UNSPECIFIED.,.F.,.F.,(6,6),(5.295019553167,5.399059912135),
  .PIECEWISE_BEZIER_KNOTS.);
#4833 = CARTESIAN_POINT('',(0.206046530356,15.866134669399));
#4834 = CARTESIAN_POINT('',(0.185238458562,19.599710537703));
#4835 = CARTESIAN_POINT('',(0.164430386769,23.269296839836));
#4836 = CARTESIAN_POINT('',(0.143622314975,26.871525735183));
#4837 = CARTESIAN_POINT('',(0.122814243182,30.403144966333));
#4838 = CARTESIAN_POINT('',(0.102006171388,33.86103543453));
#4839 = ( GEOMETRIC_REPRESENTATION_CONTEXT(2) 
PARAMETRIC_REPRESENTATION_CONTEXT() REPRESENTATION_CONTEXT('2D SPACE',''
  ) );
#4840 = PCURVE('',#2142,#4841);
#4841 = DEFINITIONAL_REPRESENTATION('',(#4842),#4846);
#4842 = ELLIPSE('',#4843,214.88517284406,1.4);
#4843 = AXIS2_PLACEMENT_2D('',#4844,#4845);
#4844 = CARTESIAN_POINT('',(140.26940450466,94.182629465835));
#4845 = DIRECTION('',(-0.709421536351,-0.704784423608));
#4846 = ( GEOMETRIC_REPRESENTATION_CONTEXT(2) 
PARAMETRIC_REPRESENTATION_CONTEXT() REPRESENTATION_CONTEXT('2D SPACE',''
  ) );
#4847 = ADVANCED_FACE('',(#4848),#987,.F.);
#4848 = FACE_BOUND('',#4849,.F.);
#4849 = EDGE_LOOP('',(#4850,#4888,#4909,#4910,#4911,#4943,#4982));
#4850 = ORIENTED_EDGE('',*,*,#4851,.T.);
#4851 = EDGE_CURVE('',#4852,#4854,#4856,.T.);
#4852 = VERTEX_POINT('',#4853);
#4853 = CARTESIAN_POINT('',(13.848726658729,23.986698193052,
    91.618994775408));
#4854 = VERTEX_POINT('',#4855);
#4855 = CARTESIAN_POINT('',(12.470765814496,21.600000000001,
    91.371392047881));
#4856 = SURFACE_CURVE('',#4857,(#4862,#4875),.PCURVE_S1.);
#4857 = ELLIPSE('',#4858,1.973480704836,1.4);
#4858 = AXIS2_PLACEMENT_3D('',#4859,#4860,#4861);
#4859 = CARTESIAN_POINT('',(13.279056191361,23.,90.805421032938));
#4860 = DIRECTION('',(0.866025403784,-0.5,-2.775557561563E-17));
#4861 = DIRECTION('',(0.290562050882,0.50326823488,-0.813814953382));
#4862 = PCURVE('',#987,#4863);
#4863 = DEFINITIONAL_REPRESENTATION('',(#4864),#4874);
#4864 = B_SPLINE_CURVE_WITH_KNOTS('',8,(#4865,#4866,#4867,#4868,#4869,
    #4870,#4871,#4872,#4873),.UNSPECIFIED.,.F.,.F.,(9,9),(1.570796326795
    ,3.923711877246),.PIECEWISE_BEZIER_KNOTS.);
#4865 = CARTESIAN_POINT('',(2.352915550451,45.393716227953));
#4866 = CARTESIAN_POINT('',(2.058801106645,44.984629986471));
#4867 = CARTESIAN_POINT('',(1.764686662837,44.575542274368));
#4868 = CARTESIAN_POINT('',(1.470572219034,44.22039052358));
#4869 = CARTESIAN_POINT('',(1.176457775213,43.973034292372));
#4870 = CARTESIAN_POINT('',(0.882343331421,43.872672221565));
#4871 = CARTESIAN_POINT('',(0.588228887611,43.927891723382));
#4872 = CARTESIAN_POINT('',(0.294114443806,44.118658264626));
#4873 = CARTESIAN_POINT('',(-1.927347170749E-13,44.406975875536));
#4874 = ( GEOMETRIC_REPRESENTATION_CONTEXT(2) 
PARAMETRIC_REPRESENTATION_CONTEXT() REPRESENTATION_CONTEXT('2D SPACE',''
  ) );
#4875 = PCURVE('',#1045,#4876);
#4876 = DEFINITIONAL_REPRESENTATION('',(#4877),#4887);
#4877 = B_SPLINE_CURVE_WITH_KNOTS('',8,(#4878,#4879,#4880,#4881,#4882,
    #4883,#4884,#4885,#4886),.UNSPECIFIED.,.F.,.F.,(9,9),(1.570796326795
    ,3.923711877246),.PIECEWISE_BEZIER_KNOTS.);
#4878 = CARTESIAN_POINT('',(0.788677103139,45.393716227953));
#4879 = CARTESIAN_POINT('',(1.082791546945,44.984629986471));
#4880 = CARTESIAN_POINT('',(1.376905990752,44.575542274339));
#4881 = CARTESIAN_POINT('',(1.671020434556,44.220390523697));
#4882 = CARTESIAN_POINT('',(1.96513487837,43.973034292256));
#4883 = CARTESIAN_POINT('',(2.259249322167,43.872672221449));
#4884 = CARTESIAN_POINT('',(2.553363765978,43.927891723368));
#4885 = CARTESIAN_POINT('',(2.847478209784,44.118658264626));
#4886 = CARTESIAN_POINT('',(3.14159265359,44.406975875536));
#4887 = ( GEOMETRIC_REPRESENTATION_CONTEXT(2) 
PARAMETRIC_REPRESENTATION_CONTEXT() REPRESENTATION_CONTEXT('2D SPACE',''
  ) );
#4888 = ORIENTED_EDGE('',*,*,#4889,.F.);
#4889 = EDGE_CURVE('',#971,#4854,#4890,.T.);
#4890 = SEAM_CURVE('',#4891,(#4895,#4902),.PCURVE_S1.);
#4891 = LINE('',#4892,#4893);
#4892 = CARTESIAN_POINT('',(30.658798349064,-9.902596439588,
    116.84218701969));
#4893 = VECTOR('',#4894,1.);
#4894 = DIRECTION('',(-0.409576022144,0.709406479916,-0.573576436351));
#4895 = PCURVE('',#987,#4896);
#4896 = DEFINITIONAL_REPRESENTATION('',(#4897),#4901);
#4897 = LINE('',#4898,#4899);
#4898 = CARTESIAN_POINT('',(6.28318530718,-0.));
#4899 = VECTOR('',#4900,1.);
#4900 = DIRECTION('',(0.,1.));
#4901 = ( GEOMETRIC_REPRESENTATION_CONTEXT(2) 
PARAMETRIC_REPRESENTATION_CONTEXT() REPRESENTATION_CONTEXT('2D SPACE',''
  ) );
#4902 = PCURVE('',#987,#4903);
#4903 = DEFINITIONAL_REPRESENTATION('',(#4904),#4908);
#4904 = LINE('',#4905,#4906);
#4905 = CARTESIAN_POINT('',(0.,-0.));
#4906 = VECTOR('',#4907,1.);
#4907 = DIRECTION('',(0.,1.));
#4908 = ( GEOMETRIC_REPRESENTATION_CONTEXT(2) 
PARAMETRIC_REPRESENTATION_CONTEXT() REPRESENTATION_CONTEXT('2D SPACE',''
  ) );
#4909 = ORIENTED_EDGE('',*,*,#970,.F.);
#4910 = ORIENTED_EDGE('',*,*,#4889,.T.);
#4911 = ORIENTED_EDGE('',*,*,#4912,.T.);
#4912 = EDGE_CURVE('',#4854,#4913,#4915,.T.);
#4913 = VERTEX_POINT('',#4914);
#4914 = CARTESIAN_POINT('',(12.709385723994,22.013301806948,
    89.991847290467));
#4915 = SURFACE_CURVE('',#4916,(#4921,#4932),.PCURVE_S1.);
#4916 = ELLIPSE('',#4917,1.973480704836,1.4);
#4917 = AXIS2_PLACEMENT_3D('',#4918,#4919,#4920);
#4918 = CARTESIAN_POINT('',(13.279056191361,23.,90.805421032938));
#4919 = DIRECTION('',(0.866025403784,-0.5,-2.775557561563E-17));
#4920 = DIRECTION('',(0.290562050882,0.50326823488,-0.813814953382));
#4921 = PCURVE('',#987,#4922);
#4922 = DEFINITIONAL_REPRESENTATION('',(#4923),#4931);
#4923 = B_SPLINE_CURVE_WITH_KNOTS('',6,(#4924,#4925,#4926,#4927,#4928,
    #4929,#4930),.UNSPECIFIED.,.F.,.F.,(7,7),(3.923711877246,
    4.712388980385),.PIECEWISE_BEZIER_KNOTS.);
#4924 = CARTESIAN_POINT('',(6.283185307179,44.406975875536));
#4925 = CARTESIAN_POINT('',(6.151739123323,44.535831327863));
#4926 = CARTESIAN_POINT('',(6.020292939467,44.685145303309));
#4927 = CARTESIAN_POINT('',(5.88884675561,44.850912313655));
#4928 = CARTESIAN_POINT('',(5.757400571754,45.028057315908));
#4929 = CARTESIAN_POINT('',(5.625954387897,45.210886630688));
#4930 = CARTESIAN_POINT('',(5.494508204041,45.393716227953));
#4931 = ( GEOMETRIC_REPRESENTATION_CONTEXT(2) 
PARAMETRIC_REPRESENTATION_CONTEXT() REPRESENTATION_CONTEXT('2D SPACE',''
  ) );
#4932 = PCURVE('',#1045,#4933);
#4933 = DEFINITIONAL_REPRESENTATION('',(#4934),#4942);
#4934 = B_SPLINE_CURVE_WITH_KNOTS('',6,(#4935,#4936,#4937,#4938,#4939,
    #4940,#4941),.UNSPECIFIED.,.F.,.F.,(7,7),(3.923711877246,
    4.712388980385),.PIECEWISE_BEZIER_KNOTS.);
#4935 = CARTESIAN_POINT('',(3.14159265359,44.406975875536));
#4936 = CARTESIAN_POINT('',(3.273038837446,44.535831327863));
#4937 = CARTESIAN_POINT('',(3.404485021303,44.685145303309));
#4938 = CARTESIAN_POINT('',(3.535931205159,44.850912313655));
#4939 = CARTESIAN_POINT('',(3.667377389015,45.028057315908));
#4940 = CARTESIAN_POINT('',(3.798823572872,45.210886630688));
#4941 = CARTESIAN_POINT('',(3.930269756728,45.393716227953));
#4942 = ( GEOMETRIC_REPRESENTATION_CONTEXT(2) 
PARAMETRIC_REPRESENTATION_CONTEXT() REPRESENTATION_CONTEXT('2D SPACE',''
  ) );
#4943 = ORIENTED_EDGE('',*,*,#4944,.F.);
#4944 = EDGE_CURVE('',#4945,#4913,#4947,.T.);
#4945 = VERTEX_POINT('',#4946);
#4946 = CARTESIAN_POINT('',(14.999311994283,22.006809849108,
    90.805421032938));
#4947 = SURFACE_CURVE('',#4948,(#4953,#4965),.PCURVE_S1.);
#4948 = ELLIPSE('',#4949,1.986380301783,1.4);
#4949 = AXIS2_PLACEMENT_3D('',#4950,#4951,#4952);
#4950 = CARTESIAN_POINT('',(13.279056191361,23.,90.805421032938));
#4951 = DIRECTION('',(0.290562050882,0.50326823488,-0.813814953382));
#4952 = DIRECTION('',(0.866025403784,-0.5,0.));
#4953 = PCURVE('',#987,#4954);
#4954 = DEFINITIONAL_REPRESENTATION('',(#4955),#4964);
#4955 = B_SPLINE_CURVE_WITH_KNOTS('',7,(#4956,#4957,#4958,#4959,#4960,
    #4961,#4962,#4963),.UNSPECIFIED.,.F.,.F.,(8,8),(0.,1.570796326795),
  .PIECEWISE_BEZIER_KNOTS.);
#4956 = CARTESIAN_POINT('',(3.923711877246,43.98456517029));
#4957 = CARTESIAN_POINT('',(4.148111352503,43.98456517029));
#4958 = CARTESIAN_POINT('',(4.37251082776,44.067350924439));
#4959 = CARTESIAN_POINT('',(4.596910303015,44.232910423296));
#4960 = CARTESIAN_POINT('',(4.821309778274,44.471079045914));
#4961 = CARTESIAN_POINT('',(5.045709253528,44.761291996168));
#4962 = CARTESIAN_POINT('',(5.270108728785,45.077503470057));
#4963 = CARTESIAN_POINT('',(5.494508204041,45.393716227953));
#4964 = ( GEOMETRIC_REPRESENTATION_CONTEXT(2) 
PARAMETRIC_REPRESENTATION_CONTEXT() REPRESENTATION_CONTEXT('2D SPACE',''
  ) );
#4965 = PCURVE('',#4966,#4971);
#4966 = CYLINDRICAL_SURFACE('',#4967,1.4);
#4967 = AXIS2_PLACEMENT_3D('',#4968,#4969,#4970);
#4968 = CARTESIAN_POINT('',(-23.90529925464,23.,116.84218701969));
#4969 = DIRECTION('',(0.819152044289,0.,-0.573576436351));
#4970 = DIRECTION('',(0.,1.,0.));
#4971 = DEFINITIONAL_REPRESENTATION('',(#4972),#4981);
#4972 = B_SPLINE_CURVE_WITH_KNOTS('',7,(#4973,#4974,#4975,#4976,#4977,
    #4978,#4979,#4980),.UNSPECIFIED.,.F.,.F.,(8,8),(0.,1.570796326795),
  .PIECEWISE_BEZIER_KNOTS.);
#4973 = CARTESIAN_POINT('',(2.359473429933,46.802867285616));
#4974 = CARTESIAN_POINT('',(2.58387290519,46.802867285616));
#4975 = CARTESIAN_POINT('',(2.808272380446,46.720081531477));
#4976 = CARTESIAN_POINT('',(3.032671855703,46.554522032602));
#4977 = CARTESIAN_POINT('',(3.25707133096,46.316353410009));
#4978 = CARTESIAN_POINT('',(3.481470806215,46.026140459733));
#4979 = CARTESIAN_POINT('',(3.705870281472,45.70992898585));
#4980 = CARTESIAN_POINT('',(3.930269756728,45.393716227953));
#4981 = ( GEOMETRIC_REPRESENTATION_CONTEXT(2) 
PARAMETRIC_REPRESENTATION_CONTEXT() REPRESENTATION_CONTEXT('2D SPACE',''
  ) );
#4982 = ORIENTED_EDGE('',*,*,#4983,.F.);
#4983 = EDGE_CURVE('',#4852,#4945,#4984,.T.);
#4984 = SURFACE_CURVE('',#4985,(#4990,#5002),.PCURVE_S1.);
#4985 = ELLIPSE('',#4986,1.986380301783,1.4);
#4986 = AXIS2_PLACEMENT_3D('',#4987,#4988,#4989);
#4987 = CARTESIAN_POINT('',(13.279056191361,23.,90.805421032938));
#4988 = DIRECTION('',(0.290562050882,0.50326823488,-0.813814953382));
#4989 = DIRECTION('',(0.866025403784,-0.5,0.));
#4990 = PCURVE('',#987,#4991);
#4991 = DEFINITIONAL_REPRESENTATION('',(#4992),#5001);
#4992 = B_SPLINE_CURVE_WITH_KNOTS('',7,(#4993,#4994,#4995,#4996,#4997,
    #4998,#4999,#5000),.UNSPECIFIED.,.F.,.F.,(8,8),(4.712388980385,
    6.28318530718),.PIECEWISE_BEZIER_KNOTS.);
#4993 = CARTESIAN_POINT('',(2.352915550451,45.393716227953));
#4994 = CARTESIAN_POINT('',(2.577315025708,45.077503470057));
#4995 = CARTESIAN_POINT('',(2.801714500964,44.761291996172));
#4996 = CARTESIAN_POINT('',(3.02611397622,44.471079045914));
#4997 = CARTESIAN_POINT('',(3.250513451479,44.232910423318));
#4998 = CARTESIAN_POINT('',(3.474912926733,44.067350924439));
#4999 = CARTESIAN_POINT('',(3.69931240199,43.98456517029));
#5000 = CARTESIAN_POINT('',(3.923711877246,43.98456517029));
#5001 = ( GEOMETRIC_REPRESENTATION_CONTEXT(2) 
PARAMETRIC_REPRESENTATION_CONTEXT() REPRESENTATION_CONTEXT('2D SPACE',''
  ) );
#5002 = PCURVE('',#4966,#5003);
#5003 = DEFINITIONAL_REPRESENTATION('',(#5004),#5013);
#5004 = B_SPLINE_CURVE_WITH_KNOTS('',7,(#5005,#5006,#5007,#5008,#5009,
    #5010,#5011,#5012),.UNSPECIFIED.,.F.,.F.,(8,8),(4.712388980385,
    6.28318530718),.PIECEWISE_BEZIER_KNOTS.);
#5005 = CARTESIAN_POINT('',(0.788677103139,45.393716227953));
#5006 = CARTESIAN_POINT('',(1.013076578395,45.70992898585));
#5007 = CARTESIAN_POINT('',(1.237476053651,46.02614045975));
#5008 = CARTESIAN_POINT('',(1.461875528908,46.316353409973));
#5009 = CARTESIAN_POINT('',(1.686275004164,46.554522032617));
#5010 = CARTESIAN_POINT('',(1.91067447942,46.720081531466));
#5011 = CARTESIAN_POINT('',(2.135073954677,46.802867285616));
#5012 = CARTESIAN_POINT('',(2.359473429933,46.802867285616));
#5013 = ( GEOMETRIC_REPRESENTATION_CONTEXT(2) 
PARAMETRIC_REPRESENTATION_CONTEXT() REPRESENTATION_CONTEXT('2D SPACE',''
  ) );
#5014 = ADVANCED_FACE('',(#5015),#1045,.F.);
#5015 = FACE_BOUND('',#5016,.F.);
#5016 = EDGE_LOOP('',(#5017,#5054,#5075,#5076,#5077,#5113,#5143,#5144));
#5017 = ORIENTED_EDGE('',*,*,#5018,.F.);
#5018 = EDGE_CURVE('',#5019,#4852,#5021,.T.);
#5019 = VERTEX_POINT('',#5020);
#5020 = CARTESIAN_POINT('',(12.460164548725,24.4,91.378815134088));
#5021 = SURFACE_CURVE('',#5022,(#5027,#5038),.PCURVE_S1.);
#5022 = ELLIPSE('',#5023,1.986380301783,1.4);
#5023 = AXIS2_PLACEMENT_3D('',#5024,#5025,#5026);
#5024 = CARTESIAN_POINT('',(13.279056191361,23.,90.805421032938));
#5025 = DIRECTION('',(0.290562050882,0.50326823488,-0.813814953382));
#5026 = DIRECTION('',(0.866025403784,-0.5,0.));
#5027 = PCURVE('',#1045,#5028);
#5028 = DEFINITIONAL_REPRESENTATION('',(#5029),#5037);
#5029 = B_SPLINE_CURVE_WITH_KNOTS('',6,(#5030,#5031,#5032,#5033,#5034,
    #5035,#5036),.UNSPECIFIED.,.F.,.F.,(7,7),(3.923711877246,
    4.712388980385),.PIECEWISE_BEZIER_KNOTS.);
#5030 = CARTESIAN_POINT('',(-2.033928581113E-13,44.394034119675));
#5031 = CARTESIAN_POINT('',(0.131446183856,44.524579596943));
#5032 = CARTESIAN_POINT('',(0.262892367713,44.675851924465));
#5033 = CARTESIAN_POINT('',(0.394338551569,44.843793079377));
#5034 = CARTESIAN_POINT('',(0.525784735426,45.023261456131));
#5035 = CARTESIAN_POINT('',(0.657230919282,45.208488698946));
#5036 = CARTESIAN_POINT('',(0.788677103139,45.393716227953));
#5037 = ( GEOMETRIC_REPRESENTATION_CONTEXT(2) 
PARAMETRIC_REPRESENTATION_CONTEXT() REPRESENTATION_CONTEXT('2D SPACE',''
  ) );
#5038 = PCURVE('',#5039,#5044);
#5039 = CYLINDRICAL_SURFACE('',#5040,1.4);
#5040 = AXIS2_PLACEMENT_3D('',#5041,#5042,#5043);
#5041 = CARTESIAN_POINT('',(31.871233914363,-9.202596439588,
    116.84218701969));
#5042 = DIRECTION('',(-0.409576022144,0.709406479916,-0.573576436351));
#5043 = DIRECTION('',(-0.866025403784,-0.5,0.));
#5044 = DEFINITIONAL_REPRESENTATION('',(#5045),#5053);
#5045 = B_SPLINE_CURVE_WITH_KNOTS('',6,(#5046,#5047,#5048,#5049,#5050,
    #5051,#5052),.UNSPECIFIED.,.F.,.F.,(7,7),(3.923711877246,
    4.712388980385),.PIECEWISE_BEZIER_KNOTS.);
#5046 = CARTESIAN_POINT('',(1.564238447313,46.393398336232));
#5047 = CARTESIAN_POINT('',(1.695684631169,46.262852858964));
#5048 = CARTESIAN_POINT('',(1.827130815025,46.111580531443));
#5049 = CARTESIAN_POINT('',(1.958576998882,45.943639376525));
#5050 = CARTESIAN_POINT('',(2.090023182738,45.764170999777));
#5051 = CARTESIAN_POINT('',(2.221469366595,45.57894375696));
#5052 = CARTESIAN_POINT('',(2.352915550451,45.393716227953));
#5053 = ( GEOMETRIC_REPRESENTATION_CONTEXT(2) 
PARAMETRIC_REPRESENTATION_CONTEXT() REPRESENTATION_CONTEXT('2D SPACE',''
  ) );
#5054 = ORIENTED_EDGE('',*,*,#5055,.F.);
#5055 = EDGE_CURVE('',#1029,#5019,#5056,.T.);
#5056 = SEAM_CURVE('',#5057,(#5061,#5068),.PCURVE_S1.);
#5057 = LINE('',#5058,#5059);
#5058 = CARTESIAN_POINT('',(-23.90529925464,24.4,116.84218701969));
#5059 = VECTOR('',#5060,1.);
#5060 = DIRECTION('',(0.819152044289,0.,-0.573576436351));
#5061 = PCURVE('',#1045,#5062);
#5062 = DEFINITIONAL_REPRESENTATION('',(#5063),#5067);
#5063 = LINE('',#5064,#5065);
#5064 = CARTESIAN_POINT('',(6.28318530718,-0.));
#5065 = VECTOR('',#5066,1.);
#5066 = DIRECTION('',(0.,1.));
#5067 = ( GEOMETRIC_REPRESENTATION_CONTEXT(2) 
PARAMETRIC_REPRESENTATION_CONTEXT() REPRESENTATION_CONTEXT('2D SPACE',''
  ) );
#5068 = PCURVE('',#1045,#5069);
#5069 = DEFINITIONAL_REPRESENTATION('',(#5070),#5074);
#5070 = LINE('',#5071,#5072);
#5071 = CARTESIAN_POINT('',(0.,-0.));
#5072 = VECTOR('',#5073,1.);
#5073 = DIRECTION('',(0.,1.));
#5074 = ( GEOMETRIC_REPRESENTATION_CONTEXT(2) 
PARAMETRIC_REPRESENTATION_CONTEXT() REPRESENTATION_CONTEXT('2D SPACE',''
  ) );
#5075 = ORIENTED_EDGE('',*,*,#1028,.F.);
#5076 = ORIENTED_EDGE('',*,*,#5055,.T.);
#5077 = ORIENTED_EDGE('',*,*,#5078,.F.);
#5078 = EDGE_CURVE('',#5079,#5019,#5081,.T.);
#5079 = VERTEX_POINT('',#5080);
#5080 = CARTESIAN_POINT('',(11.657174804746,23.009180965468,
    90.232026931788));
#5081 = SURFACE_CURVE('',#5082,(#5087,#5100),.PCURVE_S1.);
#5082 = ELLIPSE('',#5083,1.986380301783,1.4);
#5083 = AXIS2_PLACEMENT_3D('',#5084,#5085,#5086);
#5084 = CARTESIAN_POINT('',(13.279056191361,23.,90.805421032938));
#5085 = DIRECTION('',(0.290562050882,0.50326823488,-0.813814953382));
#5086 = DIRECTION('',(0.866025403784,-0.5,0.));
#5087 = PCURVE('',#1045,#5088);
#5088 = DEFINITIONAL_REPRESENTATION('',(#5089),#5099);
#5089 = B_SPLINE_CURVE_WITH_KNOTS('',8,(#5090,#5091,#5092,#5093,#5094,
    #5095,#5096,#5097,#5098),.UNSPECIFIED.,.F.,.F.,(9,9),(2.359473429933
    ,3.923711877246),.PIECEWISE_BEZIER_KNOTS.);
#5090 = CARTESIAN_POINT('',(4.718946859867,44.394034119675));
#5091 = CARTESIAN_POINT('',(4.914476665781,44.199844139531));
#5092 = CARTESIAN_POINT('',(5.110006471691,44.049333870913));
#5093 = CARTESIAN_POINT('',(5.305536277596,43.953816512221));
#5094 = CARTESIAN_POINT('',(5.501066083525,43.92104232873));
#5095 = CARTESIAN_POINT('',(5.696595889418,43.953816512221));
#5096 = CARTESIAN_POINT('',(5.892125695351,44.049333870906));
#5097 = CARTESIAN_POINT('',(6.087655501265,44.199844139531));
#5098 = CARTESIAN_POINT('',(6.283185307179,44.394034119675));
#5099 = ( GEOMETRIC_REPRESENTATION_CONTEXT(2) 
PARAMETRIC_REPRESENTATION_CONTEXT() REPRESENTATION_CONTEXT('2D SPACE',''
  ) );
#5100 = PCURVE('',#5039,#5101);
#5101 = DEFINITIONAL_REPRESENTATION('',(#5102),#5112);
#5102 = B_SPLINE_CURVE_WITH_KNOTS('',8,(#5103,#5104,#5105,#5106,#5107,
    #5108,#5109,#5110,#5111),.UNSPECIFIED.,.F.,.F.,(9,9),(2.359473429933
    ,3.923711877246),.PIECEWISE_BEZIER_KNOTS.);
#5103 = CARTESIAN_POINT('',(-1.323385845353E-13,46.393398336231));
#5104 = CARTESIAN_POINT('',(0.195529805914,46.587588316376));
#5105 = CARTESIAN_POINT('',(0.391059611827,46.738098584967));
#5106 = CARTESIAN_POINT('',(0.586589417744,46.833615943702));
#5107 = CARTESIAN_POINT('',(0.782119223652,46.86639012667));
#5108 = CARTESIAN_POINT('',(0.977649029575,46.833615943528));
#5109 = CARTESIAN_POINT('',(1.173178835484,46.738098584974));
#5110 = CARTESIAN_POINT('',(1.368708641398,46.587588316376));
#5111 = CARTESIAN_POINT('',(1.564238447313,46.393398336232));
#5112 = ( GEOMETRIC_REPRESENTATION_CONTEXT(2) 
PARAMETRIC_REPRESENTATION_CONTEXT() REPRESENTATION_CONTEXT('2D SPACE',''
  ) );
#5113 = ORIENTED_EDGE('',*,*,#5114,.F.);
#5114 = EDGE_CURVE('',#4913,#5079,#5115,.T.);
#5115 = SURFACE_CURVE('',#5116,(#5121,#5132),.PCURVE_S1.);
#5116 = ELLIPSE('',#5117,1.986380301783,1.4);
#5117 = AXIS2_PLACEMENT_3D('',#5118,#5119,#5120);
#5118 = CARTESIAN_POINT('',(13.279056191361,23.,90.805421032938));
#5119 = DIRECTION('',(0.290562050882,0.50326823488,-0.813814953382));
#5120 = DIRECTION('',(0.866025403784,-0.5,0.));
#5121 = PCURVE('',#1045,#5122);
#5122 = DEFINITIONAL_REPRESENTATION('',(#5123),#5131);
#5123 = B_SPLINE_CURVE_WITH_KNOTS('',6,(#5124,#5125,#5126,#5127,#5128,
    #5129,#5130),.UNSPECIFIED.,.F.,.F.,(7,7),(1.570796326795,
    2.359473429933),.PIECEWISE_BEZIER_KNOTS.);
#5124 = CARTESIAN_POINT('',(3.930269756728,45.393716227953));
#5125 = CARTESIAN_POINT('',(4.061715940585,45.208488698946));
#5126 = CARTESIAN_POINT('',(4.193162124441,45.023261456131));
#5127 = CARTESIAN_POINT('',(4.324608308298,44.843793079378));
#5128 = CARTESIAN_POINT('',(4.456054492154,44.675851924465));
#5129 = CARTESIAN_POINT('',(4.58750067601,44.524579596943));
#5130 = CARTESIAN_POINT('',(4.718946859867,44.394034119675));
#5131 = ( GEOMETRIC_REPRESENTATION_CONTEXT(2) 
PARAMETRIC_REPRESENTATION_CONTEXT() REPRESENTATION_CONTEXT('2D SPACE',''
  ) );
#5132 = PCURVE('',#5039,#5133);
#5133 = DEFINITIONAL_REPRESENTATION('',(#5134),#5142);
#5134 = B_SPLINE_CURVE_WITH_KNOTS('',6,(#5135,#5136,#5137,#5138,#5139,
    #5140,#5141),.UNSPECIFIED.,.F.,.F.,(7,7),(1.570796326795,
    2.359473429933),.PIECEWISE_BEZIER_KNOTS.);
#5135 = CARTESIAN_POINT('',(5.494508204041,45.393716227953));
#5136 = CARTESIAN_POINT('',(5.625954387897,45.57894375696));
#5137 = CARTESIAN_POINT('',(5.757400571754,45.764170999776));
#5138 = CARTESIAN_POINT('',(5.88884675561,45.943639376525));
#5139 = CARTESIAN_POINT('',(6.020292939466,46.111580531442));
#5140 = CARTESIAN_POINT('',(6.151739123323,46.262852858964));
#5141 = CARTESIAN_POINT('',(6.283185307179,46.393398336231));
#5142 = ( GEOMETRIC_REPRESENTATION_CONTEXT(2) 
PARAMETRIC_REPRESENTATION_CONTEXT() REPRESENTATION_CONTEXT('2D SPACE',''
  ) );
#5143 = ORIENTED_EDGE('',*,*,#4912,.F.);
#5144 = ORIENTED_EDGE('',*,*,#4851,.F.);
#5145 = ADVANCED_FACE('',(#5146),#1103,.T.);
#5146 = FACE_BOUND('',#5147,.T.);
#5147 = EDGE_LOOP('',(#5148,#5169,#5170,#5191));
#5148 = ORIENTED_EDGE('',*,*,#5149,.F.);
#5149 = EDGE_CURVE('',#2678,#1087,#5150,.T.);
#5150 = SURFACE_CURVE('',#5151,(#5155,#5162),.PCURVE_S1.);
#5151 = LINE('',#5152,#5153);
#5152 = CARTESIAN_POINT('',(49.,-4.,93.));
#5153 = VECTOR('',#5154,1.);
#5154 = DIRECTION('',(0.,0.,1.));
#5155 = PCURVE('',#1103,#5156);
#5156 = DEFINITIONAL_REPRESENTATION('',(#5157),#5161);
#5157 = LINE('',#5158,#5159);
#5158 = CARTESIAN_POINT('',(0.,12.));
#5159 = VECTOR('',#5160,1.);
#5160 = DIRECTION('',(1.,0.));
#5161 = ( GEOMETRIC_REPRESENTATION_CONTEXT(2) 
PARAMETRIC_REPRESENTATION_CONTEXT() REPRESENTATION_CONTEXT('2D SPACE',''
  ) );
#5162 = PCURVE('',#1179,#5163);
#5163 = DEFINITIONAL_REPRESENTATION('',(#5164),#5168);
#5164 = LINE('',#5165,#5166);
#5165 = CARTESIAN_POINT('',(0.,0.));
#5166 = VECTOR('',#5167,1.);
#5167 = DIRECTION('',(1.,0.));
#5168 = ( GEOMETRIC_REPRESENTATION_CONTEXT(2) 
PARAMETRIC_REPRESENTATION_CONTEXT() REPRESENTATION_CONTEXT('2D SPACE',''
  ) );
#5169 = ORIENTED_EDGE('',*,*,#2677,.T.);
#5170 = ORIENTED_EDGE('',*,*,#5171,.T.);
#5171 = EDGE_CURVE('',#2680,#1089,#5172,.T.);
#5172 = SURFACE_CURVE('',#5173,(#5177,#5184),.PCURVE_S1.);
#5173 = LINE('',#5174,#5175);
#5174 = CARTESIAN_POINT('',(37.,-4.,93.));
#5175 = VECTOR('',#5176,1.);
#5176 = DIRECTION('',(0.,0.,1.));
#5177 = PCURVE('',#1103,#5178);
#5178 = DEFINITIONAL_REPRESENTATION('',(#5179),#5183);
#5179 = LINE('',#5180,#5181);
#5180 = CARTESIAN_POINT('',(0.,0.));
#5181 = VECTOR('',#5182,1.);
#5182 = DIRECTION('',(1.,0.));
#5183 = ( GEOMETRIC_REPRESENTATION_CONTEXT(2) 
PARAMETRIC_REPRESENTATION_CONTEXT() REPRESENTATION_CONTEXT('2D SPACE',''
  ) );
#5184 = PCURVE('',#1129,#5185);
#5185 = DEFINITIONAL_REPRESENTATION('',(#5186),#5190);
#5186 = LINE('',#5187,#5188);
#5187 = CARTESIAN_POINT('',(0.,0.));
#5188 = VECTOR('',#5189,1.);
#5189 = DIRECTION('',(1.,0.));
#5190 = ( GEOMETRIC_REPRESENTATION_CONTEXT(2) 
PARAMETRIC_REPRESENTATION_CONTEXT() REPRESENTATION_CONTEXT('2D SPACE',''
  ) );
#5191 = ORIENTED_EDGE('',*,*,#1086,.F.);
#5192 = ADVANCED_FACE('',(#5193),#1179,.F.);
#5193 = FACE_BOUND('',#5194,.F.);
#5194 = EDGE_LOOP('',(#5195,#5196,#5197,#5218));
#5195 = ORIENTED_EDGE('',*,*,#5149,.F.);
#5196 = ORIENTED_EDGE('',*,*,#2742,.T.);
#5197 = ORIENTED_EDGE('',*,*,#5198,.T.);
#5198 = EDGE_CURVE('',#2722,#1141,#5199,.T.);
#5199 = SURFACE_CURVE('',#5200,(#5204,#5211),.PCURVE_S1.);
#5200 = LINE('',#5201,#5202);
#5201 = CARTESIAN_POINT('',(49.,4.,93.));
#5202 = VECTOR('',#5203,1.);
#5203 = DIRECTION('',(0.,0.,1.));
#5204 = PCURVE('',#1179,#5205);
#5205 = DEFINITIONAL_REPRESENTATION('',(#5206),#5210);
#5206 = LINE('',#5207,#5208);
#5207 = CARTESIAN_POINT('',(0.,-8.));
#5208 = VECTOR('',#5209,1.);
#5209 = DIRECTION('',(1.,0.));
#5210 = ( GEOMETRIC_REPRESENTATION_CONTEXT(2) 
PARAMETRIC_REPRESENTATION_CONTEXT() REPRESENTATION_CONTEXT('2D SPACE',''
  ) );
#5211 = PCURVE('',#1155,#5212);
#5212 = DEFINITIONAL_REPRESENTATION('',(#5213),#5217);
#5213 = LINE('',#5214,#5215);
#5214 = CARTESIAN_POINT('',(0.,12.));
#5215 = VECTOR('',#5216,1.);
#5216 = DIRECTION('',(1.,0.));
#5217 = ( GEOMETRIC_REPRESENTATION_CONTEXT(2) 
PARAMETRIC_REPRESENTATION_CONTEXT() REPRESENTATION_CONTEXT('2D SPACE',''
  ) );
#5218 = ORIENTED_EDGE('',*,*,#1166,.F.);
#5219 = ADVANCED_FACE('',(#5220),#1129,.T.);
#5220 = FACE_BOUND('',#5221,.T.);
#5221 = EDGE_LOOP('',(#5222,#5223,#5224,#5245));
#5222 = ORIENTED_EDGE('',*,*,#5171,.F.);
#5223 = ORIENTED_EDGE('',*,*,#2700,.T.);
#5224 = ORIENTED_EDGE('',*,*,#5225,.T.);
#5225 = EDGE_CURVE('',#2701,#1115,#5226,.T.);
#5226 = SURFACE_CURVE('',#5227,(#5231,#5238),.PCURVE_S1.);
#5227 = LINE('',#5228,#5229);
#5228 = CARTESIAN_POINT('',(37.,4.,93.));
#5229 = VECTOR('',#5230,1.);
#5230 = DIRECTION('',(0.,0.,1.));
#5231 = PCURVE('',#1129,#5232);
#5232 = DEFINITIONAL_REPRESENTATION('',(#5233),#5237);
#5233 = LINE('',#5234,#5235);
#5234 = CARTESIAN_POINT('',(0.,-8.));
#5235 = VECTOR('',#5236,1.);
#5236 = DIRECTION('',(1.,0.));
#5237 = ( GEOMETRIC_REPRESENTATION_CONTEXT(2) 
PARAMETRIC_REPRESENTATION_CONTEXT() REPRESENTATION_CONTEXT('2D SPACE',''
  ) );
#5238 = PCURVE('',#1155,#5239);
#5239 = DEFINITIONAL_REPRESENTATION('',(#5240),#5244);
#5240 = LINE('',#5241,#5242);
#5241 = CARTESIAN_POINT('',(0.,0.));
#5242 = VECTOR('',#5243,1.);
#5243 = DIRECTION('',(1.,0.));
#5244 = ( GEOMETRIC_REPRESENTATION_CONTEXT(2) 
PARAMETRIC_REPRESENTATION_CONTEXT() REPRESENTATION_CONTEXT('2D SPACE',''
  ) );
#5245 = ORIENTED_EDGE('',*,*,#1114,.F.);
#5246 = ADVANCED_FACE('',(#5247),#1155,.F.);
#5247 = FACE_BOUND('',#5248,.F.);
#5248 = EDGE_LOOP('',(#5249,#5250,#5251,#5252));
#5249 = ORIENTED_EDGE('',*,*,#5198,.F.);
#5250 = ORIENTED_EDGE('',*,*,#2721,.T.);
#5251 = ORIENTED_EDGE('',*,*,#5225,.T.);
#5252 = ORIENTED_EDGE('',*,*,#1140,.F.);
#5253 = ADVANCED_FACE('',(#5254),#1209,.F.);
#5254 = FACE_BOUND('',#5255,.F.);
#5255 = EDGE_LOOP('',(#5256,#5257,#5278,#5279,#5280,#5281,#5325,#5357,
    #5396,#5430));
#5256 = ORIENTED_EDGE('',*,*,#2411,.T.);
#5257 = ORIENTED_EDGE('',*,*,#5258,.F.);
#5258 = EDGE_CURVE('',#1193,#2361,#5259,.T.);
#5259 = SEAM_CURVE('',#5260,(#5264,#5271),.PCURVE_S1.);
#5260 = LINE('',#5261,#5262);
#5261 = CARTESIAN_POINT('',(37.672280970469,16.450304677863,
    103.73575431107));
#5262 = VECTOR('',#5263,1.);
#5263 = DIRECTION('',(-0.409576022144,-0.709406479916,-0.573576436351));
#5264 = PCURVE('',#1209,#5265);
#5265 = DEFINITIONAL_REPRESENTATION('',(#5266),#5270);
#5266 = LINE('',#5267,#5268);
#5267 = CARTESIAN_POINT('',(6.28318530718,-0.));
#5268 = VECTOR('',#5269,1.);
#5269 = DIRECTION('',(0.,1.));
#5270 = ( GEOMETRIC_REPRESENTATION_CONTEXT(2) 
PARAMETRIC_REPRESENTATION_CONTEXT() REPRESENTATION_CONTEXT('2D SPACE',''
  ) );
#5271 = PCURVE('',#1209,#5272);
#5272 = DEFINITIONAL_REPRESENTATION('',(#5273),#5277);
#5273 = LINE('',#5274,#5275);
#5274 = CARTESIAN_POINT('',(0.,-0.));
#5275 = VECTOR('',#5276,1.);
#5276 = DIRECTION('',(0.,1.));
#5277 = ( GEOMETRIC_REPRESENTATION_CONTEXT(2) 
PARAMETRIC_REPRESENTATION_CONTEXT() REPRESENTATION_CONTEXT('2D SPACE',''
  ) );
#5278 = ORIENTED_EDGE('',*,*,#1192,.F.);
#5279 = ORIENTED_EDGE('',*,*,#5258,.T.);
#5280 = ORIENTED_EDGE('',*,*,#2360,.T.);
#5281 = ORIENTED_EDGE('',*,*,#5282,.T.);
#5282 = EDGE_CURVE('',#2335,#5283,#5285,.T.);
#5283 = VERTEX_POINT('',#5284);
#5284 = CARTESIAN_POINT('',(29.30253544763,4.246519814117,
    91.724292407367));
#5285 = SURFACE_CURVE('',#5286,(#5291,#5318),.PCURVE_S1.);
#5286 = ELLIPSE('',#5287,1.973480704836,1.4);
#5287 = AXIS2_PLACEMENT_3D('',#5288,#5289,#5290);
#5288 = CARTESIAN_POINT('',(29.156188594076,4.5,93.507603199823));
#5289 = DIRECTION('',(-0.866025403784,-0.5,0.));
#5290 = DIRECTION('',(0.290562050882,-0.50326823488,-0.813814953382));
#5291 = PCURVE('',#1209,#5292);
#5292 = DEFINITIONAL_REPRESENTATION('',(#5293),#5317);
#5293 = B_SPLINE_CURVE_WITH_KNOTS('',8,(#5294,#5295,#5296,#5297,#5298,
    #5299,#5300,#5301,#5302,#5303,#5304,#5305,#5306,#5307,#5308,#5309,
    #5310,#5311,#5312,#5313,#5314,#5315,#5316),.UNSPECIFIED.,.F.,.F.,(9,
    7,7,9),(0.782119223656,2.352915550451,4.709110040644,7.065304530836)
  ,.UNSPECIFIED.);
#5294 = CARTESIAN_POINT('',(1.015061051086E-14,18.818977632456));
#5295 = CARTESIAN_POINT('',(0.196349540849,18.626498032379));
#5296 = CARTESIAN_POINT('',(0.392699081699,18.390541837793));
#5297 = CARTESIAN_POINT('',(0.589048622548,18.122417585513));
#5298 = CARTESIAN_POINT('',(0.785398163398,17.837005323981));
#5299 = CARTESIAN_POINT('',(0.981747704247,17.551379106584));
#5300 = CARTESIAN_POINT('',(1.178097245096,17.282631159072));
#5301 = CARTESIAN_POINT('',(1.374446785946,17.045692741679));
#5302 = CARTESIAN_POINT('',(1.865320638069,16.561327703842));
#5303 = CARTESIAN_POINT('',(2.159844949341,16.367892410397));
#5304 = CARTESIAN_POINT('',(2.454369260613,16.310047056075));
#5305 = CARTESIAN_POINT('',(2.748893571877,16.408253914939));
#5306 = CARTESIAN_POINT('',(3.043417883162,16.65422911464));
#5307 = CARTESIAN_POINT('',(3.337942194437,17.008818986022));
#5308 = CARTESIAN_POINT('',(3.632466505713,17.418022456105));
#5309 = CARTESIAN_POINT('',(4.221515128261,18.237330710858));
#5310 = CARTESIAN_POINT('',(4.516039439534,18.647438464428));
#5311 = CARTESIAN_POINT('',(4.810563750818,19.003836731623));
#5312 = CARTESIAN_POINT('',(5.105088062057,19.252357822421));
#5313 = CARTESIAN_POINT('',(5.399612373374,19.353511422087));
#5314 = CARTESIAN_POINT('',(5.694136684628,19.298593271495));
#5315 = CARTESIAN_POINT('',(5.988660995906,19.107697032572));
#5316 = CARTESIAN_POINT('',(6.28318530718,18.818977632456));
#5317 = ( GEOMETRIC_REPRESENTATION_CONTEXT(2) 
PARAMETRIC_REPRESENTATION_CONTEXT() REPRESENTATION_CONTEXT('2D SPACE',''
  ) );
#5318 = PCURVE('',#2349,#5319);
#5319 = DEFINITIONAL_REPRESENTATION('',(#5320),#5324);
#5320 = ELLIPSE('',#5321,1.973480704836,1.4);
#5321 = AXIS2_PLACEMENT_2D('',#5322,#5323);
#5322 = CARTESIAN_POINT('',(-0.783104400716,-9.470585884029));
#5323 = DIRECTION('',(-9.24391513613E-03,0.999957274104));
#5324 = ( GEOMETRIC_REPRESENTATION_CONTEXT(2) 
PARAMETRIC_REPRESENTATION_CONTEXT() REPRESENTATION_CONTEXT('2D SPACE',''
  ) );
#5325 = ORIENTED_EDGE('',*,*,#5326,.T.);
#5326 = EDGE_CURVE('',#5283,#5327,#5329,.T.);
#5327 = VERTEX_POINT('',#5328);
#5328 = CARTESIAN_POINT('',(27.482110018827,1.162143152523,
    89.209415412639));
#5329 = SURFACE_CURVE('',#5330,(#5335,#5345),.PCURVE_S1.);
#5330 = ELLIPSE('',#5331,214.88517284408,1.4);
#5331 = AXIS2_PLACEMENT_3D('',#5332,#5333,#5334);
#5332 = CARTESIAN_POINT('',(78.386502238485,89.769404504668,
    162.45047664431));
#5333 = DIRECTION('',(-0.409576022144,0.709406479916,-0.573576436351));
#5334 = DIRECTION('',(-0.412253203427,-0.704799578783,-0.577325601382));
#5335 = PCURVE('',#1209,#5336);
#5336 = DEFINITIONAL_REPRESENTATION('',(#5337),#5344);
#5337 = B_SPLINE_CURVE_WITH_KNOTS('',5,(#5338,#5339,#5340,#5341,#5342,
    #5343),.UNSPECIFIED.,.F.,.F.,(6,6),(5.303568470408,5.385944153171),
  .PIECEWISE_BEZIER_KNOTS.);
#5338 = CARTESIAN_POINT('',(4.903328714018,17.395721034472));
#5339 = CARTESIAN_POINT('',(4.886853577465,20.335081585185));
#5340 = CARTESIAN_POINT('',(4.870378440913,23.233808465408));
#5341 = CARTESIAN_POINT('',(4.85390330436,26.090239519375));
#5342 = CARTESIAN_POINT('',(4.837428167807,28.90275858129));
#5343 = CARTESIAN_POINT('',(4.820953031255,31.66980095362));
#5344 = ( GEOMETRIC_REPRESENTATION_CONTEXT(2) 
PARAMETRIC_REPRESENTATION_CONTEXT() REPRESENTATION_CONTEXT('2D SPACE',''
  ) );
#5345 = PCURVE('',#5346,#5351);
#5346 = PLANE('',#5347);
#5347 = AXIS2_PLACEMENT_3D('',#5348,#5349,#5350);
#5348 = CARTESIAN_POINT('',(31.551500259466,0.351198495582,
    85.300583180853));
#5349 = DIRECTION('',(-0.409576022144,0.709406479916,-0.573576436351));
#5350 = DIRECTION('',(-0.866025403784,-0.5,0.));
#5351 = DEFINITIONAL_REPRESENTATION('',(#5352),#5356);
#5352 = ELLIPSE('',#5353,214.88517284408,1.4);
#5353 = AXIS2_PLACEMENT_2D('',#5354,#5355);
#5354 = CARTESIAN_POINT('',(-85.26940450466,94.182629465843));
#5355 = DIRECTION('',(0.709421536351,-0.704784423608));
#5356 = ( GEOMETRIC_REPRESENTATION_CONTEXT(2) 
PARAMETRIC_REPRESENTATION_CONTEXT() REPRESENTATION_CONTEXT('2D SPACE',''
  ) );
#5357 = ORIENTED_EDGE('',*,*,#5358,.F.);
#5358 = EDGE_CURVE('',#5359,#5327,#5361,.T.);
#5359 = VERTEX_POINT('',#5360);
#5360 = CARTESIAN_POINT('',(26.558112382723,1.986380301783,
    89.869218103758));
#5361 = SURFACE_CURVE('',#5362,(#5367,#5379),.PCURVE_S1.);
#5362 = ELLIPSE('',#5363,1.986380301783,1.4);
#5363 = AXIS2_PLACEMENT_3D('',#5364,#5365,#5366);
#5364 = CARTESIAN_POINT('',(26.558112382723,7.105427357601E-15,
    89.869218103758));
#5365 = DIRECTION('',(-0.581124101765,1.575232247644E-16,-0.813814953382
    ));
#5366 = DIRECTION('',(3.617581253699E-16,1.,-6.476059536414E-17));
#5367 = PCURVE('',#1209,#5368);
#5368 = DEFINITIONAL_REPRESENTATION('',(#5369),#5378);
#5369 = B_SPLINE_CURVE_WITH_KNOTS('',7,(#5370,#5371,#5372,#5373,#5374,
    #5375,#5376,#5377),.UNSPECIFIED.,.F.,.F.,(8,8),(0.,1.570796326795),
  .PIECEWISE_BEZIER_KNOTS.);
#5370 = CARTESIAN_POINT('',(3.923711877246,22.766417059347));
#5371 = CARTESIAN_POINT('',(4.148111352503,22.766417059347));
#5372 = CARTESIAN_POINT('',(4.372510827759,22.84920281349));
#5373 = CARTESIAN_POINT('',(4.596910303014,23.01476231235));
#5374 = CARTESIAN_POINT('',(4.821309778275,23.252930934977));
#5375 = CARTESIAN_POINT('',(5.045709253528,23.543143885224));
#5376 = CARTESIAN_POINT('',(5.270108728785,23.859355359113));
#5377 = CARTESIAN_POINT('',(5.494508204041,24.17556811701));
#5378 = ( GEOMETRIC_REPRESENTATION_CONTEXT(2) 
PARAMETRIC_REPRESENTATION_CONTEXT() REPRESENTATION_CONTEXT('2D SPACE',''
  ) );
#5379 = PCURVE('',#5380,#5385);
#5380 = CYLINDRICAL_SURFACE('',#5381,1.4);
#5381 = AXIS2_PLACEMENT_3D('',#5382,#5383,#5384);
#5382 = CARTESIAN_POINT('',(36.459845405171,-17.15030467786,
    103.73575431107));
#5383 = DIRECTION('',(-0.409576022144,0.709406479916,-0.573576436351));
#5384 = DIRECTION('',(-0.866025403784,-0.5,0.));
#5385 = DEFINITIONAL_REPRESENTATION('',(#5386),#5395);
#5386 = B_SPLINE_CURVE_WITH_KNOTS('',7,(#5387,#5388,#5389,#5390,#5391,
    #5392,#5393,#5394),.UNSPECIFIED.,.F.,.F.,(8,8),(0.,1.570796326795),
  .PIECEWISE_BEZIER_KNOTS.);
#5387 = CARTESIAN_POINT('',(2.359473429933,25.584719174673));
#5388 = CARTESIAN_POINT('',(2.58387290519,25.584719174673));
#5389 = CARTESIAN_POINT('',(2.808272380446,25.501933420525));
#5390 = CARTESIAN_POINT('',(3.032671855704,25.336373921673));
#5391 = CARTESIAN_POINT('',(3.257071330958,25.098205299051));
#5392 = CARTESIAN_POINT('',(3.481470806216,24.807992348795));
#5393 = CARTESIAN_POINT('',(3.705870281472,24.491780874906));
#5394 = CARTESIAN_POINT('',(3.930269756728,24.17556811701));
#5395 = ( GEOMETRIC_REPRESENTATION_CONTEXT(2) 
PARAMETRIC_REPRESENTATION_CONTEXT() REPRESENTATION_CONTEXT('2D SPACE',''
  ) );
#5396 = ORIENTED_EDGE('',*,*,#5397,.F.);
#5397 = EDGE_CURVE('',#5398,#5359,#5400,.T.);
#5398 = VERTEX_POINT('',#5399);
#5399 = CARTESIAN_POINT('',(25.634114746618,1.162143152523,
    90.529020794876));
#5400 = SURFACE_CURVE('',#5401,(#5406,#5418),.PCURVE_S1.);
#5401 = ELLIPSE('',#5402,1.986380301783,1.4);
#5402 = AXIS2_PLACEMENT_3D('',#5403,#5404,#5405);
#5403 = CARTESIAN_POINT('',(26.558112382723,7.105427357601E-15,
    89.869218103758));
#5404 = DIRECTION('',(-0.581124101765,1.575232247644E-16,-0.813814953382
    ));
#5405 = DIRECTION('',(3.617581253699E-16,1.,-6.476059536414E-17));
#5406 = PCURVE('',#1209,#5407);
#5407 = DEFINITIONAL_REPRESENTATION('',(#5408),#5417);
#5408 = B_SPLINE_CURVE_WITH_KNOTS('',7,(#5409,#5410,#5411,#5412,#5413,
    #5414,#5415,#5416),.UNSPECIFIED.,.F.,.F.,(8,8),(4.712388980385,
    6.28318530718),.PIECEWISE_BEZIER_KNOTS.);
#5409 = CARTESIAN_POINT('',(2.352915550451,24.17556811701));
#5410 = CARTESIAN_POINT('',(2.577315025708,23.859355359113));
#5411 = CARTESIAN_POINT('',(2.801714500964,23.543143885227));
#5412 = CARTESIAN_POINT('',(3.026113976221,23.252930934968));
#5413 = CARTESIAN_POINT('',(3.250513451477,23.014762312367));
#5414 = CARTESIAN_POINT('',(3.474912926734,22.849202813488));
#5415 = CARTESIAN_POINT('',(3.69931240199,22.766417059347));
#5416 = CARTESIAN_POINT('',(3.923711877246,22.766417059347));
#5417 = ( GEOMETRIC_REPRESENTATION_CONTEXT(2) 
PARAMETRIC_REPRESENTATION_CONTEXT() REPRESENTATION_CONTEXT('2D SPACE',''
  ) );
#5418 = PCURVE('',#5380,#5419);
#5419 = DEFINITIONAL_REPRESENTATION('',(#5420),#5429);
#5420 = B_SPLINE_CURVE_WITH_KNOTS('',7,(#5421,#5422,#5423,#5424,#5425,
    #5426,#5427,#5428),.UNSPECIFIED.,.F.,.F.,(8,8),(4.712388980385,
    6.28318530718),.PIECEWISE_BEZIER_KNOTS.);
#5421 = CARTESIAN_POINT('',(0.788677103139,24.17556811701));
#5422 = CARTESIAN_POINT('',(1.013076578395,24.491780874906));
#5423 = CARTESIAN_POINT('',(1.237476053651,24.807992348786));
#5424 = CARTESIAN_POINT('',(1.461875528907,25.098205299077));
#5425 = CARTESIAN_POINT('',(1.686275004165,25.336373921647));
#5426 = CARTESIAN_POINT('',(1.91067447942,25.501933420533));
#5427 = CARTESIAN_POINT('',(2.135073954677,25.584719174673));
#5428 = CARTESIAN_POINT('',(2.359473429933,25.584719174673));
#5429 = ( GEOMETRIC_REPRESENTATION_CONTEXT(2) 
PARAMETRIC_REPRESENTATION_CONTEXT() REPRESENTATION_CONTEXT('2D SPACE',''
  ) );
#5430 = ORIENTED_EDGE('',*,*,#5431,.T.);
#5431 = EDGE_CURVE('',#5398,#2412,#5432,.T.);
#5432 = SURFACE_CURVE('',#5433,(#5438,#5448),.PCURVE_S1.);
#5433 = ELLIPSE('',#5434,214.88517284408,1.4);
#5434 = AXIS2_PLACEMENT_3D('',#5435,#5436,#5437);
#5435 = CARTESIAN_POINT('',(78.386502238485,89.769404504668,
    162.45047664431));
#5436 = DIRECTION('',(-0.409576022144,0.709406479916,-0.573576436351));
#5437 = DIRECTION('',(-0.412253203427,-0.704799578783,-0.577325601382));
#5438 = PCURVE('',#1209,#5439);
#5439 = DEFINITIONAL_REPRESENTATION('',(#5440),#5447);
#5440 = B_SPLINE_CURVE_WITH_KNOTS('',5,(#5441,#5442,#5443,#5444,#5445,
    #5446),.UNSPECIFIED.,.F.,.F.,(6,6),(0.884125395044,0.988165754012),
  .PIECEWISE_BEZIER_KNOTS.);
#5441 = CARTESIAN_POINT('',(3.039586482202,33.861035434522));
#5442 = CARTESIAN_POINT('',(3.018778410408,30.403144966336));
#5443 = CARTESIAN_POINT('',(2.997970338615,26.871525735197));
#5444 = CARTESIAN_POINT('',(2.977162266821,23.26929683986));
#5445 = CARTESIAN_POINT('',(2.956354195028,19.599710537739));
#5446 = CARTESIAN_POINT('',(2.935546123234,15.866134669446));
#5447 = ( GEOMETRIC_REPRESENTATION_CONTEXT(2) 
PARAMETRIC_REPRESENTATION_CONTEXT() REPRESENTATION_CONTEXT('2D SPACE',''
  ) );
#5448 = PCURVE('',#2477,#5449);
#5449 = DEFINITIONAL_REPRESENTATION('',(#5450),#5454);
#5450 = ELLIPSE('',#5451,214.88517284408,1.4);
#5451 = AXIS2_PLACEMENT_2D('',#5452,#5453);
#5452 = CARTESIAN_POINT('',(-85.26940450466,94.182629465843));
#5453 = DIRECTION('',(0.709421536351,-0.704784423608));
#5454 = ( GEOMETRIC_REPRESENTATION_CONTEXT(2) 
PARAMETRIC_REPRESENTATION_CONTEXT() REPRESENTATION_CONTEXT('2D SPACE',''
  ) );
#5455 = ADVANCED_FACE('',(#5456),#1267,.F.);
#5456 = FACE_BOUND('',#5457,.F.);
#5457 = EDGE_LOOP('',(#5458,#5459,#5480,#5481));
#5458 = ORIENTED_EDGE('',*,*,#1250,.F.);
#5459 = ORIENTED_EDGE('',*,*,#5460,.F.);
#5460 = EDGE_CURVE('',#2764,#1251,#5461,.T.);
#5461 = SEAM_CURVE('',#5462,(#5466,#5473),.PCURVE_S1.);
#5462 = LINE('',#5463,#5464);
#5463 = CARTESIAN_POINT('',(57.675625842204,32.,93.));
#5464 = VECTOR('',#5465,1.);
#5465 = DIRECTION('',(0.,0.,1.));
#5466 = PCURVE('',#1267,#5467);
#5467 = DEFINITIONAL_REPRESENTATION('',(#5468),#5472);
#5468 = LINE('',#5469,#5470);
#5469 = CARTESIAN_POINT('',(6.28318530718,-0.));
#5470 = VECTOR('',#5471,1.);
#5471 = DIRECTION('',(0.,1.));
#5472 = ( GEOMETRIC_REPRESENTATION_CONTEXT(2) 
PARAMETRIC_REPRESENTATION_CONTEXT() REPRESENTATION_CONTEXT('2D SPACE',''
  ) );
#5473 = PCURVE('',#1267,#5474);
#5474 = DEFINITIONAL_REPRESENTATION('',(#5475),#5479);
#5475 = LINE('',#5476,#5477);
#5476 = CARTESIAN_POINT('',(0.,-0.));
#5477 = VECTOR('',#5478,1.);
#5478 = DIRECTION('',(0.,1.));
#5479 = ( GEOMETRIC_REPRESENTATION_CONTEXT(2) 
PARAMETRIC_REPRESENTATION_CONTEXT() REPRESENTATION_CONTEXT('2D SPACE',''
  ) );
#5480 = ORIENTED_EDGE('',*,*,#2763,.T.);
#5481 = ORIENTED_EDGE('',*,*,#5460,.T.);
#5482 = ADVANCED_FACE('',(#5483),#1298,.F.);
#5483 = FACE_BOUND('',#5484,.F.);
#5484 = EDGE_LOOP('',(#5485,#5486,#5507,#5508));
#5485 = ORIENTED_EDGE('',*,*,#1281,.F.);
#5486 = ORIENTED_EDGE('',*,*,#5487,.F.);
#5487 = EDGE_CURVE('',#2790,#1282,#5488,.T.);
#5488 = SEAM_CURVE('',#5489,(#5493,#5500),.PCURVE_S1.);
#5489 = LINE('',#5490,#5491);
#5490 = CARTESIAN_POINT('',(2.25,64.,93.));
#5491 = VECTOR('',#5492,1.);
#5492 = DIRECTION('',(0.,0.,1.));
#5493 = PCURVE('',#1298,#5494);
#5494 = DEFINITIONAL_REPRESENTATION('',(#5495),#5499);
#5495 = LINE('',#5496,#5497);
#5496 = CARTESIAN_POINT('',(6.28318530718,-0.));
#5497 = VECTOR('',#5498,1.);
#5498 = DIRECTION('',(0.,1.));
#5499 = ( GEOMETRIC_REPRESENTATION_CONTEXT(2) 
PARAMETRIC_REPRESENTATION_CONTEXT() REPRESENTATION_CONTEXT('2D SPACE',''
  ) );
#5500 = PCURVE('',#1298,#5501);
#5501 = DEFINITIONAL_REPRESENTATION('',(#5502),#5506);
#5502 = LINE('',#5503,#5504);
#5503 = CARTESIAN_POINT('',(0.,-0.));
#5504 = VECTOR('',#5505,1.);
#5505 = DIRECTION('',(0.,1.));
#5506 = ( GEOMETRIC_REPRESENTATION_CONTEXT(2) 
PARAMETRIC_REPRESENTATION_CONTEXT() REPRESENTATION_CONTEXT('2D SPACE',''
  ) );
#5507 = ORIENTED_EDGE('',*,*,#2789,.T.);
#5508 = ORIENTED_EDGE('',*,*,#5487,.T.);
#5509 = ADVANCED_FACE('',(#5510),#1523,.T.);
#5510 = FACE_BOUND('',#5511,.T.);
#5511 = EDGE_LOOP('',(#5512,#5542,#5561,#5562));
#5512 = ORIENTED_EDGE('',*,*,#5513,.T.);
#5513 = EDGE_CURVE('',#5514,#5516,#5518,.T.);
#5514 = VERTEX_POINT('',#5515);
#5515 = CARTESIAN_POINT('',(27.292553540165,-27.5,87.096937496431));
#5516 = VERTEX_POINT('',#5517);
#5517 = CARTESIAN_POINT('',(27.292553540165,-7.727910600141,
    87.096937496431));
#5518 = SURFACE_CURVE('',#5519,(#5523,#5530),.PCURVE_S1.);
#5519 = LINE('',#5520,#5521);
#5520 = CARTESIAN_POINT('',(27.292553540165,-27.5,87.096937496431));
#5521 = VECTOR('',#5522,1.);
#5522 = DIRECTION('',(0.,1.,0.));
#5523 = PCURVE('',#1523,#5524);
#5524 = DEFINITIONAL_REPRESENTATION('',(#5525),#5529);
#5525 = LINE('',#5526,#5527);
#5526 = CARTESIAN_POINT('',(34.,0.));
#5527 = VECTOR('',#5528,1.);
#5528 = DIRECTION('',(0.,1.));
#5529 = ( GEOMETRIC_REPRESENTATION_CONTEXT(2) 
PARAMETRIC_REPRESENTATION_CONTEXT() REPRESENTATION_CONTEXT('2D SPACE',''
  ) );
#5530 = PCURVE('',#5531,#5536);
#5531 = PLANE('',#5532);
#5532 = AXIS2_PLACEMENT_3D('',#5533,#5534,#5535);
#5533 = CARTESIAN_POINT('',(12.379566195038,-27.5,65.798984344917));
#5534 = DIRECTION('',(0.819152044289,0.,-0.573576436351));
#5535 = DIRECTION('',(0.,1.,0.));
#5536 = DEFINITIONAL_REPRESENTATION('',(#5537),#5541);
#5537 = LINE('',#5538,#5539);
#5538 = CARTESIAN_POINT('',(0.,26.));
#5539 = VECTOR('',#5540,1.);
#5540 = DIRECTION('',(1.,0.));
#5541 = ( GEOMETRIC_REPRESENTATION_CONTEXT(2) 
PARAMETRIC_REPRESENTATION_CONTEXT() REPRESENTATION_CONTEXT('2D SPACE',''
  ) );
#5542 = ORIENTED_EDGE('',*,*,#5543,.F.);
#5543 = EDGE_CURVE('',#1509,#5516,#5544,.T.);
#5544 = SURFACE_CURVE('',#5545,(#5549,#5555),.PCURVE_S1.);
#5545 = LINE('',#5546,#5547);
#5546 = CARTESIAN_POINT('',(20.894416216501,-18.80980951853,
    91.576961480962));
#5547 = VECTOR('',#5548,1.);
#5548 = DIRECTION('',(0.471913907098,0.817378863892,-0.330437675136));
#5549 = PCURVE('',#1523,#5550);
#5550 = DEFINITIONAL_REPRESENTATION('',(#5551),#5554);
#5551 = B_SPLINE_CURVE_WITH_KNOTS('',1,(#5552,#5553),.UNSPECIFIED.,.F.,
  .F.,(2,2),(-7.33281553939,13.557848640246),.PIECEWISE_BEZIER_KNOTS.);
#5552 = CARTESIAN_POINT('',(21.964877798181,2.696502046751));
#5553 = CARTESIAN_POINT('',(34.,19.772089399859));
#5554 = ( GEOMETRIC_REPRESENTATION_CONTEXT(2) 
PARAMETRIC_REPRESENTATION_CONTEXT() REPRESENTATION_CONTEXT('2D SPACE',''
  ) );
#5555 = PCURVE('',#2578,#5556);
#5556 = DEFINITIONAL_REPRESENTATION('',(#5557),#5560);
#5557 = B_SPLINE_CURVE_WITH_KNOTS('',1,(#5558,#5559),.UNSPECIFIED.,.F.,
  .F.,(2,2),(-7.33281553939,13.557848640246),.PIECEWISE_BEZIER_KNOTS.);
#5558 = CARTESIAN_POINT('',(18.139045748036,-23.32112355856));
#5559 = CARTESIAN_POINT('',(5.947103316514,-6.357150273605));
#5560 = ( GEOMETRIC_REPRESENTATION_CONTEXT(2) 
PARAMETRIC_REPRESENTATION_CONTEXT() REPRESENTATION_CONTEXT('2D SPACE',''
  ) );
#5561 = ORIENTED_EDGE('',*,*,#1506,.F.);
#5562 = ORIENTED_EDGE('',*,*,#5563,.T.);
#5563 = EDGE_CURVE('',#1507,#5514,#5564,.T.);
#5564 = SURFACE_CURVE('',#5565,(#5569,#5576),.PCURVE_S1.);
#5565 = LINE('',#5566,#5567);
#5566 = CARTESIAN_POINT('',(-0.558615965661,-27.5,106.59853633236));
#5567 = VECTOR('',#5568,1.);
#5568 = DIRECTION('',(0.819152044289,0.,-0.573576436351));
#5569 = PCURVE('',#1523,#5570);
#5570 = DEFINITIONAL_REPRESENTATION('',(#5571),#5575);
#5571 = LINE('',#5572,#5573);
#5572 = CARTESIAN_POINT('',(0.,0.));
#5573 = VECTOR('',#5574,1.);
#5574 = DIRECTION('',(1.,0.));
#5575 = ( GEOMETRIC_REPRESENTATION_CONTEXT(2) 
PARAMETRIC_REPRESENTATION_CONTEXT() REPRESENTATION_CONTEXT('2D SPACE',''
  ) );
#5576 = PCURVE('',#1549,#5577);
#5577 = DEFINITIONAL_REPRESENTATION('',(#5578),#5582);
#5578 = LINE('',#5579,#5580);
#5579 = CARTESIAN_POINT('',(0.,-26.));
#5580 = VECTOR('',#5581,1.);
#5581 = DIRECTION('',(1.,0.));
#5582 = ( GEOMETRIC_REPRESENTATION_CONTEXT(2) 
PARAMETRIC_REPRESENTATION_CONTEXT() REPRESENTATION_CONTEXT('2D SPACE',''
  ) );
#5583 = ADVANCED_FACE('',(#5584),#2578,.T.);
#5584 = FACE_BOUND('',#5585,.T.);
#5585 = EDGE_LOOP('',(#5586,#5616,#5644,#5665,#5666,#5667,#5668));
#5586 = ORIENTED_EDGE('',*,*,#5587,.F.);
#5587 = EDGE_CURVE('',#5588,#5590,#5592,.T.);
#5588 = VERTEX_POINT('',#5589);
#5589 = CARTESIAN_POINT('',(17.625915506553,-24.47101881273,
    65.798984344917));
#5590 = VERTEX_POINT('',#5591);
#5591 = CARTESIAN_POINT('',(15.877132402715,-27.5,70.79402655286));
#5592 = SURFACE_CURVE('',#5593,(#5597,#5604),.PCURVE_S1.);
#5593 = LINE('',#5594,#5595);
#5594 = CARTESIAN_POINT('',(17.625915506553,-24.47101881273,
    65.798984344917));
#5595 = VECTOR('',#5596,1.);
#5596 = DIRECTION('',(-0.286788218176,-0.496731764892,0.819152044289));
#5597 = PCURVE('',#2578,#5598);
#5598 = DEFINITIONAL_REPRESENTATION('',(#5599),#5603);
#5599 = LINE('',#5600,#5601);
#5600 = CARTESIAN_POINT('',(34.,0.));
#5601 = VECTOR('',#5602,1.);
#5602 = DIRECTION('',(0.,-1.));
#5603 = ( GEOMETRIC_REPRESENTATION_CONTEXT(2) 
PARAMETRIC_REPRESENTATION_CONTEXT() REPRESENTATION_CONTEXT('2D SPACE',''
  ) );
#5604 = PCURVE('',#5605,#5610);
#5605 = PLANE('',#5606);
#5606 = AXIS2_PLACEMENT_3D('',#5607,#5608,#5609);
#5607 = CARTESIAN_POINT('',(-30.00548170159,3.028981187266,
    65.798984344917));
#5608 = DIRECTION('',(-0.409576022144,-0.709406479916,-0.573576436351));
#5609 = DIRECTION('',(0.866025403784,-0.5,5.551115123126E-17));
#5610 = DEFINITIONAL_REPRESENTATION('',(#5611),#5615);
#5611 = LINE('',#5612,#5613);
#5612 = CARTESIAN_POINT('',(55.,0.));
#5613 = VECTOR('',#5614,1.);
#5614 = DIRECTION('',(0.,1.));
#5615 = ( GEOMETRIC_REPRESENTATION_CONTEXT(2) 
PARAMETRIC_REPRESENTATION_CONTEXT() REPRESENTATION_CONTEXT('2D SPACE',''
  ) );
#5616 = ORIENTED_EDGE('',*,*,#5617,.F.);
#5617 = EDGE_CURVE('',#5618,#5588,#5620,.T.);
#5618 = VERTEX_POINT('',#5619);
#5619 = CARTESIAN_POINT('',(31.551500259466,-0.351198495582,
    85.300583180853));
#5620 = SURFACE_CURVE('',#5621,(#5625,#5632),.PCURVE_S1.);
#5621 = LINE('',#5622,#5623);
#5622 = CARTESIAN_POINT('',(31.551500259466,-0.351198495582,
    85.300583180853));
#5623 = VECTOR('',#5624,1.);
#5624 = DIRECTION('',(-0.409576022144,-0.709406479916,-0.573576436351));
#5625 = PCURVE('',#2578,#5626);
#5626 = DEFINITIONAL_REPRESENTATION('',(#5627),#5631);
#5627 = LINE('',#5628,#5629);
#5628 = CARTESIAN_POINT('',(0.,0.));
#5629 = VECTOR('',#5630,1.);
#5630 = DIRECTION('',(1.,0.));
#5631 = ( GEOMETRIC_REPRESENTATION_CONTEXT(2) 
PARAMETRIC_REPRESENTATION_CONTEXT() REPRESENTATION_CONTEXT('2D SPACE',''
  ) );
#5632 = PCURVE('',#5633,#5638);
#5633 = PLANE('',#5634);
#5634 = AXIS2_PLACEMENT_3D('',#5635,#5636,#5637);
#5635 = CARTESIAN_POINT('',(-16.07989694867,27.148801504418,
    85.300583180853));
#5636 = DIRECTION('',(-0.286788218176,-0.496731764892,0.819152044289));
#5637 = DIRECTION('',(-0.409576022144,-0.709406479916,-0.573576436351));
#5638 = DEFINITIONAL_REPRESENTATION('',(#5639),#5643);
#5639 = LINE('',#5640,#5641);
#5640 = CARTESIAN_POINT('',(0.,55.));
#5641 = VECTOR('',#5642,1.);
#5642 = DIRECTION('',(1.,0.));
#5643 = ( GEOMETRIC_REPRESENTATION_CONTEXT(2) 
PARAMETRIC_REPRESENTATION_CONTEXT() REPRESENTATION_CONTEXT('2D SPACE',''
  ) );
#5644 = ORIENTED_EDGE('',*,*,#5645,.T.);
#5645 = EDGE_CURVE('',#5618,#4074,#5646,.T.);
#5646 = SURFACE_CURVE('',#5647,(#5651,#5658),.PCURVE_S1.);
#5647 = LINE('',#5648,#5649);
#5648 = CARTESIAN_POINT('',(31.551500259466,-0.351198495582,
    85.300583180853));
#5649 = VECTOR('',#5650,1.);
#5650 = DIRECTION('',(-0.286788218176,-0.496731764892,0.819152044289));
#5651 = PCURVE('',#2578,#5652);
#5652 = DEFINITIONAL_REPRESENTATION('',(#5653),#5657);
#5653 = LINE('',#5654,#5655);
#5654 = CARTESIAN_POINT('',(0.,0.));
#5655 = VECTOR('',#5656,1.);
#5656 = DIRECTION('',(0.,-1.));
#5657 = ( GEOMETRIC_REPRESENTATION_CONTEXT(2) 
PARAMETRIC_REPRESENTATION_CONTEXT() REPRESENTATION_CONTEXT('2D SPACE',''
  ) );
#5658 = PCURVE('',#4093,#5659);
#5659 = DEFINITIONAL_REPRESENTATION('',(#5660),#5664);
#5660 = LINE('',#5661,#5662);
#5661 = CARTESIAN_POINT('',(55.,0.));
#5662 = VECTOR('',#5663,1.);
#5663 = DIRECTION('',(0.,1.));
#5664 = ( GEOMETRIC_REPRESENTATION_CONTEXT(2) 
PARAMETRIC_REPRESENTATION_CONTEXT() REPRESENTATION_CONTEXT('2D SPACE',''
  ) );
#5665 = ORIENTED_EDGE('',*,*,#4105,.F.);
#5666 = ORIENTED_EDGE('',*,*,#2565,.F.);
#5667 = ORIENTED_EDGE('',*,*,#5543,.T.);
#5668 = ORIENTED_EDGE('',*,*,#5669,.T.);
#5669 = EDGE_CURVE('',#5516,#5590,#5670,.T.);
#5670 = SURFACE_CURVE('',#5671,(#5675,#5681),.PCURVE_S1.);
#5671 = LINE('',#5672,#5673);
#5672 = CARTESIAN_POINT('',(21.902670061317,-17.06346263238,
    79.399386149543));
#5673 = VECTOR('',#5674,1.);
#5674 = DIRECTION('',(-0.406907476691,-0.704784423608,-0.581124101765));
#5675 = PCURVE('',#2578,#5676);
#5676 = DEFINITIONAL_REPRESENTATION('',(#5677),#5680);
#5677 = B_SPLINE_CURVE_WITH_KNOTS('',1,(#5678,#5679),.UNSPECIFIED.,.F.,
  .F.,(2,2),(-13.24596815639,14.808127163459),.PIECEWISE_BEZIER_KNOTS.);
#5678 = CARTESIAN_POINT('',(5.947103316514,-6.357150273605));
#5679 = CARTESIAN_POINT('',(34.,-6.097820597247));
#5680 = ( GEOMETRIC_REPRESENTATION_CONTEXT(2) 
PARAMETRIC_REPRESENTATION_CONTEXT() REPRESENTATION_CONTEXT('2D SPACE',''
  ) );
#5681 = PCURVE('',#5531,#5682);
#5682 = DEFINITIONAL_REPRESENTATION('',(#5683),#5686);
#5683 = B_SPLINE_CURVE_WITH_KNOTS('',1,(#5684,#5685),.UNSPECIFIED.,.F.,
  .F.,(2,2),(-13.24596815639,14.808127163459),.PIECEWISE_BEZIER_KNOTS.);
#5684 = CARTESIAN_POINT('',(19.772089399859,26.));
#5685 = CARTESIAN_POINT('',(-1.7763568394E-15,6.097820597247));
#5686 = ( GEOMETRIC_REPRESENTATION_CONTEXT(2) 
PARAMETRIC_REPRESENTATION_CONTEXT() REPRESENTATION_CONTEXT('2D SPACE',''
  ) );
#5687 = ADVANCED_FACE('',(#5688),#2503,.F.);
#5688 = FACE_BOUND('',#5689,.F.);
#5689 = EDGE_LOOP('',(#5690,#5711,#5733,#5734));
#5690 = ORIENTED_EDGE('',*,*,#5691,.F.);
#5691 = EDGE_CURVE('',#5692,#2463,#5694,.T.);
#5692 = VERTEX_POINT('',#5693);
#5693 = CARTESIAN_POINT('',(24.96072124743,-1.04479590244E-14,
    89.572520462078));
#5694 = SURFACE_CURVE('',#5695,(#5699,#5705),.PCURVE_S1.);
#5695 = LINE('',#5696,#5697);
#5696 = CARTESIAN_POINT('',(15.573063493463,-6.60582699652E-15,
    96.276002816731));
#5697 = VECTOR('',#5698,1.);
#5698 = DIRECTION('',(-0.813814953382,3.330739763958E-16,0.581124101765)
  );
#5699 = PCURVE('',#2503,#5700);
#5700 = DEFINITIONAL_REPRESENTATION('',(#5701),#5704);
#5701 = B_SPLINE_CURVE_WITH_KNOTS('',1,(#5702,#5703),.UNSPECIFIED.,.F.,
  .F.,(2,2),(-18.88653319067,-3.916552092435),.PIECEWISE_BEZIER_KNOTS.);
#5702 = CARTESIAN_POINT('',(54.297603008836,1.7763568394E-14));
#5703 = CARTESIAN_POINT('',(43.746993509086,10.620026989859));
#5704 = ( GEOMETRIC_REPRESENTATION_CONTEXT(2) 
PARAMETRIC_REPRESENTATION_CONTEXT() REPRESENTATION_CONTEXT('2D SPACE',''
  ) );
#5705 = PCURVE('',#2477,#5706);
#5706 = DEFINITIONAL_REPRESENTATION('',(#5707),#5710);
#5707 = B_SPLINE_CURVE_WITH_KNOTS('',1,(#5708,#5709),.UNSPECIFIED.,.F.,
  .F.,(2,2),(-18.88653319067,-3.916552092435),.PIECEWISE_BEZIER_KNOTS.);
#5708 = CARTESIAN_POINT('',(0.702396991164,-3.552713678801E-15));
#5709 = CARTESIAN_POINT('',(11.253006490914,10.620026989859));
#5710 = ( GEOMETRIC_REPRESENTATION_CONTEXT(2) 
PARAMETRIC_REPRESENTATION_CONTEXT() REPRESENTATION_CONTEXT('2D SPACE',''
  ) );
#5711 = ORIENTED_EDGE('',*,*,#5712,.F.);
#5712 = EDGE_CURVE('',#3946,#5692,#5713,.T.);
#5713 = SURFACE_CURVE('',#5714,(#5719,#5726),.PCURVE_S1.);
#5714 = CIRCLE('',#5715,1.4);
#5715 = AXIS2_PLACEMENT_3D('',#5716,#5717,#5718);
#5716 = CARTESIAN_POINT('',(26.220444851559,-0.584857320043,
    89.396343402298));
#5717 = DIRECTION('',(-0.409576022144,-0.709406479916,-0.573576436351));
#5718 = DIRECTION('',(0.866025403784,-0.5,5.551115123126E-17));
#5719 = PCURVE('',#2503,#5720);
#5720 = DEFINITIONAL_REPRESENTATION('',(#5721),#5725);
#5721 = CIRCLE('',#5722,1.4);
#5722 = AXIS2_PLACEMENT_2D('',#5723,#5724);
#5723 = CARTESIAN_POINT('',(50.5,5.));
#5724 = DIRECTION('',(1.,7.322764862755E-17));
#5725 = ( GEOMETRIC_REPRESENTATION_CONTEXT(2) 
PARAMETRIC_REPRESENTATION_CONTEXT() REPRESENTATION_CONTEXT('2D SPACE',''
  ) );
#5726 = PCURVE('',#3966,#5727);
#5727 = DEFINITIONAL_REPRESENTATION('',(#5728),#5732);
#5728 = LINE('',#5729,#5730);
#5729 = CARTESIAN_POINT('',(5.551115123126E-17,25.));
#5730 = VECTOR('',#5731,1.);
#5731 = DIRECTION('',(1.,0.));
#5732 = ( GEOMETRIC_REPRESENTATION_CONTEXT(2) 
PARAMETRIC_REPRESENTATION_CONTEXT() REPRESENTATION_CONTEXT('2D SPACE',''
  ) );
#5733 = ORIENTED_EDGE('',*,*,#4148,.F.);
#5734 = ORIENTED_EDGE('',*,*,#2488,.F.);
#5735 = ADVANCED_FACE('',(#5736),#2477,.F.);
#5736 = FACE_BOUND('',#5737,.F.);
#5737 = EDGE_LOOP('',(#5738,#5739,#5740,#5762));
#5738 = ORIENTED_EDGE('',*,*,#2462,.F.);
#5739 = ORIENTED_EDGE('',*,*,#5431,.F.);
#5740 = ORIENTED_EDGE('',*,*,#5741,.F.);
#5741 = EDGE_CURVE('',#5692,#5398,#5742,.T.);
#5742 = SURFACE_CURVE('',#5743,(#5748,#5755),.PCURVE_S1.);
#5743 = CIRCLE('',#5744,1.4);
#5744 = AXIS2_PLACEMENT_3D('',#5745,#5746,#5747);
#5745 = CARTESIAN_POINT('',(26.220444851559,0.584857320043,
    89.396343402298));
#5746 = DIRECTION('',(-0.409576022144,0.709406479916,-0.573576436351));
#5747 = DIRECTION('',(-0.866025403784,-0.5,0.));
#5748 = PCURVE('',#2477,#5749);
#5749 = DEFINITIONAL_REPRESENTATION('',(#5750),#5754);
#5750 = CIRCLE('',#5751,1.4);
#5751 = AXIS2_PLACEMENT_2D('',#5752,#5753);
#5752 = CARTESIAN_POINT('',(4.5,5.));
#5753 = DIRECTION('',(1.,0.));
#5754 = ( GEOMETRIC_REPRESENTATION_CONTEXT(2) 
PARAMETRIC_REPRESENTATION_CONTEXT() REPRESENTATION_CONTEXT('2D SPACE',''
  ) );
#5755 = PCURVE('',#5380,#5756);
#5756 = DEFINITIONAL_REPRESENTATION('',(#5757),#5761);
#5757 = LINE('',#5758,#5759);
#5758 = CARTESIAN_POINT('',(0.,25.));
#5759 = VECTOR('',#5760,1.);
#5760 = DIRECTION('',(1.,0.));
#5761 = ( GEOMETRIC_REPRESENTATION_CONTEXT(2) 
PARAMETRIC_REPRESENTATION_CONTEXT() REPRESENTATION_CONTEXT('2D SPACE',''
  ) );
#5762 = ORIENTED_EDGE('',*,*,#5691,.T.);
#5763 = ADVANCED_FACE('',(#5764),#2349,.F.);
#5764 = FACE_BOUND('',#5765,.F.);
#5765 = EDGE_LOOP('',(#5766,#5796,#5824,#5845,#5846,#5847,#5868));
#5766 = ORIENTED_EDGE('',*,*,#5767,.F.);
#5767 = EDGE_CURVE('',#5768,#5770,#5772,.T.);
#5768 = VERTEX_POINT('',#5769);
#5769 = CARTESIAN_POINT('',(17.625915506553,24.471018812734,
    65.798984344917));
#5770 = VERTEX_POINT('',#5771);
#5771 = CARTESIAN_POINT('',(15.877132402715,27.5,70.79402655286));
#5772 = SURFACE_CURVE('',#5773,(#5777,#5784),.PCURVE_S1.);
#5773 = LINE('',#5774,#5775);
#5774 = CARTESIAN_POINT('',(17.625915506553,24.471018812734,
    65.798984344917));
#5775 = VECTOR('',#5776,1.);
#5776 = DIRECTION('',(-0.286788218176,0.496731764892,0.819152044289));
#5777 = PCURVE('',#2349,#5778);
#5778 = DEFINITIONAL_REPRESENTATION('',(#5779),#5783);
#5779 = LINE('',#5780,#5781);
#5780 = CARTESIAN_POINT('',(34.,0.));
#5781 = VECTOR('',#5782,1.);
#5782 = DIRECTION('',(0.,-1.));
#5783 = ( GEOMETRIC_REPRESENTATION_CONTEXT(2) 
PARAMETRIC_REPRESENTATION_CONTEXT() REPRESENTATION_CONTEXT('2D SPACE',''
  ) );
#5784 = PCURVE('',#5785,#5790);
#5785 = PLANE('',#5786);
#5786 = AXIS2_PLACEMENT_3D('',#5787,#5788,#5789);
#5787 = CARTESIAN_POINT('',(17.625915506553,24.471018812734,
    65.798984344917));
#5788 = DIRECTION('',(-0.409576022144,0.709406479916,-0.573576436351));
#5789 = DIRECTION('',(-0.866025403784,-0.5,0.));
#5790 = DEFINITIONAL_REPRESENTATION('',(#5791),#5795);
#5791 = LINE('',#5792,#5793);
#5792 = CARTESIAN_POINT('',(0.,0.));
#5793 = VECTOR('',#5794,1.);
#5794 = DIRECTION('',(0.,1.));
#5795 = ( GEOMETRIC_REPRESENTATION_CONTEXT(2) 
PARAMETRIC_REPRESENTATION_CONTEXT() REPRESENTATION_CONTEXT('2D SPACE',''
  ) );
#5796 = ORIENTED_EDGE('',*,*,#5797,.F.);
#5797 = EDGE_CURVE('',#5798,#5768,#5800,.T.);
#5798 = VERTEX_POINT('',#5799);
#5799 = CARTESIAN_POINT('',(31.551500259466,0.351198495582,
    85.300583180853));
#5800 = SURFACE_CURVE('',#5801,(#5805,#5812),.PCURVE_S1.);
#5801 = LINE('',#5802,#5803);
#5802 = CARTESIAN_POINT('',(31.551500259466,0.351198495582,
    85.300583180853));
#5803 = VECTOR('',#5804,1.);
#5804 = DIRECTION('',(-0.409576022144,0.709406479916,-0.573576436351));
#5805 = PCURVE('',#2349,#5806);
#5806 = DEFINITIONAL_REPRESENTATION('',(#5807),#5811);
#5807 = LINE('',#5808,#5809);
#5808 = CARTESIAN_POINT('',(0.,0.));
#5809 = VECTOR('',#5810,1.);
#5810 = DIRECTION('',(1.,0.));
#5811 = ( GEOMETRIC_REPRESENTATION_CONTEXT(2) 
PARAMETRIC_REPRESENTATION_CONTEXT() REPRESENTATION_CONTEXT('2D SPACE',''
  ) );
#5812 = PCURVE('',#5813,#5818);
#5813 = PLANE('',#5814);
#5814 = AXIS2_PLACEMENT_3D('',#5815,#5816,#5817);
#5815 = CARTESIAN_POINT('',(31.551500259466,0.351198495582,
    85.300583180853));
#5816 = DIRECTION('',(-0.286788218176,0.496731764892,0.819152044289));
#5817 = DIRECTION('',(-0.409576022144,0.709406479916,-0.573576436351));
#5818 = DEFINITIONAL_REPRESENTATION('',(#5819),#5823);
#5819 = LINE('',#5820,#5821);
#5820 = CARTESIAN_POINT('',(0.,0.));
#5821 = VECTOR('',#5822,1.);
#5822 = DIRECTION('',(1.,0.));
#5823 = ( GEOMETRIC_REPRESENTATION_CONTEXT(2) 
PARAMETRIC_REPRESENTATION_CONTEXT() REPRESENTATION_CONTEXT('2D SPACE',''
  ) );
#5824 = ORIENTED_EDGE('',*,*,#5825,.T.);
#5825 = EDGE_CURVE('',#5798,#5283,#5826,.T.);
#5826 = SURFACE_CURVE('',#5827,(#5831,#5838),.PCURVE_S1.);
#5827 = LINE('',#5828,#5829);
#5828 = CARTESIAN_POINT('',(31.551500259466,0.351198495582,
    85.300583180853));
#5829 = VECTOR('',#5830,1.);
#5830 = DIRECTION('',(-0.286788218176,0.496731764892,0.819152044289));
#5831 = PCURVE('',#2349,#5832);
#5832 = DEFINITIONAL_REPRESENTATION('',(#5833),#5837);
#5833 = LINE('',#5834,#5835);
#5834 = CARTESIAN_POINT('',(0.,0.));
#5835 = VECTOR('',#5836,1.);
#5836 = DIRECTION('',(0.,-1.));
#5837 = ( GEOMETRIC_REPRESENTATION_CONTEXT(2) 
PARAMETRIC_REPRESENTATION_CONTEXT() REPRESENTATION_CONTEXT('2D SPACE',''
  ) );
#5838 = PCURVE('',#5346,#5839);
#5839 = DEFINITIONAL_REPRESENTATION('',(#5840),#5844);
#5840 = LINE('',#5841,#5842);
#5841 = CARTESIAN_POINT('',(0.,0.));
#5842 = VECTOR('',#5843,1.);
#5843 = DIRECTION('',(0.,1.));
#5844 = ( GEOMETRIC_REPRESENTATION_CONTEXT(2) 
PARAMETRIC_REPRESENTATION_CONTEXT() REPRESENTATION_CONTEXT('2D SPACE',''
  ) );
#5845 = ORIENTED_EDGE('',*,*,#5282,.F.);
#5846 = ORIENTED_EDGE('',*,*,#2334,.F.);
#5847 = ORIENTED_EDGE('',*,*,#5848,.T.);
#5848 = EDGE_CURVE('',#2309,#5849,#5851,.T.);
#5849 = VERTEX_POINT('',#5850);
#5850 = CARTESIAN_POINT('',(27.292553540165,7.727910600141,
    87.096937496431));
#5851 = SURFACE_CURVE('',#5852,(#5856,#5862),.PCURVE_S1.);
#5852 = LINE('',#5853,#5854);
#5853 = CARTESIAN_POINT('',(31.50205868057,0.436833822236,
    84.149410264987));
#5854 = VECTOR('',#5855,1.);
#5855 = DIRECTION('',(0.471913907098,-0.817378863892,-0.330437675136));
#5856 = PCURVE('',#2349,#5857);
#5857 = DEFINITIONAL_REPRESENTATION('',(#5858),#5861);
#5858 = B_SPLINE_CURVE_WITH_KNOTS('',1,(#5859,#5860),.UNSPECIFIED.,.F.,
  .F.,(2,2),(-29.81073429643,-8.920070116794),.PIECEWISE_BEZIER_KNOTS.);
#5859 = CARTESIAN_POINT('',(18.139045748036,-23.32112355856));
#5860 = CARTESIAN_POINT('',(5.947103316514,-6.357150273605));
#5861 = ( GEOMETRIC_REPRESENTATION_CONTEXT(2) 
PARAMETRIC_REPRESENTATION_CONTEXT() REPRESENTATION_CONTEXT('2D SPACE',''
  ) );
#5862 = PCURVE('',#2323,#5863);
#5863 = DEFINITIONAL_REPRESENTATION('',(#5864),#5867);
#5864 = B_SPLINE_CURVE_WITH_KNOTS('',1,(#5865,#5866),.UNSPECIFIED.,.F.,
  .F.,(2,2),(-29.81073429643,-8.920070116794),.PIECEWISE_BEZIER_KNOTS.);
#5865 = CARTESIAN_POINT('',(21.964877798181,52.303497953249));
#5866 = CARTESIAN_POINT('',(34.,35.227910600141));
#5867 = ( GEOMETRIC_REPRESENTATION_CONTEXT(2) 
PARAMETRIC_REPRESENTATION_CONTEXT() REPRESENTATION_CONTEXT('2D SPACE',''
  ) );
#5868 = ORIENTED_EDGE('',*,*,#5869,.T.);
#5869 = EDGE_CURVE('',#5849,#5770,#5870,.T.);
#5870 = SURFACE_CURVE('',#5871,(#5875,#5881),.PCURVE_S1.);
#5871 = LINE('',#5872,#5873);
#5872 = CARTESIAN_POINT('',(29.789176475412,3.40363282895,
    90.662484564991));
#5873 = VECTOR('',#5874,1.);
#5874 = DIRECTION('',(-0.406907476691,0.704784423608,-0.581124101765));
#5875 = PCURVE('',#2349,#5876);
#5876 = DEFINITIONAL_REPRESENTATION('',(#5877),#5880);
#5877 = B_SPLINE_CURVE_WITH_KNOTS('',1,(#5878,#5879),.UNSPECIFIED.,.F.,
  .F.,(2,2),(6.135603492839,34.189698812691),.PIECEWISE_BEZIER_KNOTS.);
#5878 = CARTESIAN_POINT('',(5.947103316514,-6.357150273605));
#5879 = CARTESIAN_POINT('',(34.,-6.097820597247));
#5880 = ( GEOMETRIC_REPRESENTATION_CONTEXT(2) 
PARAMETRIC_REPRESENTATION_CONTEXT() REPRESENTATION_CONTEXT('2D SPACE',''
  ) );
#5881 = PCURVE('',#5882,#5887);
#5882 = PLANE('',#5883);
#5883 = AXIS2_PLACEMENT_3D('',#5884,#5885,#5886);
#5884 = CARTESIAN_POINT('',(12.379566195038,-27.5,65.798984344917));
#5885 = DIRECTION('',(0.819152044289,0.,-0.573576436351));
#5886 = DIRECTION('',(0.,1.,0.));
#5887 = DEFINITIONAL_REPRESENTATION('',(#5888),#5891);
#5888 = B_SPLINE_CURVE_WITH_KNOTS('',1,(#5889,#5890),.UNSPECIFIED.,.F.,
  .F.,(2,2),(6.135603492839,34.189698812691),.PIECEWISE_BEZIER_KNOTS.);
#5889 = CARTESIAN_POINT('',(35.227910600141,26.));
#5890 = CARTESIAN_POINT('',(55.,6.097820597247));
#5891 = ( GEOMETRIC_REPRESENTATION_CONTEXT(2) 
PARAMETRIC_REPRESENTATION_CONTEXT() REPRESENTATION_CONTEXT('2D SPACE',''
  ) );
#5892 = ADVANCED_FACE('',(#5893),#2323,.T.);
#5893 = FACE_BOUND('',#5894,.T.);
#5894 = EDGE_LOOP('',(#5895,#5918,#5919,#5920));
#5895 = ORIENTED_EDGE('',*,*,#5896,.F.);
#5896 = EDGE_CURVE('',#2283,#5897,#5899,.T.);
#5897 = VERTEX_POINT('',#5898);
#5898 = CARTESIAN_POINT('',(27.292553540165,27.5,87.096937496431));
#5899 = SURFACE_CURVE('',#5900,(#5904,#5911),.PCURVE_S1.);
#5900 = LINE('',#5901,#5902);
#5901 = CARTESIAN_POINT('',(-0.558615965661,27.5,106.59853633236));
#5902 = VECTOR('',#5903,1.);
#5903 = DIRECTION('',(0.819152044289,0.,-0.573576436351));
#5904 = PCURVE('',#2323,#5905);
#5905 = DEFINITIONAL_REPRESENTATION('',(#5906),#5910);
#5906 = LINE('',#5907,#5908);
#5907 = CARTESIAN_POINT('',(0.,55.));
#5908 = VECTOR('',#5909,1.);
#5909 = DIRECTION('',(1.,0.));
#5910 = ( GEOMETRIC_REPRESENTATION_CONTEXT(2) 
PARAMETRIC_REPRESENTATION_CONTEXT() REPRESENTATION_CONTEXT('2D SPACE',''
  ) );
#5911 = PCURVE('',#2297,#5912);
#5912 = DEFINITIONAL_REPRESENTATION('',(#5913),#5917);
#5913 = LINE('',#5914,#5915);
#5914 = CARTESIAN_POINT('',(0.,-26.));
#5915 = VECTOR('',#5916,1.);
#5916 = DIRECTION('',(1.,0.));
#5917 = ( GEOMETRIC_REPRESENTATION_CONTEXT(2) 
PARAMETRIC_REPRESENTATION_CONTEXT() REPRESENTATION_CONTEXT('2D SPACE',''
  ) );
#5918 = ORIENTED_EDGE('',*,*,#2308,.F.);
#5919 = ORIENTED_EDGE('',*,*,#5848,.T.);
#5920 = ORIENTED_EDGE('',*,*,#5921,.T.);
#5921 = EDGE_CURVE('',#5849,#5897,#5922,.T.);
#5922 = SURFACE_CURVE('',#5923,(#5927,#5934),.PCURVE_S1.);
#5923 = LINE('',#5924,#5925);
#5924 = CARTESIAN_POINT('',(27.292553540165,-27.5,87.096937496431));
#5925 = VECTOR('',#5926,1.);
#5926 = DIRECTION('',(0.,1.,0.));
#5927 = PCURVE('',#2323,#5928);
#5928 = DEFINITIONAL_REPRESENTATION('',(#5929),#5933);
#5929 = LINE('',#5930,#5931);
#5930 = CARTESIAN_POINT('',(34.,0.));
#5931 = VECTOR('',#5932,1.);
#5932 = DIRECTION('',(0.,1.));
#5933 = ( GEOMETRIC_REPRESENTATION_CONTEXT(2) 
PARAMETRIC_REPRESENTATION_CONTEXT() REPRESENTATION_CONTEXT('2D SPACE',''
  ) );
#5934 = PCURVE('',#5882,#5935);
#5935 = DEFINITIONAL_REPRESENTATION('',(#5936),#5940);
#5936 = LINE('',#5937,#5938);
#5937 = CARTESIAN_POINT('',(0.,26.));
#5938 = VECTOR('',#5939,1.);
#5939 = DIRECTION('',(1.,0.));
#5940 = ( GEOMETRIC_REPRESENTATION_CONTEXT(2) 
PARAMETRIC_REPRESENTATION_CONTEXT() REPRESENTATION_CONTEXT('2D SPACE',''
  ) );
#5941 = ADVANCED_FACE('',(#5942),#2297,.T.);
#5942 = FACE_BOUND('',#5943,.T.);
#5943 = EDGE_LOOP('',(#5944,#5945,#5946,#5967));
#5944 = ORIENTED_EDGE('',*,*,#2282,.F.);
#5945 = ORIENTED_EDGE('',*,*,#5896,.T.);
#5946 = ORIENTED_EDGE('',*,*,#5947,.F.);
#5947 = EDGE_CURVE('',#5770,#5897,#5948,.T.);
#5948 = SURFACE_CURVE('',#5949,(#5953,#5960),.PCURVE_S1.);
#5949 = LINE('',#5950,#5951);
#5950 = CARTESIAN_POINT('',(12.379566195038,27.5,65.798984344917));
#5951 = VECTOR('',#5952,1.);
#5952 = DIRECTION('',(0.573576436351,0.,0.819152044289));
#5953 = PCURVE('',#2297,#5954);
#5954 = DEFINITIONAL_REPRESENTATION('',(#5955),#5959);
#5955 = LINE('',#5956,#5957);
#5956 = CARTESIAN_POINT('',(34.,0.));
#5957 = VECTOR('',#5958,1.);
#5958 = DIRECTION('',(0.,-1.));
#5959 = ( GEOMETRIC_REPRESENTATION_CONTEXT(2) 
PARAMETRIC_REPRESENTATION_CONTEXT() REPRESENTATION_CONTEXT('2D SPACE',''
  ) );
#5960 = PCURVE('',#5882,#5961);
#5961 = DEFINITIONAL_REPRESENTATION('',(#5962),#5966);
#5962 = LINE('',#5963,#5964);
#5963 = CARTESIAN_POINT('',(55.,0.));
#5964 = VECTOR('',#5965,1.);
#5965 = DIRECTION('',(0.,1.));
#5966 = ( GEOMETRIC_REPRESENTATION_CONTEXT(2) 
PARAMETRIC_REPRESENTATION_CONTEXT() REPRESENTATION_CONTEXT('2D SPACE',''
  ) );
#5967 = ORIENTED_EDGE('',*,*,#5968,.T.);
#5968 = EDGE_CURVE('',#5770,#2257,#5969,.T.);
#5969 = SURFACE_CURVE('',#5970,(#5974,#5980),.PCURVE_S1.);
#5970 = LINE('',#5971,#5972);
#5971 = CARTESIAN_POINT('',(15.877132402715,27.5,85.300583180853));
#5972 = VECTOR('',#5973,1.);
#5973 = DIRECTION('',(0.,-0.,1.));
#5974 = PCURVE('',#2297,#5975);
#5975 = DEFINITIONAL_REPRESENTATION('',(#5976),#5979);
#5976 = B_SPLINE_CURVE_WITH_KNOTS('',1,(#5977,#5978),.UNSPECIFIED.,.F.,
  .F.,(2,2),(-14.50655662799,9.789518247859),.PIECEWISE_BEZIER_KNOTS.);
#5977 = CARTESIAN_POINT('',(34.,-6.097820597247));
#5978 = CARTESIAN_POINT('',(20.06434395539,-26.));
#5979 = ( GEOMETRIC_REPRESENTATION_CONTEXT(2) 
PARAMETRIC_REPRESENTATION_CONTEXT() REPRESENTATION_CONTEXT('2D SPACE',''
  ) );
#5980 = PCURVE('',#2271,#5981);
#5981 = DEFINITIONAL_REPRESENTATION('',(#5982),#5985);
#5982 = B_SPLINE_CURVE_WITH_KNOTS('',1,(#5983,#5984),.UNSPECIFIED.,.F.,
  .F.,(2,2),(-14.50655662799,9.789518247859),.PIECEWISE_BEZIER_KNOTS.);
#5983 = CARTESIAN_POINT('',(34.,-6.097820597247));
#5984 = CARTESIAN_POINT('',(20.06434395539,-26.));
#5985 = ( GEOMETRIC_REPRESENTATION_CONTEXT(2) 
PARAMETRIC_REPRESENTATION_CONTEXT() REPRESENTATION_CONTEXT('2D SPACE',''
  ) );
#5986 = ADVANCED_FACE('',(#5987),#2271,.F.);
#5987 = FACE_BOUND('',#5988,.F.);
#5988 = EDGE_LOOP('',(#5989,#6017,#6018,#6019));
#5989 = ORIENTED_EDGE('',*,*,#5990,.F.);
#5990 = EDGE_CURVE('',#5770,#5991,#5993,.T.);
#5991 = VERTEX_POINT('',#5992);
#5992 = CARTESIAN_POINT('',(10.16942183399,37.38604469993,
    87.096937496431));
#5993 = SURFACE_CURVE('',#5994,(#5998,#6005),.PCURVE_S1.);
#5994 = LINE('',#5995,#5996);
#5995 = CARTESIAN_POINT('',(17.625915506553,24.471018812734,
    65.798984344917));
#5996 = VECTOR('',#5997,1.);
#5997 = DIRECTION('',(-0.286788218176,0.496731764892,0.819152044289));
#5998 = PCURVE('',#2271,#5999);
#5999 = DEFINITIONAL_REPRESENTATION('',(#6000),#6004);
#6000 = LINE('',#6001,#6002);
#6001 = CARTESIAN_POINT('',(34.,0.));
#6002 = VECTOR('',#6003,1.);
#6003 = DIRECTION('',(0.,-1.));
#6004 = ( GEOMETRIC_REPRESENTATION_CONTEXT(2) 
PARAMETRIC_REPRESENTATION_CONTEXT() REPRESENTATION_CONTEXT('2D SPACE',''
  ) );
#6005 = PCURVE('',#6006,#6011);
#6006 = PLANE('',#6007);
#6007 = AXIS2_PLACEMENT_3D('',#6008,#6009,#6010);
#6008 = CARTESIAN_POINT('',(17.625915506553,24.471018812734,
    65.798984344917));
#6009 = DIRECTION('',(-0.409576022144,0.709406479916,-0.573576436351));
#6010 = DIRECTION('',(-0.866025403784,-0.5,0.));
#6011 = DEFINITIONAL_REPRESENTATION('',(#6012),#6016);
#6012 = LINE('',#6013,#6014);
#6013 = CARTESIAN_POINT('',(0.,0.));
#6014 = VECTOR('',#6015,1.);
#6015 = DIRECTION('',(0.,1.));
#6016 = ( GEOMETRIC_REPRESENTATION_CONTEXT(2) 
PARAMETRIC_REPRESENTATION_CONTEXT() REPRESENTATION_CONTEXT('2D SPACE',''
  ) );
#6017 = ORIENTED_EDGE('',*,*,#5968,.T.);
#6018 = ORIENTED_EDGE('',*,*,#2256,.F.);
#6019 = ORIENTED_EDGE('',*,*,#6020,.T.);
#6020 = EDGE_CURVE('',#2231,#5991,#6021,.T.);
#6021 = SURFACE_CURVE('',#6022,(#6026,#6033),.PCURVE_S1.);
#6022 = LINE('',#6023,#6024);
#6023 = CARTESIAN_POINT('',(24.095006586903,13.266224382778,
    106.59853633236));
#6024 = VECTOR('',#6025,1.);
#6025 = DIRECTION('',(-0.409576022144,0.709406479916,-0.573576436351));
#6026 = PCURVE('',#2271,#6027);
#6027 = DEFINITIONAL_REPRESENTATION('',(#6028),#6032);
#6028 = LINE('',#6029,#6030);
#6029 = CARTESIAN_POINT('',(0.,-26.));
#6030 = VECTOR('',#6031,1.);
#6031 = DIRECTION('',(1.,0.));
#6032 = ( GEOMETRIC_REPRESENTATION_CONTEXT(2) 
PARAMETRIC_REPRESENTATION_CONTEXT() REPRESENTATION_CONTEXT('2D SPACE',''
  ) );
#6033 = PCURVE('',#2245,#6034);
#6034 = DEFINITIONAL_REPRESENTATION('',(#6035),#6039);
#6035 = LINE('',#6036,#6037);
#6036 = CARTESIAN_POINT('',(0.,0.));
#6037 = VECTOR('',#6038,1.);
#6038 = DIRECTION('',(1.,0.));
#6039 = ( GEOMETRIC_REPRESENTATION_CONTEXT(2) 
PARAMETRIC_REPRESENTATION_CONTEXT() REPRESENTATION_CONTEXT('2D SPACE',''
  ) );
#6040 = ADVANCED_FACE('',(#6041),#2245,.T.);
#6041 = FACE_BOUND('',#6042,.T.);
#6042 = EDGE_LOOP('',(#6043,#6044,#6045,#6068));
#6043 = ORIENTED_EDGE('',*,*,#2230,.F.);
#6044 = ORIENTED_EDGE('',*,*,#6020,.T.);
#6045 = ORIENTED_EDGE('',*,*,#6046,.T.);
#6046 = EDGE_CURVE('',#5991,#6047,#6049,.T.);
#6047 = VERTEX_POINT('',#6048);
#6048 = CARTESIAN_POINT('',(-6.953709872186,27.5,87.096937496431));
#6049 = SURFACE_CURVE('',#6050,(#6054,#6061),.PCURVE_S1.);
#6050 = LINE('',#6051,#6052);
#6051 = CARTESIAN_POINT('',(10.16942183399,37.38604469993,
    87.096937496431));
#6052 = VECTOR('',#6053,1.);
#6053 = DIRECTION('',(-0.866025403784,-0.5,0.));
#6054 = PCURVE('',#2245,#6055);
#6055 = DEFINITIONAL_REPRESENTATION('',(#6056),#6060);
#6056 = LINE('',#6057,#6058);
#6057 = CARTESIAN_POINT('',(34.,0.));
#6058 = VECTOR('',#6059,1.);
#6059 = DIRECTION('',(0.,1.));
#6060 = ( GEOMETRIC_REPRESENTATION_CONTEXT(2) 
PARAMETRIC_REPRESENTATION_CONTEXT() REPRESENTATION_CONTEXT('2D SPACE',''
  ) );
#6061 = PCURVE('',#6006,#6062);
#6062 = DEFINITIONAL_REPRESENTATION('',(#6063),#6067);
#6063 = LINE('',#6064,#6065);
#6064 = CARTESIAN_POINT('',(0.,26.));
#6065 = VECTOR('',#6066,1.);
#6066 = DIRECTION('',(1.,0.));
#6067 = ( GEOMETRIC_REPRESENTATION_CONTEXT(2) 
PARAMETRIC_REPRESENTATION_CONTEXT() REPRESENTATION_CONTEXT('2D SPACE',''
  ) );
#6068 = ORIENTED_EDGE('',*,*,#6069,.T.);
#6069 = EDGE_CURVE('',#6047,#2205,#6070,.T.);
#6070 = SURFACE_CURVE('',#6071,(#6075,#6081),.PCURVE_S1.);
#6071 = LINE('',#6072,#6073);
#6072 = CARTESIAN_POINT('',(5.842564775143,27.5,91.576961480962));
#6073 = VECTOR('',#6074,1.);
#6074 = DIRECTION('',(0.943827814196,-0.,0.330437675136));
#6075 = PCURVE('',#2245,#6076);
#6076 = DEFINITIONAL_REPRESENTATION('',(#6077),#6080);
#6077 = B_SPLINE_CURVE_WITH_KNOTS('',1,(#6078,#6079),.UNSPECIFIED.,.F.,
  .F.,(2,2),(-13.55784864024,10.631777827099),.PIECEWISE_BEZIER_KNOTS.);
#6078 = CARTESIAN_POINT('',(34.,19.772089399859));
#6079 = CARTESIAN_POINT('',(20.06434395539,0.));
#6080 = ( GEOMETRIC_REPRESENTATION_CONTEXT(2) 
PARAMETRIC_REPRESENTATION_CONTEXT() REPRESENTATION_CONTEXT('2D SPACE',''
  ) );
#6081 = PCURVE('',#2219,#6082);
#6082 = DEFINITIONAL_REPRESENTATION('',(#6083),#6086);
#6083 = B_SPLINE_CURVE_WITH_KNOTS('',1,(#6084,#6085),.UNSPECIFIED.,.F.,
  .F.,(2,2),(-13.55784864024,10.631777827099),.PIECEWISE_BEZIER_KNOTS.);
#6084 = CARTESIAN_POINT('',(5.947103316514,-6.357150273605));
#6085 = CARTESIAN_POINT('',(20.064343955391,-26.));
#6086 = ( GEOMETRIC_REPRESENTATION_CONTEXT(2) 
PARAMETRIC_REPRESENTATION_CONTEXT() REPRESENTATION_CONTEXT('2D SPACE',''
  ) );
#6087 = ADVANCED_FACE('',(#6088),#2219,.T.);
#6088 = FACE_BOUND('',#6089,.T.);
#6089 = EDGE_LOOP('',(#6090,#6109,#6137,#6165,#6186,#6187,#6188));
#6090 = ORIENTED_EDGE('',*,*,#6091,.F.);
#6091 = EDGE_CURVE('',#5770,#6047,#6092,.T.);
#6092 = SURFACE_CURVE('',#6093,(#6097,#6103),.PCURVE_S1.);
#6093 = LINE('',#6094,#6095);
#6094 = CARTESIAN_POINT('',(3.82605708551,27.5,79.399386149543));
#6095 = VECTOR('',#6096,1.);
#6096 = DIRECTION('',(-0.813814953382,0.,0.581124101765));
#6097 = PCURVE('',#2219,#6098);
#6098 = DEFINITIONAL_REPRESENTATION('',(#6099),#6102);
#6099 = B_SPLINE_CURVE_WITH_KNOTS('',1,(#6100,#6101),.UNSPECIFIED.,.F.,
  .F.,(2,2),(-14.80812716345,13.245968156394),.PIECEWISE_BEZIER_KNOTS.);
#6100 = CARTESIAN_POINT('',(34.,-6.097820597247));
#6101 = CARTESIAN_POINT('',(5.947103316514,-6.357150273605));
#6102 = ( GEOMETRIC_REPRESENTATION_CONTEXT(2) 
PARAMETRIC_REPRESENTATION_CONTEXT() REPRESENTATION_CONTEXT('2D SPACE',''
  ) );
#6103 = PCURVE('',#6006,#6104);
#6104 = DEFINITIONAL_REPRESENTATION('',(#6105),#6108);
#6105 = B_SPLINE_CURVE_WITH_KNOTS('',1,(#6106,#6107),.UNSPECIFIED.,.F.,
  .F.,(2,2),(-14.80812716345,13.245968156394),.PIECEWISE_BEZIER_KNOTS.);
#6106 = CARTESIAN_POINT('',(3.552713678801E-15,6.097820597247));
#6107 = CARTESIAN_POINT('',(19.772089399859,26.));
#6108 = ( GEOMETRIC_REPRESENTATION_CONTEXT(2) 
PARAMETRIC_REPRESENTATION_CONTEXT() REPRESENTATION_CONTEXT('2D SPACE',''
  ) );
#6109 = ORIENTED_EDGE('',*,*,#6110,.F.);
#6110 = EDGE_CURVE('',#6111,#5770,#6113,.T.);
#6111 = VERTEX_POINT('',#6112);
#6112 = CARTESIAN_POINT('',(12.379566195038,27.5,65.798984344917));
#6113 = SURFACE_CURVE('',#6114,(#6118,#6125),.PCURVE_S1.);
#6114 = LINE('',#6115,#6116);
#6115 = CARTESIAN_POINT('',(12.379566195038,27.5,65.798984344917));
#6116 = VECTOR('',#6117,1.);
#6117 = DIRECTION('',(0.573576436351,0.,0.819152044289));
#6118 = PCURVE('',#2219,#6119);
#6119 = DEFINITIONAL_REPRESENTATION('',(#6120),#6124);
#6120 = LINE('',#6121,#6122);
#6121 = CARTESIAN_POINT('',(34.,0.));
#6122 = VECTOR('',#6123,1.);
#6123 = DIRECTION('',(0.,-1.));
#6124 = ( GEOMETRIC_REPRESENTATION_CONTEXT(2) 
PARAMETRIC_REPRESENTATION_CONTEXT() REPRESENTATION_CONTEXT('2D SPACE',''
  ) );
#6125 = PCURVE('',#6126,#6131);
#6126 = PLANE('',#6127);
#6127 = AXIS2_PLACEMENT_3D('',#6128,#6129,#6130);
#6128 = CARTESIAN_POINT('',(12.379566195038,-27.5,65.798984344917));
#6129 = DIRECTION('',(0.819152044289,0.,-0.573576436351));
#6130 = DIRECTION('',(0.,1.,0.));
#6131 = DEFINITIONAL_REPRESENTATION('',(#6132),#6136);
#6132 = LINE('',#6133,#6134);
#6133 = CARTESIAN_POINT('',(55.,0.));
#6134 = VECTOR('',#6135,1.);
#6135 = DIRECTION('',(0.,1.));
#6136 = ( GEOMETRIC_REPRESENTATION_CONTEXT(2) 
PARAMETRIC_REPRESENTATION_CONTEXT() REPRESENTATION_CONTEXT('2D SPACE',''
  ) );
#6137 = ORIENTED_EDGE('',*,*,#6138,.F.);
#6138 = EDGE_CURVE('',#6139,#6111,#6141,.T.);
#6139 = VERTEX_POINT('',#6140);
#6140 = CARTESIAN_POINT('',(-15.47160331078,27.5,85.300583180853));
#6141 = SURFACE_CURVE('',#6142,(#6146,#6153),.PCURVE_S1.);
#6142 = LINE('',#6143,#6144);
#6143 = CARTESIAN_POINT('',(-15.47160331078,27.5,85.300583180853));
#6144 = VECTOR('',#6145,1.);
#6145 = DIRECTION('',(0.819152044289,0.,-0.573576436351));
#6146 = PCURVE('',#2219,#6147);
#6147 = DEFINITIONAL_REPRESENTATION('',(#6148),#6152);
#6148 = LINE('',#6149,#6150);
#6149 = CARTESIAN_POINT('',(0.,0.));
#6150 = VECTOR('',#6151,1.);
#6151 = DIRECTION('',(1.,0.));
#6152 = ( GEOMETRIC_REPRESENTATION_CONTEXT(2) 
PARAMETRIC_REPRESENTATION_CONTEXT() REPRESENTATION_CONTEXT('2D SPACE',''
  ) );
#6153 = PCURVE('',#6154,#6159);
#6154 = PLANE('',#6155);
#6155 = AXIS2_PLACEMENT_3D('',#6156,#6157,#6158);
#6156 = CARTESIAN_POINT('',(-15.47160331078,-27.5,85.300583180853));
#6157 = DIRECTION('',(0.573576436351,0.,0.819152044289));
#6158 = DIRECTION('',(0.819152044289,0.,-0.573576436351));
#6159 = DEFINITIONAL_REPRESENTATION('',(#6160),#6164);
#6160 = LINE('',#6161,#6162);
#6161 = CARTESIAN_POINT('',(0.,55.));
#6162 = VECTOR('',#6163,1.);
#6163 = DIRECTION('',(1.,0.));
#6164 = ( GEOMETRIC_REPRESENTATION_CONTEXT(2) 
PARAMETRIC_REPRESENTATION_CONTEXT() REPRESENTATION_CONTEXT('2D SPACE',''
  ) );
#6165 = ORIENTED_EDGE('',*,*,#6166,.T.);
#6166 = EDGE_CURVE('',#6139,#4749,#6167,.T.);
#6167 = SURFACE_CURVE('',#6168,(#6172,#6179),.PCURVE_S1.);
#6168 = LINE('',#6169,#6170);
#6169 = CARTESIAN_POINT('',(-15.47160331078,27.5,85.300583180853));
#6170 = VECTOR('',#6171,1.);
#6171 = DIRECTION('',(0.573576436351,0.,0.819152044289));
#6172 = PCURVE('',#2219,#6173);
#6173 = DEFINITIONAL_REPRESENTATION('',(#6174),#6178);
#6174 = LINE('',#6175,#6176);
#6175 = CARTESIAN_POINT('',(0.,0.));
#6176 = VECTOR('',#6177,1.);
#6177 = DIRECTION('',(0.,-1.));
#6178 = ( GEOMETRIC_REPRESENTATION_CONTEXT(2) 
PARAMETRIC_REPRESENTATION_CONTEXT() REPRESENTATION_CONTEXT('2D SPACE',''
  ) );
#6179 = PCURVE('',#4768,#6180);
#6180 = DEFINITIONAL_REPRESENTATION('',(#6181),#6185);
#6181 = LINE('',#6182,#6183);
#6182 = CARTESIAN_POINT('',(55.,0.));
#6183 = VECTOR('',#6184,1.);
#6184 = DIRECTION('',(0.,1.));
#6185 = ( GEOMETRIC_REPRESENTATION_CONTEXT(2) 
PARAMETRIC_REPRESENTATION_CONTEXT() REPRESENTATION_CONTEXT('2D SPACE',''
  ) );
#6186 = ORIENTED_EDGE('',*,*,#4780,.F.);
#6187 = ORIENTED_EDGE('',*,*,#2204,.F.);
#6188 = ORIENTED_EDGE('',*,*,#6069,.F.);
#6189 = ADVANCED_FACE('',(#6190),#2142,.F.);
#6190 = FACE_BOUND('',#6191,.F.);
#6191 = EDGE_LOOP('',(#6192,#6193,#6214,#6236));
#6192 = ORIENTED_EDGE('',*,*,#2127,.F.);
#6193 = ORIENTED_EDGE('',*,*,#6194,.T.);
#6194 = EDGE_CURVE('',#2102,#6195,#6197,.T.);
#6195 = VERTEX_POINT('',#6196);
#6196 = CARTESIAN_POINT('',(-12.48036062371,21.616618697056,
    89.572520462079));
#6197 = SURFACE_CURVE('',#6198,(#6202,#6208),.PCURVE_S1.);
#6198 = LINE('',#6199,#6200);
#6199 = CARTESIAN_POINT('',(-7.786531746731,13.486668600087,
    96.276002816731));
#6200 = VECTOR('',#6201,1.);
#6201 = DIRECTION('',(-0.406907476691,0.704784423608,-0.581124101765));
#6202 = PCURVE('',#2142,#6203);
#6203 = DEFINITIONAL_REPRESENTATION('',(#6204),#6207);
#6204 = B_SPLINE_CURVE_WITH_KNOTS('',1,(#6205,#6206),.UNSPECIFIED.,.F.,
  .F.,(2,2),(3.916552092435,18.886533190671),.PIECEWISE_BEZIER_KNOTS.);
#6205 = CARTESIAN_POINT('',(43.746993509086,10.620026989859));
#6206 = CARTESIAN_POINT('',(54.297603008836,-1.7763568394E-15));
#6207 = ( GEOMETRIC_REPRESENTATION_CONTEXT(2) 
PARAMETRIC_REPRESENTATION_CONTEXT() REPRESENTATION_CONTEXT('2D SPACE',''
  ) );
#6208 = PCURVE('',#2116,#6209);
#6209 = DEFINITIONAL_REPRESENTATION('',(#6210),#6213);
#6210 = B_SPLINE_CURVE_WITH_KNOTS('',1,(#6211,#6212),.UNSPECIFIED.,.F.,
  .F.,(2,2),(3.916552092435,18.886533190671),.PIECEWISE_BEZIER_KNOTS.);
#6211 = CARTESIAN_POINT('',(11.253006490914,10.620026989859));
#6212 = CARTESIAN_POINT('',(0.702396991164,8.881784197001E-15));
#6213 = ( GEOMETRIC_REPRESENTATION_CONTEXT(2) 
PARAMETRIC_REPRESENTATION_CONTEXT() REPRESENTATION_CONTEXT('2D SPACE',''
  ) );
#6214 = ORIENTED_EDGE('',*,*,#6215,.F.);
#6215 = EDGE_CURVE('',#4593,#6195,#6216,.T.);
#6216 = SURFACE_CURVE('',#6217,(#6222,#6229),.PCURVE_S1.);
#6217 = CIRCLE('',#6218,1.4);
#6218 = AXIS2_PLACEMENT_3D('',#6219,#6220,#6221);
#6219 = CARTESIAN_POINT('',(-12.60372112903,23.,89.396343402298));
#6220 = DIRECTION('',(0.819152044289,0.,-0.573576436351));
#6221 = DIRECTION('',(0.,1.,0.));
#6222 = PCURVE('',#2142,#6223);
#6223 = DEFINITIONAL_REPRESENTATION('',(#6224),#6228);
#6224 = CIRCLE('',#6225,1.4);
#6225 = AXIS2_PLACEMENT_2D('',#6226,#6227);
#6226 = CARTESIAN_POINT('',(50.5,5.));
#6227 = DIRECTION('',(1.,0.));
#6228 = ( GEOMETRIC_REPRESENTATION_CONTEXT(2) 
PARAMETRIC_REPRESENTATION_CONTEXT() REPRESENTATION_CONTEXT('2D SPACE',''
  ) );
#6229 = PCURVE('',#4613,#6230);
#6230 = DEFINITIONAL_REPRESENTATION('',(#6231),#6235);
#6231 = LINE('',#6232,#6233);
#6232 = CARTESIAN_POINT('',(0.,25.));
#6233 = VECTOR('',#6234,1.);
#6234 = DIRECTION('',(1.,0.));
#6235 = ( GEOMETRIC_REPRESENTATION_CONTEXT(2) 
PARAMETRIC_REPRESENTATION_CONTEXT() REPRESENTATION_CONTEXT('2D SPACE',''
  ) );
#6236 = ORIENTED_EDGE('',*,*,#4823,.F.);
#6237 = ADVANCED_FACE('',(#6238),#2116,.F.);
#6238 = FACE_BOUND('',#6239,.F.);
#6239 = EDGE_LOOP('',(#6240,#6241,#6242,#6264));
#6240 = ORIENTED_EDGE('',*,*,#2101,.F.);
#6241 = ORIENTED_EDGE('',*,*,#4387,.F.);
#6242 = ORIENTED_EDGE('',*,*,#6243,.F.);
#6243 = EDGE_CURVE('',#6195,#4337,#6244,.T.);
#6244 = SURFACE_CURVE('',#6245,(#6250,#6257),.PCURVE_S1.);
#6245 = CIRCLE('',#6246,1.4);
#6246 = AXIS2_PLACEMENT_3D('',#6247,#6248,#6249);
#6247 = CARTESIAN_POINT('',(-13.61672372252,22.415142679957,
    89.396343402298));
#6248 = DIRECTION('',(-0.409576022144,-0.709406479916,-0.573576436351));
#6249 = DIRECTION('',(0.866025403784,-0.5,5.551115123126E-17));
#6250 = PCURVE('',#2116,#6251);
#6251 = DEFINITIONAL_REPRESENTATION('',(#6252),#6256);
#6252 = CIRCLE('',#6253,1.4);
#6253 = AXIS2_PLACEMENT_2D('',#6254,#6255);
#6254 = CARTESIAN_POINT('',(4.5,5.));
#6255 = DIRECTION('',(1.,7.322764862755E-17));
#6256 = ( GEOMETRIC_REPRESENTATION_CONTEXT(2) 
PARAMETRIC_REPRESENTATION_CONTEXT() REPRESENTATION_CONTEXT('2D SPACE',''
  ) );
#6257 = PCURVE('',#4364,#6258);
#6258 = DEFINITIONAL_REPRESENTATION('',(#6259),#6263);
#6259 = LINE('',#6260,#6261);
#6260 = CARTESIAN_POINT('',(5.551115123126E-17,25.));
#6261 = VECTOR('',#6262,1.);
#6262 = DIRECTION('',(1.,0.));
#6263 = ( GEOMETRIC_REPRESENTATION_CONTEXT(2) 
PARAMETRIC_REPRESENTATION_CONTEXT() REPRESENTATION_CONTEXT('2D SPACE',''
  ) );
#6264 = ORIENTED_EDGE('',*,*,#6194,.F.);
#6265 = ADVANCED_FACE('',(#6266),#1988,.F.);
#6266 = FACE_BOUND('',#6267,.F.);
#6267 = EDGE_LOOP('',(#6268,#6298,#6326,#6347,#6348,#6349,#6370));
#6268 = ORIENTED_EDGE('',*,*,#6269,.F.);
#6269 = EDGE_CURVE('',#6270,#6272,#6274,.T.);
#6270 = VERTEX_POINT('',#6271);
#6271 = CARTESIAN_POINT('',(-30.00548170159,3.028981187266,
    65.798984344917));
#6272 = VERTEX_POINT('',#6273);
#6273 = CARTESIAN_POINT('',(-31.75426480542,9.325873406851E-15,
    70.79402655286));
#6274 = SURFACE_CURVE('',#6275,(#6279,#6286),.PCURVE_S1.);
#6275 = LINE('',#6276,#6277);
#6276 = CARTESIAN_POINT('',(-30.00548170159,3.028981187266,
    65.798984344917));
#6277 = VECTOR('',#6278,1.);
#6278 = DIRECTION('',(-0.286788218176,-0.496731764892,0.819152044289));
#6279 = PCURVE('',#1988,#6280);
#6280 = DEFINITIONAL_REPRESENTATION('',(#6281),#6285);
#6281 = LINE('',#6282,#6283);
#6282 = CARTESIAN_POINT('',(34.,0.));
#6283 = VECTOR('',#6284,1.);
#6284 = DIRECTION('',(0.,-1.));
#6285 = ( GEOMETRIC_REPRESENTATION_CONTEXT(2) 
PARAMETRIC_REPRESENTATION_CONTEXT() REPRESENTATION_CONTEXT('2D SPACE',''
  ) );
#6286 = PCURVE('',#6287,#6292);
#6287 = PLANE('',#6288);
#6288 = AXIS2_PLACEMENT_3D('',#6289,#6290,#6291);
#6289 = CARTESIAN_POINT('',(-30.00548170159,3.028981187266,
    65.798984344917));
#6290 = DIRECTION('',(-0.409576022144,-0.709406479916,-0.573576436351));
#6291 = DIRECTION('',(0.866025403784,-0.5,5.551115123126E-17));
#6292 = DEFINITIONAL_REPRESENTATION('',(#6293),#6297);
#6293 = LINE('',#6294,#6295);
#6294 = CARTESIAN_POINT('',(0.,0.));
#6295 = VECTOR('',#6296,1.);
#6296 = DIRECTION('',(0.,1.));
#6297 = ( GEOMETRIC_REPRESENTATION_CONTEXT(2) 
PARAMETRIC_REPRESENTATION_CONTEXT() REPRESENTATION_CONTEXT('2D SPACE',''
  ) );
#6298 = ORIENTED_EDGE('',*,*,#6299,.F.);
#6299 = EDGE_CURVE('',#6300,#6270,#6302,.T.);
#6300 = VERTEX_POINT('',#6301);
#6301 = CARTESIAN_POINT('',(-16.07989694867,27.148801504418,
    85.300583180853));
#6302 = SURFACE_CURVE('',#6303,(#6307,#6314),.PCURVE_S1.);
#6303 = LINE('',#6304,#6305);
#6304 = CARTESIAN_POINT('',(-16.07989694867,27.148801504418,
    85.300583180853));
#6305 = VECTOR('',#6306,1.);
#6306 = DIRECTION('',(-0.409576022144,-0.709406479916,-0.573576436351));
#6307 = PCURVE('',#1988,#6308);
#6308 = DEFINITIONAL_REPRESENTATION('',(#6309),#6313);
#6309 = LINE('',#6310,#6311);
#6310 = CARTESIAN_POINT('',(0.,0.));
#6311 = VECTOR('',#6312,1.);
#6312 = DIRECTION('',(1.,0.));
#6313 = ( GEOMETRIC_REPRESENTATION_CONTEXT(2) 
PARAMETRIC_REPRESENTATION_CONTEXT() REPRESENTATION_CONTEXT('2D SPACE',''
  ) );
#6314 = PCURVE('',#6315,#6320);
#6315 = PLANE('',#6316);
#6316 = AXIS2_PLACEMENT_3D('',#6317,#6318,#6319);
#6317 = CARTESIAN_POINT('',(-16.07989694867,27.148801504418,
    85.300583180853));
#6318 = DIRECTION('',(-0.286788218176,-0.496731764892,0.819152044289));
#6319 = DIRECTION('',(-0.409576022144,-0.709406479916,-0.573576436351));
#6320 = DEFINITIONAL_REPRESENTATION('',(#6321),#6325);
#6321 = LINE('',#6322,#6323);
#6322 = CARTESIAN_POINT('',(0.,0.));
#6323 = VECTOR('',#6324,1.);
#6324 = DIRECTION('',(1.,0.));
#6325 = ( GEOMETRIC_REPRESENTATION_CONTEXT(2) 
PARAMETRIC_REPRESENTATION_CONTEXT() REPRESENTATION_CONTEXT('2D SPACE',''
  ) );
#6326 = ORIENTED_EDGE('',*,*,#6327,.T.);
#6327 = EDGE_CURVE('',#6300,#4303,#6328,.T.);
#6328 = SURFACE_CURVE('',#6329,(#6333,#6340),.PCURVE_S1.);
#6329 = LINE('',#6330,#6331);
#6330 = CARTESIAN_POINT('',(-16.07989694867,27.148801504418,
    85.300583180853));
#6331 = VECTOR('',#6332,1.);
#6332 = DIRECTION('',(-0.286788218176,-0.496731764892,0.819152044289));
#6333 = PCURVE('',#1988,#6334);
#6334 = DEFINITIONAL_REPRESENTATION('',(#6335),#6339);
#6335 = LINE('',#6336,#6337);
#6336 = CARTESIAN_POINT('',(0.,0.));
#6337 = VECTOR('',#6338,1.);
#6338 = DIRECTION('',(0.,-1.));
#6339 = ( GEOMETRIC_REPRESENTATION_CONTEXT(2) 
PARAMETRIC_REPRESENTATION_CONTEXT() REPRESENTATION_CONTEXT('2D SPACE',''
  ) );
#6340 = PCURVE('',#4324,#6341);
#6341 = DEFINITIONAL_REPRESENTATION('',(#6342),#6346);
#6342 = LINE('',#6343,#6344);
#6343 = CARTESIAN_POINT('',(0.,0.));
#6344 = VECTOR('',#6345,1.);
#6345 = DIRECTION('',(0.,1.));
#6346 = ( GEOMETRIC_REPRESENTATION_CONTEXT(2) 
PARAMETRIC_REPRESENTATION_CONTEXT() REPRESENTATION_CONTEXT('2D SPACE',''
  ) );
#6347 = ORIENTED_EDGE('',*,*,#4437,.F.);
#6348 = ORIENTED_EDGE('',*,*,#1973,.F.);
#6349 = ORIENTED_EDGE('',*,*,#6350,.T.);
#6350 = EDGE_CURVE('',#1948,#6351,#6353,.T.);
#6351 = VERTEX_POINT('',#6352);
#6352 = CARTESIAN_POINT('',(-20.33884366797,19.772089399859,
    87.096937496431));
#6353 = SURFACE_CURVE('',#6354,(#6358,#6364),.PCURVE_S1.);
#6354 = LINE('',#6355,#6356);
#6355 = CARTESIAN_POINT('',(-16.12933852757,27.063166177764,
    84.149410264987));
#6356 = VECTOR('',#6357,1.);
#6357 = DIRECTION('',(0.471913907098,0.817378863892,-0.330437675136));
#6358 = PCURVE('',#1988,#6359);
#6359 = DEFINITIONAL_REPRESENTATION('',(#6360),#6363);
#6360 = B_SPLINE_CURVE_WITH_KNOTS('',1,(#6361,#6362),.UNSPECIFIED.,.F.,
  .F.,(2,2),(-29.81073429643,-8.920070116794),.PIECEWISE_BEZIER_KNOTS.);
#6361 = CARTESIAN_POINT('',(18.139045748036,-23.32112355856));
#6362 = CARTESIAN_POINT('',(5.947103316514,-6.357150273605));
#6363 = ( GEOMETRIC_REPRESENTATION_CONTEXT(2) 
PARAMETRIC_REPRESENTATION_CONTEXT() REPRESENTATION_CONTEXT('2D SPACE',''
  ) );
#6364 = PCURVE('',#1962,#6365);
#6365 = DEFINITIONAL_REPRESENTATION('',(#6366),#6369);
#6366 = B_SPLINE_CURVE_WITH_KNOTS('',1,(#6367,#6368),.UNSPECIFIED.,.F.,
  .F.,(2,2),(-29.81073429643,-8.920070116794),.PIECEWISE_BEZIER_KNOTS.);
#6367 = CARTESIAN_POINT('',(21.964877798181,52.303497953249));
#6368 = CARTESIAN_POINT('',(34.,35.227910600141));
#6369 = ( GEOMETRIC_REPRESENTATION_CONTEXT(2) 
PARAMETRIC_REPRESENTATION_CONTEXT() REPRESENTATION_CONTEXT('2D SPACE',''
  ) );
#6370 = ORIENTED_EDGE('',*,*,#6371,.T.);
#6371 = EDGE_CURVE('',#6351,#6272,#6372,.T.);
#6372 = SURFACE_CURVE('',#6373,(#6377,#6383),.PCURVE_S1.);
#6373 = LINE('',#6374,#6375);
#6374 = CARTESIAN_POINT('',(-17.84222073273,24.09636717105,
    90.662484564991));
#6375 = VECTOR('',#6376,1.);
#6376 = DIRECTION('',(-0.406907476691,-0.704784423608,-0.581124101765));
#6377 = PCURVE('',#1988,#6378);
#6378 = DEFINITIONAL_REPRESENTATION('',(#6379),#6382);
#6379 = B_SPLINE_CURVE_WITH_KNOTS('',1,(#6380,#6381),.UNSPECIFIED.,.F.,
  .F.,(2,2),(6.135603492839,34.189698812691),.PIECEWISE_BEZIER_KNOTS.);
#6380 = CARTESIAN_POINT('',(5.947103316514,-6.357150273605));
#6381 = CARTESIAN_POINT('',(34.,-6.097820597247));
#6382 = ( GEOMETRIC_REPRESENTATION_CONTEXT(2) 
PARAMETRIC_REPRESENTATION_CONTEXT() REPRESENTATION_CONTEXT('2D SPACE',''
  ) );
#6383 = PCURVE('',#6384,#6389);
#6384 = PLANE('',#6385);
#6385 = AXIS2_PLACEMENT_3D('',#6386,#6387,#6388);
#6386 = CARTESIAN_POINT('',(17.625915506553,24.471018812734,
    65.798984344917));
#6387 = DIRECTION('',(-0.409576022144,0.709406479916,-0.573576436351));
#6388 = DIRECTION('',(-0.866025403784,-0.5,0.));
#6389 = DEFINITIONAL_REPRESENTATION('',(#6390),#6393);
#6390 = B_SPLINE_CURVE_WITH_KNOTS('',1,(#6391,#6392),.UNSPECIFIED.,.F.,
  .F.,(2,2),(6.135603492839,34.189698812691),.PIECEWISE_BEZIER_KNOTS.);
#6391 = CARTESIAN_POINT('',(35.227910600141,26.));
#6392 = CARTESIAN_POINT('',(55.,6.097820597247));
#6393 = ( GEOMETRIC_REPRESENTATION_CONTEXT(2) 
PARAMETRIC_REPRESENTATION_CONTEXT() REPRESENTATION_CONTEXT('2D SPACE',''
  ) );
#6394 = ADVANCED_FACE('',(#6395),#1962,.T.);
#6395 = FACE_BOUND('',#6396,.T.);
#6396 = EDGE_LOOP('',(#6397,#6420,#6421,#6422));
#6397 = ORIENTED_EDGE('',*,*,#6398,.F.);
#6398 = EDGE_CURVE('',#1922,#6399,#6401,.T.);
#6399 = VERTEX_POINT('',#6400);
#6400 = CARTESIAN_POINT('',(-37.46197537415,9.88604469993,
    87.096937496431));
#6401 = SURFACE_CURVE('',#6402,(#6406,#6413),.PCURVE_S1.);
#6402 = LINE('',#6403,#6404);
#6403 = CARTESIAN_POINT('',(-23.53639062124,-14.23377561722,
    106.59853633236));
#6404 = VECTOR('',#6405,1.);
#6405 = DIRECTION('',(-0.409576022144,0.709406479916,-0.573576436351));
#6406 = PCURVE('',#1962,#6407);
#6407 = DEFINITIONAL_REPRESENTATION('',(#6408),#6412);
#6408 = LINE('',#6409,#6410);
#6409 = CARTESIAN_POINT('',(0.,55.));
#6410 = VECTOR('',#6411,1.);
#6411 = DIRECTION('',(1.,0.));
#6412 = ( GEOMETRIC_REPRESENTATION_CONTEXT(2) 
PARAMETRIC_REPRESENTATION_CONTEXT() REPRESENTATION_CONTEXT('2D SPACE',''
  ) );
#6413 = PCURVE('',#1936,#6414);
#6414 = DEFINITIONAL_REPRESENTATION('',(#6415),#6419);
#6415 = LINE('',#6416,#6417);
#6416 = CARTESIAN_POINT('',(0.,-26.));
#6417 = VECTOR('',#6418,1.);
#6418 = DIRECTION('',(1.,0.));
#6419 = ( GEOMETRIC_REPRESENTATION_CONTEXT(2) 
PARAMETRIC_REPRESENTATION_CONTEXT() REPRESENTATION_CONTEXT('2D SPACE',''
  ) );
#6420 = ORIENTED_EDGE('',*,*,#1947,.F.);
#6421 = ORIENTED_EDGE('',*,*,#6350,.T.);
#6422 = ORIENTED_EDGE('',*,*,#6423,.T.);
#6423 = EDGE_CURVE('',#6351,#6399,#6424,.T.);
#6424 = SURFACE_CURVE('',#6425,(#6429,#6436),.PCURVE_S1.);
#6425 = LINE('',#6426,#6427);
#6426 = CARTESIAN_POINT('',(10.16942183399,37.38604469993,
    87.096937496431));
#6427 = VECTOR('',#6428,1.);
#6428 = DIRECTION('',(-0.866025403784,-0.5,0.));
#6429 = PCURVE('',#1962,#6430);
#6430 = DEFINITIONAL_REPRESENTATION('',(#6431),#6435);
#6431 = LINE('',#6432,#6433);
#6432 = CARTESIAN_POINT('',(34.,0.));
#6433 = VECTOR('',#6434,1.);
#6434 = DIRECTION('',(0.,1.));
#6435 = ( GEOMETRIC_REPRESENTATION_CONTEXT(2) 
PARAMETRIC_REPRESENTATION_CONTEXT() REPRESENTATION_CONTEXT('2D SPACE',''
  ) );
#6436 = PCURVE('',#6384,#6437);
#6437 = DEFINITIONAL_REPRESENTATION('',(#6438),#6442);
#6438 = LINE('',#6439,#6440);
#6439 = CARTESIAN_POINT('',(0.,26.));
#6440 = VECTOR('',#6441,1.);
#6441 = DIRECTION('',(1.,0.));
#6442 = ( GEOMETRIC_REPRESENTATION_CONTEXT(2) 
PARAMETRIC_REPRESENTATION_CONTEXT() REPRESENTATION_CONTEXT('2D SPACE',''
  ) );
#6443 = ADVANCED_FACE('',(#6444),#1936,.T.);
#6444 = FACE_BOUND('',#6445,.T.);
#6445 = EDGE_LOOP('',(#6446,#6447,#6448,#6469));
#6446 = ORIENTED_EDGE('',*,*,#1921,.F.);
#6447 = ORIENTED_EDGE('',*,*,#6398,.T.);
#6448 = ORIENTED_EDGE('',*,*,#6449,.F.);
#6449 = EDGE_CURVE('',#6272,#6399,#6450,.T.);
#6450 = SURFACE_CURVE('',#6451,(#6455,#6462),.PCURVE_S1.);
#6451 = LINE('',#6452,#6453);
#6452 = CARTESIAN_POINT('',(-30.00548170159,-3.028981187266,
    65.798984344917));
#6453 = VECTOR('',#6454,1.);
#6454 = DIRECTION('',(-0.286788218176,0.496731764892,0.819152044289));
#6455 = PCURVE('',#1936,#6456);
#6456 = DEFINITIONAL_REPRESENTATION('',(#6457),#6461);
#6457 = LINE('',#6458,#6459);
#6458 = CARTESIAN_POINT('',(34.,0.));
#6459 = VECTOR('',#6460,1.);
#6460 = DIRECTION('',(0.,-1.));
#6461 = ( GEOMETRIC_REPRESENTATION_CONTEXT(2) 
PARAMETRIC_REPRESENTATION_CONTEXT() REPRESENTATION_CONTEXT('2D SPACE',''
  ) );
#6462 = PCURVE('',#6384,#6463);
#6463 = DEFINITIONAL_REPRESENTATION('',(#6464),#6468);
#6464 = LINE('',#6465,#6466);
#6465 = CARTESIAN_POINT('',(55.,0.));
#6466 = VECTOR('',#6467,1.);
#6467 = DIRECTION('',(0.,1.));
#6468 = ( GEOMETRIC_REPRESENTATION_CONTEXT(2) 
PARAMETRIC_REPRESENTATION_CONTEXT() REPRESENTATION_CONTEXT('2D SPACE',''
  ) );
#6469 = ORIENTED_EDGE('',*,*,#6470,.T.);
#6470 = EDGE_CURVE('',#6272,#1896,#6471,.T.);
#6471 = SURFACE_CURVE('',#6472,(#6476,#6482),.PCURVE_S1.);
#6472 = LINE('',#6473,#6474);
#6473 = CARTESIAN_POINT('',(-31.75426480542,3.552713678801E-15,
    85.300583180853));
#6474 = VECTOR('',#6475,1.);
#6475 = DIRECTION('',(-3.204937810639E-17,5.551115123126E-17,1.));
#6476 = PCURVE('',#1936,#6477);
#6477 = DEFINITIONAL_REPRESENTATION('',(#6478),#6481);
#6478 = B_SPLINE_CURVE_WITH_KNOTS('',1,(#6479,#6480),.UNSPECIFIED.,.F.,
  .F.,(2,2),(-14.50655662799,9.789518247859),.PIECEWISE_BEZIER_KNOTS.);
#6479 = CARTESIAN_POINT('',(34.,-6.097820597247));
#6480 = CARTESIAN_POINT('',(20.064343955391,-26.));
#6481 = ( GEOMETRIC_REPRESENTATION_CONTEXT(2) 
PARAMETRIC_REPRESENTATION_CONTEXT() REPRESENTATION_CONTEXT('2D SPACE',''
  ) );
#6482 = PCURVE('',#1910,#6483);
#6483 = DEFINITIONAL_REPRESENTATION('',(#6484),#6487);
#6484 = B_SPLINE_CURVE_WITH_KNOTS('',1,(#6485,#6486),.UNSPECIFIED.,.F.,
  .F.,(2,2),(-14.50655662799,9.789518247859),.PIECEWISE_BEZIER_KNOTS.);
#6485 = CARTESIAN_POINT('',(34.,-6.097820597247));
#6486 = CARTESIAN_POINT('',(20.064343955391,-26.));
#6487 = ( GEOMETRIC_REPRESENTATION_CONTEXT(2) 
PARAMETRIC_REPRESENTATION_CONTEXT() REPRESENTATION_CONTEXT('2D SPACE',''
  ) );
#6488 = ADVANCED_FACE('',(#6489),#1910,.F.);
#6489 = FACE_BOUND('',#6490,.F.);
#6490 = EDGE_LOOP('',(#6491,#6519,#6520,#6521));
#6491 = ORIENTED_EDGE('',*,*,#6492,.F.);
#6492 = EDGE_CURVE('',#6272,#6493,#6495,.T.);
#6493 = VERTEX_POINT('',#6494);
#6494 = CARTESIAN_POINT('',(-37.46197537415,-9.88604469993,
    87.096937496431));
#6495 = SURFACE_CURVE('',#6496,(#6500,#6507),.PCURVE_S1.);
#6496 = LINE('',#6497,#6498);
#6497 = CARTESIAN_POINT('',(-30.00548170159,3.028981187266,
    65.798984344917));
#6498 = VECTOR('',#6499,1.);
#6499 = DIRECTION('',(-0.286788218176,-0.496731764892,0.819152044289));
#6500 = PCURVE('',#1910,#6501);
#6501 = DEFINITIONAL_REPRESENTATION('',(#6502),#6506);
#6502 = LINE('',#6503,#6504);
#6503 = CARTESIAN_POINT('',(34.,0.));
#6504 = VECTOR('',#6505,1.);
#6505 = DIRECTION('',(0.,-1.));
#6506 = ( GEOMETRIC_REPRESENTATION_CONTEXT(2) 
PARAMETRIC_REPRESENTATION_CONTEXT() REPRESENTATION_CONTEXT('2D SPACE',''
  ) );
#6507 = PCURVE('',#6508,#6513);
#6508 = PLANE('',#6509);
#6509 = AXIS2_PLACEMENT_3D('',#6510,#6511,#6512);
#6510 = CARTESIAN_POINT('',(-30.00548170159,3.028981187266,
    65.798984344917));
#6511 = DIRECTION('',(-0.409576022144,-0.709406479916,-0.573576436351));
#6512 = DIRECTION('',(0.866025403784,-0.5,5.551115123126E-17));
#6513 = DEFINITIONAL_REPRESENTATION('',(#6514),#6518);
#6514 = LINE('',#6515,#6516);
#6515 = CARTESIAN_POINT('',(0.,0.));
#6516 = VECTOR('',#6517,1.);
#6517 = DIRECTION('',(0.,1.));
#6518 = ( GEOMETRIC_REPRESENTATION_CONTEXT(2) 
PARAMETRIC_REPRESENTATION_CONTEXT() REPRESENTATION_CONTEXT('2D SPACE',''
  ) );
#6519 = ORIENTED_EDGE('',*,*,#6470,.T.);
#6520 = ORIENTED_EDGE('',*,*,#1895,.F.);
#6521 = ORIENTED_EDGE('',*,*,#6522,.T.);
#6522 = EDGE_CURVE('',#1870,#6493,#6523,.T.);
#6523 = SURFACE_CURVE('',#6524,(#6528,#6535),.PCURVE_S1.);
#6524 = LINE('',#6525,#6526);
#6525 = CARTESIAN_POINT('',(-23.53639062124,14.233775617222,
    106.59853633236));
#6526 = VECTOR('',#6527,1.);
#6527 = DIRECTION('',(-0.409576022144,-0.709406479916,-0.573576436351));
#6528 = PCURVE('',#1910,#6529);
#6529 = DEFINITIONAL_REPRESENTATION('',(#6530),#6534);
#6530 = LINE('',#6531,#6532);
#6531 = CARTESIAN_POINT('',(0.,-26.));
#6532 = VECTOR('',#6533,1.);
#6533 = DIRECTION('',(1.,0.));
#6534 = ( GEOMETRIC_REPRESENTATION_CONTEXT(2) 
PARAMETRIC_REPRESENTATION_CONTEXT() REPRESENTATION_CONTEXT('2D SPACE',''
  ) );
#6535 = PCURVE('',#1884,#6536);
#6536 = DEFINITIONAL_REPRESENTATION('',(#6537),#6541);
#6537 = LINE('',#6538,#6539);
#6538 = CARTESIAN_POINT('',(0.,0.));
#6539 = VECTOR('',#6540,1.);
#6540 = DIRECTION('',(1.,0.));
#6541 = ( GEOMETRIC_REPRESENTATION_CONTEXT(2) 
PARAMETRIC_REPRESENTATION_CONTEXT() REPRESENTATION_CONTEXT('2D SPACE',''
  ) );
#6542 = ADVANCED_FACE('',(#6543),#1884,.T.);
#6543 = FACE_BOUND('',#6544,.T.);
#6544 = EDGE_LOOP('',(#6545,#6546,#6547,#6570));
#6545 = ORIENTED_EDGE('',*,*,#1869,.F.);
#6546 = ORIENTED_EDGE('',*,*,#6522,.T.);
#6547 = ORIENTED_EDGE('',*,*,#6548,.T.);
#6548 = EDGE_CURVE('',#6493,#6549,#6551,.T.);
#6549 = VERTEX_POINT('',#6550);
#6550 = CARTESIAN_POINT('',(-20.33884366797,-19.77208939985,
    87.096937496431));
#6551 = SURFACE_CURVE('',#6552,(#6556,#6563),.PCURVE_S1.);
#6552 = LINE('',#6553,#6554);
#6553 = CARTESIAN_POINT('',(-37.46197537415,-9.88604469993,
    87.096937496431));
#6554 = VECTOR('',#6555,1.);
#6555 = DIRECTION('',(0.866025403784,-0.5,5.551115123126E-17));
#6556 = PCURVE('',#1884,#6557);
#6557 = DEFINITIONAL_REPRESENTATION('',(#6558),#6562);
#6558 = LINE('',#6559,#6560);
#6559 = CARTESIAN_POINT('',(34.,0.));
#6560 = VECTOR('',#6561,1.);
#6561 = DIRECTION('',(0.,1.));
#6562 = ( GEOMETRIC_REPRESENTATION_CONTEXT(2) 
PARAMETRIC_REPRESENTATION_CONTEXT() REPRESENTATION_CONTEXT('2D SPACE',''
  ) );
#6563 = PCURVE('',#6508,#6564);
#6564 = DEFINITIONAL_REPRESENTATION('',(#6565),#6569);
#6565 = LINE('',#6566,#6567);
#6566 = CARTESIAN_POINT('',(0.,26.));
#6567 = VECTOR('',#6568,1.);
#6568 = DIRECTION('',(1.,0.));
#6569 = ( GEOMETRIC_REPRESENTATION_CONTEXT(2) 
PARAMETRIC_REPRESENTATION_CONTEXT() REPRESENTATION_CONTEXT('2D SPACE',''
  ) );
#6570 = ORIENTED_EDGE('',*,*,#6571,.T.);
#6571 = EDGE_CURVE('',#6549,#1844,#6572,.T.);
#6572 = SURFACE_CURVE('',#6573,(#6577,#6583),.PCURVE_S1.);
#6573 = LINE('',#6574,#6575);
#6574 = CARTESIAN_POINT('',(-26.73698099164,-8.69019048147,
    91.576961480962));
#6575 = VECTOR('',#6576,1.);
#6576 = DIRECTION('',(-0.471913907098,0.817378863892,0.330437675136));
#6577 = PCURVE('',#1884,#6578);
#6578 = DEFINITIONAL_REPRESENTATION('',(#6579),#6582);
#6579 = B_SPLINE_CURVE_WITH_KNOTS('',1,(#6580,#6581),.UNSPECIFIED.,.F.,
  .F.,(2,2),(-13.55784864024,10.631777827099),.PIECEWISE_BEZIER_KNOTS.);
#6580 = CARTESIAN_POINT('',(34.,19.772089399859));
#6581 = CARTESIAN_POINT('',(20.064343955391,0.));
#6582 = ( GEOMETRIC_REPRESENTATION_CONTEXT(2) 
PARAMETRIC_REPRESENTATION_CONTEXT() REPRESENTATION_CONTEXT('2D SPACE',''
  ) );
#6583 = PCURVE('',#1858,#6584);
#6584 = DEFINITIONAL_REPRESENTATION('',(#6585),#6588);
#6585 = B_SPLINE_CURVE_WITH_KNOTS('',1,(#6586,#6587),.UNSPECIFIED.,.F.,
  .F.,(2,2),(-13.55784864024,10.631777827099),.PIECEWISE_BEZIER_KNOTS.);
#6586 = CARTESIAN_POINT('',(5.947103316514,-6.357150273605));
#6587 = CARTESIAN_POINT('',(20.064343955391,-26.));
#6588 = ( GEOMETRIC_REPRESENTATION_CONTEXT(2) 
PARAMETRIC_REPRESENTATION_CONTEXT() REPRESENTATION_CONTEXT('2D SPACE',''
  ) );
#6589 = ADVANCED_FACE('',(#6590),#1858,.T.);
#6590 = FACE_BOUND('',#6591,.T.);
#6591 = EDGE_LOOP('',(#6592,#6611,#6639,#6667,#6688,#6689,#6690));
#6592 = ORIENTED_EDGE('',*,*,#6593,.F.);
#6593 = EDGE_CURVE('',#6272,#6549,#6594,.T.);
#6594 = SURFACE_CURVE('',#6595,(#6599,#6605),.PCURVE_S1.);
#6595 = LINE('',#6596,#6597);
#6596 = CARTESIAN_POINT('',(-25.72872714682,-10.43653736761,
    79.399386149543));
#6597 = VECTOR('',#6598,1.);
#6598 = DIRECTION('',(0.406907476691,-0.704784423608,0.581124101765));
#6599 = PCURVE('',#1858,#6600);
#6600 = DEFINITIONAL_REPRESENTATION('',(#6601),#6604);
#6601 = B_SPLINE_CURVE_WITH_KNOTS('',1,(#6602,#6603),.UNSPECIFIED.,.F.,
  .F.,(2,2),(-14.80812716345,13.245968156394),.PIECEWISE_BEZIER_KNOTS.);
#6602 = CARTESIAN_POINT('',(34.,-6.097820597247));
#6603 = CARTESIAN_POINT('',(5.947103316514,-6.357150273605));
#6604 = ( GEOMETRIC_REPRESENTATION_CONTEXT(2) 
PARAMETRIC_REPRESENTATION_CONTEXT() REPRESENTATION_CONTEXT('2D SPACE',''
  ) );
#6605 = PCURVE('',#6508,#6606);
#6606 = DEFINITIONAL_REPRESENTATION('',(#6607),#6610);
#6607 = B_SPLINE_CURVE_WITH_KNOTS('',1,(#6608,#6609),.UNSPECIFIED.,.F.,
  .F.,(2,2),(-14.80812716345,13.245968156394),.PIECEWISE_BEZIER_KNOTS.);
#6608 = CARTESIAN_POINT('',(-1.7763568394E-15,6.097820597247));
#6609 = CARTESIAN_POINT('',(19.772089399859,26.));
#6610 = ( GEOMETRIC_REPRESENTATION_CONTEXT(2) 
PARAMETRIC_REPRESENTATION_CONTEXT() REPRESENTATION_CONTEXT('2D SPACE',''
  ) );
#6611 = ORIENTED_EDGE('',*,*,#6612,.F.);
#6612 = EDGE_CURVE('',#6613,#6272,#6615,.T.);
#6613 = VERTEX_POINT('',#6614);
#6614 = CARTESIAN_POINT('',(-30.00548170159,-3.028981187266,
    65.798984344917));
#6615 = SURFACE_CURVE('',#6616,(#6620,#6627),.PCURVE_S1.);
#6616 = LINE('',#6617,#6618);
#6617 = CARTESIAN_POINT('',(-30.00548170159,-3.028981187266,
    65.798984344917));
#6618 = VECTOR('',#6619,1.);
#6619 = DIRECTION('',(-0.286788218176,0.496731764892,0.819152044289));
#6620 = PCURVE('',#1858,#6621);
#6621 = DEFINITIONAL_REPRESENTATION('',(#6622),#6626);
#6622 = LINE('',#6623,#6624);
#6623 = CARTESIAN_POINT('',(34.,0.));
#6624 = VECTOR('',#6625,1.);
#6625 = DIRECTION('',(0.,-1.));
#6626 = ( GEOMETRIC_REPRESENTATION_CONTEXT(2) 
PARAMETRIC_REPRESENTATION_CONTEXT() REPRESENTATION_CONTEXT('2D SPACE',''
  ) );
#6627 = PCURVE('',#6628,#6633);
#6628 = PLANE('',#6629);
#6629 = AXIS2_PLACEMENT_3D('',#6630,#6631,#6632);
#6630 = CARTESIAN_POINT('',(17.625915506553,24.471018812734,
    65.798984344917));
#6631 = DIRECTION('',(-0.409576022144,0.709406479916,-0.573576436351));
#6632 = DIRECTION('',(-0.866025403784,-0.5,0.));
#6633 = DEFINITIONAL_REPRESENTATION('',(#6634),#6638);
#6634 = LINE('',#6635,#6636);
#6635 = CARTESIAN_POINT('',(55.,0.));
#6636 = VECTOR('',#6637,1.);
#6637 = DIRECTION('',(0.,1.));
#6638 = ( GEOMETRIC_REPRESENTATION_CONTEXT(2) 
PARAMETRIC_REPRESENTATION_CONTEXT() REPRESENTATION_CONTEXT('2D SPACE',''
  ) );
#6639 = ORIENTED_EDGE('',*,*,#6640,.F.);
#6640 = EDGE_CURVE('',#6641,#6613,#6643,.T.);
#6641 = VERTEX_POINT('',#6642);
#6642 = CARTESIAN_POINT('',(-16.07989694867,-27.14880150441,
    85.300583180853));
#6643 = SURFACE_CURVE('',#6644,(#6648,#6655),.PCURVE_S1.);
#6644 = LINE('',#6645,#6646);
#6645 = CARTESIAN_POINT('',(-16.07989694867,-27.14880150441,
    85.300583180853));
#6646 = VECTOR('',#6647,1.);
#6647 = DIRECTION('',(-0.409576022144,0.709406479916,-0.573576436351));
#6648 = PCURVE('',#1858,#6649);
#6649 = DEFINITIONAL_REPRESENTATION('',(#6650),#6654);
#6650 = LINE('',#6651,#6652);
#6651 = CARTESIAN_POINT('',(0.,0.));
#6652 = VECTOR('',#6653,1.);
#6653 = DIRECTION('',(1.,0.));
#6654 = ( GEOMETRIC_REPRESENTATION_CONTEXT(2) 
PARAMETRIC_REPRESENTATION_CONTEXT() REPRESENTATION_CONTEXT('2D SPACE',''
  ) );
#6655 = PCURVE('',#6656,#6661);
#6656 = PLANE('',#6657);
#6657 = AXIS2_PLACEMENT_3D('',#6658,#6659,#6660);
#6658 = CARTESIAN_POINT('',(31.551500259466,0.351198495582,
    85.300583180853));
#6659 = DIRECTION('',(-0.286788218176,0.496731764892,0.819152044289));
#6660 = DIRECTION('',(-0.409576022144,0.709406479916,-0.573576436351));
#6661 = DEFINITIONAL_REPRESENTATION('',(#6662),#6666);
#6662 = LINE('',#6663,#6664);
#6663 = CARTESIAN_POINT('',(0.,55.));
#6664 = VECTOR('',#6665,1.);
#6665 = DIRECTION('',(1.,0.));
#6666 = ( GEOMETRIC_REPRESENTATION_CONTEXT(2) 
PARAMETRIC_REPRESENTATION_CONTEXT() REPRESENTATION_CONTEXT('2D SPACE',''
  ) );
#6667 = ORIENTED_EDGE('',*,*,#6668,.T.);
#6668 = EDGE_CURVE('',#6641,#3278,#6669,.T.);
#6669 = SURFACE_CURVE('',#6670,(#6674,#6681),.PCURVE_S1.);
#6670 = LINE('',#6671,#6672);
#6671 = CARTESIAN_POINT('',(-16.07989694867,-27.14880150441,
    85.300583180853));
#6672 = VECTOR('',#6673,1.);
#6673 = DIRECTION('',(-0.286788218176,0.496731764892,0.819152044289));
#6674 = PCURVE('',#1858,#6675);
#6675 = DEFINITIONAL_REPRESENTATION('',(#6676),#6680);
#6676 = LINE('',#6677,#6678);
#6677 = CARTESIAN_POINT('',(0.,0.));
#6678 = VECTOR('',#6679,1.);
#6679 = DIRECTION('',(0.,-1.));
#6680 = ( GEOMETRIC_REPRESENTATION_CONTEXT(2) 
PARAMETRIC_REPRESENTATION_CONTEXT() REPRESENTATION_CONTEXT('2D SPACE',''
  ) );
#6681 = PCURVE('',#3297,#6682);
#6682 = DEFINITIONAL_REPRESENTATION('',(#6683),#6687);
#6683 = LINE('',#6684,#6685);
#6684 = CARTESIAN_POINT('',(55.,0.));
#6685 = VECTOR('',#6686,1.);
#6686 = DIRECTION('',(0.,1.));
#6687 = ( GEOMETRIC_REPRESENTATION_CONTEXT(2) 
PARAMETRIC_REPRESENTATION_CONTEXT() REPRESENTATION_CONTEXT('2D SPACE',''
  ) );
#6688 = ORIENTED_EDGE('',*,*,#3309,.F.);
#6689 = ORIENTED_EDGE('',*,*,#1843,.F.);
#6690 = ORIENTED_EDGE('',*,*,#6571,.F.);
#6691 = ADVANCED_FACE('',(#6692),#1781,.F.);
#6692 = FACE_BOUND('',#6693,.F.);
#6693 = EDGE_LOOP('',(#6694,#6715,#6737,#6738));
#6694 = ORIENTED_EDGE('',*,*,#6695,.F.);
#6695 = EDGE_CURVE('',#6696,#1741,#6698,.T.);
#6696 = VERTEX_POINT('',#6697);
#6697 = CARTESIAN_POINT('',(-12.48036062371,-21.61661869705,
    89.572520462079));
#6698 = SURFACE_CURVE('',#6699,(#6703,#6709),.PCURVE_S1.);
#6699 = LINE('',#6700,#6701);
#6700 = CARTESIAN_POINT('',(-7.786531746731,-13.48666860008,
    96.276002816731));
#6701 = VECTOR('',#6702,1.);
#6702 = DIRECTION('',(0.406907476691,0.704784423608,0.581124101765));
#6703 = PCURVE('',#1781,#6704);
#6704 = DEFINITIONAL_REPRESENTATION('',(#6705),#6708);
#6705 = B_SPLINE_CURVE_WITH_KNOTS('',1,(#6706,#6707),.UNSPECIFIED.,.F.,
  .F.,(2,2),(-18.88653319067,-3.916552092435),.PIECEWISE_BEZIER_KNOTS.);
#6706 = CARTESIAN_POINT('',(54.297603008836,3.552713678801E-15));
#6707 = CARTESIAN_POINT('',(43.746993509086,10.620026989859));
#6708 = ( GEOMETRIC_REPRESENTATION_CONTEXT(2) 
PARAMETRIC_REPRESENTATION_CONTEXT() REPRESENTATION_CONTEXT('2D SPACE',''
  ) );
#6709 = PCURVE('',#1755,#6710);
#6710 = DEFINITIONAL_REPRESENTATION('',(#6711),#6714);
#6711 = B_SPLINE_CURVE_WITH_KNOTS('',1,(#6712,#6713),.UNSPECIFIED.,.F.,
  .F.,(2,2),(-18.88653319067,-3.916552092435),.PIECEWISE_BEZIER_KNOTS.);
#6712 = CARTESIAN_POINT('',(0.702396991164,-1.7763568394E-15));
#6713 = CARTESIAN_POINT('',(11.253006490914,10.620026989859));
#6714 = ( GEOMETRIC_REPRESENTATION_CONTEXT(2) 
PARAMETRIC_REPRESENTATION_CONTEXT() REPRESENTATION_CONTEXT('2D SPACE',''
  ) );
#6715 = ORIENTED_EDGE('',*,*,#6716,.F.);
#6716 = EDGE_CURVE('',#3353,#6696,#6717,.T.);
#6717 = SURFACE_CURVE('',#6718,(#6723,#6730),.PCURVE_S1.);
#6718 = CIRCLE('',#6719,1.4);
#6719 = AXIS2_PLACEMENT_3D('',#6720,#6721,#6722);
#6720 = CARTESIAN_POINT('',(-13.61672372252,-22.41514267995,
    89.396343402298));
#6721 = DIRECTION('',(-0.409576022144,0.709406479916,-0.573576436351));
#6722 = DIRECTION('',(-0.866025403784,-0.5,0.));
#6723 = PCURVE('',#1781,#6724);
#6724 = DEFINITIONAL_REPRESENTATION('',(#6725),#6729);
#6725 = CIRCLE('',#6726,1.4);
#6726 = AXIS2_PLACEMENT_2D('',#6727,#6728);
#6727 = CARTESIAN_POINT('',(50.5,5.));
#6728 = DIRECTION('',(1.,0.));
#6729 = ( GEOMETRIC_REPRESENTATION_CONTEXT(2) 
PARAMETRIC_REPRESENTATION_CONTEXT() REPRESENTATION_CONTEXT('2D SPACE',''
  ) );
#6730 = PCURVE('',#3227,#6731);
#6731 = DEFINITIONAL_REPRESENTATION('',(#6732),#6736);
#6732 = LINE('',#6733,#6734);
#6733 = CARTESIAN_POINT('',(0.,25.));
#6734 = VECTOR('',#6735,1.);
#6735 = DIRECTION('',(1.,0.));
#6736 = ( GEOMETRIC_REPRESENTATION_CONTEXT(2) 
PARAMETRIC_REPRESENTATION_CONTEXT() REPRESENTATION_CONTEXT('2D SPACE',''
  ) );
#6737 = ORIENTED_EDGE('',*,*,#3352,.F.);
#6738 = ORIENTED_EDGE('',*,*,#1766,.F.);
#6739 = ADVANCED_FACE('',(#6740),#1755,.F.);
#6740 = FACE_BOUND('',#6741,.F.);
#6741 = EDGE_LOOP('',(#6742,#6743,#6744,#6766));
#6742 = ORIENTED_EDGE('',*,*,#1740,.F.);
#6743 = ORIENTED_EDGE('',*,*,#3125,.F.);
#6744 = ORIENTED_EDGE('',*,*,#6745,.F.);
#6745 = EDGE_CURVE('',#6696,#3092,#6746,.T.);
#6746 = SURFACE_CURVE('',#6747,(#6752,#6759),.PCURVE_S1.);
#6747 = CIRCLE('',#6748,1.4);
#6748 = AXIS2_PLACEMENT_3D('',#6749,#6750,#6751);
#6749 = CARTESIAN_POINT('',(-12.60372112903,-23.,89.396343402298));
#6750 = DIRECTION('',(0.819152044289,0.,-0.573576436351));
#6751 = DIRECTION('',(0.,1.,0.));
#6752 = PCURVE('',#1755,#6753);
#6753 = DEFINITIONAL_REPRESENTATION('',(#6754),#6758);
#6754 = CIRCLE('',#6755,1.4);
#6755 = AXIS2_PLACEMENT_2D('',#6756,#6757);
#6756 = CARTESIAN_POINT('',(4.5,5.));
#6757 = DIRECTION('',(1.,0.));
#6758 = ( GEOMETRIC_REPRESENTATION_CONTEXT(2) 
PARAMETRIC_REPRESENTATION_CONTEXT() REPRESENTATION_CONTEXT('2D SPACE',''
  ) );
#6759 = PCURVE('',#3074,#6760);
#6760 = DEFINITIONAL_REPRESENTATION('',(#6761),#6765);
#6761 = LINE('',#6762,#6763);
#6762 = CARTESIAN_POINT('',(0.,25.));
#6763 = VECTOR('',#6764,1.);
#6764 = DIRECTION('',(1.,0.));
#6765 = ( GEOMETRIC_REPRESENTATION_CONTEXT(2) 
PARAMETRIC_REPRESENTATION_CONTEXT() REPRESENTATION_CONTEXT('2D SPACE',''
  ) );
#6766 = ORIENTED_EDGE('',*,*,#6695,.T.);
#6767 = ADVANCED_FACE('',(#6768),#1627,.F.);
#6768 = FACE_BOUND('',#6769,.F.);
#6769 = EDGE_LOOP('',(#6770,#6796,#6824,#6852,#6873,#6874,#6875));
#6770 = ORIENTED_EDGE('',*,*,#6771,.F.);
#6771 = EDGE_CURVE('',#5590,#6772,#6774,.T.);
#6772 = VERTEX_POINT('',#6773);
#6773 = CARTESIAN_POINT('',(-6.953709872186,-27.5,87.096937496431));
#6774 = SURFACE_CURVE('',#6775,(#6779,#6785),.PCURVE_S1.);
#6775 = LINE('',#6776,#6777);
#6776 = CARTESIAN_POINT('',(-11.94695574268,-27.5,90.662484564991));
#6777 = VECTOR('',#6778,1.);
#6778 = DIRECTION('',(-0.813814953382,0.,0.581124101765));
#6779 = PCURVE('',#1627,#6780);
#6780 = DEFINITIONAL_REPRESENTATION('',(#6781),#6784);
#6781 = B_SPLINE_CURVE_WITH_KNOTS('',1,(#6782,#6783),.UNSPECIFIED.,.F.,
  .F.,(2,2),(-34.18969881269,-6.135603492839),.PIECEWISE_BEZIER_KNOTS.);
#6782 = CARTESIAN_POINT('',(34.,-6.097820597247));
#6783 = CARTESIAN_POINT('',(5.947103316514,-6.357150273605));
#6784 = ( GEOMETRIC_REPRESENTATION_CONTEXT(2) 
PARAMETRIC_REPRESENTATION_CONTEXT() REPRESENTATION_CONTEXT('2D SPACE',''
  ) );
#6785 = PCURVE('',#6786,#6791);
#6786 = PLANE('',#6787);
#6787 = AXIS2_PLACEMENT_3D('',#6788,#6789,#6790);
#6788 = CARTESIAN_POINT('',(-30.00548170159,3.028981187266,
    65.798984344917));
#6789 = DIRECTION('',(-0.409576022144,-0.709406479916,-0.573576436351));
#6790 = DIRECTION('',(0.866025403784,-0.5,5.551115123126E-17));
#6791 = DEFINITIONAL_REPRESENTATION('',(#6792),#6795);
#6792 = B_SPLINE_CURVE_WITH_KNOTS('',1,(#6793,#6794),.UNSPECIFIED.,.F.,
  .F.,(2,2),(-34.18969881269,-6.135603492839),.PIECEWISE_BEZIER_KNOTS.);
#6793 = CARTESIAN_POINT('',(55.,6.097820597247));
#6794 = CARTESIAN_POINT('',(35.227910600141,26.));
#6795 = ( GEOMETRIC_REPRESENTATION_CONTEXT(2) 
PARAMETRIC_REPRESENTATION_CONTEXT() REPRESENTATION_CONTEXT('2D SPACE',''
  ) );
#6796 = ORIENTED_EDGE('',*,*,#6797,.F.);
#6797 = EDGE_CURVE('',#6798,#5590,#6800,.T.);
#6798 = VERTEX_POINT('',#6799);
#6799 = CARTESIAN_POINT('',(12.379566195038,-27.5,65.798984344917));
#6800 = SURFACE_CURVE('',#6801,(#6805,#6812),.PCURVE_S1.);
#6801 = LINE('',#6802,#6803);
#6802 = CARTESIAN_POINT('',(12.379566195038,-27.5,65.798984344917));
#6803 = VECTOR('',#6804,1.);
#6804 = DIRECTION('',(0.573576436351,0.,0.819152044289));
#6805 = PCURVE('',#1627,#6806);
#6806 = DEFINITIONAL_REPRESENTATION('',(#6807),#6811);
#6807 = LINE('',#6808,#6809);
#6808 = CARTESIAN_POINT('',(34.,0.));
#6809 = VECTOR('',#6810,1.);
#6810 = DIRECTION('',(0.,-1.));
#6811 = ( GEOMETRIC_REPRESENTATION_CONTEXT(2) 
PARAMETRIC_REPRESENTATION_CONTEXT() REPRESENTATION_CONTEXT('2D SPACE',''
  ) );
#6812 = PCURVE('',#6813,#6818);
#6813 = PLANE('',#6814);
#6814 = AXIS2_PLACEMENT_3D('',#6815,#6816,#6817);
#6815 = CARTESIAN_POINT('',(12.379566195038,-27.5,65.798984344917));
#6816 = DIRECTION('',(0.819152044289,0.,-0.573576436351));
#6817 = DIRECTION('',(0.,1.,0.));
#6818 = DEFINITIONAL_REPRESENTATION('',(#6819),#6823);
#6819 = LINE('',#6820,#6821);
#6820 = CARTESIAN_POINT('',(0.,0.));
#6821 = VECTOR('',#6822,1.);
#6822 = DIRECTION('',(0.,1.));
#6823 = ( GEOMETRIC_REPRESENTATION_CONTEXT(2) 
PARAMETRIC_REPRESENTATION_CONTEXT() REPRESENTATION_CONTEXT('2D SPACE',''
  ) );
#6824 = ORIENTED_EDGE('',*,*,#6825,.F.);
#6825 = EDGE_CURVE('',#6826,#6798,#6828,.T.);
#6826 = VERTEX_POINT('',#6827);
#6827 = CARTESIAN_POINT('',(-15.47160331078,-27.5,85.300583180853));
#6828 = SURFACE_CURVE('',#6829,(#6833,#6840),.PCURVE_S1.);
#6829 = LINE('',#6830,#6831);
#6830 = CARTESIAN_POINT('',(-15.47160331078,-27.5,85.300583180853));
#6831 = VECTOR('',#6832,1.);
#6832 = DIRECTION('',(0.819152044289,0.,-0.573576436351));
#6833 = PCURVE('',#1627,#6834);
#6834 = DEFINITIONAL_REPRESENTATION('',(#6835),#6839);
#6835 = LINE('',#6836,#6837);
#6836 = CARTESIAN_POINT('',(0.,0.));
#6837 = VECTOR('',#6838,1.);
#6838 = DIRECTION('',(1.,0.));
#6839 = ( GEOMETRIC_REPRESENTATION_CONTEXT(2) 
PARAMETRIC_REPRESENTATION_CONTEXT() REPRESENTATION_CONTEXT('2D SPACE',''
  ) );
#6840 = PCURVE('',#6841,#6846);
#6841 = PLANE('',#6842);
#6842 = AXIS2_PLACEMENT_3D('',#6843,#6844,#6845);
#6843 = CARTESIAN_POINT('',(-15.47160331078,-27.5,85.300583180853));
#6844 = DIRECTION('',(0.573576436351,0.,0.819152044289));
#6845 = DIRECTION('',(0.819152044289,0.,-0.573576436351));
#6846 = DEFINITIONAL_REPRESENTATION('',(#6847),#6851);
#6847 = LINE('',#6848,#6849);
#6848 = CARTESIAN_POINT('',(0.,0.));
#6849 = VECTOR('',#6850,1.);
#6850 = DIRECTION('',(1.,0.));
#6851 = ( GEOMETRIC_REPRESENTATION_CONTEXT(2) 
PARAMETRIC_REPRESENTATION_CONTEXT() REPRESENTATION_CONTEXT('2D SPACE',''
  ) );
#6852 = ORIENTED_EDGE('',*,*,#6853,.T.);
#6853 = EDGE_CURVE('',#6826,#2977,#6854,.T.);
#6854 = SURFACE_CURVE('',#6855,(#6859,#6866),.PCURVE_S1.);
#6855 = LINE('',#6856,#6857);
#6856 = CARTESIAN_POINT('',(-15.47160331078,-27.5,85.300583180853));
#6857 = VECTOR('',#6858,1.);
#6858 = DIRECTION('',(0.573576436351,0.,0.819152044289));
#6859 = PCURVE('',#1627,#6860);
#6860 = DEFINITIONAL_REPRESENTATION('',(#6861),#6865);
#6861 = LINE('',#6862,#6863);
#6862 = CARTESIAN_POINT('',(0.,0.));
#6863 = VECTOR('',#6864,1.);
#6864 = DIRECTION('',(0.,-1.));
#6865 = ( GEOMETRIC_REPRESENTATION_CONTEXT(2) 
PARAMETRIC_REPRESENTATION_CONTEXT() REPRESENTATION_CONTEXT('2D SPACE',''
  ) );
#6866 = PCURVE('',#3040,#6867);
#6867 = DEFINITIONAL_REPRESENTATION('',(#6868),#6872);
#6868 = LINE('',#6869,#6870);
#6869 = CARTESIAN_POINT('',(0.,0.));
#6870 = VECTOR('',#6871,1.);
#6871 = DIRECTION('',(0.,1.));
#6872 = ( GEOMETRIC_REPRESENTATION_CONTEXT(2) 
PARAMETRIC_REPRESENTATION_CONTEXT() REPRESENTATION_CONTEXT('2D SPACE',''
  ) );
#6873 = ORIENTED_EDGE('',*,*,#2976,.F.);
#6874 = ORIENTED_EDGE('',*,*,#1612,.F.);
#6875 = ORIENTED_EDGE('',*,*,#6876,.F.);
#6876 = EDGE_CURVE('',#6772,#1587,#6877,.T.);
#6877 = SURFACE_CURVE('',#6878,(#6882,#6888),.PCURVE_S1.);
#6878 = LINE('',#6879,#6880);
#6879 = CARTESIAN_POINT('',(-15.37272015299,-27.5,84.149410264987));
#6880 = VECTOR('',#6881,1.);
#6881 = DIRECTION('',(0.943827814196,-0.,0.330437675136));
#6882 = PCURVE('',#1627,#6883);
#6883 = DEFINITIONAL_REPRESENTATION('',(#6884),#6887);
#6884 = B_SPLINE_CURVE_WITH_KNOTS('',1,(#6885,#6886),.UNSPECIFIED.,.F.,
  .F.,(2,2),(8.920070116794,33.109696584139),.PIECEWISE_BEZIER_KNOTS.);
#6885 = CARTESIAN_POINT('',(5.947103316514,-6.357150273605));
#6886 = CARTESIAN_POINT('',(20.06434395539,-26.));
#6887 = ( GEOMETRIC_REPRESENTATION_CONTEXT(2) 
PARAMETRIC_REPRESENTATION_CONTEXT() REPRESENTATION_CONTEXT('2D SPACE',''
  ) );
#6888 = PCURVE('',#1601,#6889);
#6889 = DEFINITIONAL_REPRESENTATION('',(#6890),#6893);
#6890 = B_SPLINE_CURVE_WITH_KNOTS('',1,(#6891,#6892),.UNSPECIFIED.,.F.,
  .F.,(2,2),(8.920070116794,33.109696584139),.PIECEWISE_BEZIER_KNOTS.);
#6891 = CARTESIAN_POINT('',(34.,35.227910600141));
#6892 = CARTESIAN_POINT('',(20.06434395539,55.));
#6893 = ( GEOMETRIC_REPRESENTATION_CONTEXT(2) 
PARAMETRIC_REPRESENTATION_CONTEXT() REPRESENTATION_CONTEXT('2D SPACE',''
  ) );
#6894 = ADVANCED_FACE('',(#6895),#1601,.T.);
#6895 = FACE_BOUND('',#6896,.T.);
#6896 = EDGE_LOOP('',(#6897,#6920,#6921,#6922));
#6897 = ORIENTED_EDGE('',*,*,#6898,.F.);
#6898 = EDGE_CURVE('',#1561,#6899,#6901,.T.);
#6899 = VERTEX_POINT('',#6900);
#6900 = CARTESIAN_POINT('',(10.16942183399,-37.38604469993,
    87.096937496431));
#6901 = SURFACE_CURVE('',#6902,(#6906,#6913),.PCURVE_S1.);
#6902 = LINE('',#6903,#6904);
#6903 = CARTESIAN_POINT('',(24.095006586903,-13.26622438277,
    106.59853633236));
#6904 = VECTOR('',#6905,1.);
#6905 = DIRECTION('',(-0.409576022144,-0.709406479916,-0.573576436351));
#6906 = PCURVE('',#1601,#6907);
#6907 = DEFINITIONAL_REPRESENTATION('',(#6908),#6912);
#6908 = LINE('',#6909,#6910);
#6909 = CARTESIAN_POINT('',(0.,55.));
#6910 = VECTOR('',#6911,1.);
#6911 = DIRECTION('',(1.,0.));
#6912 = ( GEOMETRIC_REPRESENTATION_CONTEXT(2) 
PARAMETRIC_REPRESENTATION_CONTEXT() REPRESENTATION_CONTEXT('2D SPACE',''
  ) );
#6913 = PCURVE('',#1575,#6914);
#6914 = DEFINITIONAL_REPRESENTATION('',(#6915),#6919);
#6915 = LINE('',#6916,#6917);
#6916 = CARTESIAN_POINT('',(0.,-26.));
#6917 = VECTOR('',#6918,1.);
#6918 = DIRECTION('',(1.,0.));
#6919 = ( GEOMETRIC_REPRESENTATION_CONTEXT(2) 
PARAMETRIC_REPRESENTATION_CONTEXT() REPRESENTATION_CONTEXT('2D SPACE',''
  ) );
#6920 = ORIENTED_EDGE('',*,*,#1586,.F.);
#6921 = ORIENTED_EDGE('',*,*,#6876,.F.);
#6922 = ORIENTED_EDGE('',*,*,#6923,.T.);
#6923 = EDGE_CURVE('',#6772,#6899,#6924,.T.);
#6924 = SURFACE_CURVE('',#6925,(#6929,#6936),.PCURVE_S1.);
#6925 = LINE('',#6926,#6927);
#6926 = CARTESIAN_POINT('',(-37.46197537415,-9.88604469993,
    87.096937496431));
#6927 = VECTOR('',#6928,1.);
#6928 = DIRECTION('',(0.866025403784,-0.5,5.551115123126E-17));
#6929 = PCURVE('',#1601,#6930);
#6930 = DEFINITIONAL_REPRESENTATION('',(#6931),#6935);
#6931 = LINE('',#6932,#6933);
#6932 = CARTESIAN_POINT('',(34.,0.));
#6933 = VECTOR('',#6934,1.);
#6934 = DIRECTION('',(0.,1.));
#6935 = ( GEOMETRIC_REPRESENTATION_CONTEXT(2) 
PARAMETRIC_REPRESENTATION_CONTEXT() REPRESENTATION_CONTEXT('2D SPACE',''
  ) );
#6936 = PCURVE('',#6786,#6937);
#6937 = DEFINITIONAL_REPRESENTATION('',(#6938),#6942);
#6938 = LINE('',#6939,#6940);
#6939 = CARTESIAN_POINT('',(0.,26.));
#6940 = VECTOR('',#6941,1.);
#6941 = DIRECTION('',(1.,0.));
#6942 = ( GEOMETRIC_REPRESENTATION_CONTEXT(2) 
PARAMETRIC_REPRESENTATION_CONTEXT() REPRESENTATION_CONTEXT('2D SPACE',''
  ) );
#6943 = ADVANCED_FACE('',(#6944),#1575,.T.);
#6944 = FACE_BOUND('',#6945,.T.);
#6945 = EDGE_LOOP('',(#6946,#6967,#6986,#6987));
#6946 = ORIENTED_EDGE('',*,*,#6947,.F.);
#6947 = EDGE_CURVE('',#5590,#6899,#6948,.T.);
#6948 = SURFACE_CURVE('',#6949,(#6953,#6960),.PCURVE_S1.);
#6949 = LINE('',#6950,#6951);
#6950 = CARTESIAN_POINT('',(17.625915506553,-24.47101881273,
    65.798984344917));
#6951 = VECTOR('',#6952,1.);
#6952 = DIRECTION('',(-0.286788218176,-0.496731764892,0.819152044289));
#6953 = PCURVE('',#1575,#6954);
#6954 = DEFINITIONAL_REPRESENTATION('',(#6955),#6959);
#6955 = LINE('',#6956,#6957);
#6956 = CARTESIAN_POINT('',(34.,0.));
#6957 = VECTOR('',#6958,1.);
#6958 = DIRECTION('',(0.,-1.));
#6959 = ( GEOMETRIC_REPRESENTATION_CONTEXT(2) 
PARAMETRIC_REPRESENTATION_CONTEXT() REPRESENTATION_CONTEXT('2D SPACE',''
  ) );
#6960 = PCURVE('',#6786,#6961);
#6961 = DEFINITIONAL_REPRESENTATION('',(#6962),#6966);
#6962 = LINE('',#6963,#6964);
#6963 = CARTESIAN_POINT('',(55.,0.));
#6964 = VECTOR('',#6965,1.);
#6965 = DIRECTION('',(0.,1.));
#6966 = ( GEOMETRIC_REPRESENTATION_CONTEXT(2) 
PARAMETRIC_REPRESENTATION_CONTEXT() REPRESENTATION_CONTEXT('2D SPACE',''
  ) );
#6967 = ORIENTED_EDGE('',*,*,#6968,.F.);
#6968 = EDGE_CURVE('',#1535,#5590,#6969,.T.);
#6969 = SURFACE_CURVE('',#6970,(#6974,#6980),.PCURVE_S1.);
#6970 = LINE('',#6971,#6972);
#6971 = CARTESIAN_POINT('',(15.877132402715,-27.5,85.300583180853));
#6972 = VECTOR('',#6973,1.);
#6973 = DIRECTION('',(6.409875621279E-17,0.,-1.));
#6974 = PCURVE('',#1575,#6975);
#6975 = DEFINITIONAL_REPRESENTATION('',(#6976),#6979);
#6976 = B_SPLINE_CURVE_WITH_KNOTS('',1,(#6977,#6978),.UNSPECIFIED.,.F.,
  .F.,(2,2),(-9.789518247859,14.506556627993),.PIECEWISE_BEZIER_KNOTS.);
#6977 = CARTESIAN_POINT('',(20.06434395539,-26.));
#6978 = CARTESIAN_POINT('',(34.,-6.097820597247));
#6979 = ( GEOMETRIC_REPRESENTATION_CONTEXT(2) 
PARAMETRIC_REPRESENTATION_CONTEXT() REPRESENTATION_CONTEXT('2D SPACE',''
  ) );
#6980 = PCURVE('',#1549,#6981);
#6981 = DEFINITIONAL_REPRESENTATION('',(#6982),#6985);
#6982 = B_SPLINE_CURVE_WITH_KNOTS('',1,(#6983,#6984),.UNSPECIFIED.,.F.,
  .F.,(2,2),(-9.789518247859,14.506556627993),.PIECEWISE_BEZIER_KNOTS.);
#6983 = CARTESIAN_POINT('',(20.06434395539,-26.));
#6984 = CARTESIAN_POINT('',(34.,-6.097820597247));
#6985 = ( GEOMETRIC_REPRESENTATION_CONTEXT(2) 
PARAMETRIC_REPRESENTATION_CONTEXT() REPRESENTATION_CONTEXT('2D SPACE',''
  ) );
#6986 = ORIENTED_EDGE('',*,*,#1560,.F.);
#6987 = ORIENTED_EDGE('',*,*,#6898,.T.);
#6988 = ADVANCED_FACE('',(#6989),#1549,.F.);
#6989 = FACE_BOUND('',#6990,.F.);
#6990 = EDGE_LOOP('',(#6991,#6992,#6993,#7014));
#6991 = ORIENTED_EDGE('',*,*,#1534,.F.);
#6992 = ORIENTED_EDGE('',*,*,#5563,.T.);
#6993 = ORIENTED_EDGE('',*,*,#6994,.F.);
#6994 = EDGE_CURVE('',#5590,#5514,#6995,.T.);
#6995 = SURFACE_CURVE('',#6996,(#7000,#7007),.PCURVE_S1.);
#6996 = LINE('',#6997,#6998);
#6997 = CARTESIAN_POINT('',(12.379566195038,-27.5,65.798984344917));
#6998 = VECTOR('',#6999,1.);
#6999 = DIRECTION('',(0.573576436351,0.,0.819152044289));
#7000 = PCURVE('',#1549,#7001);
#7001 = DEFINITIONAL_REPRESENTATION('',(#7002),#7006);
#7002 = LINE('',#7003,#7004);
#7003 = CARTESIAN_POINT('',(34.,0.));
#7004 = VECTOR('',#7005,1.);
#7005 = DIRECTION('',(0.,-1.));
#7006 = ( GEOMETRIC_REPRESENTATION_CONTEXT(2) 
PARAMETRIC_REPRESENTATION_CONTEXT() REPRESENTATION_CONTEXT('2D SPACE',''
  ) );
#7007 = PCURVE('',#5531,#7008);
#7008 = DEFINITIONAL_REPRESENTATION('',(#7009),#7013);
#7009 = LINE('',#7010,#7011);
#7010 = CARTESIAN_POINT('',(0.,0.));
#7011 = VECTOR('',#7012,1.);
#7012 = DIRECTION('',(0.,1.));
#7013 = ( GEOMETRIC_REPRESENTATION_CONTEXT(2) 
PARAMETRIC_REPRESENTATION_CONTEXT() REPRESENTATION_CONTEXT('2D SPACE',''
  ) );
#7014 = ORIENTED_EDGE('',*,*,#6968,.F.);
#7015 = ADVANCED_FACE('',(#7016),#3074,.F.);
#7016 = FACE_BOUND('',#7017,.F.);
#7017 = EDGE_LOOP('',(#7018,#7054,#7086,#7109,#7141,#7192,#7226,#7227,
    #7257,#7258,#7259,#7260));
#7018 = ORIENTED_EDGE('',*,*,#7019,.T.);
#7019 = EDGE_CURVE('',#7020,#7022,#7024,.T.);
#7020 = VERTEX_POINT('',#7021);
#7021 = CARTESIAN_POINT('',(-13.39798796247,-23.2059958702,
    88.262012807297));
#7022 = VERTEX_POINT('',#7023);
#7023 = CARTESIAN_POINT('',(-12.70563759038,-22.0068098491,
    88.263169995952));
#7024 = SURFACE_CURVE('',#7025,(#7030,#7042),.PCURVE_S1.);
#7025 = ELLIPSE('',#7026,1.973480704836,1.4);
#7026 = AXIS2_PLACEMENT_3D('',#7027,#7028,#7029);
#7027 = CARTESIAN_POINT('',(-13.27905619136,-23.,89.869218103758));
#7028 = DIRECTION('',(0.866025403784,-0.5,-2.775557561563E-17));
#7029 = DIRECTION('',(0.290562050882,0.50326823488,-0.813814953382));
#7030 = PCURVE('',#3074,#7031);
#7031 = DEFINITIONAL_REPRESENTATION('',(#7032),#7041);
#7032 = B_SPLINE_CURVE_WITH_KNOTS('',7,(#7033,#7034,#7035,#7036,#7037,
    #7038,#7039,#7040),.UNSPECIFIED.,.F.,.F.,(8,8),(4.712388980385,
    6.28318530718),.PIECEWISE_BEZIER_KNOTS.);
#7033 = CARTESIAN_POINT('',(3.930269756728,24.17556811701));
#7034 = CARTESIAN_POINT('',(4.154669231985,24.487687225256));
#7035 = CARTESIAN_POINT('',(4.37906870724,24.799805066116));
#7036 = CARTESIAN_POINT('',(4.603468182499,25.08626095689));
#7037 = CARTESIAN_POINT('',(4.827867657752,25.321346279175));
#7038 = CARTESIAN_POINT('',(5.052267133011,25.484762466082));
#7039 = CARTESIAN_POINT('',(5.276666608267,25.566476486514));
#7040 = CARTESIAN_POINT('',(5.501066083523,25.566476486514));
#7041 = ( GEOMETRIC_REPRESENTATION_CONTEXT(2) 
PARAMETRIC_REPRESENTATION_CONTEXT() REPRESENTATION_CONTEXT('2D SPACE',''
  ) );
#7042 = PCURVE('',#3227,#7043);
#7043 = DEFINITIONAL_REPRESENTATION('',(#7044),#7053);
#7044 = B_SPLINE_CURVE_WITH_KNOTS('',7,(#7045,#7046,#7047,#7048,#7049,
    #7050,#7051,#7052),.UNSPECIFIED.,.F.,.F.,(8,8),(4.712388980385,
    6.28318530718),.PIECEWISE_BEZIER_KNOTS.);
#7045 = CARTESIAN_POINT('',(5.494508204041,24.17556811701));
#7046 = CARTESIAN_POINT('',(5.270108728785,24.487687225256));
#7047 = CARTESIAN_POINT('',(5.045709253528,24.799805066115));
#7048 = CARTESIAN_POINT('',(4.821309778271,25.086260956894));
#7049 = CARTESIAN_POINT('',(4.596910303015,25.321346279172));
#7050 = CARTESIAN_POINT('',(4.372510827759,25.484762466084));
#7051 = CARTESIAN_POINT('',(4.148111352503,25.566476486514));
#7052 = CARTESIAN_POINT('',(3.923711877246,25.566476486514));
#7053 = ( GEOMETRIC_REPRESENTATION_CONTEXT(2) 
PARAMETRIC_REPRESENTATION_CONTEXT() REPRESENTATION_CONTEXT('2D SPACE',''
  ) );
#7054 = ORIENTED_EDGE('',*,*,#7055,.T.);
#7055 = EDGE_CURVE('',#7022,#7056,#7058,.T.);
#7056 = VERTEX_POINT('',#7057);
#7057 = CARTESIAN_POINT('',(-12.47076581449,-21.6,89.303247088814));
#7058 = SURFACE_CURVE('',#7059,(#7064,#7075),.PCURVE_S1.);
#7059 = ELLIPSE('',#7060,1.973480704836,1.4);
#7060 = AXIS2_PLACEMENT_3D('',#7061,#7062,#7063);
#7061 = CARTESIAN_POINT('',(-13.27905619136,-23.,89.869218103758));
#7062 = DIRECTION('',(0.866025403784,-0.5,-2.775557561563E-17));
#7063 = DIRECTION('',(0.290562050882,0.50326823488,-0.813814953382));
#7064 = PCURVE('',#3074,#7065);
#7065 = DEFINITIONAL_REPRESENTATION('',(#7066),#7074);
#7066 = B_SPLINE_CURVE_WITH_KNOTS('',6,(#7067,#7068,#7069,#7070,#7071,
    #7072,#7073),.UNSPECIFIED.,.F.,.F.,(7,7),(0.,0.782119223656),
  .PIECEWISE_BEZIER_KNOTS.);
#7067 = CARTESIAN_POINT('',(5.501066083523,25.566476486514));
#7068 = CARTESIAN_POINT('',(5.631419287466,25.566476486514));
#7069 = CARTESIAN_POINT('',(5.761772491409,25.538115478011));
#7070 = CARTESIAN_POINT('',(5.892125695351,25.481392765024));
#7071 = CARTESIAN_POINT('',(6.022478899294,25.39775640007));
#7072 = CARTESIAN_POINT('',(6.152832103237,25.29009248387));
#7073 = CARTESIAN_POINT('',(6.283185307179,25.162308469428));
#7074 = ( GEOMETRIC_REPRESENTATION_CONTEXT(2) 
PARAMETRIC_REPRESENTATION_CONTEXT() REPRESENTATION_CONTEXT('2D SPACE',''
  ) );
#7075 = PCURVE('',#3227,#7076);
#7076 = DEFINITIONAL_REPRESENTATION('',(#7077),#7085);
#7077 = B_SPLINE_CURVE_WITH_KNOTS('',6,(#7078,#7079,#7080,#7081,#7082,
    #7083,#7084),.UNSPECIFIED.,.F.,.F.,(7,7),(0.,0.782119223656),
  .PIECEWISE_BEZIER_KNOTS.);
#7078 = CARTESIAN_POINT('',(3.923711877246,25.566476486514));
#7079 = CARTESIAN_POINT('',(3.793358673303,25.566476486514));
#7080 = CARTESIAN_POINT('',(3.663005469361,25.538115478011));
#7081 = CARTESIAN_POINT('',(3.532652265418,25.481392765023));
#7082 = CARTESIAN_POINT('',(3.402299061475,25.397756400071));
#7083 = CARTESIAN_POINT('',(3.271945857533,25.29009248387));
#7084 = CARTESIAN_POINT('',(3.14159265359,25.162308469428));
#7085 = ( GEOMETRIC_REPRESENTATION_CONTEXT(2) 
PARAMETRIC_REPRESENTATION_CONTEXT() REPRESENTATION_CONTEXT('2D SPACE',''
  ) );
#7086 = ORIENTED_EDGE('',*,*,#7087,.T.);
#7087 = EDGE_CURVE('',#7056,#7088,#7090,.T.);
#7088 = VERTEX_POINT('',#7089);
#7089 = CARTESIAN_POINT('',(12.470765814495,-21.6,71.838998627698));
#7090 = SEAM_CURVE('',#7091,(#7095,#7102),.PCURVE_S1.);
#7091 = LINE('',#7092,#7093);
#7092 = CARTESIAN_POINT('',(-33.08252223625,-21.6,103.73575431107));
#7093 = VECTOR('',#7094,1.);
#7094 = DIRECTION('',(0.819152044289,0.,-0.573576436351));
#7095 = PCURVE('',#3074,#7096);
#7096 = DEFINITIONAL_REPRESENTATION('',(#7097),#7101);
#7097 = LINE('',#7098,#7099);
#7098 = CARTESIAN_POINT('',(0.,-0.));
#7099 = VECTOR('',#7100,1.);
#7100 = DIRECTION('',(0.,1.));
#7101 = ( GEOMETRIC_REPRESENTATION_CONTEXT(2) 
PARAMETRIC_REPRESENTATION_CONTEXT() REPRESENTATION_CONTEXT('2D SPACE',''
  ) );
#7102 = PCURVE('',#3074,#7103);
#7103 = DEFINITIONAL_REPRESENTATION('',(#7104),#7108);
#7104 = LINE('',#7105,#7106);
#7105 = CARTESIAN_POINT('',(6.28318530718,-0.));
#7106 = VECTOR('',#7107,1.);
#7107 = DIRECTION('',(0.,1.));
#7108 = ( GEOMETRIC_REPRESENTATION_CONTEXT(2) 
PARAMETRIC_REPRESENTATION_CONTEXT() REPRESENTATION_CONTEXT('2D SPACE',''
  ) );
#7109 = ORIENTED_EDGE('',*,*,#7110,.F.);
#7110 = EDGE_CURVE('',#7111,#7088,#7113,.T.);
#7111 = VERTEX_POINT('',#7112);
#7112 = CARTESIAN_POINT('',(12.709385723994,-22.01330180694,
    70.459453870284));
#7113 = SURFACE_CURVE('',#7114,(#7119,#7130),.PCURVE_S1.);
#7114 = ELLIPSE('',#7115,1.973480704836,1.4);
#7115 = AXIS2_PLACEMENT_3D('',#7116,#7117,#7118);
#7116 = CARTESIAN_POINT('',(13.279056191361,-23.,71.273027612755));
#7117 = DIRECTION('',(0.866025403784,0.5,-5.551115123126E-17));
#7118 = DIRECTION('',(0.290562050882,-0.50326823488,-0.813814953382));
#7119 = PCURVE('',#3074,#7120);
#7120 = DEFINITIONAL_REPRESENTATION('',(#7121),#7129);
#7121 = B_SPLINE_CURVE_WITH_KNOTS('',6,(#7122,#7123,#7124,#7125,#7126,
    #7127,#7128),.UNSPECIFIED.,.F.,.F.,(7,7),(1.570796326795,
    2.359473429934),.PIECEWISE_BEZIER_KNOTS.);
#7122 = CARTESIAN_POINT('',(5.494508204041,56.597036839309));
#7123 = CARTESIAN_POINT('',(5.625954387898,56.414207242043));
#7124 = CARTESIAN_POINT('',(5.757400571754,56.231377927265));
#7125 = CARTESIAN_POINT('',(5.88884675561,56.054232925006));
#7126 = CARTESIAN_POINT('',(6.020292939467,55.888465914666));
#7127 = CARTESIAN_POINT('',(6.151739123323,55.739151939218));
#7128 = CARTESIAN_POINT('',(6.28318530718,55.610296486891));
#7129 = ( GEOMETRIC_REPRESENTATION_CONTEXT(2) 
PARAMETRIC_REPRESENTATION_CONTEXT() REPRESENTATION_CONTEXT('2D SPACE',''
  ) );
#7130 = PCURVE('',#3966,#7131);
#7131 = DEFINITIONAL_REPRESENTATION('',(#7132),#7140);
#7132 = B_SPLINE_CURVE_WITH_KNOTS('',6,(#7133,#7134,#7135,#7136,#7137,
    #7138,#7139),.UNSPECIFIED.,.F.,.F.,(7,7),(1.570796326795,
    2.359473429934),.PIECEWISE_BEZIER_KNOTS.);
#7133 = CARTESIAN_POINT('',(3.930269756728,56.597036839309));
#7134 = CARTESIAN_POINT('',(3.798823572872,56.414207242043));
#7135 = CARTESIAN_POINT('',(3.667377389015,56.231377927264));
#7136 = CARTESIAN_POINT('',(3.535931205159,56.05423292501));
#7137 = CARTESIAN_POINT('',(3.404485021302,55.888465914665));
#7138 = CARTESIAN_POINT('',(3.273038837446,55.739151939218));
#7139 = CARTESIAN_POINT('',(3.14159265359,55.610296486891));
#7140 = ( GEOMETRIC_REPRESENTATION_CONTEXT(2) 
PARAMETRIC_REPRESENTATION_CONTEXT() REPRESENTATION_CONTEXT('2D SPACE',''
  ) );
#7141 = ORIENTED_EDGE('',*,*,#7142,.F.);
#7142 = EDGE_CURVE('',#7143,#7111,#7145,.T.);
#7143 = VERTEX_POINT('',#7144);
#7144 = CARTESIAN_POINT('',(13.848726658729,-23.98669819305,
    72.086601355225));
#7145 = SURFACE_CURVE('',#7146,(#7151,#7169),.PCURVE_S1.);
#7146 = ELLIPSE('',#7147,1.986380301783,1.4);
#7147 = AXIS2_PLACEMENT_3D('',#7148,#7149,#7150);
#7148 = CARTESIAN_POINT('',(13.279056191361,-23.,71.273027612755));
#7149 = DIRECTION('',(0.290562050882,-0.50326823488,-0.813814953382));
#7150 = DIRECTION('',(0.866025403784,0.5,0.));
#7151 = PCURVE('',#3074,#7152);
#7152 = DEFINITIONAL_REPRESENTATION('',(#7153),#7168);
#7153 = B_SPLINE_CURVE_WITH_KNOTS('',7,(#7154,#7155,#7156,#7157,#7158,
    #7159,#7160,#7161,#7162,#7163,#7164,#7165,#7166,#7167),
  .UNSPECIFIED.,.F.,.F.,(8,6,8),(1.570796326795,3.14159265359,
    4.712388980385),.UNSPECIFIED.);
#7154 = CARTESIAN_POINT('',(2.352915550451,56.597036839309));
#7155 = CARTESIAN_POINT('',(2.577315025708,56.280824081412));
#7156 = CARTESIAN_POINT('',(2.801714500964,55.964612607522));
#7157 = CARTESIAN_POINT('',(3.02611397622,55.674399657277));
#7158 = CARTESIAN_POINT('',(3.250513451478,55.436231034648));
#7159 = CARTESIAN_POINT('',(3.474912926734,55.270671535787));
#7160 = CARTESIAN_POINT('',(3.69931240199,55.187885781646));
#7161 = CARTESIAN_POINT('',(4.148111352503,55.187885781646));
#7162 = CARTESIAN_POINT('',(4.372510827759,55.270671535796));
#7163 = CARTESIAN_POINT('',(4.596910303017,55.436231034626));
#7164 = CARTESIAN_POINT('',(4.821309778271,55.674399657299));
#7165 = CARTESIAN_POINT('',(5.045709253529,55.964612607515));
#7166 = CARTESIAN_POINT('',(5.270108728785,56.280824081412));
#7167 = CARTESIAN_POINT('',(5.494508204041,56.597036839309));
#7168 = ( GEOMETRIC_REPRESENTATION_CONTEXT(2) 
PARAMETRIC_REPRESENTATION_CONTEXT() REPRESENTATION_CONTEXT('2D SPACE',''
  ) );
#7169 = PCURVE('',#7170,#7175);
#7170 = CYLINDRICAL_SURFACE('',#7171,1.4);
#7171 = AXIS2_PLACEMENT_3D('',#7172,#7173,#7174);
#7172 = CARTESIAN_POINT('',(36.459845405171,17.150304677863,
    103.73575431107));
#7173 = DIRECTION('',(-0.409576022144,-0.709406479916,-0.573576436351));
#7174 = DIRECTION('',(0.866025403784,-0.5,5.551115123126E-17));
#7175 = DEFINITIONAL_REPRESENTATION('',(#7176),#7191);
#7176 = B_SPLINE_CURVE_WITH_KNOTS('',7,(#7177,#7178,#7179,#7180,#7181,
    #7182,#7183,#7184,#7185,#7186,#7187,#7188,#7189,#7190),
  .UNSPECIFIED.,.F.,.F.,(8,6,8),(1.570796326795,3.14159265359,
    4.712388980385),.UNSPECIFIED.);
#7177 = CARTESIAN_POINT('',(0.788677103139,56.597036839309));
#7178 = CARTESIAN_POINT('',(1.013076578395,56.913249597205));
#7179 = CARTESIAN_POINT('',(1.237476053652,57.229461071089));
#7180 = CARTESIAN_POINT('',(1.461875528907,57.519674021351));
#7181 = CARTESIAN_POINT('',(1.686275004165,57.757842643965));
#7182 = CARTESIAN_POINT('',(1.91067447942,57.923402142833));
#7183 = CARTESIAN_POINT('',(2.135073954677,58.006187896972));
#7184 = CARTESIAN_POINT('',(2.58387290519,58.006187896972));
#7185 = CARTESIAN_POINT('',(2.808272380446,57.923402142831));
#7186 = CARTESIAN_POINT('',(3.032671855702,57.757842643965));
#7187 = CARTESIAN_POINT('',(3.25707133096,57.519674021343));
#7188 = CARTESIAN_POINT('',(3.481470806216,57.229461071089));
#7189 = CARTESIAN_POINT('',(3.705870281472,56.913249597205));
#7190 = CARTESIAN_POINT('',(3.930269756728,56.597036839309));
#7191 = ( GEOMETRIC_REPRESENTATION_CONTEXT(2) 
PARAMETRIC_REPRESENTATION_CONTEXT() REPRESENTATION_CONTEXT('2D SPACE',''
  ) );
#7192 = ORIENTED_EDGE('',*,*,#7193,.F.);
#7193 = EDGE_CURVE('',#7088,#7143,#7194,.T.);
#7194 = SURFACE_CURVE('',#7195,(#7200,#7213),.PCURVE_S1.);
#7195 = ELLIPSE('',#7196,1.973480704836,1.4);
#7196 = AXIS2_PLACEMENT_3D('',#7197,#7198,#7199);
#7197 = CARTESIAN_POINT('',(13.279056191361,-23.,71.273027612755));
#7198 = DIRECTION('',(0.866025403784,0.5,-5.551115123126E-17));
#7199 = DIRECTION('',(0.290562050882,-0.50326823488,-0.813814953382));
#7200 = PCURVE('',#3074,#7201);
#7201 = DEFINITIONAL_REPRESENTATION('',(#7202),#7212);
#7202 = B_SPLINE_CURVE_WITH_KNOTS('',8,(#7203,#7204,#7205,#7206,#7207,
    #7208,#7209,#7210,#7211),.UNSPECIFIED.,.F.,.F.,(9,9),(2.359473429934
    ,4.712388980385),.PIECEWISE_BEZIER_KNOTS.);
#7203 = CARTESIAN_POINT('',(1.42108547152E-13,55.610296486891));
#7204 = CARTESIAN_POINT('',(0.294114443807,55.321978875981));
#7205 = CARTESIAN_POINT('',(0.588228887613,55.131212334774));
#7206 = CARTESIAN_POINT('',(0.882343331415,55.07599283263));
#7207 = CARTESIAN_POINT('',(1.176457775226,55.176354903611));
#7208 = CARTESIAN_POINT('',(1.470572219029,55.423711134878));
#7209 = CARTESIAN_POINT('',(1.764686662838,55.778862885702));
#7210 = CARTESIAN_POINT('',(2.058801106645,56.187950597826));
#7211 = CARTESIAN_POINT('',(2.352915550451,56.597036839309));
#7212 = ( GEOMETRIC_REPRESENTATION_CONTEXT(2) 
PARAMETRIC_REPRESENTATION_CONTEXT() REPRESENTATION_CONTEXT('2D SPACE',''
  ) );
#7213 = PCURVE('',#3966,#7214);
#7214 = DEFINITIONAL_REPRESENTATION('',(#7215),#7225);
#7215 = B_SPLINE_CURVE_WITH_KNOTS('',8,(#7216,#7217,#7218,#7219,#7220,
    #7221,#7222,#7223,#7224),.UNSPECIFIED.,.F.,.F.,(9,9),(2.359473429934
    ,4.712388980385),.PIECEWISE_BEZIER_KNOTS.);
#7216 = CARTESIAN_POINT('',(3.14159265359,55.610296486891));
#7217 = CARTESIAN_POINT('',(2.847478209783,55.321978875981));
#7218 = CARTESIAN_POINT('',(2.553363765975,55.131212334767));
#7219 = CARTESIAN_POINT('',(2.259249322163,55.075992832659));
#7220 = CARTESIAN_POINT('',(1.965134878363,55.176354903611));
#7221 = CARTESIAN_POINT('',(1.671020434554,55.423711134907));
#7222 = CARTESIAN_POINT('',(1.37690599075,55.778862885694));
#7223 = CARTESIAN_POINT('',(1.082791546945,56.187950597826));
#7224 = CARTESIAN_POINT('',(0.788677103139,56.597036839309));
#7225 = ( GEOMETRIC_REPRESENTATION_CONTEXT(2) 
PARAMETRIC_REPRESENTATION_CONTEXT() REPRESENTATION_CONTEXT('2D SPACE',''
  ) );
#7226 = ORIENTED_EDGE('',*,*,#7087,.F.);
#7227 = ORIENTED_EDGE('',*,*,#7228,.T.);
#7228 = EDGE_CURVE('',#7056,#6696,#7229,.T.);
#7229 = SURFACE_CURVE('',#7230,(#7235,#7246),.PCURVE_S1.);
#7230 = ELLIPSE('',#7231,1.973480704836,1.4);
#7231 = AXIS2_PLACEMENT_3D('',#7232,#7233,#7234);
#7232 = CARTESIAN_POINT('',(-13.27905619136,-23.,89.869218103758));
#7233 = DIRECTION('',(0.866025403784,-0.5,-2.775557561563E-17));
#7234 = DIRECTION('',(0.290562050882,0.50326823488,-0.813814953382));
#7235 = PCURVE('',#3074,#7236);
#7236 = DEFINITIONAL_REPRESENTATION('',(#7237),#7245);
#7237 = B_SPLINE_CURVE_WITH_KNOTS('',6,(#7238,#7239,#7240,#7241,#7242,
    #7243,#7244),.UNSPECIFIED.,.F.,.F.,(7,7),(0.782119223656,
    1.570796326795),.PIECEWISE_BEZIER_KNOTS.);
#7238 = CARTESIAN_POINT('',(-2.540190280342E-13,25.162308469428));
#7239 = CARTESIAN_POINT('',(0.131446183856,25.0334530171));
#7240 = CARTESIAN_POINT('',(0.262892367713,24.884139041654));
#7241 = CARTESIAN_POINT('',(0.394338551569,24.718372031306));
#7242 = CARTESIAN_POINT('',(0.525784735426,24.541227029054));
#7243 = CARTESIAN_POINT('',(0.657230919282,24.358397714275));
#7244 = CARTESIAN_POINT('',(0.788677103139,24.17556811701));
#7245 = ( GEOMETRIC_REPRESENTATION_CONTEXT(2) 
PARAMETRIC_REPRESENTATION_CONTEXT() REPRESENTATION_CONTEXT('2D SPACE',''
  ) );
#7246 = PCURVE('',#3227,#7247);
#7247 = DEFINITIONAL_REPRESENTATION('',(#7248),#7256);
#7248 = B_SPLINE_CURVE_WITH_KNOTS('',6,(#7249,#7250,#7251,#7252,#7253,
    #7254,#7255),.UNSPECIFIED.,.F.,.F.,(7,7),(0.782119223656,
    1.570796326795),.PIECEWISE_BEZIER_KNOTS.);
#7249 = CARTESIAN_POINT('',(3.14159265359,25.162308469428));
#7250 = CARTESIAN_POINT('',(3.010146469734,25.0334530171));
#7251 = CARTESIAN_POINT('',(2.878700285877,24.884139041654));
#7252 = CARTESIAN_POINT('',(2.747254102021,24.718372031307));
#7253 = CARTESIAN_POINT('',(2.615807918164,24.541227029054));
#7254 = CARTESIAN_POINT('',(2.484361734308,24.358397714275));
#7255 = CARTESIAN_POINT('',(2.352915550451,24.17556811701));
#7256 = ( GEOMETRIC_REPRESENTATION_CONTEXT(2) 
PARAMETRIC_REPRESENTATION_CONTEXT() REPRESENTATION_CONTEXT('2D SPACE',''
  ) );
#7257 = ORIENTED_EDGE('',*,*,#6745,.T.);
#7258 = ORIENTED_EDGE('',*,*,#3091,.T.);
#7259 = ORIENTED_EDGE('',*,*,#3052,.T.);
#7260 = ORIENTED_EDGE('',*,*,#7261,.T.);
#7261 = EDGE_CURVE('',#3021,#7020,#7262,.T.);
#7262 = SURFACE_CURVE('',#7263,(#7268,#7275),.PCURVE_S1.);
#7263 = CIRCLE('',#7264,1.4);
#7264 = AXIS2_PLACEMENT_3D('',#7265,#7266,#7267);
#7265 = CARTESIAN_POINT('',(-12.60372112903,-23.,89.396343402298));
#7266 = DIRECTION('',(0.819152044289,0.,-0.573576436351));
#7267 = DIRECTION('',(0.,1.,0.));
#7268 = PCURVE('',#3074,#7269);
#7269 = DEFINITIONAL_REPRESENTATION('',(#7270),#7274);
#7270 = LINE('',#7271,#7272);
#7271 = CARTESIAN_POINT('',(0.,25.));
#7272 = VECTOR('',#7273,1.);
#7273 = DIRECTION('',(1.,0.));
#7274 = ( GEOMETRIC_REPRESENTATION_CONTEXT(2) 
PARAMETRIC_REPRESENTATION_CONTEXT() REPRESENTATION_CONTEXT('2D SPACE',''
  ) );
#7275 = PCURVE('',#3040,#7276);
#7276 = DEFINITIONAL_REPRESENTATION('',(#7277),#7281);
#7277 = CIRCLE('',#7278,1.4);
#7278 = AXIS2_PLACEMENT_2D('',#7279,#7280);
#7279 = CARTESIAN_POINT('',(4.5,5.));
#7280 = DIRECTION('',(1.,0.));
#7281 = ( GEOMETRIC_REPRESENTATION_CONTEXT(2) 
PARAMETRIC_REPRESENTATION_CONTEXT() REPRESENTATION_CONTEXT('2D SPACE',''
  ) );
#7282 = ADVANCED_FACE('',(#7283),#3040,.F.);
#7283 = FACE_BOUND('',#7284,.F.);
#7284 = EDGE_LOOP('',(#7285,#7286,#7309,#7328,#7329));
#7285 = ORIENTED_EDGE('',*,*,#6853,.F.);
#7286 = ORIENTED_EDGE('',*,*,#7287,.T.);
#7287 = EDGE_CURVE('',#6826,#7288,#7290,.T.);
#7288 = VERTEX_POINT('',#7289);
#7289 = CARTESIAN_POINT('',(-15.47160331078,-26.79760300883,
    85.300583180853));
#7290 = SURFACE_CURVE('',#7291,(#7295,#7302),.PCURVE_S1.);
#7291 = LINE('',#7292,#7293);
#7292 = CARTESIAN_POINT('',(-15.47160331078,-27.5,85.300583180853));
#7293 = VECTOR('',#7294,1.);
#7294 = DIRECTION('',(0.,1.,0.));
#7295 = PCURVE('',#3040,#7296);
#7296 = DEFINITIONAL_REPRESENTATION('',(#7297),#7301);
#7297 = LINE('',#7298,#7299);
#7298 = CARTESIAN_POINT('',(0.,0.));
#7299 = VECTOR('',#7300,1.);
#7300 = DIRECTION('',(1.,0.));
#7301 = ( GEOMETRIC_REPRESENTATION_CONTEXT(2) 
PARAMETRIC_REPRESENTATION_CONTEXT() REPRESENTATION_CONTEXT('2D SPACE',''
  ) );
#7302 = PCURVE('',#6841,#7303);
#7303 = DEFINITIONAL_REPRESENTATION('',(#7304),#7308);
#7304 = LINE('',#7305,#7306);
#7305 = CARTESIAN_POINT('',(0.,0.));
#7306 = VECTOR('',#7307,1.);
#7307 = DIRECTION('',(0.,1.));
#7308 = ( GEOMETRIC_REPRESENTATION_CONTEXT(2) 
PARAMETRIC_REPRESENTATION_CONTEXT() REPRESENTATION_CONTEXT('2D SPACE',''
  ) );
#7309 = ORIENTED_EDGE('',*,*,#7310,.T.);
#7310 = EDGE_CURVE('',#7288,#7020,#7311,.T.);
#7311 = SURFACE_CURVE('',#7312,(#7316,#7322),.PCURVE_S1.);
#7312 = LINE('',#7313,#7314);
#7313 = CARTESIAN_POINT('',(-7.786531746731,-13.48666860008,
    96.276002816731));
#7314 = VECTOR('',#7315,1.);
#7315 = DIRECTION('',(0.406907476691,0.704784423608,0.581124101765));
#7316 = PCURVE('',#3040,#7317);
#7317 = DEFINITIONAL_REPRESENTATION('',(#7318),#7321);
#7318 = B_SPLINE_CURVE_WITH_KNOTS('',1,(#7319,#7320),.UNSPECIFIED.,.F.,
  .F.,(2,2),(-18.88653319067,-3.916552092435),.PIECEWISE_BEZIER_KNOTS.);
#7319 = CARTESIAN_POINT('',(0.702396991164,-1.7763568394E-15));
#7320 = CARTESIAN_POINT('',(11.253006490914,10.620026989859));
#7321 = ( GEOMETRIC_REPRESENTATION_CONTEXT(2) 
PARAMETRIC_REPRESENTATION_CONTEXT() REPRESENTATION_CONTEXT('2D SPACE',''
  ) );
#7322 = PCURVE('',#3297,#7323);
#7323 = DEFINITIONAL_REPRESENTATION('',(#7324),#7327);
#7324 = B_SPLINE_CURVE_WITH_KNOTS('',1,(#7325,#7326),.UNSPECIFIED.,.F.,
  .F.,(2,2),(-18.88653319067,-3.916552092435),.PIECEWISE_BEZIER_KNOTS.);
#7325 = CARTESIAN_POINT('',(54.297603008836,3.552713678801E-15));
#7326 = CARTESIAN_POINT('',(43.746993509086,10.620026989859));
#7327 = ( GEOMETRIC_REPRESENTATION_CONTEXT(2) 
PARAMETRIC_REPRESENTATION_CONTEXT() REPRESENTATION_CONTEXT('2D SPACE',''
  ) );
#7328 = ORIENTED_EDGE('',*,*,#7261,.F.);
#7329 = ORIENTED_EDGE('',*,*,#3020,.F.);
#7330 = ADVANCED_FACE('',(#7331),#3227,.F.);
#7331 = FACE_BOUND('',#7332,.F.);
#7332 = EDGE_LOOP('',(#7333,#7334,#7357,#7398,#7430,#7462,#7498,#7528,
    #7529,#7530,#7531,#7532,#7533,#7534,#7535));
#7333 = ORIENTED_EDGE('',*,*,#3245,.T.);
#7334 = ORIENTED_EDGE('',*,*,#7335,.T.);
#7335 = EDGE_CURVE('',#3205,#7336,#7338,.T.);
#7336 = VERTEX_POINT('',#7337);
#7337 = CARTESIAN_POINT('',(-27.3611021267,-1.409180965469,
    71.846421713905));
#7338 = SEAM_CURVE('',#7339,(#7343,#7350),.PCURVE_S1.);
#7339 = LINE('',#7340,#7341);
#7340 = CARTESIAN_POINT('',(-4.589758734211,-40.85030467786,
    103.73575431107));
#7341 = VECTOR('',#7342,1.);
#7342 = DIRECTION('',(-0.409576022144,0.709406479916,-0.573576436351));
#7343 = PCURVE('',#3227,#7344);
#7344 = DEFINITIONAL_REPRESENTATION('',(#7345),#7349);
#7345 = LINE('',#7346,#7347);
#7346 = CARTESIAN_POINT('',(0.,-0.));
#7347 = VECTOR('',#7348,1.);
#7348 = DIRECTION('',(0.,1.));
#7349 = ( GEOMETRIC_REPRESENTATION_CONTEXT(2) 
PARAMETRIC_REPRESENTATION_CONTEXT() REPRESENTATION_CONTEXT('2D SPACE',''
  ) );
#7350 = PCURVE('',#3227,#7351);
#7351 = DEFINITIONAL_REPRESENTATION('',(#7352),#7356);
#7352 = LINE('',#7353,#7354);
#7353 = CARTESIAN_POINT('',(6.28318530718,-0.));
#7354 = VECTOR('',#7355,1.);
#7355 = DIRECTION('',(0.,1.));
#7356 = ( GEOMETRIC_REPRESENTATION_CONTEXT(2) 
PARAMETRIC_REPRESENTATION_CONTEXT() REPRESENTATION_CONTEXT('2D SPACE',''
  ) );
#7357 = ORIENTED_EDGE('',*,*,#7358,.F.);
#7358 = EDGE_CURVE('',#7359,#7336,#7361,.T.);
#7359 = VERTEX_POINT('',#7360);
#7360 = CARTESIAN_POINT('',(-25.75512263874,-1.409180965468,
    70.699633511605));
#7361 = SURFACE_CURVE('',#7362,(#7367,#7380),.PCURVE_S1.);
#7362 = ELLIPSE('',#7363,1.986380301783,1.4);
#7363 = AXIS2_PLACEMENT_3D('',#7364,#7365,#7366);
#7364 = CARTESIAN_POINT('',(-26.55811238272,7.105427357601E-15,
    71.273027612755));
#7365 = DIRECTION('',(-0.581124101765,1.575232247644E-16,-0.813814953382
    ));
#7366 = DIRECTION('',(3.617581253699E-16,1.,-6.476059536414E-17));
#7367 = PCURVE('',#3227,#7368);
#7368 = DEFINITIONAL_REPRESENTATION('',(#7369),#7379);
#7369 = B_SPLINE_CURVE_WITH_KNOTS('',8,(#7370,#7371,#7372,#7373,#7374,
    #7375,#7376,#7377,#7378),.UNSPECIFIED.,.F.,.F.,(9,9),(2.359473429933
    ,3.923711877246),.PIECEWISE_BEZIER_KNOTS.);
#7370 = CARTESIAN_POINT('',(4.718946859867,55.597354731031));
#7371 = CARTESIAN_POINT('',(4.914476665781,55.403164750886));
#7372 = CARTESIAN_POINT('',(5.110006471696,55.252654482232));
#7373 = CARTESIAN_POINT('',(5.305536277608,55.157137123577));
#7374 = CARTESIAN_POINT('',(5.501066083527,55.124362940347));
#7375 = CARTESIAN_POINT('',(5.696595889437,55.157137123635));
#7376 = CARTESIAN_POINT('',(5.892125695352,55.252654482247));
#7377 = CARTESIAN_POINT('',(6.087655501265,55.403164750886));
#7378 = CARTESIAN_POINT('',(6.28318530718,55.59735473103));
#7379 = ( GEOMETRIC_REPRESENTATION_CONTEXT(2) 
PARAMETRIC_REPRESENTATION_CONTEXT() REPRESENTATION_CONTEXT('2D SPACE',''
  ) );
#7380 = PCURVE('',#7381,#7386);
#7381 = CYLINDRICAL_SURFACE('',#7382,1.4);
#7382 = AXIS2_PLACEMENT_3D('',#7383,#7384,#7385);
#7383 = CARTESIAN_POINT('',(-3.377323168913,40.150304677863,
    103.73575431107));
#7384 = DIRECTION('',(-0.409576022144,-0.709406479916,-0.573576436351));
#7385 = DIRECTION('',(0.866025403784,-0.5,5.551115123126E-17));
#7386 = DEFINITIONAL_REPRESENTATION('',(#7387),#7397);
#7387 = B_SPLINE_CURVE_WITH_KNOTS('',8,(#7388,#7389,#7390,#7391,#7392,
    #7393,#7394,#7395,#7396),.UNSPECIFIED.,.F.,.F.,(9,9),(2.359473429933
    ,3.923711877246),.PIECEWISE_BEZIER_KNOTS.);
#7388 = CARTESIAN_POINT('',(-1.927347170749E-13,57.596718947587));
#7389 = CARTESIAN_POINT('',(0.195529805914,57.790908927731));
#7390 = CARTESIAN_POINT('',(0.391059611827,57.941419196264));
#7391 = CARTESIAN_POINT('',(0.586589417743,58.036936554941));
#7392 = CARTESIAN_POINT('',(0.782119223654,58.069710737967));
#7393 = CARTESIAN_POINT('',(0.977649029571,58.036936555));
#7394 = CARTESIAN_POINT('',(1.173178835483,57.941419196257));
#7395 = CARTESIAN_POINT('',(1.368708641399,57.790908927731));
#7396 = CARTESIAN_POINT('',(1.564238447313,57.596718947587));
#7397 = ( GEOMETRIC_REPRESENTATION_CONTEXT(2) 
PARAMETRIC_REPRESENTATION_CONTEXT() REPRESENTATION_CONTEXT('2D SPACE',''
  ) );
#7398 = ORIENTED_EDGE('',*,*,#7399,.F.);
#7399 = EDGE_CURVE('',#7400,#7359,#7402,.T.);
#7400 = VERTEX_POINT('',#7401);
#7401 = CARTESIAN_POINT('',(-25.41877144798,6.701389353921E-15,
    70.459453870284));
#7402 = SURFACE_CURVE('',#7403,(#7408,#7419),.PCURVE_S1.);
#7403 = ELLIPSE('',#7404,1.986380301783,1.4);
#7404 = AXIS2_PLACEMENT_3D('',#7405,#7406,#7407);
#7405 = CARTESIAN_POINT('',(-26.55811238272,7.105427357601E-15,
    71.273027612755));
#7406 = DIRECTION('',(-0.581124101765,1.575232247644E-16,-0.813814953382
    ));
#7407 = DIRECTION('',(3.617581253699E-16,1.,-6.476059536414E-17));
#7408 = PCURVE('',#3227,#7409);
#7409 = DEFINITIONAL_REPRESENTATION('',(#7410),#7418);
#7410 = B_SPLINE_CURVE_WITH_KNOTS('',6,(#7411,#7412,#7413,#7414,#7415,
    #7416,#7417),.UNSPECIFIED.,.F.,.F.,(7,7),(1.570796326795,
    2.359473429933),.PIECEWISE_BEZIER_KNOTS.);
#7411 = CARTESIAN_POINT('',(3.930269756728,56.597036839309));
#7412 = CARTESIAN_POINT('',(4.061715940585,56.411809310302));
#7413 = CARTESIAN_POINT('',(4.193162124441,56.226582067487));
#7414 = CARTESIAN_POINT('',(4.324608308297,56.047113690729));
#7415 = CARTESIAN_POINT('',(4.456054492154,55.879172535821));
#7416 = CARTESIAN_POINT('',(4.58750067601,55.727900208298));
#7417 = CARTESIAN_POINT('',(4.718946859867,55.597354731031));
#7418 = ( GEOMETRIC_REPRESENTATION_CONTEXT(2) 
PARAMETRIC_REPRESENTATION_CONTEXT() REPRESENTATION_CONTEXT('2D SPACE',''
  ) );
#7419 = PCURVE('',#7381,#7420);
#7420 = DEFINITIONAL_REPRESENTATION('',(#7421),#7429);
#7421 = B_SPLINE_CURVE_WITH_KNOTS('',6,(#7422,#7423,#7424,#7425,#7426,
    #7427,#7428),.UNSPECIFIED.,.F.,.F.,(7,7),(1.570796326795,
    2.359473429933),.PIECEWISE_BEZIER_KNOTS.);
#7422 = CARTESIAN_POINT('',(5.494508204041,56.597036839309));
#7423 = CARTESIAN_POINT('',(5.625954387897,56.782264368316));
#7424 = CARTESIAN_POINT('',(5.757400571754,56.967491611132));
#7425 = CARTESIAN_POINT('',(5.88884675561,57.146959987879));
#7426 = CARTESIAN_POINT('',(6.020292939467,57.314901142798));
#7427 = CARTESIAN_POINT('',(6.151739123323,57.466173470319));
#7428 = CARTESIAN_POINT('',(6.283185307179,57.596718947587));
#7429 = ( GEOMETRIC_REPRESENTATION_CONTEXT(2) 
PARAMETRIC_REPRESENTATION_CONTEXT() REPRESENTATION_CONTEXT('2D SPACE',''
  ) );
#7430 = ORIENTED_EDGE('',*,*,#7431,.F.);
#7431 = EDGE_CURVE('',#7432,#7400,#7434,.T.);
#7432 = VERTEX_POINT('',#7433);
#7433 = CARTESIAN_POINT('',(-24.94153162899,-5.329070518201E-13,
    71.838998627698));
#7434 = SURFACE_CURVE('',#7435,(#7440,#7451),.PCURVE_S1.);
#7435 = ELLIPSE('',#7436,1.973480704836,1.4);
#7436 = AXIS2_PLACEMENT_3D('',#7437,#7438,#7439);
#7437 = CARTESIAN_POINT('',(-26.55811238272,7.105427357601E-15,
    71.273027612755));
#7438 = DIRECTION('',(3.52125597401E-16,1.,-7.825013275578E-17));
#7439 = DIRECTION('',(-0.581124101765,1.409475433573E-16,-0.813814953382
    ));
#7440 = PCURVE('',#3227,#7441);
#7441 = DEFINITIONAL_REPRESENTATION('',(#7442),#7450);
#7442 = B_SPLINE_CURVE_WITH_KNOTS('',6,(#7443,#7444,#7445,#7446,#7447,
    #7448,#7449),.UNSPECIFIED.,.F.,.F.,(7,7),(3.923711877246,
    4.712388980385),.PIECEWISE_BEZIER_KNOTS.);
#7443 = CARTESIAN_POINT('',(3.14159265359,55.610296486891));
#7444 = CARTESIAN_POINT('',(3.273038837446,55.739151939218));
#7445 = CARTESIAN_POINT('',(3.404485021303,55.888465914665));
#7446 = CARTESIAN_POINT('',(3.535931205159,56.05423292501));
#7447 = CARTESIAN_POINT('',(3.667377389016,56.231377927264));
#7448 = CARTESIAN_POINT('',(3.798823572872,56.414207242043));
#7449 = CARTESIAN_POINT('',(3.930269756728,56.597036839309));
#7450 = ( GEOMETRIC_REPRESENTATION_CONTEXT(2) 
PARAMETRIC_REPRESENTATION_CONTEXT() REPRESENTATION_CONTEXT('2D SPACE',''
  ) );
#7451 = PCURVE('',#4364,#7452);
#7452 = DEFINITIONAL_REPRESENTATION('',(#7453),#7461);
#7453 = B_SPLINE_CURVE_WITH_KNOTS('',6,(#7454,#7455,#7456,#7457,#7458,
    #7459,#7460),.UNSPECIFIED.,.F.,.F.,(7,7),(3.923711877246,
    4.712388980385),.PIECEWISE_BEZIER_KNOTS.);
#7454 = CARTESIAN_POINT('',(6.283185307179,55.610296486891));
#7455 = CARTESIAN_POINT('',(6.151739123323,55.739151939218));
#7456 = CARTESIAN_POINT('',(6.020292939467,55.888465914665));
#7457 = CARTESIAN_POINT('',(5.88884675561,56.054232925008));
#7458 = CARTESIAN_POINT('',(5.757400571754,56.231377927264));
#7459 = CARTESIAN_POINT('',(5.625954387897,56.414207242043));
#7460 = CARTESIAN_POINT('',(5.494508204041,56.597036839309));
#7461 = ( GEOMETRIC_REPRESENTATION_CONTEXT(2) 
PARAMETRIC_REPRESENTATION_CONTEXT() REPRESENTATION_CONTEXT('2D SPACE',''
  ) );
#7462 = ORIENTED_EDGE('',*,*,#7463,.F.);
#7463 = EDGE_CURVE('',#7464,#7432,#7466,.T.);
#7464 = VERTEX_POINT('',#7465);
#7465 = CARTESIAN_POINT('',(-27.69745331745,7.387834647358E-15,
    72.086601355225));
#7466 = SURFACE_CURVE('',#7467,(#7472,#7485),.PCURVE_S1.);
#7467 = ELLIPSE('',#7468,1.973480704836,1.4);
#7468 = AXIS2_PLACEMENT_3D('',#7469,#7470,#7471);
#7469 = CARTESIAN_POINT('',(-26.55811238272,7.105427357601E-15,
    71.273027612755));
#7470 = DIRECTION('',(3.52125597401E-16,1.,-7.825013275578E-17));
#7471 = DIRECTION('',(-0.581124101765,1.409475433573E-16,-0.813814953382
    ));
#7472 = PCURVE('',#3227,#7473);
#7473 = DEFINITIONAL_REPRESENTATION('',(#7474),#7484);
#7474 = B_SPLINE_CURVE_WITH_KNOTS('',8,(#7475,#7476,#7477,#7478,#7479,
    #7480,#7481,#7482,#7483),.UNSPECIFIED.,.F.,.F.,(9,9),(1.570796326795
    ,3.923711877246),.PIECEWISE_BEZIER_KNOTS.);
#7475 = CARTESIAN_POINT('',(0.788677103139,56.597036839309));
#7476 = CARTESIAN_POINT('',(1.082791546945,56.187950597826));
#7477 = CARTESIAN_POINT('',(1.376905990752,55.778862885774));
#7478 = CARTESIAN_POINT('',(1.671020434553,55.423711134819));
#7479 = CARTESIAN_POINT('',(1.965134878363,55.176354903844));
#7480 = CARTESIAN_POINT('',(2.259249322166,55.075992832717));
#7481 = CARTESIAN_POINT('',(2.553363765976,55.131212334803));
#7482 = CARTESIAN_POINT('',(2.847478209784,55.321978875982));
#7483 = CARTESIAN_POINT('',(3.14159265359,55.610296486891));
#7484 = ( GEOMETRIC_REPRESENTATION_CONTEXT(2) 
PARAMETRIC_REPRESENTATION_CONTEXT() REPRESENTATION_CONTEXT('2D SPACE',''
  ) );
#7485 = PCURVE('',#4364,#7486);
#7486 = DEFINITIONAL_REPRESENTATION('',(#7487),#7497);
#7487 = B_SPLINE_CURVE_WITH_KNOTS('',8,(#7488,#7489,#7490,#7491,#7492,
    #7493,#7494,#7495,#7496),.UNSPECIFIED.,.F.,.F.,(9,9),(1.570796326795
    ,3.923711877246),.PIECEWISE_BEZIER_KNOTS.);
#7488 = CARTESIAN_POINT('',(2.352915550451,56.597036839309));
#7489 = CARTESIAN_POINT('',(2.058801106645,56.187950597826));
#7490 = CARTESIAN_POINT('',(1.764686662837,55.778862885789));
#7491 = CARTESIAN_POINT('',(1.470572219032,55.423711134616));
#7492 = CARTESIAN_POINT('',(1.176457775226,55.176354904019));
#7493 = CARTESIAN_POINT('',(0.882343331419,55.075992832542));
#7494 = CARTESIAN_POINT('',(0.588228887611,55.131212334818));
#7495 = CARTESIAN_POINT('',(0.294114443806,55.321978875982));
#7496 = CARTESIAN_POINT('',(-1.829647544582E-13,55.610296486891));
#7497 = ( GEOMETRIC_REPRESENTATION_CONTEXT(2) 
PARAMETRIC_REPRESENTATION_CONTEXT() REPRESENTATION_CONTEXT('2D SPACE',''
  ) );
#7498 = ORIENTED_EDGE('',*,*,#7499,.F.);
#7499 = EDGE_CURVE('',#7336,#7464,#7500,.T.);
#7500 = SURFACE_CURVE('',#7501,(#7506,#7517),.PCURVE_S1.);
#7501 = ELLIPSE('',#7502,1.986380301783,1.4);
#7502 = AXIS2_PLACEMENT_3D('',#7503,#7504,#7505);
#7503 = CARTESIAN_POINT('',(-26.55811238272,7.105427357601E-15,
    71.273027612755));
#7504 = DIRECTION('',(-0.581124101765,1.575232247644E-16,-0.813814953382
    ));
#7505 = DIRECTION('',(3.617581253699E-16,1.,-6.476059536414E-17));
#7506 = PCURVE('',#3227,#7507);
#7507 = DEFINITIONAL_REPRESENTATION('',(#7508),#7516);
#7508 = B_SPLINE_CURVE_WITH_KNOTS('',6,(#7509,#7510,#7511,#7512,#7513,
    #7514,#7515),.UNSPECIFIED.,.F.,.F.,(7,7),(3.923711877246,
    4.712388980385),.PIECEWISE_BEZIER_KNOTS.);
#7509 = CARTESIAN_POINT('',(3.045183153258E-14,55.59735473103));
#7510 = CARTESIAN_POINT('',(0.131446183856,55.727900208298));
#7511 = CARTESIAN_POINT('',(0.262892367713,55.87917253582));
#7512 = CARTESIAN_POINT('',(0.394338551569,56.047113690733));
#7513 = CARTESIAN_POINT('',(0.525784735426,56.226582067485));
#7514 = CARTESIAN_POINT('',(0.657230919282,56.411809310302));
#7515 = CARTESIAN_POINT('',(0.788677103139,56.597036839309));
#7516 = ( GEOMETRIC_REPRESENTATION_CONTEXT(2) 
PARAMETRIC_REPRESENTATION_CONTEXT() REPRESENTATION_CONTEXT('2D SPACE',''
  ) );
#7517 = PCURVE('',#7381,#7518);
#7518 = DEFINITIONAL_REPRESENTATION('',(#7519),#7527);
#7519 = B_SPLINE_CURVE_WITH_KNOTS('',6,(#7520,#7521,#7522,#7523,#7524,
    #7525,#7526),.UNSPECIFIED.,.F.,.F.,(7,7),(3.923711877246,
    4.712388980385),.PIECEWISE_BEZIER_KNOTS.);
#7520 = CARTESIAN_POINT('',(1.564238447313,57.596718947587));
#7521 = CARTESIAN_POINT('',(1.695684631169,57.466173470319));
#7522 = CARTESIAN_POINT('',(1.827130815026,57.314901142796));
#7523 = CARTESIAN_POINT('',(1.958576998882,57.146959987883));
#7524 = CARTESIAN_POINT('',(2.090023182738,56.96749161113));
#7525 = CARTESIAN_POINT('',(2.221469366595,56.782264368316));
#7526 = CARTESIAN_POINT('',(2.352915550451,56.597036839309));
#7527 = ( GEOMETRIC_REPRESENTATION_CONTEXT(2) 
PARAMETRIC_REPRESENTATION_CONTEXT() REPRESENTATION_CONTEXT('2D SPACE',''
  ) );
#7528 = ORIENTED_EDGE('',*,*,#7335,.F.);
#7529 = ORIENTED_EDGE('',*,*,#3204,.T.);
#7530 = ORIENTED_EDGE('',*,*,#3379,.T.);
#7531 = ORIENTED_EDGE('',*,*,#6716,.T.);
#7532 = ORIENTED_EDGE('',*,*,#7228,.F.);
#7533 = ORIENTED_EDGE('',*,*,#7055,.F.);
#7534 = ORIENTED_EDGE('',*,*,#7019,.F.);
#7535 = ORIENTED_EDGE('',*,*,#7536,.T.);
#7536 = EDGE_CURVE('',#7020,#3246,#7537,.T.);
#7537 = SURFACE_CURVE('',#7538,(#7543,#7550),.PCURVE_S1.);
#7538 = CIRCLE('',#7539,1.4);
#7539 = AXIS2_PLACEMENT_3D('',#7540,#7541,#7542);
#7540 = CARTESIAN_POINT('',(-13.61672372252,-22.41514267995,
    89.396343402298));
#7541 = DIRECTION('',(-0.409576022144,0.709406479916,-0.573576436351));
#7542 = DIRECTION('',(-0.866025403784,-0.5,0.));
#7543 = PCURVE('',#3227,#7544);
#7544 = DEFINITIONAL_REPRESENTATION('',(#7545),#7549);
#7545 = LINE('',#7546,#7547);
#7546 = CARTESIAN_POINT('',(0.,25.));
#7547 = VECTOR('',#7548,1.);
#7548 = DIRECTION('',(1.,0.));
#7549 = ( GEOMETRIC_REPRESENTATION_CONTEXT(2) 
PARAMETRIC_REPRESENTATION_CONTEXT() REPRESENTATION_CONTEXT('2D SPACE',''
  ) );
#7550 = PCURVE('',#3297,#7551);
#7551 = DEFINITIONAL_REPRESENTATION('',(#7552),#7556);
#7552 = CIRCLE('',#7553,1.4);
#7553 = AXIS2_PLACEMENT_2D('',#7554,#7555);
#7554 = CARTESIAN_POINT('',(50.5,5.));
#7555 = DIRECTION('',(1.,0.));
#7556 = ( GEOMETRIC_REPRESENTATION_CONTEXT(2) 
PARAMETRIC_REPRESENTATION_CONTEXT() REPRESENTATION_CONTEXT('2D SPACE',''
  ) );
#7557 = ADVANCED_FACE('',(#7558),#3297,.F.);
#7558 = FACE_BOUND('',#7559,.F.);
#7559 = EDGE_LOOP('',(#7560,#7561,#7582,#7583,#7584));
#7560 = ORIENTED_EDGE('',*,*,#7310,.F.);
#7561 = ORIENTED_EDGE('',*,*,#7562,.T.);
#7562 = EDGE_CURVE('',#7288,#6641,#7563,.T.);
#7563 = SURFACE_CURVE('',#7564,(#7568,#7575),.PCURVE_S1.);
#7564 = LINE('',#7565,#7566);
#7565 = CARTESIAN_POINT('',(31.551500259466,0.351198495582,
    85.300583180853));
#7566 = VECTOR('',#7567,1.);
#7567 = DIRECTION('',(-0.866025403784,-0.5,0.));
#7568 = PCURVE('',#3297,#7569);
#7569 = DEFINITIONAL_REPRESENTATION('',(#7570),#7574);
#7570 = LINE('',#7571,#7572);
#7571 = CARTESIAN_POINT('',(0.,0.));
#7572 = VECTOR('',#7573,1.);
#7573 = DIRECTION('',(1.,0.));
#7574 = ( GEOMETRIC_REPRESENTATION_CONTEXT(2) 
PARAMETRIC_REPRESENTATION_CONTEXT() REPRESENTATION_CONTEXT('2D SPACE',''
  ) );
#7575 = PCURVE('',#6656,#7576);
#7576 = DEFINITIONAL_REPRESENTATION('',(#7577),#7581);
#7577 = LINE('',#7578,#7579);
#7578 = CARTESIAN_POINT('',(0.,0.));
#7579 = VECTOR('',#7580,1.);
#7580 = DIRECTION('',(0.,1.));
#7581 = ( GEOMETRIC_REPRESENTATION_CONTEXT(2) 
PARAMETRIC_REPRESENTATION_CONTEXT() REPRESENTATION_CONTEXT('2D SPACE',''
  ) );
#7582 = ORIENTED_EDGE('',*,*,#6668,.T.);
#7583 = ORIENTED_EDGE('',*,*,#3277,.F.);
#7584 = ORIENTED_EDGE('',*,*,#7536,.F.);
#7585 = ADVANCED_FACE('',(#7586),#3436,.F.);
#7586 = FACE_BOUND('',#7587,.F.);
#7587 = EDGE_LOOP('',(#7588,#7612,#7633,#7634,#7635,#7667,#7699,#7731,
    #7732));
#7588 = ORIENTED_EDGE('',*,*,#7589,.F.);
#7589 = EDGE_CURVE('',#7590,#7590,#7592,.T.);
#7590 = VERTEX_POINT('',#7591);
#7591 = CARTESIAN_POINT('',(-30.91848440094,-10.35238587546,
    83.001177274986));
#7592 = SURFACE_CURVE('',#7593,(#7598,#7605),.PCURVE_S1.);
#7593 = CIRCLE('',#7594,1.4);
#7594 = AXIS2_PLACEMENT_3D('',#7595,#7596,#7597);
#7595 = CARTESIAN_POINT('',(-32.13091996624,-9.652385875469,
    83.001177274986));
#7596 = DIRECTION('',(-0.409576022144,-0.709406479916,-0.573576436351));
#7597 = DIRECTION('',(0.866025403784,-0.5,5.551115123126E-17));
#7598 = PCURVE('',#3436,#7599);
#7599 = DEFINITIONAL_REPRESENTATION('',(#7600),#7604);
#7600 = LINE('',#7601,#7602);
#7601 = CARTESIAN_POINT('',(5.551115123126E-17,59.));
#7602 = VECTOR('',#7603,1.);
#7603 = DIRECTION('',(1.,0.));
#7604 = ( GEOMETRIC_REPRESENTATION_CONTEXT(2) 
PARAMETRIC_REPRESENTATION_CONTEXT() REPRESENTATION_CONTEXT('2D SPACE',''
  ) );
#7605 = PCURVE('',#6508,#7606);
#7606 = DEFINITIONAL_REPRESENTATION('',(#7607),#7611);
#7607 = CIRCLE('',#7608,1.4);
#7608 = AXIS2_PLACEMENT_2D('',#7609,#7610);
#7609 = CARTESIAN_POINT('',(4.5,21.));
#7610 = DIRECTION('',(1.,7.322764862755E-17));
#7611 = ( GEOMETRIC_REPRESENTATION_CONTEXT(2) 
PARAMETRIC_REPRESENTATION_CONTEXT() REPRESENTATION_CONTEXT('2D SPACE',''
  ) );
#7612 = ORIENTED_EDGE('',*,*,#7613,.F.);
#7613 = EDGE_CURVE('',#3476,#7590,#7614,.T.);
#7614 = SEAM_CURVE('',#7615,(#7619,#7626),.PCURVE_S1.);
#7615 = LINE('',#7616,#7617);
#7616 = CARTESIAN_POINT('',(-6.753499094423,31.502596439588,
    116.84218701969));
#7617 = VECTOR('',#7618,1.);
#7618 = DIRECTION('',(-0.409576022144,-0.709406479916,-0.573576436351));
#7619 = PCURVE('',#3436,#7620);
#7620 = DEFINITIONAL_REPRESENTATION('',(#7621),#7625);
#7621 = LINE('',#7622,#7623);
#7622 = CARTESIAN_POINT('',(6.28318530718,-0.));
#7623 = VECTOR('',#7624,1.);
#7624 = DIRECTION('',(0.,1.));
#7625 = ( GEOMETRIC_REPRESENTATION_CONTEXT(2) 
PARAMETRIC_REPRESENTATION_CONTEXT() REPRESENTATION_CONTEXT('2D SPACE',''
  ) );
#7626 = PCURVE('',#3436,#7627);
#7627 = DEFINITIONAL_REPRESENTATION('',(#7628),#7632);
#7628 = LINE('',#7629,#7630);
#7629 = CARTESIAN_POINT('',(0.,-0.));
#7630 = VECTOR('',#7631,1.);
#7631 = DIRECTION('',(0.,1.));
#7632 = ( GEOMETRIC_REPRESENTATION_CONTEXT(2) 
PARAMETRIC_REPRESENTATION_CONTEXT() REPRESENTATION_CONTEXT('2D SPACE',''
  ) );
#7633 = ORIENTED_EDGE('',*,*,#3475,.T.);
#7634 = ORIENTED_EDGE('',*,*,#3413,.T.);
#7635 = ORIENTED_EDGE('',*,*,#7636,.F.);
#7636 = EDGE_CURVE('',#7637,#3416,#7639,.T.);
#7637 = VERTEX_POINT('',#7638);
#7638 = CARTESIAN_POINT('',(-28.17469313645,-1.989519660128E-13,
    90.239450017994));
#7639 = SURFACE_CURVE('',#7640,(#7645,#7656),.PCURVE_S1.);
#7640 = ELLIPSE('',#7641,1.973480704836,1.4);
#7641 = AXIS2_PLACEMENT_3D('',#7642,#7643,#7644);
#7642 = CARTESIAN_POINT('',(-26.55811238272,2.84217094304E-14,
    90.805421032938));
#7643 = DIRECTION('',(3.52125597401E-16,1.,-7.825013275578E-17));
#7644 = DIRECTION('',(-0.581124101765,1.409475433573E-16,-0.813814953382
    ));
#7645 = PCURVE('',#3436,#7646);
#7646 = DEFINITIONAL_REPRESENTATION('',(#7647),#7655);
#7647 = B_SPLINE_CURVE_WITH_KNOTS('',6,(#7648,#7649,#7650,#7651,#7652,
    #7653,#7654),.UNSPECIFIED.,.F.,.F.,(7,7),(0.782119223656,
    1.570796326795),.PIECEWISE_BEZIER_KNOTS.);
#7648 = CARTESIAN_POINT('',(3.14159265359,46.380456580371));
#7649 = CARTESIAN_POINT('',(3.010146469733,46.251601128044));
#7650 = CARTESIAN_POINT('',(2.878700285877,46.102287152598));
#7651 = CARTESIAN_POINT('',(2.747254102021,45.936520142249));
#7652 = CARTESIAN_POINT('',(2.615807918164,45.759375139999));
#7653 = CARTESIAN_POINT('',(2.484361734308,45.576545825219));
#7654 = CARTESIAN_POINT('',(2.352915550451,45.393716227953));
#7655 = ( GEOMETRIC_REPRESENTATION_CONTEXT(2) 
PARAMETRIC_REPRESENTATION_CONTEXT() REPRESENTATION_CONTEXT('2D SPACE',''
  ) );
#7656 = PCURVE('',#4250,#7657);
#7657 = DEFINITIONAL_REPRESENTATION('',(#7658),#7666);
#7658 = B_SPLINE_CURVE_WITH_KNOTS('',6,(#7659,#7660,#7661,#7662,#7663,
    #7664,#7665),.UNSPECIFIED.,.F.,.F.,(7,7),(0.782119223656,
    1.570796326795),.PIECEWISE_BEZIER_KNOTS.);
#7659 = CARTESIAN_POINT('',(8.120488408687E-14,46.380456580371));
#7660 = CARTESIAN_POINT('',(0.131446183856,46.251601128044));
#7661 = CARTESIAN_POINT('',(0.262892367713,46.102287152597));
#7662 = CARTESIAN_POINT('',(0.394338551569,45.936520142249));
#7663 = CARTESIAN_POINT('',(0.525784735426,45.759375139998));
#7664 = CARTESIAN_POINT('',(0.657230919282,45.576545825219));
#7665 = CARTESIAN_POINT('',(0.788677103139,45.393716227953));
#7666 = ( GEOMETRIC_REPRESENTATION_CONTEXT(2) 
PARAMETRIC_REPRESENTATION_CONTEXT() REPRESENTATION_CONTEXT('2D SPACE',''
  ) );
#7667 = ORIENTED_EDGE('',*,*,#7668,.F.);
#7668 = EDGE_CURVE('',#7669,#7637,#7671,.T.);
#7669 = VERTEX_POINT('',#7670);
#7670 = CARTESIAN_POINT('',(-27.70494958467,2.869986668761E-14,
    89.199372925132));
#7671 = SURFACE_CURVE('',#7672,(#7677,#7688),.PCURVE_S1.);
#7672 = ELLIPSE('',#7673,1.973480704836,1.4);
#7673 = AXIS2_PLACEMENT_3D('',#7674,#7675,#7676);
#7674 = CARTESIAN_POINT('',(-26.55811238272,2.84217094304E-14,
    90.805421032938));
#7675 = DIRECTION('',(3.52125597401E-16,1.,-7.825013275578E-17));
#7676 = DIRECTION('',(-0.581124101765,1.409475433573E-16,-0.813814953382
    ));
#7677 = PCURVE('',#3436,#7678);
#7678 = DEFINITIONAL_REPRESENTATION('',(#7679),#7687);
#7679 = B_SPLINE_CURVE_WITH_KNOTS('',6,(#7680,#7681,#7682,#7683,#7684,
    #7685,#7686),.UNSPECIFIED.,.F.,.F.,(7,7),(0.,0.782119223656),
  .PIECEWISE_BEZIER_KNOTS.);
#7680 = CARTESIAN_POINT('',(3.923711877246,46.784624597458));
#7681 = CARTESIAN_POINT('',(3.793358673303,46.784624597458));
#7682 = CARTESIAN_POINT('',(3.663005469361,46.756263588954));
#7683 = CARTESIAN_POINT('',(3.532652265418,46.699540875966));
#7684 = CARTESIAN_POINT('',(3.402299061475,46.615904511013));
#7685 = CARTESIAN_POINT('',(3.271945857532,46.508240594814));
#7686 = CARTESIAN_POINT('',(3.14159265359,46.380456580371));
#7687 = ( GEOMETRIC_REPRESENTATION_CONTEXT(2) 
PARAMETRIC_REPRESENTATION_CONTEXT() REPRESENTATION_CONTEXT('2D SPACE',''
  ) );
#7688 = PCURVE('',#4250,#7689);
#7689 = DEFINITIONAL_REPRESENTATION('',(#7690),#7698);
#7690 = B_SPLINE_CURVE_WITH_KNOTS('',6,(#7691,#7692,#7693,#7694,#7695,
    #7696,#7697),.UNSPECIFIED.,.F.,.F.,(7,7),(0.,0.782119223656),
  .PIECEWISE_BEZIER_KNOTS.);
#7691 = CARTESIAN_POINT('',(5.501066083523,46.784624597458));
#7692 = CARTESIAN_POINT('',(5.631419287466,46.784624597458));
#7693 = CARTESIAN_POINT('',(5.761772491409,46.756263588954));
#7694 = CARTESIAN_POINT('',(5.892125695351,46.699540875965));
#7695 = CARTESIAN_POINT('',(6.022478899294,46.615904511014));
#7696 = CARTESIAN_POINT('',(6.152832103237,46.508240594814));
#7697 = CARTESIAN_POINT('',(6.28318530718,46.380456580371));
#7698 = ( GEOMETRIC_REPRESENTATION_CONTEXT(2) 
PARAMETRIC_REPRESENTATION_CONTEXT() REPRESENTATION_CONTEXT('2D SPACE',''
  ) );
#7699 = ORIENTED_EDGE('',*,*,#7700,.F.);
#7700 = EDGE_CURVE('',#3512,#7669,#7701,.T.);
#7701 = SURFACE_CURVE('',#7702,(#7707,#7719),.PCURVE_S1.);
#7702 = ELLIPSE('',#7703,1.973480704836,1.4);
#7703 = AXIS2_PLACEMENT_3D('',#7704,#7705,#7706);
#7704 = CARTESIAN_POINT('',(-26.55811238272,2.84217094304E-14,
    90.805421032938));
#7705 = DIRECTION('',(3.52125597401E-16,1.,-7.825013275578E-17));
#7706 = DIRECTION('',(-0.581124101765,1.409475433573E-16,-0.813814953382
    ));
#7707 = PCURVE('',#3436,#7708);
#7708 = DEFINITIONAL_REPRESENTATION('',(#7709),#7718);
#7709 = B_SPLINE_CURVE_WITH_KNOTS('',7,(#7710,#7711,#7712,#7713,#7714,
    #7715,#7716,#7717),.UNSPECIFIED.,.F.,.F.,(8,8),(4.712388980385,
    6.28318530718),.PIECEWISE_BEZIER_KNOTS.);
#7710 = CARTESIAN_POINT('',(5.494508204041,45.393716227953));
#7711 = CARTESIAN_POINT('',(5.270108728785,45.7058353362));
#7712 = CARTESIAN_POINT('',(5.045709253528,46.017953177068));
#7713 = CARTESIAN_POINT('',(4.821309778274,46.304409067798));
#7714 = CARTESIAN_POINT('',(4.596910303015,46.539494390141));
#7715 = CARTESIAN_POINT('',(4.372510827759,46.702910577016));
#7716 = CARTESIAN_POINT('',(4.148111352503,46.784624597458));
#7717 = CARTESIAN_POINT('',(3.923711877246,46.784624597458));
#7718 = ( GEOMETRIC_REPRESENTATION_CONTEXT(2) 
PARAMETRIC_REPRESENTATION_CONTEXT() REPRESENTATION_CONTEXT('2D SPACE',''
  ) );
#7719 = PCURVE('',#4250,#7720);
#7720 = DEFINITIONAL_REPRESENTATION('',(#7721),#7730);
#7721 = B_SPLINE_CURVE_WITH_KNOTS('',7,(#7722,#7723,#7724,#7725,#7726,
    #7727,#7728,#7729),.UNSPECIFIED.,.F.,.F.,(8,8),(4.712388980385,
    6.28318530718),.PIECEWISE_BEZIER_KNOTS.);
#7722 = CARTESIAN_POINT('',(3.930269756728,45.393716227953));
#7723 = CARTESIAN_POINT('',(4.154669231985,45.7058353362));
#7724 = CARTESIAN_POINT('',(4.379068707242,46.017953177057));
#7725 = CARTESIAN_POINT('',(4.603468182496,46.304409067834));
#7726 = CARTESIAN_POINT('',(4.827867657756,46.539494390134));
#7727 = CARTESIAN_POINT('',(5.05226713301,46.702910577025));
#7728 = CARTESIAN_POINT('',(5.276666608267,46.784624597458));
#7729 = CARTESIAN_POINT('',(5.501066083523,46.784624597458));
#7730 = ( GEOMETRIC_REPRESENTATION_CONTEXT(2) 
PARAMETRIC_REPRESENTATION_CONTEXT() REPRESENTATION_CONTEXT('2D SPACE',''
  ) );
#7731 = ORIENTED_EDGE('',*,*,#3511,.T.);
#7732 = ORIENTED_EDGE('',*,*,#7613,.T.);
#7733 = ADVANCED_FACE('',(#7734),#3731,.F.);
#7734 = FACE_BOUND('',#7735,.F.);
#7735 = EDGE_LOOP('',(#7736,#7760,#7783,#7813,#7814,#7848,#7878));
#7736 = ORIENTED_EDGE('',*,*,#7737,.F.);
#7737 = EDGE_CURVE('',#7738,#7738,#7740,.T.);
#7738 = VERTEX_POINT('',#7739);
#7739 = CARTESIAN_POINT('',(8.918684173135,-33.35238587546,
    83.001177274986));
#7740 = SURFACE_CURVE('',#7741,(#7746,#7753),.PCURVE_S1.);
#7741 = CIRCLE('',#7742,1.4);
#7742 = AXIS2_PLACEMENT_3D('',#7743,#7744,#7745);
#7743 = CARTESIAN_POINT('',(7.706248607837,-32.65238587546,
    83.001177274986));
#7744 = DIRECTION('',(-0.409576022144,-0.709406479916,-0.573576436351));
#7745 = DIRECTION('',(0.866025403784,-0.5,5.551115123126E-17));
#7746 = PCURVE('',#3731,#7747);
#7747 = DEFINITIONAL_REPRESENTATION('',(#7748),#7752);
#7748 = LINE('',#7749,#7750);
#7749 = CARTESIAN_POINT('',(5.551115123126E-17,59.));
#7750 = VECTOR('',#7751,1.);
#7751 = DIRECTION('',(1.,0.));
#7752 = ( GEOMETRIC_REPRESENTATION_CONTEXT(2) 
PARAMETRIC_REPRESENTATION_CONTEXT() REPRESENTATION_CONTEXT('2D SPACE',''
  ) );
#7753 = PCURVE('',#6786,#7754);
#7754 = DEFINITIONAL_REPRESENTATION('',(#7755),#7759);
#7755 = CIRCLE('',#7756,1.4);
#7756 = AXIS2_PLACEMENT_2D('',#7757,#7758);
#7757 = CARTESIAN_POINT('',(50.5,21.));
#7758 = DIRECTION('',(1.,7.322764862755E-17));
#7759 = ( GEOMETRIC_REPRESENTATION_CONTEXT(2) 
PARAMETRIC_REPRESENTATION_CONTEXT() REPRESENTATION_CONTEXT('2D SPACE',''
  ) );
#7760 = ORIENTED_EDGE('',*,*,#7761,.F.);
#7761 = EDGE_CURVE('',#7762,#7738,#7764,.T.);
#7762 = VERTEX_POINT('',#7763);
#7763 = CARTESIAN_POINT('',(14.087346568227,-24.4,90.239450017994));
#7764 = SEAM_CURVE('',#7765,(#7769,#7776),.PCURVE_S1.);
#7765 = LINE('',#7766,#7767);
#7766 = CARTESIAN_POINT('',(33.083669479661,8.502596439588,
    116.84218701969));
#7767 = VECTOR('',#7768,1.);
#7768 = DIRECTION('',(-0.409576022144,-0.709406479916,-0.573576436351));
#7769 = PCURVE('',#3731,#7770);
#7770 = DEFINITIONAL_REPRESENTATION('',(#7771),#7775);
#7771 = LINE('',#7772,#7773);
#7772 = CARTESIAN_POINT('',(6.28318530718,-0.));
#7773 = VECTOR('',#7774,1.);
#7774 = DIRECTION('',(0.,1.));
#7775 = ( GEOMETRIC_REPRESENTATION_CONTEXT(2) 
PARAMETRIC_REPRESENTATION_CONTEXT() REPRESENTATION_CONTEXT('2D SPACE',''
  ) );
#7776 = PCURVE('',#3731,#7777);
#7777 = DEFINITIONAL_REPRESENTATION('',(#7778),#7782);
#7778 = LINE('',#7779,#7780);
#7779 = CARTESIAN_POINT('',(0.,-0.));
#7780 = VECTOR('',#7781,1.);
#7781 = DIRECTION('',(0.,1.));
#7782 = ( GEOMETRIC_REPRESENTATION_CONTEXT(2) 
PARAMETRIC_REPRESENTATION_CONTEXT() REPRESENTATION_CONTEXT('2D SPACE',''
  ) );
#7783 = ORIENTED_EDGE('',*,*,#7784,.F.);
#7784 = EDGE_CURVE('',#3615,#7762,#7785,.T.);
#7785 = SURFACE_CURVE('',#7786,(#7791,#7802),.PCURVE_S1.);
#7786 = ELLIPSE('',#7787,1.973480704836,1.4);
#7787 = AXIS2_PLACEMENT_3D('',#7788,#7789,#7790);
#7788 = CARTESIAN_POINT('',(13.279056191361,-23.,90.805421032938));
#7789 = DIRECTION('',(0.866025403784,0.5,-5.551115123126E-17));
#7790 = DIRECTION('',(0.290562050882,-0.50326823488,-0.813814953382));
#7791 = PCURVE('',#3731,#7792);
#7792 = DEFINITIONAL_REPRESENTATION('',(#7793),#7801);
#7793 = B_SPLINE_CURVE_WITH_KNOTS('',6,(#7794,#7795,#7796,#7797,#7798,
    #7799,#7800),.UNSPECIFIED.,.F.,.F.,(7,7),(4.712388980385,
    5.501066083523),.PIECEWISE_BEZIER_KNOTS.);
#7794 = CARTESIAN_POINT('',(0.788677103139,45.393716227953));
#7795 = CARTESIAN_POINT('',(0.657230919282,45.576545825219));
#7796 = CARTESIAN_POINT('',(0.525784735426,45.759375139997));
#7797 = CARTESIAN_POINT('',(0.394338551569,45.936520142251));
#7798 = CARTESIAN_POINT('',(0.262892367713,46.102287152597));
#7799 = CARTESIAN_POINT('',(0.131446183856,46.251601128044));
#7800 = CARTESIAN_POINT('',(-9.148237722911E-14,46.380456580371));
#7801 = ( GEOMETRIC_REPRESENTATION_CONTEXT(2) 
PARAMETRIC_REPRESENTATION_CONTEXT() REPRESENTATION_CONTEXT('2D SPACE',''
  ) );
#7802 = PCURVE('',#3778,#7803);
#7803 = DEFINITIONAL_REPRESENTATION('',(#7804),#7812);
#7804 = B_SPLINE_CURVE_WITH_KNOTS('',6,(#7805,#7806,#7807,#7808,#7809,
    #7810,#7811),.UNSPECIFIED.,.F.,.F.,(7,7),(4.712388980385,
    5.501066083523),.PIECEWISE_BEZIER_KNOTS.);
#7805 = CARTESIAN_POINT('',(2.352915550451,45.393716227953));
#7806 = CARTESIAN_POINT('',(2.484361734308,45.576545825219));
#7807 = CARTESIAN_POINT('',(2.615807918164,45.759375139999));
#7808 = CARTESIAN_POINT('',(2.747254102021,45.93652014225));
#7809 = CARTESIAN_POINT('',(2.878700285877,46.102287152598));
#7810 = CARTESIAN_POINT('',(3.010146469733,46.251601128044));
#7811 = CARTESIAN_POINT('',(3.14159265359,46.380456580371));
#7812 = ( GEOMETRIC_REPRESENTATION_CONTEXT(2) 
PARAMETRIC_REPRESENTATION_CONTEXT() REPRESENTATION_CONTEXT('2D SPACE',''
  ) );
#7813 = ORIENTED_EDGE('',*,*,#3705,.T.);
#7814 = ORIENTED_EDGE('',*,*,#7815,.F.);
#7815 = EDGE_CURVE('',#7816,#3674,#7818,.T.);
#7816 = VERTEX_POINT('',#7817);
#7817 = CARTESIAN_POINT('',(13.852474792335,-23.99319015089,
    89.199372925132));
#7818 = SURFACE_CURVE('',#7819,(#7824,#7836),.PCURVE_S1.);
#7819 = ELLIPSE('',#7820,1.973480704836,1.4);
#7820 = AXIS2_PLACEMENT_3D('',#7821,#7822,#7823);
#7821 = CARTESIAN_POINT('',(13.279056191361,-23.,90.805421032938));
#7822 = DIRECTION('',(0.866025403784,0.5,-5.551115123126E-17));
#7823 = DIRECTION('',(0.290562050882,-0.50326823488,-0.813814953382));
#7824 = PCURVE('',#3731,#7825);
#7825 = DEFINITIONAL_REPRESENTATION('',(#7826),#7835);
#7826 = B_SPLINE_CURVE_WITH_KNOTS('',7,(#7827,#7828,#7829,#7830,#7831,
    #7832,#7833,#7834),.UNSPECIFIED.,.F.,.F.,(8,8),(0.,1.570796326795),
  .PIECEWISE_BEZIER_KNOTS.);
#7827 = CARTESIAN_POINT('',(5.501066083523,46.784624597458));
#7828 = CARTESIAN_POINT('',(5.276666608267,46.784624597458));
#7829 = CARTESIAN_POINT('',(5.05226713301,46.702910577031));
#7830 = CARTESIAN_POINT('',(4.827867657755,46.539494390101));
#7831 = CARTESIAN_POINT('',(4.603468182496,46.304409067845));
#7832 = CARTESIAN_POINT('',(4.379068707241,46.017953177057));
#7833 = CARTESIAN_POINT('',(4.154669231985,45.7058353362));
#7834 = CARTESIAN_POINT('',(3.930269756728,45.393716227953));
#7835 = ( GEOMETRIC_REPRESENTATION_CONTEXT(2) 
PARAMETRIC_REPRESENTATION_CONTEXT() REPRESENTATION_CONTEXT('2D SPACE',''
  ) );
#7836 = PCURVE('',#3778,#7837);
#7837 = DEFINITIONAL_REPRESENTATION('',(#7838),#7847);
#7838 = B_SPLINE_CURVE_WITH_KNOTS('',7,(#7839,#7840,#7841,#7842,#7843,
    #7844,#7845,#7846),.UNSPECIFIED.,.F.,.F.,(8,8),(0.,1.570796326795),
  .PIECEWISE_BEZIER_KNOTS.);
#7839 = CARTESIAN_POINT('',(3.923711877246,46.784624597458));
#7840 = CARTESIAN_POINT('',(4.148111352503,46.784624597458));
#7841 = CARTESIAN_POINT('',(4.37251082776,46.702910577025));
#7842 = CARTESIAN_POINT('',(4.596910303016,46.53949439013));
#7843 = CARTESIAN_POINT('',(4.821309778275,46.30440906783));
#7844 = CARTESIAN_POINT('',(5.045709253527,46.017953177059));
#7845 = CARTESIAN_POINT('',(5.270108728785,45.7058353362));
#7846 = CARTESIAN_POINT('',(5.494508204041,45.393716227953));
#7847 = ( GEOMETRIC_REPRESENTATION_CONTEXT(2) 
PARAMETRIC_REPRESENTATION_CONTEXT() REPRESENTATION_CONTEXT('2D SPACE',''
  ) );
#7848 = ORIENTED_EDGE('',*,*,#7849,.F.);
#7849 = EDGE_CURVE('',#7762,#7816,#7850,.T.);
#7850 = SURFACE_CURVE('',#7851,(#7856,#7867),.PCURVE_S1.);
#7851 = ELLIPSE('',#7852,1.973480704836,1.4);
#7852 = AXIS2_PLACEMENT_3D('',#7853,#7854,#7855);
#7853 = CARTESIAN_POINT('',(13.279056191361,-23.,90.805421032938));
#7854 = DIRECTION('',(0.866025403784,0.5,-5.551115123126E-17));
#7855 = DIRECTION('',(0.290562050882,-0.50326823488,-0.813814953382));
#7856 = PCURVE('',#3731,#7857);
#7857 = DEFINITIONAL_REPRESENTATION('',(#7858),#7866);
#7858 = B_SPLINE_CURVE_WITH_KNOTS('',6,(#7859,#7860,#7861,#7862,#7863,
    #7864,#7865),.UNSPECIFIED.,.F.,.F.,(7,7),(5.501066083523,
    6.28318530718),.PIECEWISE_BEZIER_KNOTS.);
#7859 = CARTESIAN_POINT('',(6.283185307179,46.380456580371));
#7860 = CARTESIAN_POINT('',(6.152832103237,46.508240594814));
#7861 = CARTESIAN_POINT('',(6.022478899294,46.615904511013));
#7862 = CARTESIAN_POINT('',(5.892125695351,46.699540875967));
#7863 = CARTESIAN_POINT('',(5.761772491409,46.756263588954));
#7864 = CARTESIAN_POINT('',(5.631419287466,46.784624597458));
#7865 = CARTESIAN_POINT('',(5.501066083523,46.784624597458));
#7866 = ( GEOMETRIC_REPRESENTATION_CONTEXT(2) 
PARAMETRIC_REPRESENTATION_CONTEXT() REPRESENTATION_CONTEXT('2D SPACE',''
  ) );
#7867 = PCURVE('',#3778,#7868);
#7868 = DEFINITIONAL_REPRESENTATION('',(#7869),#7877);
#7869 = B_SPLINE_CURVE_WITH_KNOTS('',6,(#7870,#7871,#7872,#7873,#7874,
    #7875,#7876),.UNSPECIFIED.,.F.,.F.,(7,7),(5.501066083523,
    6.28318530718),.PIECEWISE_BEZIER_KNOTS.);
#7870 = CARTESIAN_POINT('',(3.14159265359,46.380456580371));
#7871 = CARTESIAN_POINT('',(3.271945857533,46.508240594814));
#7872 = CARTESIAN_POINT('',(3.402299061475,46.615904511013));
#7873 = CARTESIAN_POINT('',(3.532652265418,46.699540875967));
#7874 = CARTESIAN_POINT('',(3.663005469361,46.756263588954));
#7875 = CARTESIAN_POINT('',(3.793358673303,46.784624597458));
#7876 = CARTESIAN_POINT('',(3.923711877246,46.784624597458));
#7877 = ( GEOMETRIC_REPRESENTATION_CONTEXT(2) 
PARAMETRIC_REPRESENTATION_CONTEXT() REPRESENTATION_CONTEXT('2D SPACE',''
  ) );
#7878 = ORIENTED_EDGE('',*,*,#7761,.T.);
#7879 = ADVANCED_FACE('',(#7880),#3778,.F.);
#7880 = FACE_BOUND('',#7881,.F.);
#7881 = EDGE_LOOP('',(#7882,#7905,#7927,#7928,#7929,#7930,#7931,#7932,
    #7933,#7934));
#7882 = ORIENTED_EDGE('',*,*,#7883,.T.);
#7883 = EDGE_CURVE('',#3850,#7884,#7886,.T.);
#7884 = VERTEX_POINT('',#7885);
#7885 = CARTESIAN_POINT('',(24.42467135841,-21.6,83.001177274986));
#7886 = SEAM_CURVE('',#7887,(#7891,#7898),.PCURVE_S1.);
#7887 = LINE('',#7888,#7889);
#7888 = CARTESIAN_POINT('',(-23.90529925464,-21.6,116.84218701969));
#7889 = VECTOR('',#7890,1.);
#7890 = DIRECTION('',(0.819152044289,0.,-0.573576436351));
#7891 = PCURVE('',#3778,#7892);
#7892 = DEFINITIONAL_REPRESENTATION('',(#7893),#7897);
#7893 = LINE('',#7894,#7895);
#7894 = CARTESIAN_POINT('',(6.28318530718,-0.));
#7895 = VECTOR('',#7896,1.);
#7896 = DIRECTION('',(0.,1.));
#7897 = ( GEOMETRIC_REPRESENTATION_CONTEXT(2) 
PARAMETRIC_REPRESENTATION_CONTEXT() REPRESENTATION_CONTEXT('2D SPACE',''
  ) );
#7898 = PCURVE('',#3778,#7899);
#7899 = DEFINITIONAL_REPRESENTATION('',(#7900),#7904);
#7900 = LINE('',#7901,#7902);
#7901 = CARTESIAN_POINT('',(0.,-0.));
#7902 = VECTOR('',#7903,1.);
#7903 = DIRECTION('',(0.,1.));
#7904 = ( GEOMETRIC_REPRESENTATION_CONTEXT(2) 
PARAMETRIC_REPRESENTATION_CONTEXT() REPRESENTATION_CONTEXT('2D SPACE',''
  ) );
#7905 = ORIENTED_EDGE('',*,*,#7906,.F.);
#7906 = EDGE_CURVE('',#7884,#7884,#7907,.T.);
#7907 = SURFACE_CURVE('',#7908,(#7913,#7920),.PCURVE_S1.);
#7908 = CIRCLE('',#7909,1.4);
#7909 = AXIS2_PLACEMENT_3D('',#7910,#7911,#7912);
#7910 = CARTESIAN_POINT('',(24.42467135841,-23.,83.001177274986));
#7911 = DIRECTION('',(0.819152044289,0.,-0.573576436351));
#7912 = DIRECTION('',(0.,1.,0.));
#7913 = PCURVE('',#3778,#7914);
#7914 = DEFINITIONAL_REPRESENTATION('',(#7915),#7919);
#7915 = LINE('',#7916,#7917);
#7916 = CARTESIAN_POINT('',(0.,59.));
#7917 = VECTOR('',#7918,1.);
#7918 = DIRECTION('',(1.,0.));
#7919 = ( GEOMETRIC_REPRESENTATION_CONTEXT(2) 
PARAMETRIC_REPRESENTATION_CONTEXT() REPRESENTATION_CONTEXT('2D SPACE',''
  ) );
#7920 = PCURVE('',#5531,#7921);
#7921 = DEFINITIONAL_REPRESENTATION('',(#7922),#7926);
#7922 = CIRCLE('',#7923,1.4);
#7923 = AXIS2_PLACEMENT_2D('',#7924,#7925);
#7924 = CARTESIAN_POINT('',(4.5,21.));
#7925 = DIRECTION('',(1.,0.));
#7926 = ( GEOMETRIC_REPRESENTATION_CONTEXT(2) 
PARAMETRIC_REPRESENTATION_CONTEXT() REPRESENTATION_CONTEXT('2D SPACE',''
  ) );
#7927 = ORIENTED_EDGE('',*,*,#7883,.F.);
#7928 = ORIENTED_EDGE('',*,*,#3849,.T.);
#7929 = ORIENTED_EDGE('',*,*,#3817,.T.);
#7930 = ORIENTED_EDGE('',*,*,#3757,.T.);
#7931 = ORIENTED_EDGE('',*,*,#7784,.T.);
#7932 = ORIENTED_EDGE('',*,*,#7849,.T.);
#7933 = ORIENTED_EDGE('',*,*,#7815,.T.);
#7934 = ORIENTED_EDGE('',*,*,#3881,.T.);
#7935 = ADVANCED_FACE('',(#7936),#3966,.F.);
#7936 = FACE_BOUND('',#7937,.F.);
#7937 = EDGE_LOOP('',(#7938,#7975,#7996,#7997,#7998,#7999,#8031,#8063,
    #8097,#8119,#8120,#8121,#8153,#8185,#8215,#8216));
#7938 = ORIENTED_EDGE('',*,*,#7939,.F.);
#7939 = EDGE_CURVE('',#7940,#7143,#7942,.T.);
#7940 = VERTEX_POINT('',#7941);
#7941 = CARTESIAN_POINT('',(14.900937577977,-22.99081903453,
    71.846421713905));
#7942 = SURFACE_CURVE('',#7943,(#7948,#7959),.PCURVE_S1.);
#7943 = ELLIPSE('',#7944,1.986380301783,1.4);
#7944 = AXIS2_PLACEMENT_3D('',#7945,#7946,#7947);
#7945 = CARTESIAN_POINT('',(13.279056191361,-23.,71.273027612755));
#7946 = DIRECTION('',(0.290562050882,-0.50326823488,-0.813814953382));
#7947 = DIRECTION('',(0.866025403784,0.5,0.));
#7948 = PCURVE('',#3966,#7949);
#7949 = DEFINITIONAL_REPRESENTATION('',(#7950),#7958);
#7950 = B_SPLINE_CURVE_WITH_KNOTS('',6,(#7951,#7952,#7953,#7954,#7955,
    #7956,#7957),.UNSPECIFIED.,.F.,.F.,(7,7),(0.782119223656,
    1.570796326795),.PIECEWISE_BEZIER_KNOTS.);
#7951 = CARTESIAN_POINT('',(-1.518785097687E-13,55.59735473103));
#7952 = CARTESIAN_POINT('',(0.131446183856,55.727900208298));
#7953 = CARTESIAN_POINT('',(0.262892367713,55.87917253582));
#7954 = CARTESIAN_POINT('',(0.394338551569,56.047113690733));
#7955 = CARTESIAN_POINT('',(0.525784735426,56.226582067486));
#7956 = CARTESIAN_POINT('',(0.657230919282,56.411809310302));
#7957 = CARTESIAN_POINT('',(0.788677103139,56.597036839309));
#7958 = ( GEOMETRIC_REPRESENTATION_CONTEXT(2) 
PARAMETRIC_REPRESENTATION_CONTEXT() REPRESENTATION_CONTEXT('2D SPACE',''
  ) );
#7959 = PCURVE('',#7960,#7965);
#7960 = CYLINDRICAL_SURFACE('',#7961,1.4);
#7961 = AXIS2_PLACEMENT_3D('',#7962,#7963,#7964);
#7962 = CARTESIAN_POINT('',(-33.08252223625,-23.,103.73575431107));
#7963 = DIRECTION('',(0.819152044289,0.,-0.573576436351));
#7964 = DIRECTION('',(0.,1.,0.));
#7965 = DEFINITIONAL_REPRESENTATION('',(#7966),#7974);
#7966 = B_SPLINE_CURVE_WITH_KNOTS('',6,(#7967,#7968,#7969,#7970,#7971,
    #7972,#7973),.UNSPECIFIED.,.F.,.F.,(7,7),(0.782119223656,
    1.570796326795),.PIECEWISE_BEZIER_KNOTS.);
#7967 = CARTESIAN_POINT('',(1.564238447313,57.596718947587));
#7968 = CARTESIAN_POINT('',(1.695684631169,57.466173470319));
#7969 = CARTESIAN_POINT('',(1.827130815025,57.314901142799));
#7970 = CARTESIAN_POINT('',(1.958576998882,57.146959987879));
#7971 = CARTESIAN_POINT('',(2.090023182738,56.967491611133));
#7972 = CARTESIAN_POINT('',(2.221469366595,56.782264368316));
#7973 = CARTESIAN_POINT('',(2.352915550451,56.597036839309));
#7974 = ( GEOMETRIC_REPRESENTATION_CONTEXT(2) 
PARAMETRIC_REPRESENTATION_CONTEXT() REPRESENTATION_CONTEXT('2D SPACE',''
  ) );
#7975 = ORIENTED_EDGE('',*,*,#7976,.F.);
#7976 = EDGE_CURVE('',#4006,#7940,#7977,.T.);
#7977 = SEAM_CURVE('',#7978,(#7982,#7989),.PCURVE_S1.);
#7978 = LINE('',#7979,#7980);
#7979 = CARTESIAN_POINT('',(37.672280970469,16.450304677863,
    103.73575431107));
#7980 = VECTOR('',#7981,1.);
#7981 = DIRECTION('',(-0.409576022144,-0.709406479916,-0.573576436351));
#7982 = PCURVE('',#3966,#7983);
#7983 = DEFINITIONAL_REPRESENTATION('',(#7984),#7988);
#7984 = LINE('',#7985,#7986);
#7985 = CARTESIAN_POINT('',(6.28318530718,-0.));
#7986 = VECTOR('',#7987,1.);
#7987 = DIRECTION('',(0.,1.));
#7988 = ( GEOMETRIC_REPRESENTATION_CONTEXT(2) 
PARAMETRIC_REPRESENTATION_CONTEXT() REPRESENTATION_CONTEXT('2D SPACE',''
  ) );
#7989 = PCURVE('',#3966,#7990);
#7990 = DEFINITIONAL_REPRESENTATION('',(#7991),#7995);
#7991 = LINE('',#7992,#7993);
#7992 = CARTESIAN_POINT('',(0.,-0.));
#7993 = VECTOR('',#7994,1.);
#7994 = DIRECTION('',(0.,1.));
#7995 = ( GEOMETRIC_REPRESENTATION_CONTEXT(2) 
PARAMETRIC_REPRESENTATION_CONTEXT() REPRESENTATION_CONTEXT('2D SPACE',''
  ) );
#7996 = ORIENTED_EDGE('',*,*,#4005,.T.);
#7997 = ORIENTED_EDGE('',*,*,#3943,.T.);
#7998 = ORIENTED_EDGE('',*,*,#5712,.T.);
#7999 = ORIENTED_EDGE('',*,*,#8000,.F.);
#8000 = EDGE_CURVE('',#8001,#5692,#8003,.T.);
#8001 = VERTEX_POINT('',#8002);
#8002 = CARTESIAN_POINT('',(24.941531628992,-3.01980662698E-13,
    89.303247088814));
#8003 = SURFACE_CURVE('',#8004,(#8009,#8020),.PCURVE_S1.);
#8004 = ELLIPSE('',#8005,1.973480704836,1.4);
#8005 = AXIS2_PLACEMENT_3D('',#8006,#8007,#8008);
#8006 = CARTESIAN_POINT('',(26.558112382723,7.105427357601E-15,
    89.869218103758));
#8007 = DIRECTION('',(3.52125597401E-16,1.,-7.825013275578E-17));
#8008 = DIRECTION('',(-0.581124101765,1.409475433573E-16,-0.813814953382
    ));
#8009 = PCURVE('',#3966,#8010);
#8010 = DEFINITIONAL_REPRESENTATION('',(#8011),#8019);
#8011 = B_SPLINE_CURVE_WITH_KNOTS('',6,(#8012,#8013,#8014,#8015,#8016,
    #8017,#8018),.UNSPECIFIED.,.F.,.F.,(7,7),(0.782119223656,
    1.570796326795),.PIECEWISE_BEZIER_KNOTS.);
#8012 = CARTESIAN_POINT('',(3.14159265359,25.162308469427));
#8013 = CARTESIAN_POINT('',(3.010146469733,25.0334530171));
#8014 = CARTESIAN_POINT('',(2.878700285877,24.884139041654));
#8015 = CARTESIAN_POINT('',(2.74725410202,24.718372031306));
#8016 = CARTESIAN_POINT('',(2.615807918164,24.541227029054));
#8017 = CARTESIAN_POINT('',(2.484361734308,24.358397714275));
#8018 = CARTESIAN_POINT('',(2.352915550451,24.17556811701));
#8019 = ( GEOMETRIC_REPRESENTATION_CONTEXT(2) 
PARAMETRIC_REPRESENTATION_CONTEXT() REPRESENTATION_CONTEXT('2D SPACE',''
  ) );
#8020 = PCURVE('',#5380,#8021);
#8021 = DEFINITIONAL_REPRESENTATION('',(#8022),#8030);
#8022 = B_SPLINE_CURVE_WITH_KNOTS('',6,(#8023,#8024,#8025,#8026,#8027,
    #8028,#8029),.UNSPECIFIED.,.F.,.F.,(7,7),(0.782119223656,
    1.570796326795),.PIECEWISE_BEZIER_KNOTS.);
#8023 = CARTESIAN_POINT('',(1.218073261303E-13,25.162308469427));
#8024 = CARTESIAN_POINT('',(0.131446183857,25.0334530171));
#8025 = CARTESIAN_POINT('',(0.262892367713,24.884139041654));
#8026 = CARTESIAN_POINT('',(0.394338551569,24.718372031306));
#8027 = CARTESIAN_POINT('',(0.525784735426,24.541227029055));
#8028 = CARTESIAN_POINT('',(0.657230919282,24.358397714275));
#8029 = CARTESIAN_POINT('',(0.788677103139,24.17556811701));
#8030 = ( GEOMETRIC_REPRESENTATION_CONTEXT(2) 
PARAMETRIC_REPRESENTATION_CONTEXT() REPRESENTATION_CONTEXT('2D SPACE',''
  ) );
#8031 = ORIENTED_EDGE('',*,*,#8032,.F.);
#8032 = EDGE_CURVE('',#8033,#8001,#8035,.T.);
#8033 = VERTEX_POINT('',#8034);
#8034 = CARTESIAN_POINT('',(25.411275180775,7.383584614811E-15,
    88.263169995952));
#8035 = SURFACE_CURVE('',#8036,(#8041,#8052),.PCURVE_S1.);
#8036 = ELLIPSE('',#8037,1.973480704836,1.4);
#8037 = AXIS2_PLACEMENT_3D('',#8038,#8039,#8040);
#8038 = CARTESIAN_POINT('',(26.558112382723,7.105427357601E-15,
    89.869218103758));
#8039 = DIRECTION('',(3.52125597401E-16,1.,-7.825013275578E-17));
#8040 = DIRECTION('',(-0.581124101765,1.409475433573E-16,-0.813814953382
    ));
#8041 = PCURVE('',#3966,#8042);
#8042 = DEFINITIONAL_REPRESENTATION('',(#8043),#8051);
#8043 = B_SPLINE_CURVE_WITH_KNOTS('',6,(#8044,#8045,#8046,#8047,#8048,
    #8049,#8050),.UNSPECIFIED.,.F.,.F.,(7,7),(0.,0.782119223656),
  .PIECEWISE_BEZIER_KNOTS.);
#8044 = CARTESIAN_POINT('',(3.923711877246,25.566476486514));
#8045 = CARTESIAN_POINT('',(3.793358673303,25.566476486514));
#8046 = CARTESIAN_POINT('',(3.663005469361,25.538115478011));
#8047 = CARTESIAN_POINT('',(3.532652265418,25.481392765024));
#8048 = CARTESIAN_POINT('',(3.402299061475,25.39775640007));
#8049 = CARTESIAN_POINT('',(3.271945857532,25.29009248387));
#8050 = CARTESIAN_POINT('',(3.14159265359,25.162308469427));
#8051 = ( GEOMETRIC_REPRESENTATION_CONTEXT(2) 
PARAMETRIC_REPRESENTATION_CONTEXT() REPRESENTATION_CONTEXT('2D SPACE',''
  ) );
#8052 = PCURVE('',#5380,#8053);
#8053 = DEFINITIONAL_REPRESENTATION('',(#8054),#8062);
#8054 = B_SPLINE_CURVE_WITH_KNOTS('',6,(#8055,#8056,#8057,#8058,#8059,
    #8060,#8061),.UNSPECIFIED.,.F.,.F.,(7,7),(0.,0.782119223656),
  .PIECEWISE_BEZIER_KNOTS.);
#8055 = CARTESIAN_POINT('',(5.501066083523,25.566476486514));
#8056 = CARTESIAN_POINT('',(5.631419287466,25.566476486514));
#8057 = CARTESIAN_POINT('',(5.761772491409,25.538115478011));
#8058 = CARTESIAN_POINT('',(5.892125695352,25.481392765023));
#8059 = CARTESIAN_POINT('',(6.022478899294,25.397756400071));
#8060 = CARTESIAN_POINT('',(6.152832103237,25.29009248387));
#8061 = CARTESIAN_POINT('',(6.28318530718,25.162308469427));
#8062 = ( GEOMETRIC_REPRESENTATION_CONTEXT(2) 
PARAMETRIC_REPRESENTATION_CONTEXT() REPRESENTATION_CONTEXT('2D SPACE',''
  ) );
#8063 = ORIENTED_EDGE('',*,*,#8064,.F.);
#8064 = EDGE_CURVE('',#8065,#8033,#8067,.T.);
#8065 = VERTEX_POINT('',#8066);
#8066 = CARTESIAN_POINT('',(26.795975924948,-1.119908256987E-14,
    88.262012807297));
#8067 = SURFACE_CURVE('',#8068,(#8073,#8085),.PCURVE_S1.);
#8068 = ELLIPSE('',#8069,1.973480704836,1.4);
#8069 = AXIS2_PLACEMENT_3D('',#8070,#8071,#8072);
#8070 = CARTESIAN_POINT('',(26.558112382723,7.105427357601E-15,
    89.869218103758));
#8071 = DIRECTION('',(3.52125597401E-16,1.,-7.825013275578E-17));
#8072 = DIRECTION('',(-0.581124101765,1.409475433573E-16,-0.813814953382
    ));
#8073 = PCURVE('',#3966,#8074);
#8074 = DEFINITIONAL_REPRESENTATION('',(#8075),#8084);
#8075 = B_SPLINE_CURVE_WITH_KNOTS('',7,(#8076,#8077,#8078,#8079,#8080,
    #8081,#8082,#8083),.UNSPECIFIED.,.F.,.F.,(8,8),(4.712388980385,
    6.28318530718),.PIECEWISE_BEZIER_KNOTS.);
#8076 = CARTESIAN_POINT('',(5.494508204041,24.17556811701));
#8077 = CARTESIAN_POINT('',(5.270108728785,24.487687225256));
#8078 = CARTESIAN_POINT('',(5.045709253528,24.799805066118));
#8079 = CARTESIAN_POINT('',(4.821309778271,25.086260956887));
#8080 = CARTESIAN_POINT('',(4.596910303016,25.321346279179));
#8081 = CARTESIAN_POINT('',(4.372510827759,25.484762466084));
#8082 = CARTESIAN_POINT('',(4.148111352503,25.566476486514));
#8083 = CARTESIAN_POINT('',(3.923711877246,25.566476486514));
#8084 = ( GEOMETRIC_REPRESENTATION_CONTEXT(2) 
PARAMETRIC_REPRESENTATION_CONTEXT() REPRESENTATION_CONTEXT('2D SPACE',''
  ) );
#8085 = PCURVE('',#5380,#8086);
#8086 = DEFINITIONAL_REPRESENTATION('',(#8087),#8096);
#8087 = B_SPLINE_CURVE_WITH_KNOTS('',7,(#8088,#8089,#8090,#8091,#8092,
    #8093,#8094,#8095),.UNSPECIFIED.,.F.,.F.,(8,8),(4.712388980385,
    6.28318530718),.PIECEWISE_BEZIER_KNOTS.);
#8088 = CARTESIAN_POINT('',(3.930269756728,24.17556811701));
#8089 = CARTESIAN_POINT('',(4.154669231985,24.487687225256));
#8090 = CARTESIAN_POINT('',(4.379068707242,24.799805066118));
#8091 = CARTESIAN_POINT('',(4.603468182496,25.086260956879));
#8092 = CARTESIAN_POINT('',(4.827867657757,25.321346279179));
#8093 = CARTESIAN_POINT('',(5.05226713301,25.484762466082));
#8094 = CARTESIAN_POINT('',(5.276666608267,25.566476486514));
#8095 = CARTESIAN_POINT('',(5.501066083523,25.566476486514));
#8096 = ( GEOMETRIC_REPRESENTATION_CONTEXT(2) 
PARAMETRIC_REPRESENTATION_CONTEXT() REPRESENTATION_CONTEXT('2D SPACE',''
  ) );
#8097 = ORIENTED_EDGE('',*,*,#8098,.T.);
#8098 = EDGE_CURVE('',#8065,#4042,#8099,.T.);
#8099 = SURFACE_CURVE('',#8100,(#8105,#8112),.PCURVE_S1.);
#8100 = CIRCLE('',#8101,1.4);
#8101 = AXIS2_PLACEMENT_3D('',#8102,#8103,#8104);
#8102 = CARTESIAN_POINT('',(26.220444851559,-0.584857320043,
    89.396343402298));
#8103 = DIRECTION('',(-0.409576022144,-0.709406479916,-0.573576436351));
#8104 = DIRECTION('',(0.866025403784,-0.5,5.551115123126E-17));
#8105 = PCURVE('',#3966,#8106);
#8106 = DEFINITIONAL_REPRESENTATION('',(#8107),#8111);
#8107 = LINE('',#8108,#8109);
#8108 = CARTESIAN_POINT('',(5.551115123126E-17,25.));
#8109 = VECTOR('',#8110,1.);
#8110 = DIRECTION('',(1.,0.));
#8111 = ( GEOMETRIC_REPRESENTATION_CONTEXT(2) 
PARAMETRIC_REPRESENTATION_CONTEXT() REPRESENTATION_CONTEXT('2D SPACE',''
  ) );
#8112 = PCURVE('',#4093,#8113);
#8113 = DEFINITIONAL_REPRESENTATION('',(#8114),#8118);
#8114 = CIRCLE('',#8115,1.4);
#8115 = AXIS2_PLACEMENT_2D('',#8116,#8117);
#8116 = CARTESIAN_POINT('',(50.5,5.));
#8117 = DIRECTION('',(1.,7.322764862755E-17));
#8118 = ( GEOMETRIC_REPRESENTATION_CONTEXT(2) 
PARAMETRIC_REPRESENTATION_CONTEXT() REPRESENTATION_CONTEXT('2D SPACE',''
  ) );
#8119 = ORIENTED_EDGE('',*,*,#4041,.T.);
#8120 = ORIENTED_EDGE('',*,*,#7976,.T.);
#8121 = ORIENTED_EDGE('',*,*,#8122,.F.);
#8122 = EDGE_CURVE('',#8123,#7940,#8125,.T.);
#8123 = VERTEX_POINT('',#8124);
#8124 = CARTESIAN_POINT('',(14.999311994283,-22.0068098491,
    71.273027612755));
#8125 = SURFACE_CURVE('',#8126,(#8131,#8142),.PCURVE_S1.);
#8126 = ELLIPSE('',#8127,1.986380301783,1.4);
#8127 = AXIS2_PLACEMENT_3D('',#8128,#8129,#8130);
#8128 = CARTESIAN_POINT('',(13.279056191361,-23.,71.273027612755));
#8129 = DIRECTION('',(0.290562050882,-0.50326823488,-0.813814953382));
#8130 = DIRECTION('',(0.866025403784,0.5,0.));
#8131 = PCURVE('',#3966,#8132);
#8132 = DEFINITIONAL_REPRESENTATION('',(#8133),#8141);
#8133 = B_SPLINE_CURVE_WITH_KNOTS('',6,(#8134,#8135,#8136,#8137,#8138,
    #8139,#8140),.UNSPECIFIED.,.F.,.F.,(7,7),(0.,0.782119223656),
  .PIECEWISE_BEZIER_KNOTS.);
#8134 = CARTESIAN_POINT('',(5.501066083523,55.187885781646));
#8135 = CARTESIAN_POINT('',(5.631419287466,55.187885781646));
#8136 = CARTESIAN_POINT('',(5.761772491409,55.216618763634));
#8137 = CARTESIAN_POINT('',(5.892125695351,55.274085432718));
#8138 = CARTESIAN_POINT('',(6.022478899294,55.358818744214));
#8139 = CARTESIAN_POINT('',(6.152832103237,55.467894744268));
#8140 = CARTESIAN_POINT('',(6.283185307179,55.59735473103));
#8141 = ( GEOMETRIC_REPRESENTATION_CONTEXT(2) 
PARAMETRIC_REPRESENTATION_CONTEXT() REPRESENTATION_CONTEXT('2D SPACE',''
  ) );
#8142 = PCURVE('',#7960,#8143);
#8143 = DEFINITIONAL_REPRESENTATION('',(#8144),#8152);
#8144 = B_SPLINE_CURVE_WITH_KNOTS('',6,(#8145,#8146,#8147,#8148,#8149,
    #8150,#8151),.UNSPECIFIED.,.F.,.F.,(7,7),(0.,0.782119223656),
  .PIECEWISE_BEZIER_KNOTS.);
#8145 = CARTESIAN_POINT('',(0.782119223656,58.006187896972));
#8146 = CARTESIAN_POINT('',(0.912472427599,58.006187896972));
#8147 = CARTESIAN_POINT('',(1.042825631542,57.977454914983));
#8148 = CARTESIAN_POINT('',(1.173178835484,57.919988245895));
#8149 = CARTESIAN_POINT('',(1.303532039427,57.835254934403));
#8150 = CARTESIAN_POINT('',(1.43388524337,57.72617893435));
#8151 = CARTESIAN_POINT('',(1.564238447313,57.596718947587));
#8152 = ( GEOMETRIC_REPRESENTATION_CONTEXT(2) 
PARAMETRIC_REPRESENTATION_CONTEXT() REPRESENTATION_CONTEXT('2D SPACE',''
  ) );
#8153 = ORIENTED_EDGE('',*,*,#8154,.F.);
#8154 = EDGE_CURVE('',#8155,#8123,#8157,.T.);
#8155 = VERTEX_POINT('',#8156);
#8156 = CARTESIAN_POINT('',(14.097947833997,-21.6,70.699633511604));
#8157 = SURFACE_CURVE('',#8158,(#8163,#8174),.PCURVE_S1.);
#8158 = ELLIPSE('',#8159,1.986380301783,1.4);
#8159 = AXIS2_PLACEMENT_3D('',#8160,#8161,#8162);
#8160 = CARTESIAN_POINT('',(13.279056191361,-23.,71.273027612755));
#8161 = DIRECTION('',(0.290562050882,-0.50326823488,-0.813814953382));
#8162 = DIRECTION('',(0.866025403784,0.5,0.));
#8163 = PCURVE('',#3966,#8164);
#8164 = DEFINITIONAL_REPRESENTATION('',(#8165),#8173);
#8165 = B_SPLINE_CURVE_WITH_KNOTS('',6,(#8166,#8167,#8168,#8169,#8170,
    #8171,#8172),.UNSPECIFIED.,.F.,.F.,(7,7),(5.501066083523,
    6.28318530718),.PIECEWISE_BEZIER_KNOTS.);
#8166 = CARTESIAN_POINT('',(4.718946859867,55.59735473103));
#8167 = CARTESIAN_POINT('',(4.84930006381,55.467894744268));
#8168 = CARTESIAN_POINT('',(4.979653267752,55.358818744215));
#8169 = CARTESIAN_POINT('',(5.110006471695,55.274085432716));
#8170 = CARTESIAN_POINT('',(5.240359675638,55.216618763635));
#8171 = CARTESIAN_POINT('',(5.370712879581,55.187885781646));
#8172 = CARTESIAN_POINT('',(5.501066083523,55.187885781646));
#8173 = ( GEOMETRIC_REPRESENTATION_CONTEXT(2) 
PARAMETRIC_REPRESENTATION_CONTEXT() REPRESENTATION_CONTEXT('2D SPACE',''
  ) );
#8174 = PCURVE('',#7960,#8175);
#8175 = DEFINITIONAL_REPRESENTATION('',(#8176),#8184);
#8176 = B_SPLINE_CURVE_WITH_KNOTS('',6,(#8177,#8178,#8179,#8180,#8181,
    #8182,#8183),.UNSPECIFIED.,.F.,.F.,(7,7),(5.501066083523,
    6.28318530718),.PIECEWISE_BEZIER_KNOTS.);
#8177 = CARTESIAN_POINT('',(1.522591576629E-13,57.596718947587));
#8178 = CARTESIAN_POINT('',(0.130353203943,57.72617893435));
#8179 = CARTESIAN_POINT('',(0.260706407886,57.835254934404));
#8180 = CARTESIAN_POINT('',(0.391059611828,57.919988245893));
#8181 = CARTESIAN_POINT('',(0.521412815771,57.977454914984));
#8182 = CARTESIAN_POINT('',(0.651766019714,58.006187896972));
#8183 = CARTESIAN_POINT('',(0.782119223656,58.006187896972));
#8184 = ( GEOMETRIC_REPRESENTATION_CONTEXT(2) 
PARAMETRIC_REPRESENTATION_CONTEXT() REPRESENTATION_CONTEXT('2D SPACE',''
  ) );
#8185 = ORIENTED_EDGE('',*,*,#8186,.F.);
#8186 = EDGE_CURVE('',#7111,#8155,#8187,.T.);
#8187 = SURFACE_CURVE('',#8188,(#8193,#8204),.PCURVE_S1.);
#8188 = ELLIPSE('',#8189,1.986380301783,1.4);
#8189 = AXIS2_PLACEMENT_3D('',#8190,#8191,#8192);
#8190 = CARTESIAN_POINT('',(13.279056191361,-23.,71.273027612755));
#8191 = DIRECTION('',(0.290562050882,-0.50326823488,-0.813814953382));
#8192 = DIRECTION('',(0.866025403784,0.5,0.));
#8193 = PCURVE('',#3966,#8194);
#8194 = DEFINITIONAL_REPRESENTATION('',(#8195),#8203);
#8195 = B_SPLINE_CURVE_WITH_KNOTS('',6,(#8196,#8197,#8198,#8199,#8200,
    #8201,#8202),.UNSPECIFIED.,.F.,.F.,(7,7),(4.712388980385,
    5.501066083523),.PIECEWISE_BEZIER_KNOTS.);
#8196 = CARTESIAN_POINT('',(3.930269756728,56.597036839309));
#8197 = CARTESIAN_POINT('',(4.061715940585,56.411809310302));
#8198 = CARTESIAN_POINT('',(4.193162124441,56.226582067485));
#8199 = CARTESIAN_POINT('',(4.324608308297,56.047113690734));
#8200 = CARTESIAN_POINT('',(4.456054492154,55.879172535819));
#8201 = CARTESIAN_POINT('',(4.587500676011,55.727900208298));
#8202 = CARTESIAN_POINT('',(4.718946859867,55.59735473103));
#8203 = ( GEOMETRIC_REPRESENTATION_CONTEXT(2) 
PARAMETRIC_REPRESENTATION_CONTEXT() REPRESENTATION_CONTEXT('2D SPACE',''
  ) );
#8204 = PCURVE('',#7960,#8205);
#8205 = DEFINITIONAL_REPRESENTATION('',(#8206),#8214);
#8206 = B_SPLINE_CURVE_WITH_KNOTS('',6,(#8207,#8208,#8209,#8210,#8211,
    #8212,#8213),.UNSPECIFIED.,.F.,.F.,(7,7),(4.712388980385,
    5.501066083523),.PIECEWISE_BEZIER_KNOTS.);
#8207 = CARTESIAN_POINT('',(5.494508204041,56.597036839309));
#8208 = CARTESIAN_POINT('',(5.625954387898,56.782264368316));
#8209 = CARTESIAN_POINT('',(5.757400571754,56.967491611132));
#8210 = CARTESIAN_POINT('',(5.88884675561,57.146959987881));
#8211 = CARTESIAN_POINT('',(6.020292939467,57.314901142798));
#8212 = CARTESIAN_POINT('',(6.151739123323,57.466173470319));
#8213 = CARTESIAN_POINT('',(6.28318530718,57.596718947587));
#8214 = ( GEOMETRIC_REPRESENTATION_CONTEXT(2) 
PARAMETRIC_REPRESENTATION_CONTEXT() REPRESENTATION_CONTEXT('2D SPACE',''
  ) );
#8215 = ORIENTED_EDGE('',*,*,#7110,.T.);
#8216 = ORIENTED_EDGE('',*,*,#7193,.T.);
#8217 = ADVANCED_FACE('',(#8218),#4093,.F.);
#8218 = FACE_BOUND('',#8219,.F.);
#8219 = EDGE_LOOP('',(#8220,#8241,#8262,#8263,#8264));
#8220 = ORIENTED_EDGE('',*,*,#8221,.F.);
#8221 = EDGE_CURVE('',#8222,#8065,#8224,.T.);
#8222 = VERTEX_POINT('',#8223);
#8223 = CARTESIAN_POINT('',(30.943206621576,-4.385380947269E-15,
    85.300583180853));
#8224 = SURFACE_CURVE('',#8225,(#8229,#8235),.PCURVE_S1.);
#8225 = LINE('',#8226,#8227);
#8226 = CARTESIAN_POINT('',(15.573063493463,-6.60582699652E-15,
    96.276002816731));
#8227 = VECTOR('',#8228,1.);
#8228 = DIRECTION('',(-0.813814953382,3.330739763958E-16,0.581124101765)
  );
#8229 = PCURVE('',#4093,#8230);
#8230 = DEFINITIONAL_REPRESENTATION('',(#8231),#8234);
#8231 = B_SPLINE_CURVE_WITH_KNOTS('',1,(#8232,#8233),.UNSPECIFIED.,.F.,
  .F.,(2,2),(-18.88653319067,-3.916552092435),.PIECEWISE_BEZIER_KNOTS.);
#8232 = CARTESIAN_POINT('',(54.297603008836,1.7763568394E-14));
#8233 = CARTESIAN_POINT('',(43.746993509086,10.620026989859));
#8234 = ( GEOMETRIC_REPRESENTATION_CONTEXT(2) 
PARAMETRIC_REPRESENTATION_CONTEXT() REPRESENTATION_CONTEXT('2D SPACE',''
  ) );
#8235 = PCURVE('',#5346,#8236);
#8236 = DEFINITIONAL_REPRESENTATION('',(#8237),#8240);
#8237 = B_SPLINE_CURVE_WITH_KNOTS('',1,(#8238,#8239),.UNSPECIFIED.,.F.,
  .F.,(2,2),(-18.88653319067,-3.916552092435),.PIECEWISE_BEZIER_KNOTS.);
#8238 = CARTESIAN_POINT('',(0.702396991164,-3.552713678801E-15));
#8239 = CARTESIAN_POINT('',(11.253006490914,10.620026989859));
#8240 = ( GEOMETRIC_REPRESENTATION_CONTEXT(2) 
PARAMETRIC_REPRESENTATION_CONTEXT() REPRESENTATION_CONTEXT('2D SPACE',''
  ) );
#8241 = ORIENTED_EDGE('',*,*,#8242,.T.);
#8242 = EDGE_CURVE('',#8222,#5618,#8243,.T.);
#8243 = SURFACE_CURVE('',#8244,(#8248,#8255),.PCURVE_S1.);
#8244 = LINE('',#8245,#8246);
#8245 = CARTESIAN_POINT('',(-16.07989694867,27.148801504418,
    85.300583180853));
#8246 = VECTOR('',#8247,1.);
#8247 = DIRECTION('',(0.866025403784,-0.5,5.551115123126E-17));
#8248 = PCURVE('',#4093,#8249);
#8249 = DEFINITIONAL_REPRESENTATION('',(#8250),#8254);
#8250 = LINE('',#8251,#8252);
#8251 = CARTESIAN_POINT('',(0.,0.));
#8252 = VECTOR('',#8253,1.);
#8253 = DIRECTION('',(1.,0.));
#8254 = ( GEOMETRIC_REPRESENTATION_CONTEXT(2) 
PARAMETRIC_REPRESENTATION_CONTEXT() REPRESENTATION_CONTEXT('2D SPACE',''
  ) );
#8255 = PCURVE('',#5633,#8256);
#8256 = DEFINITIONAL_REPRESENTATION('',(#8257),#8261);
#8257 = LINE('',#8258,#8259);
#8258 = CARTESIAN_POINT('',(0.,0.));
#8259 = VECTOR('',#8260,1.);
#8260 = DIRECTION('',(0.,1.));
#8261 = ( GEOMETRIC_REPRESENTATION_CONTEXT(2) 
PARAMETRIC_REPRESENTATION_CONTEXT() REPRESENTATION_CONTEXT('2D SPACE',''
  ) );
#8262 = ORIENTED_EDGE('',*,*,#5645,.T.);
#8263 = ORIENTED_EDGE('',*,*,#4073,.F.);
#8264 = ORIENTED_EDGE('',*,*,#8098,.F.);
#8265 = ADVANCED_FACE('',(#8266),#4250,.F.);
#8266 = FACE_BOUND('',#8267,.F.);
#8267 = EDGE_LOOP('',(#8268,#8291,#8313,#8314,#8315,#8316,#8317,#8318));
#8268 = ORIENTED_EDGE('',*,*,#8269,.T.);
#8269 = EDGE_CURVE('',#7637,#8270,#8272,.T.);
#8270 = VERTEX_POINT('',#8271);
#8271 = CARTESIAN_POINT('',(-33.34335553154,8.952385875469,
    83.001177274986));
#8272 = SEAM_CURVE('',#8273,(#8277,#8284),.PCURVE_S1.);
#8273 = LINE('',#8274,#8275);
#8274 = CARTESIAN_POINT('',(-9.17837022502,-32.90259643958,
    116.84218701969));
#8275 = VECTOR('',#8276,1.);
#8276 = DIRECTION('',(-0.409576022144,0.709406479916,-0.573576436351));
#8277 = PCURVE('',#4250,#8278);
#8278 = DEFINITIONAL_REPRESENTATION('',(#8279),#8283);
#8279 = LINE('',#8280,#8281);
#8280 = CARTESIAN_POINT('',(6.28318530718,-0.));
#8281 = VECTOR('',#8282,1.);
#8282 = DIRECTION('',(0.,1.));
#8283 = ( GEOMETRIC_REPRESENTATION_CONTEXT(2) 
PARAMETRIC_REPRESENTATION_CONTEXT() REPRESENTATION_CONTEXT('2D SPACE',''
  ) );
#8284 = PCURVE('',#4250,#8285);
#8285 = DEFINITIONAL_REPRESENTATION('',(#8286),#8290);
#8286 = LINE('',#8287,#8288);
#8287 = CARTESIAN_POINT('',(0.,-0.));
#8288 = VECTOR('',#8289,1.);
#8289 = DIRECTION('',(0.,1.));
#8290 = ( GEOMETRIC_REPRESENTATION_CONTEXT(2) 
PARAMETRIC_REPRESENTATION_CONTEXT() REPRESENTATION_CONTEXT('2D SPACE',''
  ) );
#8291 = ORIENTED_EDGE('',*,*,#8292,.F.);
#8292 = EDGE_CURVE('',#8270,#8270,#8293,.T.);
#8293 = SURFACE_CURVE('',#8294,(#8299,#8306),.PCURVE_S1.);
#8294 = CIRCLE('',#8295,1.4);
#8295 = AXIS2_PLACEMENT_3D('',#8296,#8297,#8298);
#8296 = CARTESIAN_POINT('',(-32.13091996624,9.652385875469,
    83.001177274986));
#8297 = DIRECTION('',(-0.409576022144,0.709406479916,-0.573576436351));
#8298 = DIRECTION('',(-0.866025403784,-0.5,0.));
#8299 = PCURVE('',#4250,#8300);
#8300 = DEFINITIONAL_REPRESENTATION('',(#8301),#8305);
#8301 = LINE('',#8302,#8303);
#8302 = CARTESIAN_POINT('',(0.,59.));
#8303 = VECTOR('',#8304,1.);
#8304 = DIRECTION('',(1.,0.));
#8305 = ( GEOMETRIC_REPRESENTATION_CONTEXT(2) 
PARAMETRIC_REPRESENTATION_CONTEXT() REPRESENTATION_CONTEXT('2D SPACE',''
  ) );
#8306 = PCURVE('',#6384,#8307);
#8307 = DEFINITIONAL_REPRESENTATION('',(#8308),#8312);
#8308 = CIRCLE('',#8309,1.4);
#8309 = AXIS2_PLACEMENT_2D('',#8310,#8311);
#8310 = CARTESIAN_POINT('',(50.5,21.));
#8311 = DIRECTION('',(1.,0.));
#8312 = ( GEOMETRIC_REPRESENTATION_CONTEXT(2) 
PARAMETRIC_REPRESENTATION_CONTEXT() REPRESENTATION_CONTEXT('2D SPACE',''
  ) );
#8313 = ORIENTED_EDGE('',*,*,#8269,.F.);
#8314 = ORIENTED_EDGE('',*,*,#7636,.T.);
#8315 = ORIENTED_EDGE('',*,*,#4267,.T.);
#8316 = ORIENTED_EDGE('',*,*,#4228,.T.);
#8317 = ORIENTED_EDGE('',*,*,#7700,.T.);
#8318 = ORIENTED_EDGE('',*,*,#7668,.T.);
#8319 = ADVANCED_FACE('',(#8320),#4324,.F.);
#8320 = FACE_BOUND('',#8321,.F.);
#8321 = EDGE_LOOP('',(#8322,#8323,#8346,#8367,#8389));
#8322 = ORIENTED_EDGE('',*,*,#6327,.F.);
#8323 = ORIENTED_EDGE('',*,*,#8324,.T.);
#8324 = EDGE_CURVE('',#6300,#8325,#8327,.T.);
#8325 = VERTEX_POINT('',#8326);
#8326 = CARTESIAN_POINT('',(-15.47160331078,26.797603008836,
    85.300583180853));
#8327 = SURFACE_CURVE('',#8328,(#8332,#8339),.PCURVE_S1.);
#8328 = LINE('',#8329,#8330);
#8329 = CARTESIAN_POINT('',(-16.07989694867,27.148801504418,
    85.300583180853));
#8330 = VECTOR('',#8331,1.);
#8331 = DIRECTION('',(0.866025403784,-0.5,5.551115123126E-17));
#8332 = PCURVE('',#4324,#8333);
#8333 = DEFINITIONAL_REPRESENTATION('',(#8334),#8338);
#8334 = LINE('',#8335,#8336);
#8335 = CARTESIAN_POINT('',(0.,0.));
#8336 = VECTOR('',#8337,1.);
#8337 = DIRECTION('',(1.,0.));
#8338 = ( GEOMETRIC_REPRESENTATION_CONTEXT(2) 
PARAMETRIC_REPRESENTATION_CONTEXT() REPRESENTATION_CONTEXT('2D SPACE',''
  ) );
#8339 = PCURVE('',#6315,#8340);
#8340 = DEFINITIONAL_REPRESENTATION('',(#8341),#8345);
#8341 = LINE('',#8342,#8343);
#8342 = CARTESIAN_POINT('',(0.,0.));
#8343 = VECTOR('',#8344,1.);
#8344 = DIRECTION('',(0.,1.));
#8345 = ( GEOMETRIC_REPRESENTATION_CONTEXT(2) 
PARAMETRIC_REPRESENTATION_CONTEXT() REPRESENTATION_CONTEXT('2D SPACE',''
  ) );
#8346 = ORIENTED_EDGE('',*,*,#8347,.F.);
#8347 = EDGE_CURVE('',#8348,#8325,#8350,.T.);
#8348 = VERTEX_POINT('',#8349);
#8349 = CARTESIAN_POINT('',(-13.39798796247,23.205995870202,
    88.262012807297));
#8350 = SURFACE_CURVE('',#8351,(#8355,#8361),.PCURVE_S1.);
#8351 = LINE('',#8352,#8353);
#8352 = CARTESIAN_POINT('',(-7.786531746731,13.486668600087,
    96.276002816731));
#8353 = VECTOR('',#8354,1.);
#8354 = DIRECTION('',(-0.406907476691,0.704784423608,-0.581124101765));
#8355 = PCURVE('',#4324,#8356);
#8356 = DEFINITIONAL_REPRESENTATION('',(#8357),#8360);
#8357 = B_SPLINE_CURVE_WITH_KNOTS('',1,(#8358,#8359),.UNSPECIFIED.,.F.,
  .F.,(2,2),(3.916552092435,18.886533190671),.PIECEWISE_BEZIER_KNOTS.);
#8358 = CARTESIAN_POINT('',(11.253006490914,10.620026989859));
#8359 = CARTESIAN_POINT('',(0.702396991164,8.881784197001E-15));
#8360 = ( GEOMETRIC_REPRESENTATION_CONTEXT(2) 
PARAMETRIC_REPRESENTATION_CONTEXT() REPRESENTATION_CONTEXT('2D SPACE',''
  ) );
#8361 = PCURVE('',#4768,#8362);
#8362 = DEFINITIONAL_REPRESENTATION('',(#8363),#8366);
#8363 = B_SPLINE_CURVE_WITH_KNOTS('',1,(#8364,#8365),.UNSPECIFIED.,.F.,
  .F.,(2,2),(3.916552092435,18.886533190671),.PIECEWISE_BEZIER_KNOTS.);
#8364 = CARTESIAN_POINT('',(43.746993509086,10.620026989859));
#8365 = CARTESIAN_POINT('',(54.297603008836,-1.7763568394E-15));
#8366 = ( GEOMETRIC_REPRESENTATION_CONTEXT(2) 
PARAMETRIC_REPRESENTATION_CONTEXT() REPRESENTATION_CONTEXT('2D SPACE',''
  ) );
#8367 = ORIENTED_EDGE('',*,*,#8368,.F.);
#8368 = EDGE_CURVE('',#4305,#8348,#8369,.T.);
#8369 = SURFACE_CURVE('',#8370,(#8375,#8382),.PCURVE_S1.);
#8370 = CIRCLE('',#8371,1.4);
#8371 = AXIS2_PLACEMENT_3D('',#8372,#8373,#8374);
#8372 = CARTESIAN_POINT('',(-13.61672372252,22.415142679957,
    89.396343402298));
#8373 = DIRECTION('',(-0.409576022144,-0.709406479916,-0.573576436351));
#8374 = DIRECTION('',(0.866025403784,-0.5,5.551115123126E-17));
#8375 = PCURVE('',#4324,#8376);
#8376 = DEFINITIONAL_REPRESENTATION('',(#8377),#8381);
#8377 = CIRCLE('',#8378,1.4);
#8378 = AXIS2_PLACEMENT_2D('',#8379,#8380);
#8379 = CARTESIAN_POINT('',(4.5,5.));
#8380 = DIRECTION('',(1.,7.322764862755E-17));
#8381 = ( GEOMETRIC_REPRESENTATION_CONTEXT(2) 
PARAMETRIC_REPRESENTATION_CONTEXT() REPRESENTATION_CONTEXT('2D SPACE',''
  ) );
#8382 = PCURVE('',#4364,#8383);
#8383 = DEFINITIONAL_REPRESENTATION('',(#8384),#8388);
#8384 = LINE('',#8385,#8386);
#8385 = CARTESIAN_POINT('',(5.551115123126E-17,25.));
#8386 = VECTOR('',#8387,1.);
#8387 = DIRECTION('',(1.,0.));
#8388 = ( GEOMETRIC_REPRESENTATION_CONTEXT(2) 
PARAMETRIC_REPRESENTATION_CONTEXT() REPRESENTATION_CONTEXT('2D SPACE',''
  ) );
#8389 = ORIENTED_EDGE('',*,*,#4302,.F.);
#8390 = ADVANCED_FACE('',(#8391),#4364,.F.);
#8391 = FACE_BOUND('',#8392,.F.);
#8392 = EDGE_LOOP('',(#8393,#8394,#8417,#8447,#8448,#8449,#8450,#8484,
    #8514,#8515,#8516,#8555));
#8393 = ORIENTED_EDGE('',*,*,#7463,.T.);
#8394 = ORIENTED_EDGE('',*,*,#8395,.F.);
#8395 = EDGE_CURVE('',#8396,#7432,#8398,.T.);
#8396 = VERTEX_POINT('',#8397);
#8397 = CARTESIAN_POINT('',(-12.47076581449,21.6,89.303247088814));
#8398 = SEAM_CURVE('',#8399,(#8403,#8410),.PCURVE_S1.);
#8399 = LINE('',#8400,#8401);
#8400 = CARTESIAN_POINT('',(-2.164887603615,39.450304677863,
    103.73575431107));
#8401 = VECTOR('',#8402,1.);
#8402 = DIRECTION('',(-0.409576022144,-0.709406479916,-0.573576436351));
#8403 = PCURVE('',#4364,#8404);
#8404 = DEFINITIONAL_REPRESENTATION('',(#8405),#8409);
#8405 = LINE('',#8406,#8407);
#8406 = CARTESIAN_POINT('',(6.28318530718,-0.));
#8407 = VECTOR('',#8408,1.);
#8408 = DIRECTION('',(0.,1.));
#8409 = ( GEOMETRIC_REPRESENTATION_CONTEXT(2) 
PARAMETRIC_REPRESENTATION_CONTEXT() REPRESENTATION_CONTEXT('2D SPACE',''
  ) );
#8410 = PCURVE('',#4364,#8411);
#8411 = DEFINITIONAL_REPRESENTATION('',(#8412),#8416);
#8412 = LINE('',#8413,#8414);
#8413 = CARTESIAN_POINT('',(0.,-0.));
#8414 = VECTOR('',#8415,1.);
#8415 = DIRECTION('',(0.,1.));
#8416 = ( GEOMETRIC_REPRESENTATION_CONTEXT(2) 
PARAMETRIC_REPRESENTATION_CONTEXT() REPRESENTATION_CONTEXT('2D SPACE',''
  ) );
#8417 = ORIENTED_EDGE('',*,*,#8418,.F.);
#8418 = EDGE_CURVE('',#6195,#8396,#8419,.T.);
#8419 = SURFACE_CURVE('',#8420,(#8425,#8436),.PCURVE_S1.);
#8420 = ELLIPSE('',#8421,1.973480704836,1.4);
#8421 = AXIS2_PLACEMENT_3D('',#8422,#8423,#8424);
#8422 = CARTESIAN_POINT('',(-13.27905619136,23.,89.869218103758));
#8423 = DIRECTION('',(0.866025403784,0.5,-5.551115123126E-17));
#8424 = DIRECTION('',(0.290562050882,-0.50326823488,-0.813814953382));
#8425 = PCURVE('',#4364,#8426);
#8426 = DEFINITIONAL_REPRESENTATION('',(#8427),#8435);
#8427 = B_SPLINE_CURVE_WITH_KNOTS('',6,(#8428,#8429,#8430,#8431,#8432,
    #8433,#8434),.UNSPECIFIED.,.F.,.F.,(7,7),(4.712388980385,
    5.501066083523),.PIECEWISE_BEZIER_KNOTS.);
#8428 = CARTESIAN_POINT('',(0.788677103139,24.17556811701));
#8429 = CARTESIAN_POINT('',(0.657230919282,24.358397714275));
#8430 = CARTESIAN_POINT('',(0.525784735426,24.541227029055));
#8431 = CARTESIAN_POINT('',(0.394338551569,24.718372031306));
#8432 = CARTESIAN_POINT('',(0.262892367713,24.884139041654));
#8433 = CARTESIAN_POINT('',(0.131446183857,25.0334530171));
#8434 = CARTESIAN_POINT('',(1.725603786846E-13,25.162308469427));
#8435 = ( GEOMETRIC_REPRESENTATION_CONTEXT(2) 
PARAMETRIC_REPRESENTATION_CONTEXT() REPRESENTATION_CONTEXT('2D SPACE',''
  ) );
#8436 = PCURVE('',#4613,#8437);
#8437 = DEFINITIONAL_REPRESENTATION('',(#8438),#8446);
#8438 = B_SPLINE_CURVE_WITH_KNOTS('',6,(#8439,#8440,#8441,#8442,#8443,
    #8444,#8445),.UNSPECIFIED.,.F.,.F.,(7,7),(4.712388980385,
    5.501066083523),.PIECEWISE_BEZIER_KNOTS.);
#8439 = CARTESIAN_POINT('',(2.352915550451,24.17556811701));
#8440 = CARTESIAN_POINT('',(2.484361734308,24.358397714275));
#8441 = CARTESIAN_POINT('',(2.615807918164,24.541227029054));
#8442 = CARTESIAN_POINT('',(2.74725410202,24.718372031307));
#8443 = CARTESIAN_POINT('',(2.878700285877,24.884139041653));
#8444 = CARTESIAN_POINT('',(3.010146469733,25.0334530171));
#8445 = CARTESIAN_POINT('',(3.14159265359,25.162308469427));
#8446 = ( GEOMETRIC_REPRESENTATION_CONTEXT(2) 
PARAMETRIC_REPRESENTATION_CONTEXT() REPRESENTATION_CONTEXT('2D SPACE',''
  ) );
#8447 = ORIENTED_EDGE('',*,*,#6243,.T.);
#8448 = ORIENTED_EDGE('',*,*,#4336,.T.);
#8449 = ORIENTED_EDGE('',*,*,#8368,.T.);
#8450 = ORIENTED_EDGE('',*,*,#8451,.F.);
#8451 = EDGE_CURVE('',#8452,#8348,#8454,.T.);
#8452 = VERTEX_POINT('',#8453);
#8453 = CARTESIAN_POINT('',(-12.70563759038,22.006809849108,
    88.263169995952));
#8454 = SURFACE_CURVE('',#8455,(#8460,#8472),.PCURVE_S1.);
#8455 = ELLIPSE('',#8456,1.973480704836,1.4);
#8456 = AXIS2_PLACEMENT_3D('',#8457,#8458,#8459);
#8457 = CARTESIAN_POINT('',(-13.27905619136,23.,89.869218103758));
#8458 = DIRECTION('',(0.866025403784,0.5,-5.551115123126E-17));
#8459 = DIRECTION('',(0.290562050882,-0.50326823488,-0.813814953382));
#8460 = PCURVE('',#4364,#8461);
#8461 = DEFINITIONAL_REPRESENTATION('',(#8462),#8471);
#8462 = B_SPLINE_CURVE_WITH_KNOTS('',7,(#8463,#8464,#8465,#8466,#8467,
    #8468,#8469,#8470),.UNSPECIFIED.,.F.,.F.,(8,8),(0.,1.570796326795),
  .PIECEWISE_BEZIER_KNOTS.);
#8463 = CARTESIAN_POINT('',(5.501066083523,25.566476486514));
#8464 = CARTESIAN_POINT('',(5.276666608267,25.566476486514));
#8465 = CARTESIAN_POINT('',(5.052267133011,25.484762466084));
#8466 = CARTESIAN_POINT('',(4.827867657754,25.321346279179));
#8467 = CARTESIAN_POINT('',(4.6034681825,25.086260956894));
#8468 = CARTESIAN_POINT('',(4.37906870724,24.799805066115));
#8469 = CARTESIAN_POINT('',(4.154669231985,24.487687225256));
#8470 = CARTESIAN_POINT('',(3.930269756728,24.17556811701));
#8471 = ( GEOMETRIC_REPRESENTATION_CONTEXT(2) 
PARAMETRIC_REPRESENTATION_CONTEXT() REPRESENTATION_CONTEXT('2D SPACE',''
  ) );
#8472 = PCURVE('',#4613,#8473);
#8473 = DEFINITIONAL_REPRESENTATION('',(#8474),#8483);
#8474 = B_SPLINE_CURVE_WITH_KNOTS('',7,(#8475,#8476,#8477,#8478,#8479,
    #8480,#8481,#8482),.UNSPECIFIED.,.F.,.F.,(8,8),(0.,1.570796326795),
  .PIECEWISE_BEZIER_KNOTS.);
#8475 = CARTESIAN_POINT('',(3.923711877246,25.566476486514));
#8476 = CARTESIAN_POINT('',(4.148111352503,25.566476486514));
#8477 = CARTESIAN_POINT('',(4.37251082776,25.484762466086));
#8478 = CARTESIAN_POINT('',(4.596910303013,25.321346279175));
#8479 = CARTESIAN_POINT('',(4.821309778273,25.08626095689));
#8480 = CARTESIAN_POINT('',(5.045709253527,24.799805066114));
#8481 = CARTESIAN_POINT('',(5.270108728785,24.487687225256));
#8482 = CARTESIAN_POINT('',(5.494508204041,24.17556811701));
#8483 = ( GEOMETRIC_REPRESENTATION_CONTEXT(2) 
PARAMETRIC_REPRESENTATION_CONTEXT() REPRESENTATION_CONTEXT('2D SPACE',''
  ) );
#8484 = ORIENTED_EDGE('',*,*,#8485,.F.);
#8485 = EDGE_CURVE('',#8396,#8452,#8486,.T.);
#8486 = SURFACE_CURVE('',#8487,(#8492,#8503),.PCURVE_S1.);
#8487 = ELLIPSE('',#8488,1.973480704836,1.4);
#8488 = AXIS2_PLACEMENT_3D('',#8489,#8490,#8491);
#8489 = CARTESIAN_POINT('',(-13.27905619136,23.,89.869218103758));
#8490 = DIRECTION('',(0.866025403784,0.5,-5.551115123126E-17));
#8491 = DIRECTION('',(0.290562050882,-0.50326823488,-0.813814953382));
#8492 = PCURVE('',#4364,#8493);
#8493 = DEFINITIONAL_REPRESENTATION('',(#8494),#8502);
#8494 = B_SPLINE_CURVE_WITH_KNOTS('',6,(#8495,#8496,#8497,#8498,#8499,
    #8500,#8501),.UNSPECIFIED.,.F.,.F.,(7,7),(5.501066083523,
    6.28318530718),.PIECEWISE_BEZIER_KNOTS.);
#8495 = CARTESIAN_POINT('',(6.28318530718,25.162308469427));
#8496 = CARTESIAN_POINT('',(6.152832103237,25.29009248387));
#8497 = CARTESIAN_POINT('',(6.022478899294,25.39775640007));
#8498 = CARTESIAN_POINT('',(5.892125695352,25.481392765023));
#8499 = CARTESIAN_POINT('',(5.761772491409,25.538115478011));
#8500 = CARTESIAN_POINT('',(5.631419287466,25.566476486514));
#8501 = CARTESIAN_POINT('',(5.501066083523,25.566476486514));
#8502 = ( GEOMETRIC_REPRESENTATION_CONTEXT(2) 
PARAMETRIC_REPRESENTATION_CONTEXT() REPRESENTATION_CONTEXT('2D SPACE',''
  ) );
#8503 = PCURVE('',#4613,#8504);
#8504 = DEFINITIONAL_REPRESENTATION('',(#8505),#8513);
#8505 = B_SPLINE_CURVE_WITH_KNOTS('',6,(#8506,#8507,#8508,#8509,#8510,
    #8511,#8512),.UNSPECIFIED.,.F.,.F.,(7,7),(5.501066083523,
    6.28318530718),.PIECEWISE_BEZIER_KNOTS.);
#8506 = CARTESIAN_POINT('',(3.14159265359,25.162308469427));
#8507 = CARTESIAN_POINT('',(3.271945857532,25.29009248387));
#8508 = CARTESIAN_POINT('',(3.402299061475,25.39775640007));
#8509 = CARTESIAN_POINT('',(3.532652265418,25.481392765023));
#8510 = CARTESIAN_POINT('',(3.663005469361,25.538115478011));
#8511 = CARTESIAN_POINT('',(3.793358673303,25.566476486514));
#8512 = CARTESIAN_POINT('',(3.923711877246,25.566476486514));
#8513 = ( GEOMETRIC_REPRESENTATION_CONTEXT(2) 
PARAMETRIC_REPRESENTATION_CONTEXT() REPRESENTATION_CONTEXT('2D SPACE',''
  ) );
#8514 = ORIENTED_EDGE('',*,*,#8395,.T.);
#8515 = ORIENTED_EDGE('',*,*,#7431,.T.);
#8516 = ORIENTED_EDGE('',*,*,#8517,.F.);
#8517 = EDGE_CURVE('',#8518,#7400,#8520,.T.);
#8518 = VERTEX_POINT('',#8519);
#8519 = CARTESIAN_POINT('',(-26.55811238272,1.986380301783,
    71.273027612755));
#8520 = SURFACE_CURVE('',#8521,(#8526,#8538),.PCURVE_S1.);
#8521 = ELLIPSE('',#8522,1.986380301783,1.4);
#8522 = AXIS2_PLACEMENT_3D('',#8523,#8524,#8525);
#8523 = CARTESIAN_POINT('',(-26.55811238272,7.105427357601E-15,
    71.273027612755));
#8524 = DIRECTION('',(-0.581124101765,1.575232247644E-16,-0.813814953382
    ));
#8525 = DIRECTION('',(3.617581253699E-16,1.,-6.476059536414E-17));
#8526 = PCURVE('',#4364,#8527);
#8527 = DEFINITIONAL_REPRESENTATION('',(#8528),#8537);
#8528 = B_SPLINE_CURVE_WITH_KNOTS('',7,(#8529,#8530,#8531,#8532,#8533,
    #8534,#8535,#8536),.UNSPECIFIED.,.F.,.F.,(8,8),(0.,1.570796326795),
  .PIECEWISE_BEZIER_KNOTS.);
#8529 = CARTESIAN_POINT('',(3.923711877246,55.187885781646));
#8530 = CARTESIAN_POINT('',(4.148111352503,55.187885781646));
#8531 = CARTESIAN_POINT('',(4.372510827759,55.270671535794));
#8532 = CARTESIAN_POINT('',(4.596910303014,55.436231034655));
#8533 = CARTESIAN_POINT('',(4.821309778274,55.674399657291));
#8534 = CARTESIAN_POINT('',(5.045709253528,55.964612607526));
#8535 = CARTESIAN_POINT('',(5.270108728785,56.280824081412));
#8536 = CARTESIAN_POINT('',(5.494508204041,56.597036839309));
#8537 = ( GEOMETRIC_REPRESENTATION_CONTEXT(2) 
PARAMETRIC_REPRESENTATION_CONTEXT() REPRESENTATION_CONTEXT('2D SPACE',''
  ) );
#8538 = PCURVE('',#8539,#8544);
#8539 = CYLINDRICAL_SURFACE('',#8540,1.4);
#8540 = AXIS2_PLACEMENT_3D('',#8541,#8542,#8543);
#8541 = CARTESIAN_POINT('',(-3.377323168913,-40.15030467786,
    103.73575431107));
#8542 = DIRECTION('',(-0.409576022144,0.709406479916,-0.573576436351));
#8543 = DIRECTION('',(-0.866025403784,-0.5,0.));
#8544 = DEFINITIONAL_REPRESENTATION('',(#8545),#8554);
#8545 = B_SPLINE_CURVE_WITH_KNOTS('',7,(#8546,#8547,#8548,#8549,#8550,
    #8551,#8552,#8553),.UNSPECIFIED.,.F.,.F.,(8,8),(0.,1.570796326795),
  .PIECEWISE_BEZIER_KNOTS.);
#8546 = CARTESIAN_POINT('',(2.359473429933,58.006187896972));
#8547 = CARTESIAN_POINT('',(2.58387290519,58.006187896972));
#8548 = CARTESIAN_POINT('',(2.808272380446,57.923402142833));
#8549 = CARTESIAN_POINT('',(3.032671855703,57.757842643958));
#8550 = CARTESIAN_POINT('',(3.257071330958,57.519674021365));
#8551 = CARTESIAN_POINT('',(3.481470806216,57.229461071089));
#8552 = CARTESIAN_POINT('',(3.705870281472,56.913249597205));
#8553 = CARTESIAN_POINT('',(3.930269756728,56.597036839309));
#8554 = ( GEOMETRIC_REPRESENTATION_CONTEXT(2) 
PARAMETRIC_REPRESENTATION_CONTEXT() REPRESENTATION_CONTEXT('2D SPACE',''
  ) );
#8555 = ORIENTED_EDGE('',*,*,#8556,.F.);
#8556 = EDGE_CURVE('',#7464,#8518,#8557,.T.);
#8557 = SURFACE_CURVE('',#8558,(#8563,#8575),.PCURVE_S1.);
#8558 = ELLIPSE('',#8559,1.986380301783,1.4);
#8559 = AXIS2_PLACEMENT_3D('',#8560,#8561,#8562);
#8560 = CARTESIAN_POINT('',(-26.55811238272,7.105427357601E-15,
    71.273027612755));
#8561 = DIRECTION('',(-0.581124101765,1.575232247644E-16,-0.813814953382
    ));
#8562 = DIRECTION('',(3.617581253699E-16,1.,-6.476059536414E-17));
#8563 = PCURVE('',#4364,#8564);
#8564 = DEFINITIONAL_REPRESENTATION('',(#8565),#8574);
#8565 = B_SPLINE_CURVE_WITH_KNOTS('',7,(#8566,#8567,#8568,#8569,#8570,
    #8571,#8572,#8573),.UNSPECIFIED.,.F.,.F.,(8,8),(4.712388980385,
    6.28318530718),.PIECEWISE_BEZIER_KNOTS.);
#8566 = CARTESIAN_POINT('',(2.352915550451,56.597036839309));
#8567 = CARTESIAN_POINT('',(2.577315025708,56.280824081412));
#8568 = CARTESIAN_POINT('',(2.801714500964,55.964612607524));
#8569 = CARTESIAN_POINT('',(3.026113976221,55.674399657277));
#8570 = CARTESIAN_POINT('',(3.250513451477,55.436231034648));
#8571 = CARTESIAN_POINT('',(3.474912926733,55.270671535794));
#8572 = CARTESIAN_POINT('',(3.69931240199,55.187885781646));
#8573 = CARTESIAN_POINT('',(3.923711877246,55.187885781646));
#8574 = ( GEOMETRIC_REPRESENTATION_CONTEXT(2) 
PARAMETRIC_REPRESENTATION_CONTEXT() REPRESENTATION_CONTEXT('2D SPACE',''
  ) );
#8575 = PCURVE('',#8539,#8576);
#8576 = DEFINITIONAL_REPRESENTATION('',(#8577),#8586);
#8577 = B_SPLINE_CURVE_WITH_KNOTS('',7,(#8578,#8579,#8580,#8581,#8582,
    #8583,#8584,#8585),.UNSPECIFIED.,.F.,.F.,(8,8),(4.712388980385,
    6.28318530718),.PIECEWISE_BEZIER_KNOTS.);
#8578 = CARTESIAN_POINT('',(0.788677103139,56.597036839309));
#8579 = CARTESIAN_POINT('',(1.013076578395,56.913249597205));
#8580 = CARTESIAN_POINT('',(1.237476053651,57.229461071085));
#8581 = CARTESIAN_POINT('',(1.461875528907,57.519674021358));
#8582 = CARTESIAN_POINT('',(1.686275004165,57.757842643965));
#8583 = CARTESIAN_POINT('',(1.91067447942,57.923402142822));
#8584 = CARTESIAN_POINT('',(2.135073954677,58.006187896972));
#8585 = CARTESIAN_POINT('',(2.359473429933,58.006187896972));
#8586 = ( GEOMETRIC_REPRESENTATION_CONTEXT(2) 
PARAMETRIC_REPRESENTATION_CONTEXT() REPRESENTATION_CONTEXT('2D SPACE',''
  ) );
#8587 = ADVANCED_FACE('',(#8588),#4613,.F.);
#8588 = FACE_BOUND('',#8589,.F.);
#8589 = EDGE_LOOP('',(#8590,#8591,#8613,#8614,#8637,#8678,#8710,#8742,
    #8778,#8808,#8809,#8810,#8811,#8812,#8813,#8814));
#8590 = ORIENTED_EDGE('',*,*,#8451,.T.);
#8591 = ORIENTED_EDGE('',*,*,#8592,.T.);
#8592 = EDGE_CURVE('',#8348,#4717,#8593,.T.);
#8593 = SURFACE_CURVE('',#8594,(#8599,#8606),.PCURVE_S1.);
#8594 = CIRCLE('',#8595,1.4);
#8595 = AXIS2_PLACEMENT_3D('',#8596,#8597,#8598);
#8596 = CARTESIAN_POINT('',(-12.60372112903,23.,89.396343402298));
#8597 = DIRECTION('',(0.819152044289,0.,-0.573576436351));
#8598 = DIRECTION('',(0.,1.,0.));
#8599 = PCURVE('',#4613,#8600);
#8600 = DEFINITIONAL_REPRESENTATION('',(#8601),#8605);
#8601 = LINE('',#8602,#8603);
#8602 = CARTESIAN_POINT('',(0.,25.));
#8603 = VECTOR('',#8604,1.);
#8604 = DIRECTION('',(1.,0.));
#8605 = ( GEOMETRIC_REPRESENTATION_CONTEXT(2) 
PARAMETRIC_REPRESENTATION_CONTEXT() REPRESENTATION_CONTEXT('2D SPACE',''
  ) );
#8606 = PCURVE('',#4768,#8607);
#8607 = DEFINITIONAL_REPRESENTATION('',(#8608),#8612);
#8608 = CIRCLE('',#8609,1.4);
#8609 = AXIS2_PLACEMENT_2D('',#8610,#8611);
#8610 = CARTESIAN_POINT('',(50.5,5.));
#8611 = DIRECTION('',(1.,0.));
#8612 = ( GEOMETRIC_REPRESENTATION_CONTEXT(2) 
PARAMETRIC_REPRESENTATION_CONTEXT() REPRESENTATION_CONTEXT('2D SPACE',''
  ) );
#8613 = ORIENTED_EDGE('',*,*,#4716,.T.);
#8614 = ORIENTED_EDGE('',*,*,#8615,.T.);
#8615 = EDGE_CURVE('',#4685,#8616,#8618,.T.);
#8616 = VERTEX_POINT('',#8617);
#8617 = CARTESIAN_POINT('',(12.460164548726,24.4,71.846421713905));
#8618 = SEAM_CURVE('',#8619,(#8623,#8630),.PCURVE_S1.);
#8619 = LINE('',#8620,#8621);
#8620 = CARTESIAN_POINT('',(-33.08252223625,24.4,103.73575431107));
#8621 = VECTOR('',#8622,1.);
#8622 = DIRECTION('',(0.819152044289,0.,-0.573576436351));
#8623 = PCURVE('',#4613,#8624);
#8624 = DEFINITIONAL_REPRESENTATION('',(#8625),#8629);
#8625 = LINE('',#8626,#8627);
#8626 = CARTESIAN_POINT('',(0.,-0.));
#8627 = VECTOR('',#8628,1.);
#8628 = DIRECTION('',(0.,1.));
#8629 = ( GEOMETRIC_REPRESENTATION_CONTEXT(2) 
PARAMETRIC_REPRESENTATION_CONTEXT() REPRESENTATION_CONTEXT('2D SPACE',''
  ) );
#8630 = PCURVE('',#4613,#8631);
#8631 = DEFINITIONAL_REPRESENTATION('',(#8632),#8636);
#8632 = LINE('',#8633,#8634);
#8633 = CARTESIAN_POINT('',(6.28318530718,-0.));
#8634 = VECTOR('',#8635,1.);
#8635 = DIRECTION('',(0.,1.));
#8636 = ( GEOMETRIC_REPRESENTATION_CONTEXT(2) 
PARAMETRIC_REPRESENTATION_CONTEXT() REPRESENTATION_CONTEXT('2D SPACE',''
  ) );
#8637 = ORIENTED_EDGE('',*,*,#8638,.F.);
#8638 = EDGE_CURVE('',#8639,#8616,#8641,.T.);
#8639 = VERTEX_POINT('',#8640);
#8640 = CARTESIAN_POINT('',(11.657174804745,23.009180965469,
    70.699633511604));
#8641 = SURFACE_CURVE('',#8642,(#8647,#8660),.PCURVE_S1.);
#8642 = ELLIPSE('',#8643,1.986380301783,1.4);
#8643 = AXIS2_PLACEMENT_3D('',#8644,#8645,#8646);
#8644 = CARTESIAN_POINT('',(13.279056191361,23.,71.273027612755));
#8645 = DIRECTION('',(0.290562050882,0.50326823488,-0.813814953382));
#8646 = DIRECTION('',(0.866025403784,-0.5,0.));
#8647 = PCURVE('',#4613,#8648);
#8648 = DEFINITIONAL_REPRESENTATION('',(#8649),#8659);
#8649 = B_SPLINE_CURVE_WITH_KNOTS('',8,(#8650,#8651,#8652,#8653,#8654,
    #8655,#8656,#8657,#8658),.UNSPECIFIED.,.F.,.F.,(9,9),(2.359473429934
    ,3.923711877246),.PIECEWISE_BEZIER_KNOTS.);
#8650 = CARTESIAN_POINT('',(4.718946859867,55.59735473103));
#8651 = CARTESIAN_POINT('',(4.914476665781,55.403164750886));
#8652 = CARTESIAN_POINT('',(5.110006471696,55.252654482232));
#8653 = CARTESIAN_POINT('',(5.305536277606,55.157137123693));
#8654 = CARTESIAN_POINT('',(5.501066083527,55.124362940289));
#8655 = CARTESIAN_POINT('',(5.696595889437,55.157137123751));
#8656 = CARTESIAN_POINT('',(5.892125695352,55.252654482254));
#8657 = CARTESIAN_POINT('',(6.087655501266,55.403164750886));
#8658 = CARTESIAN_POINT('',(6.28318530718,55.59735473103));
#8659 = ( GEOMETRIC_REPRESENTATION_CONTEXT(2) 
PARAMETRIC_REPRESENTATION_CONTEXT() REPRESENTATION_CONTEXT('2D SPACE',''
  ) );
#8660 = PCURVE('',#8661,#8666);
#8661 = CYLINDRICAL_SURFACE('',#8662,1.4);
#8662 = AXIS2_PLACEMENT_3D('',#8663,#8664,#8665);
#8663 = CARTESIAN_POINT('',(36.459845405171,-17.15030467786,
    103.73575431107));
#8664 = DIRECTION('',(-0.409576022144,0.709406479916,-0.573576436351));
#8665 = DIRECTION('',(-0.866025403784,-0.5,0.));
#8666 = DEFINITIONAL_REPRESENTATION('',(#8667),#8677);
#8667 = B_SPLINE_CURVE_WITH_KNOTS('',8,(#8668,#8669,#8670,#8671,#8672,
    #8673,#8674,#8675,#8676),.UNSPECIFIED.,.F.,.F.,(9,9),(2.359473429934
    ,3.923711877246),.PIECEWISE_BEZIER_KNOTS.);
#8668 = CARTESIAN_POINT('',(1.42108547152E-13,57.596718947587));
#8669 = CARTESIAN_POINT('',(0.195529805914,57.790908927731));
#8670 = CARTESIAN_POINT('',(0.391059611829,57.941419196308));
#8671 = CARTESIAN_POINT('',(0.58658941774,58.036936554767));
#8672 = CARTESIAN_POINT('',(0.782119223658,58.069710738433));
#8673 = CARTESIAN_POINT('',(0.977649029568,58.036936554825));
#8674 = CARTESIAN_POINT('',(1.173178835485,57.941419196301));
#8675 = CARTESIAN_POINT('',(1.368708641399,57.790908927731));
#8676 = CARTESIAN_POINT('',(1.564238447313,57.596718947587));
#8677 = ( GEOMETRIC_REPRESENTATION_CONTEXT(2) 
PARAMETRIC_REPRESENTATION_CONTEXT() REPRESENTATION_CONTEXT('2D SPACE',''
  ) );
#8678 = ORIENTED_EDGE('',*,*,#8679,.F.);
#8679 = EDGE_CURVE('',#8680,#8639,#8682,.T.);
#8680 = VERTEX_POINT('',#8681);
#8681 = CARTESIAN_POINT('',(12.709385723994,22.013301806948,
    70.459453870284));
#8682 = SURFACE_CURVE('',#8683,(#8688,#8699),.PCURVE_S1.);
#8683 = ELLIPSE('',#8684,1.986380301783,1.4);
#8684 = AXIS2_PLACEMENT_3D('',#8685,#8686,#8687);
#8685 = CARTESIAN_POINT('',(13.279056191361,23.,71.273027612755));
#8686 = DIRECTION('',(0.290562050882,0.50326823488,-0.813814953382));
#8687 = DIRECTION('',(0.866025403784,-0.5,0.));
#8688 = PCURVE('',#4613,#8689);
#8689 = DEFINITIONAL_REPRESENTATION('',(#8690),#8698);
#8690 = B_SPLINE_CURVE_WITH_KNOTS('',6,(#8691,#8692,#8693,#8694,#8695,
    #8696,#8697),.UNSPECIFIED.,.F.,.F.,(7,7),(1.570796326795,
    2.359473429934),.PIECEWISE_BEZIER_KNOTS.);
#8691 = CARTESIAN_POINT('',(3.930269756728,56.597036839309));
#8692 = CARTESIAN_POINT('',(4.061715940585,56.411809310302));
#8693 = CARTESIAN_POINT('',(4.193162124441,56.226582067484));
#8694 = CARTESIAN_POINT('',(4.324608308297,56.047113690735));
#8695 = CARTESIAN_POINT('',(4.456054492154,55.879172535818));
#8696 = CARTESIAN_POINT('',(4.587500676011,55.727900208298));
#8697 = CARTESIAN_POINT('',(4.718946859867,55.59735473103));
#8698 = ( GEOMETRIC_REPRESENTATION_CONTEXT(2) 
PARAMETRIC_REPRESENTATION_CONTEXT() REPRESENTATION_CONTEXT('2D SPACE',''
  ) );
#8699 = PCURVE('',#8661,#8700);
#8700 = DEFINITIONAL_REPRESENTATION('',(#8701),#8709);
#8701 = B_SPLINE_CURVE_WITH_KNOTS('',6,(#8702,#8703,#8704,#8705,#8706,
    #8707,#8708),.UNSPECIFIED.,.F.,.F.,(7,7),(1.570796326795,
    2.359473429934),.PIECEWISE_BEZIER_KNOTS.);
#8702 = CARTESIAN_POINT('',(5.494508204041,56.597036839309));
#8703 = CARTESIAN_POINT('',(5.625954387898,56.782264368316));
#8704 = CARTESIAN_POINT('',(5.757400571754,56.967491611131));
#8705 = CARTESIAN_POINT('',(5.88884675561,57.146959987883));
#8706 = CARTESIAN_POINT('',(6.020292939467,57.314901142797));
#8707 = CARTESIAN_POINT('',(6.151739123323,57.466173470319));
#8708 = CARTESIAN_POINT('',(6.28318530718,57.596718947587));
#8709 = ( GEOMETRIC_REPRESENTATION_CONTEXT(2) 
PARAMETRIC_REPRESENTATION_CONTEXT() REPRESENTATION_CONTEXT('2D SPACE',''
  ) );
#8710 = ORIENTED_EDGE('',*,*,#8711,.F.);
#8711 = EDGE_CURVE('',#8712,#8680,#8714,.T.);
#8712 = VERTEX_POINT('',#8713);
#8713 = CARTESIAN_POINT('',(12.470765814496,21.6,71.838998627698));
#8714 = SURFACE_CURVE('',#8715,(#8720,#8731),.PCURVE_S1.);
#8715 = ELLIPSE('',#8716,1.973480704836,1.4);
#8716 = AXIS2_PLACEMENT_3D('',#8717,#8718,#8719);
#8717 = CARTESIAN_POINT('',(13.279056191361,23.,71.273027612755));
#8718 = DIRECTION('',(0.866025403784,-0.5,-2.775557561563E-17));
#8719 = DIRECTION('',(0.290562050882,0.50326823488,-0.813814953382));
#8720 = PCURVE('',#4613,#8721);
#8721 = DEFINITIONAL_REPRESENTATION('',(#8722),#8730);
#8722 = B_SPLINE_CURVE_WITH_KNOTS('',6,(#8723,#8724,#8725,#8726,#8727,
    #8728,#8729),.UNSPECIFIED.,.F.,.F.,(7,7),(3.923711877246,
    4.712388980385),.PIECEWISE_BEZIER_KNOTS.);
#8723 = CARTESIAN_POINT('',(3.14159265359,55.610296486891));
#8724 = CARTESIAN_POINT('',(3.273038837446,55.739151939218));
#8725 = CARTESIAN_POINT('',(3.404485021302,55.888465914665));
#8726 = CARTESIAN_POINT('',(3.535931205159,56.054232925009));
#8727 = CARTESIAN_POINT('',(3.667377389015,56.231377927264));
#8728 = CARTESIAN_POINT('',(3.798823572872,56.414207242043));
#8729 = CARTESIAN_POINT('',(3.930269756728,56.597036839309));
#8730 = ( GEOMETRIC_REPRESENTATION_CONTEXT(2) 
PARAMETRIC_REPRESENTATION_CONTEXT() REPRESENTATION_CONTEXT('2D SPACE',''
  ) );
#8731 = PCURVE('',#5380,#8732);
#8732 = DEFINITIONAL_REPRESENTATION('',(#8733),#8741);
#8733 = B_SPLINE_CURVE_WITH_KNOTS('',6,(#8734,#8735,#8736,#8737,#8738,
    #8739,#8740),.UNSPECIFIED.,.F.,.F.,(7,7),(3.923711877246,
    4.712388980385),.PIECEWISE_BEZIER_KNOTS.);
#8734 = CARTESIAN_POINT('',(6.28318530718,55.610296486891));
#8735 = CARTESIAN_POINT('',(6.151739123323,55.739151939218));
#8736 = CARTESIAN_POINT('',(6.020292939467,55.888465914664));
#8737 = CARTESIAN_POINT('',(5.88884675561,56.054232925011));
#8738 = CARTESIAN_POINT('',(5.757400571754,56.231377927264));
#8739 = CARTESIAN_POINT('',(5.625954387898,56.414207242043));
#8740 = CARTESIAN_POINT('',(5.494508204041,56.597036839309));
#8741 = ( GEOMETRIC_REPRESENTATION_CONTEXT(2) 
PARAMETRIC_REPRESENTATION_CONTEXT() REPRESENTATION_CONTEXT('2D SPACE',''
  ) );
#8742 = ORIENTED_EDGE('',*,*,#8743,.F.);
#8743 = EDGE_CURVE('',#8744,#8712,#8746,.T.);
#8744 = VERTEX_POINT('',#8745);
#8745 = CARTESIAN_POINT('',(13.848726658729,23.986698193052,
    72.086601355225));
#8746 = SURFACE_CURVE('',#8747,(#8752,#8765),.PCURVE_S1.);
#8747 = ELLIPSE('',#8748,1.973480704836,1.4);
#8748 = AXIS2_PLACEMENT_3D('',#8749,#8750,#8751);
#8749 = CARTESIAN_POINT('',(13.279056191361,23.,71.273027612755));
#8750 = DIRECTION('',(0.866025403784,-0.5,-2.775557561563E-17));
#8751 = DIRECTION('',(0.290562050882,0.50326823488,-0.813814953382));
#8752 = PCURVE('',#4613,#8753);
#8753 = DEFINITIONAL_REPRESENTATION('',(#8754),#8764);
#8754 = B_SPLINE_CURVE_WITH_KNOTS('',8,(#8755,#8756,#8757,#8758,#8759,
    #8760,#8761,#8762,#8763),.UNSPECIFIED.,.F.,.F.,(9,9),(1.570796326795
    ,3.923711877246),.PIECEWISE_BEZIER_KNOTS.);
#8755 = CARTESIAN_POINT('',(0.788677103139,56.597036839309));
#8756 = CARTESIAN_POINT('',(1.082791546945,56.187950597826));
#8757 = CARTESIAN_POINT('',(1.376905990748,55.778862885723));
#8758 = CARTESIAN_POINT('',(1.671020434563,55.423711134878));
#8759 = CARTESIAN_POINT('',(1.965134878354,55.176354903437));
#8760 = CARTESIAN_POINT('',(2.259249322176,55.075992832775));
#8761 = CARTESIAN_POINT('',(2.553363765974,55.131212334738));
#8762 = CARTESIAN_POINT('',(2.847478209783,55.321978875981));
#8763 = CARTESIAN_POINT('',(3.14159265359,55.610296486891));
#8764 = ( GEOMETRIC_REPRESENTATION_CONTEXT(2) 
PARAMETRIC_REPRESENTATION_CONTEXT() REPRESENTATION_CONTEXT('2D SPACE',''
  ) );
#8765 = PCURVE('',#5380,#8766);
#8766 = DEFINITIONAL_REPRESENTATION('',(#8767),#8777);
#8767 = B_SPLINE_CURVE_WITH_KNOTS('',8,(#8768,#8769,#8770,#8771,#8772,
    #8773,#8774,#8775,#8776),.UNSPECIFIED.,.F.,.F.,(9,9),(1.570796326795
    ,3.923711877246),.PIECEWISE_BEZIER_KNOTS.);
#8768 = CARTESIAN_POINT('',(2.352915550451,56.597036839309));
#8769 = CARTESIAN_POINT('',(2.058801106645,56.187950597826));
#8770 = CARTESIAN_POINT('',(1.764686662839,55.778862885752));
#8771 = CARTESIAN_POINT('',(1.470572219028,55.423711134761));
#8772 = CARTESIAN_POINT('',(1.176457775228,55.17635490367));
#8773 = CARTESIAN_POINT('',(0.882343331413,55.075992832659));
#8774 = CARTESIAN_POINT('',(0.588228887613,55.131212334738));
#8775 = CARTESIAN_POINT('',(0.294114443807,55.321978875981));
#8776 = CARTESIAN_POINT('',(1.522591576629E-13,55.610296486891));
#8777 = ( GEOMETRIC_REPRESENTATION_CONTEXT(2) 
PARAMETRIC_REPRESENTATION_CONTEXT() REPRESENTATION_CONTEXT('2D SPACE',''
  ) );
#8778 = ORIENTED_EDGE('',*,*,#8779,.F.);
#8779 = EDGE_CURVE('',#8616,#8744,#8780,.T.);
#8780 = SURFACE_CURVE('',#8781,(#8786,#8797),.PCURVE_S1.);
#8781 = ELLIPSE('',#8782,1.986380301783,1.4);
#8782 = AXIS2_PLACEMENT_3D('',#8783,#8784,#8785);
#8783 = CARTESIAN_POINT('',(13.279056191361,23.,71.273027612755));
#8784 = DIRECTION('',(0.290562050882,0.50326823488,-0.813814953382));
#8785 = DIRECTION('',(0.866025403784,-0.5,0.));
#8786 = PCURVE('',#4613,#8787);
#8787 = DEFINITIONAL_REPRESENTATION('',(#8788),#8796);
#8788 = B_SPLINE_CURVE_WITH_KNOTS('',6,(#8789,#8790,#8791,#8792,#8793,
    #8794,#8795),.UNSPECIFIED.,.F.,.F.,(7,7),(3.923711877246,
    4.712388980385),.PIECEWISE_BEZIER_KNOTS.);
#8789 = CARTESIAN_POINT('',(3.045183153258E-14,55.59735473103));
#8790 = CARTESIAN_POINT('',(0.131446183856,55.727900208298));
#8791 = CARTESIAN_POINT('',(0.262892367713,55.879172535821));
#8792 = CARTESIAN_POINT('',(0.394338551569,56.047113690731));
#8793 = CARTESIAN_POINT('',(0.525784735426,56.226582067487));
#8794 = CARTESIAN_POINT('',(0.657230919282,56.411809310302));
#8795 = CARTESIAN_POINT('',(0.788677103139,56.597036839309));
#8796 = ( GEOMETRIC_REPRESENTATION_CONTEXT(2) 
PARAMETRIC_REPRESENTATION_CONTEXT() REPRESENTATION_CONTEXT('2D SPACE',''
  ) );
#8797 = PCURVE('',#8661,#8798);
#8798 = DEFINITIONAL_REPRESENTATION('',(#8799),#8807);
#8799 = B_SPLINE_CURVE_WITH_KNOTS('',6,(#8800,#8801,#8802,#8803,#8804,
    #8805,#8806),.UNSPECIFIED.,.F.,.F.,(7,7),(3.923711877246,
    4.712388980385),.PIECEWISE_BEZIER_KNOTS.);
#8800 = CARTESIAN_POINT('',(1.564238447313,57.596718947587));
#8801 = CARTESIAN_POINT('',(1.695684631169,57.466173470319));
#8802 = CARTESIAN_POINT('',(1.827130815026,57.314901142797));
#8803 = CARTESIAN_POINT('',(1.958576998882,57.146959987881));
#8804 = CARTESIAN_POINT('',(2.090023182738,56.967491611131));
#8805 = CARTESIAN_POINT('',(2.221469366595,56.782264368316));
#8806 = CARTESIAN_POINT('',(2.352915550451,56.597036839309));
#8807 = ( GEOMETRIC_REPRESENTATION_CONTEXT(2) 
PARAMETRIC_REPRESENTATION_CONTEXT() REPRESENTATION_CONTEXT('2D SPACE',''
  ) );
#8808 = ORIENTED_EDGE('',*,*,#8615,.F.);
#8809 = ORIENTED_EDGE('',*,*,#4684,.T.);
#8810 = ORIENTED_EDGE('',*,*,#4652,.T.);
#8811 = ORIENTED_EDGE('',*,*,#4590,.T.);
#8812 = ORIENTED_EDGE('',*,*,#6215,.T.);
#8813 = ORIENTED_EDGE('',*,*,#8418,.T.);
#8814 = ORIENTED_EDGE('',*,*,#8485,.T.);
#8815 = ADVANCED_FACE('',(#8816),#4768,.F.);
#8816 = FACE_BOUND('',#8817,.F.);
#8817 = EDGE_LOOP('',(#8818,#8819,#8820,#8821,#8822));
#8818 = ORIENTED_EDGE('',*,*,#6166,.T.);
#8819 = ORIENTED_EDGE('',*,*,#4748,.F.);
#8820 = ORIENTED_EDGE('',*,*,#8592,.F.);
#8821 = ORIENTED_EDGE('',*,*,#8347,.T.);
#8822 = ORIENTED_EDGE('',*,*,#8823,.T.);
#8823 = EDGE_CURVE('',#8325,#6139,#8824,.T.);
#8824 = SURFACE_CURVE('',#8825,(#8829,#8836),.PCURVE_S1.);
#8825 = LINE('',#8826,#8827);
#8826 = CARTESIAN_POINT('',(-15.47160331078,-27.5,85.300583180853));
#8827 = VECTOR('',#8828,1.);
#8828 = DIRECTION('',(0.,1.,0.));
#8829 = PCURVE('',#4768,#8830);
#8830 = DEFINITIONAL_REPRESENTATION('',(#8831),#8835);
#8831 = LINE('',#8832,#8833);
#8832 = CARTESIAN_POINT('',(0.,0.));
#8833 = VECTOR('',#8834,1.);
#8834 = DIRECTION('',(1.,0.));
#8835 = ( GEOMETRIC_REPRESENTATION_CONTEXT(2) 
PARAMETRIC_REPRESENTATION_CONTEXT() REPRESENTATION_CONTEXT('2D SPACE',''
  ) );
#8836 = PCURVE('',#6154,#8837);
#8837 = DEFINITIONAL_REPRESENTATION('',(#8838),#8842);
#8838 = LINE('',#8839,#8840);
#8839 = CARTESIAN_POINT('',(0.,0.));
#8840 = VECTOR('',#8841,1.);
#8841 = DIRECTION('',(0.,1.));
#8842 = ( GEOMETRIC_REPRESENTATION_CONTEXT(2) 
PARAMETRIC_REPRESENTATION_CONTEXT() REPRESENTATION_CONTEXT('2D SPACE',''
  ) );
#8843 = ADVANCED_FACE('',(#8844),#4966,.F.);
#8844 = FACE_BOUND('',#8845,.F.);
#8845 = EDGE_LOOP('',(#8846,#8871,#8893,#8894,#8924,#8925,#8926,#8960));
#8846 = ORIENTED_EDGE('',*,*,#8847,.T.);
#8847 = EDGE_CURVE('',#8848,#8850,#8852,.T.);
#8848 = VERTEX_POINT('',#8849);
#8849 = CARTESIAN_POINT('',(14.087346568228,24.4,90.239450017994));
#8850 = VERTEX_POINT('',#8851);
#8851 = CARTESIAN_POINT('',(24.42467135841,24.4,83.001177274986));
#8852 = SEAM_CURVE('',#8853,(#8857,#8864),.PCURVE_S1.);
#8853 = LINE('',#8854,#8855);
#8854 = CARTESIAN_POINT('',(-23.90529925464,24.4,116.84218701969));
#8855 = VECTOR('',#8856,1.);
#8856 = DIRECTION('',(0.819152044289,0.,-0.573576436351));
#8857 = PCURVE('',#4966,#8858);
#8858 = DEFINITIONAL_REPRESENTATION('',(#8859),#8863);
#8859 = LINE('',#8860,#8861);
#8860 = CARTESIAN_POINT('',(6.28318530718,-0.));
#8861 = VECTOR('',#8862,1.);
#8862 = DIRECTION('',(0.,1.));
#8863 = ( GEOMETRIC_REPRESENTATION_CONTEXT(2) 
PARAMETRIC_REPRESENTATION_CONTEXT() REPRESENTATION_CONTEXT('2D SPACE',''
  ) );
#8864 = PCURVE('',#4966,#8865);
#8865 = DEFINITIONAL_REPRESENTATION('',(#8866),#8870);
#8866 = LINE('',#8867,#8868);
#8867 = CARTESIAN_POINT('',(0.,-0.));
#8868 = VECTOR('',#8869,1.);
#8869 = DIRECTION('',(0.,1.));
#8870 = ( GEOMETRIC_REPRESENTATION_CONTEXT(2) 
PARAMETRIC_REPRESENTATION_CONTEXT() REPRESENTATION_CONTEXT('2D SPACE',''
  ) );
#8871 = ORIENTED_EDGE('',*,*,#8872,.F.);
#8872 = EDGE_CURVE('',#8850,#8850,#8873,.T.);
#8873 = SURFACE_CURVE('',#8874,(#8879,#8886),.PCURVE_S1.);
#8874 = CIRCLE('',#8875,1.4);
#8875 = AXIS2_PLACEMENT_3D('',#8876,#8877,#8878);
#8876 = CARTESIAN_POINT('',(24.42467135841,23.,83.001177274986));
#8877 = DIRECTION('',(0.819152044289,0.,-0.573576436351));
#8878 = DIRECTION('',(0.,1.,0.));
#8879 = PCURVE('',#4966,#8880);
#8880 = DEFINITIONAL_REPRESENTATION('',(#8881),#8885);
#8881 = LINE('',#8882,#8883);
#8882 = CARTESIAN_POINT('',(0.,59.));
#8883 = VECTOR('',#8884,1.);
#8884 = DIRECTION('',(1.,0.));
#8885 = ( GEOMETRIC_REPRESENTATION_CONTEXT(2) 
PARAMETRIC_REPRESENTATION_CONTEXT() REPRESENTATION_CONTEXT('2D SPACE',''
  ) );
#8886 = PCURVE('',#5882,#8887);
#8887 = DEFINITIONAL_REPRESENTATION('',(#8888),#8892);
#8888 = CIRCLE('',#8889,1.4);
#8889 = AXIS2_PLACEMENT_2D('',#8890,#8891);
#8890 = CARTESIAN_POINT('',(50.5,21.));
#8891 = DIRECTION('',(1.,0.));
#8892 = ( GEOMETRIC_REPRESENTATION_CONTEXT(2) 
PARAMETRIC_REPRESENTATION_CONTEXT() REPRESENTATION_CONTEXT('2D SPACE',''
  ) );
#8893 = ORIENTED_EDGE('',*,*,#8847,.F.);
#8894 = ORIENTED_EDGE('',*,*,#8895,.T.);
#8895 = EDGE_CURVE('',#8848,#4852,#8896,.T.);
#8896 = SURFACE_CURVE('',#8897,(#8902,#8913),.PCURVE_S1.);
#8897 = ELLIPSE('',#8898,1.973480704836,1.4);
#8898 = AXIS2_PLACEMENT_3D('',#8899,#8900,#8901);
#8899 = CARTESIAN_POINT('',(13.279056191361,23.,90.805421032938));
#8900 = DIRECTION('',(0.866025403784,-0.5,-2.775557561563E-17));
#8901 = DIRECTION('',(0.290562050882,0.50326823488,-0.813814953382));
#8902 = PCURVE('',#4966,#8903);
#8903 = DEFINITIONAL_REPRESENTATION('',(#8904),#8912);
#8904 = B_SPLINE_CURVE_WITH_KNOTS('',6,(#8905,#8906,#8907,#8908,#8909,
    #8910,#8911),.UNSPECIFIED.,.F.,.F.,(7,7),(0.782119223656,
    1.570796326795),.PIECEWISE_BEZIER_KNOTS.);
#8905 = CARTESIAN_POINT('',(-2.13162820728E-13,46.380456580371));
#8906 = CARTESIAN_POINT('',(0.131446183856,46.251601128044));
#8907 = CARTESIAN_POINT('',(0.262892367713,46.102287152598));
#8908 = CARTESIAN_POINT('',(0.394338551569,45.936520142248));
#8909 = CARTESIAN_POINT('',(0.525784735426,45.759375139999));
#8910 = CARTESIAN_POINT('',(0.657230919282,45.576545825219));
#8911 = CARTESIAN_POINT('',(0.788677103139,45.393716227953));
#8912 = ( GEOMETRIC_REPRESENTATION_CONTEXT(2) 
PARAMETRIC_REPRESENTATION_CONTEXT() REPRESENTATION_CONTEXT('2D SPACE',''
  ) );
#8913 = PCURVE('',#5039,#8914);
#8914 = DEFINITIONAL_REPRESENTATION('',(#8915),#8923);
#8915 = B_SPLINE_CURVE_WITH_KNOTS('',6,(#8916,#8917,#8918,#8919,#8920,
    #8921,#8922),.UNSPECIFIED.,.F.,.F.,(7,7),(0.782119223656,
    1.570796326795),.PIECEWISE_BEZIER_KNOTS.);
#8916 = CARTESIAN_POINT('',(3.14159265359,46.380456580371));
#8917 = CARTESIAN_POINT('',(3.010146469734,46.251601128044));
#8918 = CARTESIAN_POINT('',(2.878700285877,46.102287152598));
#8919 = CARTESIAN_POINT('',(2.74725410202,45.936520142248));
#8920 = CARTESIAN_POINT('',(2.615807918164,45.759375139999));
#8921 = CARTESIAN_POINT('',(2.484361734308,45.576545825219));
#8922 = CARTESIAN_POINT('',(2.352915550451,45.393716227953));
#8923 = ( GEOMETRIC_REPRESENTATION_CONTEXT(2) 
PARAMETRIC_REPRESENTATION_CONTEXT() REPRESENTATION_CONTEXT('2D SPACE',''
  ) );
#8924 = ORIENTED_EDGE('',*,*,#4983,.T.);
#8925 = ORIENTED_EDGE('',*,*,#4944,.T.);
#8926 = ORIENTED_EDGE('',*,*,#8927,.T.);
#8927 = EDGE_CURVE('',#4913,#8928,#8930,.T.);
#8928 = VERTEX_POINT('',#8929);
#8929 = CARTESIAN_POINT('',(13.852474792335,23.993190150892,
    89.199372925132));
#8930 = SURFACE_CURVE('',#8931,(#8936,#8948),.PCURVE_S1.);
#8931 = ELLIPSE('',#8932,1.973480704836,1.4);
#8932 = AXIS2_PLACEMENT_3D('',#8933,#8934,#8935);
#8933 = CARTESIAN_POINT('',(13.279056191361,23.,90.805421032938));
#8934 = DIRECTION('',(0.866025403784,-0.5,-2.775557561563E-17));
#8935 = DIRECTION('',(0.290562050882,0.50326823488,-0.813814953382));
#8936 = PCURVE('',#4966,#8937);
#8937 = DEFINITIONAL_REPRESENTATION('',(#8938),#8947);
#8938 = B_SPLINE_CURVE_WITH_KNOTS('',7,(#8939,#8940,#8941,#8942,#8943,
    #8944,#8945,#8946),.UNSPECIFIED.,.F.,.F.,(8,8),(4.712388980385,
    6.28318530718),.PIECEWISE_BEZIER_KNOTS.);
#8939 = CARTESIAN_POINT('',(3.930269756728,45.393716227953));
#8940 = CARTESIAN_POINT('',(4.154669231985,45.7058353362));
#8941 = CARTESIAN_POINT('',(4.379068707241,46.017953177057));
#8942 = CARTESIAN_POINT('',(4.603468182497,46.304409067841));
#8943 = CARTESIAN_POINT('',(4.827867657757,46.539494390112));
#8944 = CARTESIAN_POINT('',(5.05226713301,46.702910577033));
#8945 = CARTESIAN_POINT('',(5.276666608267,46.784624597458));
#8946 = CARTESIAN_POINT('',(5.501066083523,46.784624597458));
#8947 = ( GEOMETRIC_REPRESENTATION_CONTEXT(2) 
PARAMETRIC_REPRESENTATION_CONTEXT() REPRESENTATION_CONTEXT('2D SPACE',''
  ) );
#8948 = PCURVE('',#5039,#8949);
#8949 = DEFINITIONAL_REPRESENTATION('',(#8950),#8959);
#8950 = B_SPLINE_CURVE_WITH_KNOTS('',7,(#8951,#8952,#8953,#8954,#8955,
    #8956,#8957,#8958),.UNSPECIFIED.,.F.,.F.,(8,8),(4.712388980385,
    6.28318530718),.PIECEWISE_BEZIER_KNOTS.);
#8951 = CARTESIAN_POINT('',(5.494508204041,45.393716227953));
#8952 = CARTESIAN_POINT('',(5.270108728785,45.7058353362));
#8953 = CARTESIAN_POINT('',(5.045709253529,46.017953177063));
#8954 = CARTESIAN_POINT('',(4.82130977827,46.304409067823));
#8955 = CARTESIAN_POINT('',(4.596910303016,46.539494390134));
#8956 = CARTESIAN_POINT('',(4.372510827758,46.702910577027));
#8957 = CARTESIAN_POINT('',(4.148111352503,46.784624597458));
#8958 = CARTESIAN_POINT('',(3.923711877246,46.784624597458));
#8959 = ( GEOMETRIC_REPRESENTATION_CONTEXT(2) 
PARAMETRIC_REPRESENTATION_CONTEXT() REPRESENTATION_CONTEXT('2D SPACE',''
  ) );
#8960 = ORIENTED_EDGE('',*,*,#8961,.T.);
#8961 = EDGE_CURVE('',#8928,#8848,#8962,.T.);
#8962 = SURFACE_CURVE('',#8963,(#8968,#8979),.PCURVE_S1.);
#8963 = ELLIPSE('',#8964,1.973480704836,1.4);
#8964 = AXIS2_PLACEMENT_3D('',#8965,#8966,#8967);
#8965 = CARTESIAN_POINT('',(13.279056191361,23.,90.805421032938));
#8966 = DIRECTION('',(0.866025403784,-0.5,-2.775557561563E-17));
#8967 = DIRECTION('',(0.290562050882,0.50326823488,-0.813814953382));
#8968 = PCURVE('',#4966,#8969);
#8969 = DEFINITIONAL_REPRESENTATION('',(#8970),#8978);
#8970 = B_SPLINE_CURVE_WITH_KNOTS('',6,(#8971,#8972,#8973,#8974,#8975,
    #8976,#8977),.UNSPECIFIED.,.F.,.F.,(7,7),(0.,0.782119223656),
  .PIECEWISE_BEZIER_KNOTS.);
#8971 = CARTESIAN_POINT('',(5.501066083523,46.784624597458));
#8972 = CARTESIAN_POINT('',(5.631419287466,46.784624597458));
#8973 = CARTESIAN_POINT('',(5.761772491409,46.756263588955));
#8974 = CARTESIAN_POINT('',(5.892125695351,46.699540875965));
#8975 = CARTESIAN_POINT('',(6.022478899294,46.615904511014));
#8976 = CARTESIAN_POINT('',(6.152832103237,46.508240594814));
#8977 = CARTESIAN_POINT('',(6.283185307179,46.380456580371));
#8978 = ( GEOMETRIC_REPRESENTATION_CONTEXT(2) 
PARAMETRIC_REPRESENTATION_CONTEXT() REPRESENTATION_CONTEXT('2D SPACE',''
  ) );
#8979 = PCURVE('',#5039,#8980);
#8980 = DEFINITIONAL_REPRESENTATION('',(#8981),#8989);
#8981 = B_SPLINE_CURVE_WITH_KNOTS('',6,(#8982,#8983,#8984,#8985,#8986,
    #8987,#8988),.UNSPECIFIED.,.F.,.F.,(7,7),(0.,0.782119223656),
  .PIECEWISE_BEZIER_KNOTS.);
#8982 = CARTESIAN_POINT('',(3.923711877246,46.784624597458));
#8983 = CARTESIAN_POINT('',(3.793358673303,46.784624597458));
#8984 = CARTESIAN_POINT('',(3.663005469361,46.756263588953));
#8985 = CARTESIAN_POINT('',(3.532652265418,46.699540875968));
#8986 = CARTESIAN_POINT('',(3.402299061475,46.615904511013));
#8987 = CARTESIAN_POINT('',(3.271945857533,46.508240594814));
#8988 = CARTESIAN_POINT('',(3.14159265359,46.380456580371));
#8989 = ( GEOMETRIC_REPRESENTATION_CONTEXT(2) 
PARAMETRIC_REPRESENTATION_CONTEXT() REPRESENTATION_CONTEXT('2D SPACE',''
  ) );
#8990 = ADVANCED_FACE('',(#8991),#5039,.F.);
#8991 = FACE_BOUND('',#8992,.F.);
#8992 = EDGE_LOOP('',(#8993,#9017,#9038,#9039,#9040,#9041,#9042,#9043,
    #9044));
#8993 = ORIENTED_EDGE('',*,*,#8994,.F.);
#8994 = EDGE_CURVE('',#8995,#8995,#8997,.T.);
#8995 = VERTEX_POINT('',#8996);
#8996 = CARTESIAN_POINT('',(6.493813042539,31.952385875469,
    83.001177274986));
#8997 = SURFACE_CURVE('',#8998,(#9003,#9010),.PCURVE_S1.);
#8998 = CIRCLE('',#8999,1.4);
#8999 = AXIS2_PLACEMENT_3D('',#9000,#9001,#9002);
#9000 = CARTESIAN_POINT('',(7.706248607837,32.652385875469,
    83.001177274986));
#9001 = DIRECTION('',(-0.409576022144,0.709406479916,-0.573576436351));
#9002 = DIRECTION('',(-0.866025403784,-0.5,0.));
#9003 = PCURVE('',#5039,#9004);
#9004 = DEFINITIONAL_REPRESENTATION('',(#9005),#9009);
#9005 = LINE('',#9006,#9007);
#9006 = CARTESIAN_POINT('',(0.,59.));
#9007 = VECTOR('',#9008,1.);
#9008 = DIRECTION('',(1.,0.));
#9009 = ( GEOMETRIC_REPRESENTATION_CONTEXT(2) 
PARAMETRIC_REPRESENTATION_CONTEXT() REPRESENTATION_CONTEXT('2D SPACE',''
  ) );
#9010 = PCURVE('',#6006,#9011);
#9011 = DEFINITIONAL_REPRESENTATION('',(#9012),#9016);
#9012 = CIRCLE('',#9013,1.4);
#9013 = AXIS2_PLACEMENT_2D('',#9014,#9015);
#9014 = CARTESIAN_POINT('',(4.5,21.));
#9015 = DIRECTION('',(1.,0.));
#9016 = ( GEOMETRIC_REPRESENTATION_CONTEXT(2) 
PARAMETRIC_REPRESENTATION_CONTEXT() REPRESENTATION_CONTEXT('2D SPACE',''
  ) );
#9017 = ORIENTED_EDGE('',*,*,#9018,.F.);
#9018 = EDGE_CURVE('',#5079,#8995,#9019,.T.);
#9019 = SEAM_CURVE('',#9020,(#9024,#9031),.PCURVE_S1.);
#9020 = LINE('',#9021,#9022);
#9021 = CARTESIAN_POINT('',(30.658798349064,-9.902596439588,
    116.84218701969));
#9022 = VECTOR('',#9023,1.);
#9023 = DIRECTION('',(-0.409576022144,0.709406479916,-0.573576436351));
#9024 = PCURVE('',#5039,#9025);
#9025 = DEFINITIONAL_REPRESENTATION('',(#9026),#9030);
#9026 = LINE('',#9027,#9028);
#9027 = CARTESIAN_POINT('',(6.28318530718,-0.));
#9028 = VECTOR('',#9029,1.);
#9029 = DIRECTION('',(0.,1.));
#9030 = ( GEOMETRIC_REPRESENTATION_CONTEXT(2) 
PARAMETRIC_REPRESENTATION_CONTEXT() REPRESENTATION_CONTEXT('2D SPACE',''
  ) );
#9031 = PCURVE('',#5039,#9032);
#9032 = DEFINITIONAL_REPRESENTATION('',(#9033),#9037);
#9033 = LINE('',#9034,#9035);
#9034 = CARTESIAN_POINT('',(0.,-0.));
#9035 = VECTOR('',#9036,1.);
#9036 = DIRECTION('',(0.,1.));
#9037 = ( GEOMETRIC_REPRESENTATION_CONTEXT(2) 
PARAMETRIC_REPRESENTATION_CONTEXT() REPRESENTATION_CONTEXT('2D SPACE',''
  ) );
#9038 = ORIENTED_EDGE('',*,*,#5078,.T.);
#9039 = ORIENTED_EDGE('',*,*,#5018,.T.);
#9040 = ORIENTED_EDGE('',*,*,#8895,.F.);
#9041 = ORIENTED_EDGE('',*,*,#8961,.F.);
#9042 = ORIENTED_EDGE('',*,*,#8927,.F.);
#9043 = ORIENTED_EDGE('',*,*,#5114,.T.);
#9044 = ORIENTED_EDGE('',*,*,#9018,.T.);
#9045 = ADVANCED_FACE('',(#9046),#5380,.F.);
#9046 = FACE_BOUND('',#9047,.F.);
#9047 = EDGE_LOOP('',(#9048,#9087,#9088,#9109,#9110,#9111,#9112,#9113,
    #9135,#9136,#9137,#9138,#9139));
#9048 = ORIENTED_EDGE('',*,*,#9049,.F.);
#9049 = EDGE_CURVE('',#8744,#9050,#9052,.T.);
#9050 = VERTEX_POINT('',#9051);
#9051 = CARTESIAN_POINT('',(14.999311994283,22.006809849108,
    71.273027612755));
#9052 = SURFACE_CURVE('',#9053,(#9058,#9070),.PCURVE_S1.);
#9053 = ELLIPSE('',#9054,1.986380301783,1.4);
#9054 = AXIS2_PLACEMENT_3D('',#9055,#9056,#9057);
#9055 = CARTESIAN_POINT('',(13.279056191361,23.,71.273027612755));
#9056 = DIRECTION('',(0.290562050882,0.50326823488,-0.813814953382));
#9057 = DIRECTION('',(0.866025403784,-0.5,0.));
#9058 = PCURVE('',#5380,#9059);
#9059 = DEFINITIONAL_REPRESENTATION('',(#9060),#9069);
#9060 = B_SPLINE_CURVE_WITH_KNOTS('',7,(#9061,#9062,#9063,#9064,#9065,
    #9066,#9067,#9068),.UNSPECIFIED.,.F.,.F.,(8,8),(4.712388980385,
    6.28318530718),.PIECEWISE_BEZIER_KNOTS.);
#9061 = CARTESIAN_POINT('',(2.352915550451,56.597036839309));
#9062 = CARTESIAN_POINT('',(2.577315025708,56.280824081412));
#9063 = CARTESIAN_POINT('',(2.801714500964,55.964612607524));
#9064 = CARTESIAN_POINT('',(3.026113976222,55.67439965727));
#9065 = CARTESIAN_POINT('',(3.250513451476,55.43623103467));
#9066 = CARTESIAN_POINT('',(3.474912926734,55.270671535789));
#9067 = CARTESIAN_POINT('',(3.69931240199,55.187885781646));
#9068 = CARTESIAN_POINT('',(3.923711877246,55.187885781646));
#9069 = ( GEOMETRIC_REPRESENTATION_CONTEXT(2) 
PARAMETRIC_REPRESENTATION_CONTEXT() REPRESENTATION_CONTEXT('2D SPACE',''
  ) );
#9070 = PCURVE('',#9071,#9076);
#9071 = CYLINDRICAL_SURFACE('',#9072,1.4);
#9072 = AXIS2_PLACEMENT_3D('',#9073,#9074,#9075);
#9073 = CARTESIAN_POINT('',(-33.08252223625,23.,103.73575431107));
#9074 = DIRECTION('',(0.819152044289,0.,-0.573576436351));
#9075 = DIRECTION('',(0.,1.,0.));
#9076 = DEFINITIONAL_REPRESENTATION('',(#9077),#9086);
#9077 = B_SPLINE_CURVE_WITH_KNOTS('',7,(#9078,#9079,#9080,#9081,#9082,
    #9083,#9084,#9085),.UNSPECIFIED.,.F.,.F.,(8,8),(4.712388980385,
    6.28318530718),.PIECEWISE_BEZIER_KNOTS.);
#9078 = CARTESIAN_POINT('',(0.788677103139,56.597036839309));
#9079 = CARTESIAN_POINT('',(1.013076578395,56.913249597205));
#9080 = CARTESIAN_POINT('',(1.237476053652,57.2294610711));
#9081 = CARTESIAN_POINT('',(1.461875528908,57.519674021329));
#9082 = CARTESIAN_POINT('',(1.686275004165,57.757842643994));
#9083 = CARTESIAN_POINT('',(1.91067447942,57.923402142815));
#9084 = CARTESIAN_POINT('',(2.135073954677,58.006187896972));
#9085 = CARTESIAN_POINT('',(2.359473429933,58.006187896972));
#9086 = ( GEOMETRIC_REPRESENTATION_CONTEXT(2) 
PARAMETRIC_REPRESENTATION_CONTEXT() REPRESENTATION_CONTEXT('2D SPACE',''
  ) );
#9087 = ORIENTED_EDGE('',*,*,#8743,.T.);
#9088 = ORIENTED_EDGE('',*,*,#9089,.F.);
#9089 = EDGE_CURVE('',#8001,#8712,#9090,.T.);
#9090 = SEAM_CURVE('',#9091,(#9095,#9102),.PCURVE_S1.);
#9091 = LINE('',#9092,#9093);
#9092 = CARTESIAN_POINT('',(35.247409839873,-17.85030467786,
    103.73575431107));
#9093 = VECTOR('',#9094,1.);
#9094 = DIRECTION('',(-0.409576022144,0.709406479916,-0.573576436351));
#9095 = PCURVE('',#5380,#9096);
#9096 = DEFINITIONAL_REPRESENTATION('',(#9097),#9101);
#9097 = LINE('',#9098,#9099);
#9098 = CARTESIAN_POINT('',(6.28318530718,-0.));
#9099 = VECTOR('',#9100,1.);
#9100 = DIRECTION('',(0.,1.));
#9101 = ( GEOMETRIC_REPRESENTATION_CONTEXT(2) 
PARAMETRIC_REPRESENTATION_CONTEXT() REPRESENTATION_CONTEXT('2D SPACE',''
  ) );
#9102 = PCURVE('',#5380,#9103);
#9103 = DEFINITIONAL_REPRESENTATION('',(#9104),#9108);
#9104 = LINE('',#9105,#9106);
#9105 = CARTESIAN_POINT('',(0.,-0.));
#9106 = VECTOR('',#9107,1.);
#9107 = DIRECTION('',(0.,1.));
#9108 = ( GEOMETRIC_REPRESENTATION_CONTEXT(2) 
PARAMETRIC_REPRESENTATION_CONTEXT() REPRESENTATION_CONTEXT('2D SPACE',''
  ) );
#9109 = ORIENTED_EDGE('',*,*,#8000,.T.);
#9110 = ORIENTED_EDGE('',*,*,#5741,.T.);
#9111 = ORIENTED_EDGE('',*,*,#5397,.T.);
#9112 = ORIENTED_EDGE('',*,*,#5358,.T.);
#9113 = ORIENTED_EDGE('',*,*,#9114,.T.);
#9114 = EDGE_CURVE('',#5327,#8065,#9115,.T.);
#9115 = SURFACE_CURVE('',#9116,(#9121,#9128),.PCURVE_S1.);
#9116 = CIRCLE('',#9117,1.4);
#9117 = AXIS2_PLACEMENT_3D('',#9118,#9119,#9120);
#9118 = CARTESIAN_POINT('',(26.220444851559,0.584857320043,
    89.396343402298));
#9119 = DIRECTION('',(-0.409576022144,0.709406479916,-0.573576436351));
#9120 = DIRECTION('',(-0.866025403784,-0.5,0.));
#9121 = PCURVE('',#5380,#9122);
#9122 = DEFINITIONAL_REPRESENTATION('',(#9123),#9127);
#9123 = LINE('',#9124,#9125);
#9124 = CARTESIAN_POINT('',(0.,25.));
#9125 = VECTOR('',#9126,1.);
#9126 = DIRECTION('',(1.,0.));
#9127 = ( GEOMETRIC_REPRESENTATION_CONTEXT(2) 
PARAMETRIC_REPRESENTATION_CONTEXT() REPRESENTATION_CONTEXT('2D SPACE',''
  ) );
#9128 = PCURVE('',#5346,#9129);
#9129 = DEFINITIONAL_REPRESENTATION('',(#9130),#9134);
#9130 = CIRCLE('',#9131,1.4);
#9131 = AXIS2_PLACEMENT_2D('',#9132,#9133);
#9132 = CARTESIAN_POINT('',(4.5,5.));
#9133 = DIRECTION('',(1.,0.));
#9134 = ( GEOMETRIC_REPRESENTATION_CONTEXT(2) 
PARAMETRIC_REPRESENTATION_CONTEXT() REPRESENTATION_CONTEXT('2D SPACE',''
  ) );
#9135 = ORIENTED_EDGE('',*,*,#8064,.T.);
#9136 = ORIENTED_EDGE('',*,*,#8032,.T.);
#9137 = ORIENTED_EDGE('',*,*,#9089,.T.);
#9138 = ORIENTED_EDGE('',*,*,#8711,.T.);
#9139 = ORIENTED_EDGE('',*,*,#9140,.F.);
#9140 = EDGE_CURVE('',#9050,#8680,#9141,.T.);
#9141 = SURFACE_CURVE('',#9142,(#9147,#9159),.PCURVE_S1.);
#9142 = ELLIPSE('',#9143,1.986380301783,1.4);
#9143 = AXIS2_PLACEMENT_3D('',#9144,#9145,#9146);
#9144 = CARTESIAN_POINT('',(13.279056191361,23.,71.273027612755));
#9145 = DIRECTION('',(0.290562050882,0.50326823488,-0.813814953382));
#9146 = DIRECTION('',(0.866025403784,-0.5,0.));
#9147 = PCURVE('',#5380,#9148);
#9148 = DEFINITIONAL_REPRESENTATION('',(#9149),#9158);
#9149 = B_SPLINE_CURVE_WITH_KNOTS('',7,(#9150,#9151,#9152,#9153,#9154,
    #9155,#9156,#9157),.UNSPECIFIED.,.F.,.F.,(8,8),(0.,1.570796326795),
  .PIECEWISE_BEZIER_KNOTS.);
#9150 = CARTESIAN_POINT('',(3.923711877246,55.187885781646));
#9151 = CARTESIAN_POINT('',(4.148111352503,55.187885781646));
#9152 = CARTESIAN_POINT('',(4.372510827759,55.270671535796));
#9153 = CARTESIAN_POINT('',(4.596910303015,55.436231034662));
#9154 = CARTESIAN_POINT('',(4.821309778271,55.674399657284));
#9155 = CARTESIAN_POINT('',(5.045709253528,55.96461260752));
#9156 = CARTESIAN_POINT('',(5.270108728785,56.280824081412));
#9157 = CARTESIAN_POINT('',(5.494508204041,56.597036839309));
#9158 = ( GEOMETRIC_REPRESENTATION_CONTEXT(2) 
PARAMETRIC_REPRESENTATION_CONTEXT() REPRESENTATION_CONTEXT('2D SPACE',''
  ) );
#9159 = PCURVE('',#9071,#9160);
#9160 = DEFINITIONAL_REPRESENTATION('',(#9161),#9170);
#9161 = B_SPLINE_CURVE_WITH_KNOTS('',7,(#9162,#9163,#9164,#9165,#9166,
    #9167,#9168,#9169),.UNSPECIFIED.,.F.,.F.,(8,8),(0.,1.570796326795),
  .PIECEWISE_BEZIER_KNOTS.);
#9162 = CARTESIAN_POINT('',(2.359473429933,58.006187896972));
#9163 = CARTESIAN_POINT('',(2.58387290519,58.006187896972));
#9164 = CARTESIAN_POINT('',(2.808272380446,57.923402142833));
#9165 = CARTESIAN_POINT('',(3.032671855703,57.757842643972));
#9166 = CARTESIAN_POINT('',(3.257071330959,57.519674021351));
#9167 = CARTESIAN_POINT('',(3.481470806215,57.229461071089));
#9168 = CARTESIAN_POINT('',(3.705870281472,56.913249597205));
#9169 = CARTESIAN_POINT('',(3.930269756728,56.597036839309));
#9170 = ( GEOMETRIC_REPRESENTATION_CONTEXT(2) 
PARAMETRIC_REPRESENTATION_CONTEXT() REPRESENTATION_CONTEXT('2D SPACE',''
  ) );
#9171 = ADVANCED_FACE('',(#9172),#5346,.F.);
#9172 = FACE_BOUND('',#9173,.F.);
#9173 = EDGE_LOOP('',(#9174,#9175,#9196,#9197,#9198));
#9174 = ORIENTED_EDGE('',*,*,#5825,.F.);
#9175 = ORIENTED_EDGE('',*,*,#9176,.T.);
#9176 = EDGE_CURVE('',#5798,#8222,#9177,.T.);
#9177 = SURFACE_CURVE('',#9178,(#9182,#9189),.PCURVE_S1.);
#9178 = LINE('',#9179,#9180);
#9179 = CARTESIAN_POINT('',(31.551500259466,0.351198495582,
    85.300583180853));
#9180 = VECTOR('',#9181,1.);
#9181 = DIRECTION('',(-0.866025403784,-0.5,0.));
#9182 = PCURVE('',#5346,#9183);
#9183 = DEFINITIONAL_REPRESENTATION('',(#9184),#9188);
#9184 = LINE('',#9185,#9186);
#9185 = CARTESIAN_POINT('',(0.,0.));
#9186 = VECTOR('',#9187,1.);
#9187 = DIRECTION('',(1.,0.));
#9188 = ( GEOMETRIC_REPRESENTATION_CONTEXT(2) 
PARAMETRIC_REPRESENTATION_CONTEXT() REPRESENTATION_CONTEXT('2D SPACE',''
  ) );
#9189 = PCURVE('',#5813,#9190);
#9190 = DEFINITIONAL_REPRESENTATION('',(#9191),#9195);
#9191 = LINE('',#9192,#9193);
#9192 = CARTESIAN_POINT('',(0.,0.));
#9193 = VECTOR('',#9194,1.);
#9194 = DIRECTION('',(0.,1.));
#9195 = ( GEOMETRIC_REPRESENTATION_CONTEXT(2) 
PARAMETRIC_REPRESENTATION_CONTEXT() REPRESENTATION_CONTEXT('2D SPACE',''
  ) );
#9196 = ORIENTED_EDGE('',*,*,#8221,.T.);
#9197 = ORIENTED_EDGE('',*,*,#9114,.F.);
#9198 = ORIENTED_EDGE('',*,*,#5326,.F.);
#9199 = ADVANCED_FACE('',(#9200,#9205),#5531,.T.);
#9200 = FACE_BOUND('',#9201,.T.);
#9201 = EDGE_LOOP('',(#9202,#9203,#9204));
#9202 = ORIENTED_EDGE('',*,*,#5513,.F.);
#9203 = ORIENTED_EDGE('',*,*,#6994,.F.);
#9204 = ORIENTED_EDGE('',*,*,#5669,.F.);
#9205 = FACE_BOUND('',#9206,.T.);
#9206 = EDGE_LOOP('',(#9207));
#9207 = ORIENTED_EDGE('',*,*,#7906,.F.);
#9208 = ADVANCED_FACE('',(#9209),#5605,.T.);
#9209 = FACE_BOUND('',#9210,.T.);
#9210 = EDGE_LOOP('',(#9211,#9232,#9253));
#9211 = ORIENTED_EDGE('',*,*,#9212,.T.);
#9212 = EDGE_CURVE('',#5590,#9213,#9215,.T.);
#9213 = VERTEX_POINT('',#9214);
#9214 = CARTESIAN_POINT('',(12.379566195038,-21.44203762546,
    65.798984344917));
#9215 = SURFACE_CURVE('',#9216,(#9220,#9226),.PCURVE_S1.);
#9216 = LINE('',#9217,#9218);
#9217 = CARTESIAN_POINT('',(6.230374658146,-10.79132545809,
    57.01702870843));
#9218 = VECTOR('',#9219,1.);
#9219 = DIRECTION('',(-0.406907476691,0.704784423608,-0.581124101765));
#9220 = PCURVE('',#5605,#9221);
#9221 = DEFINITIONAL_REPRESENTATION('',(#9222),#9225);
#9222 = B_SPLINE_CURVE_WITH_KNOTS('',1,(#9223,#9224),.UNSPECIFIED.,.F.,
  .F.,(2,2),(-23.70749690572,-15.11201412885),.PIECEWISE_BEZIER_KNOTS.);
#9223 = CARTESIAN_POINT('',(55.,6.097820597247));
#9224 = CARTESIAN_POINT('',(48.942037625467,1.06581410364E-14));
#9225 = ( GEOMETRIC_REPRESENTATION_CONTEXT(2) 
PARAMETRIC_REPRESENTATION_CONTEXT() REPRESENTATION_CONTEXT('2D SPACE',''
  ) );
#9226 = PCURVE('',#6813,#9227);
#9227 = DEFINITIONAL_REPRESENTATION('',(#9228),#9231);
#9228 = B_SPLINE_CURVE_WITH_KNOTS('',1,(#9229,#9230),.UNSPECIFIED.,.F.,
  .F.,(2,2),(-23.70749690572,-15.11201412885),.PIECEWISE_BEZIER_KNOTS.);
#9229 = CARTESIAN_POINT('',(0.,6.097820597247));
#9230 = CARTESIAN_POINT('',(6.057962374533,0.));
#9231 = ( GEOMETRIC_REPRESENTATION_CONTEXT(2) 
PARAMETRIC_REPRESENTATION_CONTEXT() REPRESENTATION_CONTEXT('2D SPACE',''
  ) );
#9232 = ORIENTED_EDGE('',*,*,#9233,.T.);
#9233 = EDGE_CURVE('',#9213,#5588,#9234,.T.);
#9234 = SURFACE_CURVE('',#9235,(#9239,#9246),.PCURVE_S1.);
#9235 = LINE('',#9236,#9237);
#9236 = CARTESIAN_POINT('',(-30.00548170159,3.028981187266,
    65.798984344917));
#9237 = VECTOR('',#9238,1.);
#9238 = DIRECTION('',(0.866025403784,-0.5,5.551115123126E-17));
#9239 = PCURVE('',#5605,#9240);
#9240 = DEFINITIONAL_REPRESENTATION('',(#9241),#9245);
#9241 = LINE('',#9242,#9243);
#9242 = CARTESIAN_POINT('',(0.,0.));
#9243 = VECTOR('',#9244,1.);
#9244 = DIRECTION('',(1.,0.));
#9245 = ( GEOMETRIC_REPRESENTATION_CONTEXT(2) 
PARAMETRIC_REPRESENTATION_CONTEXT() REPRESENTATION_CONTEXT('2D SPACE',''
  ) );
#9246 = PCURVE('',#5633,#9247);
#9247 = DEFINITIONAL_REPRESENTATION('',(#9248),#9252);
#9248 = LINE('',#9249,#9250);
#9249 = CARTESIAN_POINT('',(34.,0.));
#9250 = VECTOR('',#9251,1.);
#9251 = DIRECTION('',(0.,1.));
#9252 = ( GEOMETRIC_REPRESENTATION_CONTEXT(2) 
PARAMETRIC_REPRESENTATION_CONTEXT() REPRESENTATION_CONTEXT('2D SPACE',''
  ) );
#9253 = ORIENTED_EDGE('',*,*,#5587,.T.);
#9254 = ADVANCED_FACE('',(#9255),#5633,.F.);
#9255 = FACE_BOUND('',#9256,.F.);
#9256 = EDGE_LOOP('',(#9257,#9258,#9279,#9303,#9304));
#9257 = ORIENTED_EDGE('',*,*,#8242,.F.);
#9258 = ORIENTED_EDGE('',*,*,#9259,.F.);
#9259 = EDGE_CURVE('',#9260,#8222,#9262,.T.);
#9260 = VERTEX_POINT('',#9261);
#9261 = CARTESIAN_POINT('',(24.440665267182,3.241851231905E-14,
    83.024018943919));
#9262 = SURFACE_CURVE('',#9263,(#9267,#9273),.PCURVE_S1.);
#9263 = LINE('',#9264,#9265);
#9264 = CARTESIAN_POINT('',(10.269796322535,4.052314039882E-15,
    78.062744314908));
#9265 = VECTOR('',#9266,1.);
#9266 = DIRECTION('',(0.943827814196,-2.575233119035E-16,0.330437675136)
  );
#9267 = PCURVE('',#5633,#9268);
#9268 = DEFINITIONAL_REPRESENTATION('',(#9269),#9272);
#9269 = B_SPLINE_CURVE_WITH_KNOTS('',1,(#9270,#9271),.UNSPECIFIED.,.F.,
  .F.,(2,2),(14.969656753658,21.903794302401),.PIECEWISE_BEZIER_KNOTS.);
#9270 = CARTESIAN_POINT('',(3.994760149593,48.629785537171));
#9271 = CARTESIAN_POINT('',(0.,54.297603008836));
#9272 = ( GEOMETRIC_REPRESENTATION_CONTEXT(2) 
PARAMETRIC_REPRESENTATION_CONTEXT() REPRESENTATION_CONTEXT('2D SPACE',''
  ) );
#9273 = PCURVE('',#5813,#9274);
#9274 = DEFINITIONAL_REPRESENTATION('',(#9275),#9278);
#9275 = B_SPLINE_CURVE_WITH_KNOTS('',1,(#9276,#9277),.UNSPECIFIED.,.F.,
  .F.,(2,2),(14.969656753658,21.903794302401),.PIECEWISE_BEZIER_KNOTS.);
#9276 = CARTESIAN_POINT('',(3.994760149593,6.370214462829));
#9277 = CARTESIAN_POINT('',(1.24344978758E-14,0.702396991164));
#9278 = ( GEOMETRIC_REPRESENTATION_CONTEXT(2) 
PARAMETRIC_REPRESENTATION_CONTEXT() REPRESENTATION_CONTEXT('2D SPACE',''
  ) );
#9279 = ORIENTED_EDGE('',*,*,#9280,.T.);
#9280 = EDGE_CURVE('',#9260,#9213,#9281,.T.);
#9281 = SURFACE_CURVE('',#9282,(#9286,#9292),.PCURVE_S1.);
#9282 = LINE('',#9283,#9284);
#9283 = CARTESIAN_POINT('',(18.428315361753,-10.68866378748,
    74.437493410646));
#9284 = VECTOR('',#9285,1.);
#9285 = DIRECTION('',(-0.40160560837,-0.713968313646,-0.573552249089));
#9286 = PCURVE('',#5633,#9287);
#9287 = DEFINITIONAL_REPRESENTATION('',(#9288),#9291);
#9288 = B_SPLINE_CURVE_WITH_KNOTS('',1,(#9289,#9290),.UNSPECIFIED.,.F.,
  .F.,(2,2),(-18.94001773588,15.061416077513),.PIECEWISE_BEZIER_KNOTS.);
#9289 = CARTESIAN_POINT('',(-3.552713678801E-15,48.629785537171));
#9290 = CARTESIAN_POINT('',(34.,48.942037625467));
#9291 = ( GEOMETRIC_REPRESENTATION_CONTEXT(2) 
PARAMETRIC_REPRESENTATION_CONTEXT() REPRESENTATION_CONTEXT('2D SPACE',''
  ) );
#9292 = PCURVE('',#9293,#9298);
#9293 = PLANE('',#9294);
#9294 = AXIS2_PLACEMENT_3D('',#9295,#9296,#9297);
#9295 = CARTESIAN_POINT('',(12.379566195038,-27.5,65.798984344917));
#9296 = DIRECTION('',(0.819152044289,0.,-0.573576436351));
#9297 = DIRECTION('',(0.,1.,0.));
#9298 = DEFINITIONAL_REPRESENTATION('',(#9299),#9302);
#9299 = B_SPLINE_CURVE_WITH_KNOTS('',1,(#9300,#9301),.UNSPECIFIED.,.F.,
  .F.,(2,2),(-18.94001773588,15.061416077513),.PIECEWISE_BEZIER_KNOTS.);
#9300 = CARTESIAN_POINT('',(30.333908735832,23.80705629913));
#9301 = CARTESIAN_POINT('',(6.057962374533,3.552713678801E-15));
#9302 = ( GEOMETRIC_REPRESENTATION_CONTEXT(2) 
PARAMETRIC_REPRESENTATION_CONTEXT() REPRESENTATION_CONTEXT('2D SPACE',''
  ) );
#9303 = ORIENTED_EDGE('',*,*,#9233,.T.);
#9304 = ORIENTED_EDGE('',*,*,#5617,.F.);
#9305 = ADVANCED_FACE('',(#9306),#5785,.T.);
#9306 = FACE_BOUND('',#9307,.T.);
#9307 = EDGE_LOOP('',(#9308,#9309,#9332));
#9308 = ORIENTED_EDGE('',*,*,#5767,.F.);
#9309 = ORIENTED_EDGE('',*,*,#9310,.T.);
#9310 = EDGE_CURVE('',#5768,#9311,#9313,.T.);
#9311 = VERTEX_POINT('',#9312);
#9312 = CARTESIAN_POINT('',(12.379566195038,21.442037625467,
    65.798984344917));
#9313 = SURFACE_CURVE('',#9314,(#9318,#9325),.PCURVE_S1.);
#9314 = LINE('',#9315,#9316);
#9315 = CARTESIAN_POINT('',(17.625915506553,24.471018812734,
    65.798984344917));
#9316 = VECTOR('',#9317,1.);
#9317 = DIRECTION('',(-0.866025403784,-0.5,0.));
#9318 = PCURVE('',#5785,#9319);
#9319 = DEFINITIONAL_REPRESENTATION('',(#9320),#9324);
#9320 = LINE('',#9321,#9322);
#9321 = CARTESIAN_POINT('',(0.,0.));
#9322 = VECTOR('',#9323,1.);
#9323 = DIRECTION('',(1.,0.));
#9324 = ( GEOMETRIC_REPRESENTATION_CONTEXT(2) 
PARAMETRIC_REPRESENTATION_CONTEXT() REPRESENTATION_CONTEXT('2D SPACE',''
  ) );
#9325 = PCURVE('',#5813,#9326);
#9326 = DEFINITIONAL_REPRESENTATION('',(#9327),#9331);
#9327 = LINE('',#9328,#9329);
#9328 = CARTESIAN_POINT('',(34.,0.));
#9329 = VECTOR('',#9330,1.);
#9330 = DIRECTION('',(0.,1.));
#9331 = ( GEOMETRIC_REPRESENTATION_CONTEXT(2) 
PARAMETRIC_REPRESENTATION_CONTEXT() REPRESENTATION_CONTEXT('2D SPACE',''
  ) );
#9332 = ORIENTED_EDGE('',*,*,#9333,.T.);
#9333 = EDGE_CURVE('',#9311,#5770,#9334,.T.);
#9334 = SURFACE_CURVE('',#9335,(#9339,#9345),.PCURVE_S1.);
#9335 = LINE('',#9336,#9337);
#9336 = CARTESIAN_POINT('',(6.230374658146,10.791325458099,
    57.01702870843));
#9337 = VECTOR('',#9338,1.);
#9338 = DIRECTION('',(0.406907476691,0.704784423608,0.581124101765));
#9339 = PCURVE('',#5785,#9340);
#9340 = DEFINITIONAL_REPRESENTATION('',(#9341),#9344);
#9341 = B_SPLINE_CURVE_WITH_KNOTS('',1,(#9342,#9343),.UNSPECIFIED.,.F.,
  .F.,(2,2),(15.112014128856,23.707496905726),.PIECEWISE_BEZIER_KNOTS.);
#9342 = CARTESIAN_POINT('',(6.057962374533,7.105427357601E-15));
#9343 = CARTESIAN_POINT('',(7.105427357601E-15,6.097820597247));
#9344 = ( GEOMETRIC_REPRESENTATION_CONTEXT(2) 
PARAMETRIC_REPRESENTATION_CONTEXT() REPRESENTATION_CONTEXT('2D SPACE',''
  ) );
#9345 = PCURVE('',#6126,#9346);
#9346 = DEFINITIONAL_REPRESENTATION('',(#9347),#9350);
#9347 = B_SPLINE_CURVE_WITH_KNOTS('',1,(#9348,#9349),.UNSPECIFIED.,.F.,
  .F.,(2,2),(15.112014128856,23.707496905726),.PIECEWISE_BEZIER_KNOTS.);
#9348 = CARTESIAN_POINT('',(48.942037625467,-3.552713678801E-15));
#9349 = CARTESIAN_POINT('',(55.,6.097820597247));
#9350 = ( GEOMETRIC_REPRESENTATION_CONTEXT(2) 
PARAMETRIC_REPRESENTATION_CONTEXT() REPRESENTATION_CONTEXT('2D SPACE',''
  ) );
#9351 = ADVANCED_FACE('',(#9352,#9357),#5882,.T.);
#9352 = FACE_BOUND('',#9353,.T.);
#9353 = EDGE_LOOP('',(#9354,#9355,#9356));
#9354 = ORIENTED_EDGE('',*,*,#5921,.F.);
#9355 = ORIENTED_EDGE('',*,*,#5869,.T.);
#9356 = ORIENTED_EDGE('',*,*,#5947,.T.);
#9357 = FACE_BOUND('',#9358,.T.);
#9358 = EDGE_LOOP('',(#9359));
#9359 = ORIENTED_EDGE('',*,*,#8872,.F.);
#9360 = ADVANCED_FACE('',(#9361),#5813,.F.);
#9361 = FACE_BOUND('',#9362,.F.);
#9362 = EDGE_LOOP('',(#9363,#9364,#9383,#9384,#9385));
#9363 = ORIENTED_EDGE('',*,*,#9310,.T.);
#9364 = ORIENTED_EDGE('',*,*,#9365,.T.);
#9365 = EDGE_CURVE('',#9311,#9260,#9366,.T.);
#9366 = SURFACE_CURVE('',#9367,(#9371,#9377),.PCURVE_S1.);
#9367 = LINE('',#9368,#9369);
#9368 = CARTESIAN_POINT('',(26.212067568439,-3.149171942474,
    85.553843609598));
#9369 = VECTOR('',#9370,1.);
#9370 = DIRECTION('',(0.40160560837,-0.713968313646,0.573552249089));
#9371 = PCURVE('',#5813,#9372);
#9372 = DEFINITIONAL_REPRESENTATION('',(#9373),#9376);
#9373 = B_SPLINE_CURVE_WITH_KNOTS('',1,(#9374,#9375),.UNSPECIFIED.,.F.,
  .F.,(2,2),(-34.44299851678,-0.441564703386),.PIECEWISE_BEZIER_KNOTS.);
#9374 = CARTESIAN_POINT('',(34.,6.057962374533));
#9375 = CARTESIAN_POINT('',(5.551115123126E-17,6.370214462829));
#9376 = ( GEOMETRIC_REPRESENTATION_CONTEXT(2) 
PARAMETRIC_REPRESENTATION_CONTEXT() REPRESENTATION_CONTEXT('2D SPACE',''
  ) );
#9377 = PCURVE('',#9293,#9378);
#9378 = DEFINITIONAL_REPRESENTATION('',(#9379),#9382);
#9379 = B_SPLINE_CURVE_WITH_KNOTS('',1,(#9380,#9381),.UNSPECIFIED.,.F.,
  .F.,(2,2),(-34.44299851678,-0.441564703386),.PIECEWISE_BEZIER_KNOTS.);
#9380 = CARTESIAN_POINT('',(48.942037625467,1.7763568394E-14));
#9381 = CARTESIAN_POINT('',(24.666091264168,23.80705629913));
#9382 = ( GEOMETRIC_REPRESENTATION_CONTEXT(2) 
PARAMETRIC_REPRESENTATION_CONTEXT() REPRESENTATION_CONTEXT('2D SPACE',''
  ) );
#9383 = ORIENTED_EDGE('',*,*,#9259,.T.);
#9384 = ORIENTED_EDGE('',*,*,#9176,.F.);
#9385 = ORIENTED_EDGE('',*,*,#5797,.T.);
#9386 = ADVANCED_FACE('',(#9387,#9392),#6006,.T.);
#9387 = FACE_BOUND('',#9388,.T.);
#9388 = EDGE_LOOP('',(#9389,#9390,#9391));
#9389 = ORIENTED_EDGE('',*,*,#5990,.F.);
#9390 = ORIENTED_EDGE('',*,*,#6091,.T.);
#9391 = ORIENTED_EDGE('',*,*,#6046,.F.);
#9392 = FACE_BOUND('',#9393,.T.);
#9393 = EDGE_LOOP('',(#9394));
#9394 = ORIENTED_EDGE('',*,*,#8994,.F.);
#9395 = ADVANCED_FACE('',(#9396),#6154,.F.);
#9396 = FACE_BOUND('',#9397,.F.);
#9397 = EDGE_LOOP('',(#9398,#9399,#9420,#9444,#9465));
#9398 = ORIENTED_EDGE('',*,*,#8823,.F.);
#9399 = ORIENTED_EDGE('',*,*,#9400,.T.);
#9400 = EDGE_CURVE('',#8325,#9401,#9403,.T.);
#9401 = VERTEX_POINT('',#9402);
#9402 = CARTESIAN_POINT('',(-12.22033263359,21.166237006771,
    83.024018943919));
#9403 = SURFACE_CURVE('',#9404,(#9408,#9414),.PCURVE_S1.);
#9404 = LINE('',#9405,#9406);
#9405 = CARTESIAN_POINT('',(-5.134898161268,8.893904507007,
    78.062744314908));
#9406 = VECTOR('',#9407,1.);
#9407 = DIRECTION('',(0.471913907098,-0.817378863892,-0.330437675136));
#9408 = PCURVE('',#6154,#9409);
#9409 = DEFINITIONAL_REPRESENTATION('',(#9410),#9413);
#9410 = B_SPLINE_CURVE_WITH_KNOTS('',1,(#9411,#9412),.UNSPECIFIED.,.F.,
  .F.,(2,2),(-21.9037943024,-14.96965675365),.PIECEWISE_BEZIER_KNOTS.);
#9411 = CARTESIAN_POINT('',(2.30926389122E-14,54.297603008836));
#9412 = CARTESIAN_POINT('',(3.994760149593,48.629785537171));
#9413 = ( GEOMETRIC_REPRESENTATION_CONTEXT(2) 
PARAMETRIC_REPRESENTATION_CONTEXT() REPRESENTATION_CONTEXT('2D SPACE',''
  ) );
#9414 = PCURVE('',#6315,#9415);
#9415 = DEFINITIONAL_REPRESENTATION('',(#9416),#9419);
#9416 = B_SPLINE_CURVE_WITH_KNOTS('',1,(#9417,#9418),.UNSPECIFIED.,.F.,
  .F.,(2,2),(-21.9037943024,-14.96965675365),.PIECEWISE_BEZIER_KNOTS.);
#9417 = CARTESIAN_POINT('',(-3.552713678801E-15,0.702396991164));
#9418 = CARTESIAN_POINT('',(3.994760149593,6.370214462829));
#9419 = ( GEOMETRIC_REPRESENTATION_CONTEXT(2) 
PARAMETRIC_REPRESENTATION_CONTEXT() REPRESENTATION_CONTEXT('2D SPACE',''
  ) );
#9420 = ORIENTED_EDGE('',*,*,#9421,.F.);
#9421 = EDGE_CURVE('',#9311,#9401,#9422,.T.);
#9422 = SURFACE_CURVE('',#9423,(#9427,#9433),.PCURVE_S1.);
#9423 = LINE('',#9424,#9425);
#9424 = CARTESIAN_POINT('',(4.249669159433E-02,21.303721145971,
    74.437493410646));
#9425 = VECTOR('',#9426,1.);
#9426 = DIRECTION('',(-0.819117501299,-9.183497672765E-03,0.573552249089
    ));
#9427 = PCURVE('',#6154,#9428);
#9428 = DEFINITIONAL_REPRESENTATION('',(#9429),#9432);
#9429 = B_SPLINE_CURVE_WITH_KNOTS('',1,(#9430,#9431),.UNSPECIFIED.,.F.,
  .F.,(2,2),(-15.06141607751,18.940017735882),.PIECEWISE_BEZIER_KNOTS.);
#9430 = CARTESIAN_POINT('',(34.,48.942037625467));
#9431 = CARTESIAN_POINT('',(-3.552713678801E-15,48.629785537171));
#9432 = ( GEOMETRIC_REPRESENTATION_CONTEXT(2) 
PARAMETRIC_REPRESENTATION_CONTEXT() REPRESENTATION_CONTEXT('2D SPACE',''
  ) );
#9433 = PCURVE('',#9434,#9439);
#9434 = PLANE('',#9435);
#9435 = AXIS2_PLACEMENT_3D('',#9436,#9437,#9438);
#9436 = CARTESIAN_POINT('',(17.625915506553,24.471018812734,
    65.798984344917));
#9437 = DIRECTION('',(-0.409576022144,0.709406479916,-0.573576436351));
#9438 = DIRECTION('',(-0.866025403784,-0.5,0.));
#9439 = DEFINITIONAL_REPRESENTATION('',(#9440),#9443);
#9440 = B_SPLINE_CURVE_WITH_KNOTS('',1,(#9441,#9442),.UNSPECIFIED.,.F.,
  .F.,(2,2),(-15.06141607751,18.940017735882),.PIECEWISE_BEZIER_KNOTS.);
#9441 = CARTESIAN_POINT('',(6.057962374533,1.59872115546E-14));
#9442 = CARTESIAN_POINT('',(30.333908735832,23.80705629913));
#9443 = ( GEOMETRIC_REPRESENTATION_CONTEXT(2) 
PARAMETRIC_REPRESENTATION_CONTEXT() REPRESENTATION_CONTEXT('2D SPACE',''
  ) );
#9444 = ORIENTED_EDGE('',*,*,#9445,.T.);
#9445 = EDGE_CURVE('',#9311,#6111,#9446,.T.);
#9446 = SURFACE_CURVE('',#9447,(#9451,#9458),.PCURVE_S1.);
#9447 = LINE('',#9448,#9449);
#9448 = CARTESIAN_POINT('',(12.379566195038,-27.5,65.798984344917));
#9449 = VECTOR('',#9450,1.);
#9450 = DIRECTION('',(0.,1.,0.));
#9451 = PCURVE('',#6154,#9452);
#9452 = DEFINITIONAL_REPRESENTATION('',(#9453),#9457);
#9453 = LINE('',#9454,#9455);
#9454 = CARTESIAN_POINT('',(34.,0.));
#9455 = VECTOR('',#9456,1.);
#9456 = DIRECTION('',(0.,1.));
#9457 = ( GEOMETRIC_REPRESENTATION_CONTEXT(2) 
PARAMETRIC_REPRESENTATION_CONTEXT() REPRESENTATION_CONTEXT('2D SPACE',''
  ) );
#9458 = PCURVE('',#6126,#9459);
#9459 = DEFINITIONAL_REPRESENTATION('',(#9460),#9464);
#9460 = LINE('',#9461,#9462);
#9461 = CARTESIAN_POINT('',(0.,0.));
#9462 = VECTOR('',#9463,1.);
#9463 = DIRECTION('',(1.,0.));
#9464 = ( GEOMETRIC_REPRESENTATION_CONTEXT(2) 
PARAMETRIC_REPRESENTATION_CONTEXT() REPRESENTATION_CONTEXT('2D SPACE',''
  ) );
#9465 = ORIENTED_EDGE('',*,*,#6138,.F.);
#9466 = ADVANCED_FACE('',(#9467),#6126,.T.);
#9467 = FACE_BOUND('',#9468,.T.);
#9468 = EDGE_LOOP('',(#9469,#9470,#9471));
#9469 = ORIENTED_EDGE('',*,*,#9333,.F.);
#9470 = ORIENTED_EDGE('',*,*,#9445,.T.);
#9471 = ORIENTED_EDGE('',*,*,#6110,.T.);
#9472 = ADVANCED_FACE('',(#9473),#6287,.T.);
#9473 = FACE_BOUND('',#9474,.T.);
#9474 = EDGE_LOOP('',(#9475,#9476,#9499));
#9475 = ORIENTED_EDGE('',*,*,#6269,.F.);
#9476 = ORIENTED_EDGE('',*,*,#9477,.T.);
#9477 = EDGE_CURVE('',#6270,#9478,#9480,.T.);
#9478 = VERTEX_POINT('',#9479);
#9479 = CARTESIAN_POINT('',(-24.75913239007,1.021405182655E-14,
    65.798984344917));
#9480 = SURFACE_CURVE('',#9481,(#9485,#9492),.PCURVE_S1.);
#9481 = LINE('',#9482,#9483);
#9482 = CARTESIAN_POINT('',(-30.00548170159,3.028981187266,
    65.798984344917));
#9483 = VECTOR('',#9484,1.);
#9484 = DIRECTION('',(0.866025403784,-0.5,5.551115123126E-17));
#9485 = PCURVE('',#6287,#9486);
#9486 = DEFINITIONAL_REPRESENTATION('',(#9487),#9491);
#9487 = LINE('',#9488,#9489);
#9488 = CARTESIAN_POINT('',(0.,0.));
#9489 = VECTOR('',#9490,1.);
#9490 = DIRECTION('',(1.,0.));
#9491 = ( GEOMETRIC_REPRESENTATION_CONTEXT(2) 
PARAMETRIC_REPRESENTATION_CONTEXT() REPRESENTATION_CONTEXT('2D SPACE',''
  ) );
#9492 = PCURVE('',#6315,#9493);
#9493 = DEFINITIONAL_REPRESENTATION('',(#9494),#9498);
#9494 = LINE('',#9495,#9496);
#9495 = CARTESIAN_POINT('',(34.,0.));
#9496 = VECTOR('',#9497,1.);
#9497 = DIRECTION('',(0.,1.));
#9498 = ( GEOMETRIC_REPRESENTATION_CONTEXT(2) 
PARAMETRIC_REPRESENTATION_CONTEXT() REPRESENTATION_CONTEXT('2D SPACE',''
  ) );
#9499 = ORIENTED_EDGE('',*,*,#9500,.T.);
#9500 = EDGE_CURVE('',#9478,#6272,#9501,.T.);
#9501 = SURFACE_CURVE('',#9502,(#9506,#9512),.PCURVE_S1.);
#9502 = LINE('',#9503,#9504);
#9503 = CARTESIAN_POINT('',(-12.46074931629,-2.22044604925E-16,
    57.01702870843));
#9504 = VECTOR('',#9505,1.);
#9505 = DIRECTION('',(-0.813814953382,3.330739763958E-16,0.581124101765)
  );
#9506 = PCURVE('',#6287,#9507);
#9507 = DEFINITIONAL_REPRESENTATION('',(#9508),#9511);
#9508 = B_SPLINE_CURVE_WITH_KNOTS('',1,(#9509,#9510),.UNSPECIFIED.,.F.,
  .F.,(2,2),(15.112014128856,23.707496905726),.PIECEWISE_BEZIER_KNOTS.);
#9509 = CARTESIAN_POINT('',(6.057962374533,2.13162820728E-14));
#9510 = CARTESIAN_POINT('',(0.,6.097820597247));
#9511 = ( GEOMETRIC_REPRESENTATION_CONTEXT(2) 
PARAMETRIC_REPRESENTATION_CONTEXT() REPRESENTATION_CONTEXT('2D SPACE',''
  ) );
#9512 = PCURVE('',#6628,#9513);
#9513 = DEFINITIONAL_REPRESENTATION('',(#9514),#9517);
#9514 = B_SPLINE_CURVE_WITH_KNOTS('',1,(#9515,#9516),.UNSPECIFIED.,.F.,
  .F.,(2,2),(15.112014128856,23.707496905726),.PIECEWISE_BEZIER_KNOTS.);
#9515 = CARTESIAN_POINT('',(48.942037625467,1.7763568394E-15));
#9516 = CARTESIAN_POINT('',(55.,6.097820597247));
#9517 = ( GEOMETRIC_REPRESENTATION_CONTEXT(2) 
PARAMETRIC_REPRESENTATION_CONTEXT() REPRESENTATION_CONTEXT('2D SPACE',''
  ) );
#9518 = ADVANCED_FACE('',(#9519,#9524),#6384,.T.);
#9519 = FACE_BOUND('',#9520,.T.);
#9520 = EDGE_LOOP('',(#9521,#9522,#9523));
#9521 = ORIENTED_EDGE('',*,*,#6371,.T.);
#9522 = ORIENTED_EDGE('',*,*,#6449,.T.);
#9523 = ORIENTED_EDGE('',*,*,#6423,.F.);
#9524 = FACE_BOUND('',#9525,.T.);
#9525 = EDGE_LOOP('',(#9526));
#9526 = ORIENTED_EDGE('',*,*,#8292,.F.);
#9527 = ADVANCED_FACE('',(#9528),#6315,.F.);
#9528 = FACE_BOUND('',#9529,.F.);
#9529 = EDGE_LOOP('',(#9530,#9531,#9532,#9533,#9552));
#9530 = ORIENTED_EDGE('',*,*,#8324,.F.);
#9531 = ORIENTED_EDGE('',*,*,#6299,.T.);
#9532 = ORIENTED_EDGE('',*,*,#9477,.T.);
#9533 = ORIENTED_EDGE('',*,*,#9534,.T.);
#9534 = EDGE_CURVE('',#9478,#9401,#9535,.T.);
#9535 = SURFACE_CURVE('',#9536,(#9540,#9546),.PCURVE_S1.);
#9536 = LINE('',#9537,#9538);
#9537 = CARTESIAN_POINT('',(-10.37877088115,24.27490237122,
    85.553843609598));
#9538 = VECTOR('',#9539,1.);
#9539 = DIRECTION('',(0.41751189293,0.704784815973,0.573552249089));
#9540 = PCURVE('',#6315,#9541);
#9541 = DEFINITIONAL_REPRESENTATION('',(#9542),#9545);
#9542 = B_SPLINE_CURVE_WITH_KNOTS('',1,(#9543,#9544),.UNSPECIFIED.,.F.,
  .F.,(2,2),(-34.44299851678,-0.441564703386),.PIECEWISE_BEZIER_KNOTS.);
#9543 = CARTESIAN_POINT('',(34.,6.057962374533));
#9544 = CARTESIAN_POINT('',(5.551115123126E-17,6.370214462829));
#9545 = ( GEOMETRIC_REPRESENTATION_CONTEXT(2) 
PARAMETRIC_REPRESENTATION_CONTEXT() REPRESENTATION_CONTEXT('2D SPACE',''
  ) );
#9546 = PCURVE('',#9434,#9547);
#9547 = DEFINITIONAL_REPRESENTATION('',(#9548),#9551);
#9548 = B_SPLINE_CURVE_WITH_KNOTS('',1,(#9549,#9550),.UNSPECIFIED.,.F.,
  .F.,(2,2),(-34.44299851678,-0.441564703386),.PIECEWISE_BEZIER_KNOTS.);
#9549 = CARTESIAN_POINT('',(48.942037625467,0.));
#9550 = CARTESIAN_POINT('',(24.666091264168,23.80705629913));
#9551 = ( GEOMETRIC_REPRESENTATION_CONTEXT(2) 
PARAMETRIC_REPRESENTATION_CONTEXT() REPRESENTATION_CONTEXT('2D SPACE',''
  ) );
#9552 = ORIENTED_EDGE('',*,*,#9400,.F.);
#9553 = ADVANCED_FACE('',(#9554,#9559),#6508,.T.);
#9554 = FACE_BOUND('',#9555,.T.);
#9555 = EDGE_LOOP('',(#9556,#9557,#9558));
#9556 = ORIENTED_EDGE('',*,*,#6492,.F.);
#9557 = ORIENTED_EDGE('',*,*,#6593,.T.);
#9558 = ORIENTED_EDGE('',*,*,#6548,.F.);
#9559 = FACE_BOUND('',#9560,.T.);
#9560 = EDGE_LOOP('',(#9561));
#9561 = ORIENTED_EDGE('',*,*,#7589,.F.);
#9562 = ADVANCED_FACE('',(#9563),#6656,.F.);
#9563 = FACE_BOUND('',#9564,.F.);
#9564 = EDGE_LOOP('',(#9565,#9566,#9587,#9611,#9632));
#9565 = ORIENTED_EDGE('',*,*,#7562,.F.);
#9566 = ORIENTED_EDGE('',*,*,#9567,.F.);
#9567 = EDGE_CURVE('',#9568,#7288,#9570,.T.);
#9568 = VERTEX_POINT('',#9569);
#9569 = CARTESIAN_POINT('',(-12.22033263359,-21.16623700677,
    83.024018943919));
#9570 = SURFACE_CURVE('',#9571,(#9575,#9581),.PCURVE_S1.);
#9571 = LINE('',#9572,#9573);
#9572 = CARTESIAN_POINT('',(-5.134898161268,-8.893904507007,
    78.062744314908));
#9573 = VECTOR('',#9574,1.);
#9574 = DIRECTION('',(-0.471913907098,-0.817378863892,0.330437675136));
#9575 = PCURVE('',#6656,#9576);
#9576 = DEFINITIONAL_REPRESENTATION('',(#9577),#9580);
#9577 = B_SPLINE_CURVE_WITH_KNOTS('',1,(#9578,#9579),.UNSPECIFIED.,.F.,
  .F.,(2,2),(-37.11368555337,21.903794302401),.PIECEWISE_BEZIER_KNOTS.);
#9578 = CARTESIAN_POINT('',(34.,6.057962374533));
#9579 = CARTESIAN_POINT('',(2.30926389122E-14,54.297603008836));
#9580 = ( GEOMETRIC_REPRESENTATION_CONTEXT(2) 
PARAMETRIC_REPRESENTATION_CONTEXT() REPRESENTATION_CONTEXT('2D SPACE',''
  ) );
#9581 = PCURVE('',#6841,#9582);
#9582 = DEFINITIONAL_REPRESENTATION('',(#9583),#9586);
#9583 = B_SPLINE_CURVE_WITH_KNOTS('',1,(#9584,#9585),.UNSPECIFIED.,.F.,
  .F.,(2,2),(-37.11368555337,21.903794302401),.PIECEWISE_BEZIER_KNOTS.);
#9584 = CARTESIAN_POINT('',(34.,48.942037625467));
#9585 = CARTESIAN_POINT('',(-1.7763568394E-15,0.702396991164));
#9586 = ( GEOMETRIC_REPRESENTATION_CONTEXT(2) 
PARAMETRIC_REPRESENTATION_CONTEXT() REPRESENTATION_CONTEXT('2D SPACE',''
  ) );
#9587 = ORIENTED_EDGE('',*,*,#9588,.F.);
#9588 = EDGE_CURVE('',#9478,#9568,#9589,.T.);
#9589 = SURFACE_CURVE('',#9590,(#9594,#9600),.PCURVE_S1.);
#9590 = LINE('',#9591,#9592);
#9591 = CARTESIAN_POINT('',(-18.47081205334,-10.61505735848,
    74.437493410646));
#9592 = VECTOR('',#9593,1.);
#9593 = DIRECTION('',(0.41751189293,-0.704784815973,0.573552249089));
#9594 = PCURVE('',#6656,#9595);
#9595 = DEFINITIONAL_REPRESENTATION('',(#9596),#9599);
#9596 = B_SPLINE_CURVE_WITH_KNOTS('',1,(#9597,#9598),.UNSPECIFIED.,.F.,
  .F.,(2,2),(-15.06141607751,18.940017735882),.PIECEWISE_BEZIER_KNOTS.);
#9597 = CARTESIAN_POINT('',(34.,48.942037625467));
#9598 = CARTESIAN_POINT('',(-3.552713678801E-15,48.629785537171));
#9599 = ( GEOMETRIC_REPRESENTATION_CONTEXT(2) 
PARAMETRIC_REPRESENTATION_CONTEXT() REPRESENTATION_CONTEXT('2D SPACE',''
  ) );
#9600 = PCURVE('',#9601,#9606);
#9601 = PLANE('',#9602);
#9602 = AXIS2_PLACEMENT_3D('',#9603,#9604,#9605);
#9603 = CARTESIAN_POINT('',(-30.00548170159,3.028981187266,
    65.798984344917));
#9604 = DIRECTION('',(-0.409576022144,-0.709406479916,-0.573576436351));
#9605 = DIRECTION('',(0.866025403784,-0.5,5.551115123126E-17));
#9606 = DEFINITIONAL_REPRESENTATION('',(#9607),#9610);
#9607 = B_SPLINE_CURVE_WITH_KNOTS('',1,(#9608,#9609),.UNSPECIFIED.,.F.,
  .F.,(2,2),(-15.06141607751,18.940017735882),.PIECEWISE_BEZIER_KNOTS.);
#9608 = CARTESIAN_POINT('',(6.057962374533,3.01980662698E-14));
#9609 = CARTESIAN_POINT('',(30.333908735832,23.80705629913));
#9610 = ( GEOMETRIC_REPRESENTATION_CONTEXT(2) 
PARAMETRIC_REPRESENTATION_CONTEXT() REPRESENTATION_CONTEXT('2D SPACE',''
  ) );
#9611 = ORIENTED_EDGE('',*,*,#9612,.T.);
#9612 = EDGE_CURVE('',#9478,#6613,#9613,.T.);
#9613 = SURFACE_CURVE('',#9614,(#9618,#9625),.PCURVE_S1.);
#9614 = LINE('',#9615,#9616);
#9615 = CARTESIAN_POINT('',(17.625915506553,24.471018812734,
    65.798984344917));
#9616 = VECTOR('',#9617,1.);
#9617 = DIRECTION('',(-0.866025403784,-0.5,0.));
#9618 = PCURVE('',#6656,#9619);
#9619 = DEFINITIONAL_REPRESENTATION('',(#9620),#9624);
#9620 = LINE('',#9621,#9622);
#9621 = CARTESIAN_POINT('',(34.,0.));
#9622 = VECTOR('',#9623,1.);
#9623 = DIRECTION('',(0.,1.));
#9624 = ( GEOMETRIC_REPRESENTATION_CONTEXT(2) 
PARAMETRIC_REPRESENTATION_CONTEXT() REPRESENTATION_CONTEXT('2D SPACE',''
  ) );
#9625 = PCURVE('',#6628,#9626);
#9626 = DEFINITIONAL_REPRESENTATION('',(#9627),#9631);
#9627 = LINE('',#9628,#9629);
#9628 = CARTESIAN_POINT('',(0.,0.));
#9629 = VECTOR('',#9630,1.);
#9630 = DIRECTION('',(1.,0.));
#9631 = ( GEOMETRIC_REPRESENTATION_CONTEXT(2) 
PARAMETRIC_REPRESENTATION_CONTEXT() REPRESENTATION_CONTEXT('2D SPACE',''
  ) );
#9632 = ORIENTED_EDGE('',*,*,#6640,.F.);
#9633 = ADVANCED_FACE('',(#9634),#6628,.T.);
#9634 = FACE_BOUND('',#9635,.T.);
#9635 = EDGE_LOOP('',(#9636,#9637,#9638));
#9636 = ORIENTED_EDGE('',*,*,#9500,.F.);
#9637 = ORIENTED_EDGE('',*,*,#9612,.T.);
#9638 = ORIENTED_EDGE('',*,*,#6612,.T.);
#9639 = ADVANCED_FACE('',(#9640,#9645),#6786,.T.);
#9640 = FACE_BOUND('',#9641,.T.);
#9641 = EDGE_LOOP('',(#9642,#9643,#9644));
#9642 = ORIENTED_EDGE('',*,*,#6923,.F.);
#9643 = ORIENTED_EDGE('',*,*,#6771,.F.);
#9644 = ORIENTED_EDGE('',*,*,#6947,.T.);
#9645 = FACE_BOUND('',#9646,.T.);
#9646 = EDGE_LOOP('',(#9647));
#9647 = ORIENTED_EDGE('',*,*,#7737,.F.);
#9648 = ADVANCED_FACE('',(#9649),#6841,.F.);
#9649 = FACE_BOUND('',#9650,.F.);
#9650 = EDGE_LOOP('',(#9651,#9652,#9653,#9674,#9693));
#9651 = ORIENTED_EDGE('',*,*,#7287,.F.);
#9652 = ORIENTED_EDGE('',*,*,#6825,.T.);
#9653 = ORIENTED_EDGE('',*,*,#9654,.T.);
#9654 = EDGE_CURVE('',#6798,#9213,#9655,.T.);
#9655 = SURFACE_CURVE('',#9656,(#9660,#9667),.PCURVE_S1.);
#9656 = LINE('',#9657,#9658);
#9657 = CARTESIAN_POINT('',(12.379566195038,-27.5,65.798984344917));
#9658 = VECTOR('',#9659,1.);
#9659 = DIRECTION('',(0.,1.,0.));
#9660 = PCURVE('',#6841,#9661);
#9661 = DEFINITIONAL_REPRESENTATION('',(#9662),#9666);
#9662 = LINE('',#9663,#9664);
#9663 = CARTESIAN_POINT('',(34.,0.));
#9664 = VECTOR('',#9665,1.);
#9665 = DIRECTION('',(0.,1.));
#9666 = ( GEOMETRIC_REPRESENTATION_CONTEXT(2) 
PARAMETRIC_REPRESENTATION_CONTEXT() REPRESENTATION_CONTEXT('2D SPACE',''
  ) );
#9667 = PCURVE('',#6813,#9668);
#9668 = DEFINITIONAL_REPRESENTATION('',(#9669),#9673);
#9669 = LINE('',#9670,#9671);
#9670 = CARTESIAN_POINT('',(0.,0.));
#9671 = VECTOR('',#9672,1.);
#9672 = DIRECTION('',(1.,0.));
#9673 = ( GEOMETRIC_REPRESENTATION_CONTEXT(2) 
PARAMETRIC_REPRESENTATION_CONTEXT() REPRESENTATION_CONTEXT('2D SPACE',''
  ) );
#9674 = ORIENTED_EDGE('',*,*,#9675,.F.);
#9675 = EDGE_CURVE('',#9568,#9213,#9676,.T.);
#9676 = SURFACE_CURVE('',#9677,(#9681,#9687),.PCURVE_S1.);
#9677 = LINE('',#9678,#9679);
#9678 = CARTESIAN_POINT('',(-15.83329668728,-21.12573042874,
    85.553843609598));
#9679 = VECTOR('',#9680,1.);
#9680 = DIRECTION('',(0.819117501299,-9.183497672766E-03,-0.573552249089
    ));
#9681 = PCURVE('',#6841,#9682);
#9682 = DEFINITIONAL_REPRESENTATION('',(#9683),#9686);
#9683 = B_SPLINE_CURVE_WITH_KNOTS('',1,(#9684,#9685),.UNSPECIFIED.,.F.,
  .F.,(2,2),(0.441564703386,34.44299851678),.PIECEWISE_BEZIER_KNOTS.);
#9684 = CARTESIAN_POINT('',(-1.7763568394E-15,6.370214462829));
#9685 = CARTESIAN_POINT('',(34.,6.057962374533));
#9686 = ( GEOMETRIC_REPRESENTATION_CONTEXT(2) 
PARAMETRIC_REPRESENTATION_CONTEXT() REPRESENTATION_CONTEXT('2D SPACE',''
  ) );
#9687 = PCURVE('',#9601,#9688);
#9688 = DEFINITIONAL_REPRESENTATION('',(#9689),#9692);
#9689 = B_SPLINE_CURVE_WITH_KNOTS('',1,(#9690,#9691),.UNSPECIFIED.,.F.,
  .F.,(2,2),(0.441564703386,34.44299851678),.PIECEWISE_BEZIER_KNOTS.);
#9690 = CARTESIAN_POINT('',(24.666091264168,23.80705629913));
#9691 = CARTESIAN_POINT('',(48.942037625467,1.7763568394E-14));
#9692 = ( GEOMETRIC_REPRESENTATION_CONTEXT(2) 
PARAMETRIC_REPRESENTATION_CONTEXT() REPRESENTATION_CONTEXT('2D SPACE',''
  ) );
#9693 = ORIENTED_EDGE('',*,*,#9567,.T.);
#9694 = ADVANCED_FACE('',(#9695),#6813,.T.);
#9695 = FACE_BOUND('',#9696,.T.);
#9696 = EDGE_LOOP('',(#9697,#9698,#9699));
#9697 = ORIENTED_EDGE('',*,*,#9212,.F.);
#9698 = ORIENTED_EDGE('',*,*,#6797,.F.);
#9699 = ORIENTED_EDGE('',*,*,#9654,.T.);
#9700 = ADVANCED_FACE('',(#9701),#7170,.F.);
#9701 = FACE_BOUND('',#9702,.F.);
#9702 = EDGE_LOOP('',(#9703,#9728,#9755,#9756,#9786,#9787,#9821));
#9703 = ORIENTED_EDGE('',*,*,#9704,.T.);
#9704 = EDGE_CURVE('',#9705,#9707,#9709,.T.);
#9705 = VERTEX_POINT('',#9706);
#9706 = CARTESIAN_POINT('',(14.087346568227,-24.4,70.707056597811));
#9707 = VERTEX_POINT('',#9708);
#9708 = CARTESIAN_POINT('',(13.097719641799,-26.11408411711,
    69.321168130011));
#9709 = SEAM_CURVE('',#9710,(#9714,#9721),.PCURVE_S1.);
#9710 = LINE('',#9711,#9712);
#9711 = CARTESIAN_POINT('',(37.672280970469,16.450304677863,
    103.73575431107));
#9712 = VECTOR('',#9713,1.);
#9713 = DIRECTION('',(-0.409576022144,-0.709406479916,-0.573576436351));
#9714 = PCURVE('',#7170,#9715);
#9715 = DEFINITIONAL_REPRESENTATION('',(#9716),#9720);
#9716 = LINE('',#9717,#9718);
#9717 = CARTESIAN_POINT('',(6.28318530718,-0.));
#9718 = VECTOR('',#9719,1.);
#9719 = DIRECTION('',(0.,1.));
#9720 = ( GEOMETRIC_REPRESENTATION_CONTEXT(2) 
PARAMETRIC_REPRESENTATION_CONTEXT() REPRESENTATION_CONTEXT('2D SPACE',''
  ) );
#9721 = PCURVE('',#7170,#9722);
#9722 = DEFINITIONAL_REPRESENTATION('',(#9723),#9727);
#9723 = LINE('',#9724,#9725);
#9724 = CARTESIAN_POINT('',(0.,-0.));
#9725 = VECTOR('',#9726,1.);
#9726 = DIRECTION('',(0.,1.));
#9727 = ( GEOMETRIC_REPRESENTATION_CONTEXT(2) 
PARAMETRIC_REPRESENTATION_CONTEXT() REPRESENTATION_CONTEXT('2D SPACE',''
  ) );
#9728 = ORIENTED_EDGE('',*,*,#9729,.F.);
#9729 = EDGE_CURVE('',#9707,#9707,#9730,.T.);
#9730 = SURFACE_CURVE('',#9731,(#9736,#9743),.PCURVE_S1.);
#9731 = CIRCLE('',#9732,1.4);
#9732 = AXIS2_PLACEMENT_3D('',#9733,#9734,#9735);
#9733 = CARTESIAN_POINT('',(11.885284076501,-25.41408411711,
    69.321168130011));
#9734 = DIRECTION('',(-0.409576022144,-0.709406479916,-0.573576436351));
#9735 = DIRECTION('',(0.866025403784,-0.5,5.551115123126E-17));
#9736 = PCURVE('',#7170,#9737);
#9737 = DEFINITIONAL_REPRESENTATION('',(#9738),#9742);
#9738 = LINE('',#9739,#9740);
#9739 = CARTESIAN_POINT('',(0.,60.));
#9740 = VECTOR('',#9741,1.);
#9741 = DIRECTION('',(1.,0.));
#9742 = ( GEOMETRIC_REPRESENTATION_CONTEXT(2) 
PARAMETRIC_REPRESENTATION_CONTEXT() REPRESENTATION_CONTEXT('2D SPACE',''
  ) );
#9743 = PCURVE('',#9744,#9749);
#9744 = PLANE('',#9745);
#9745 = AXIS2_PLACEMENT_3D('',#9746,#9747,#9748);
#9746 = CARTESIAN_POINT('',(11.885284076501,-25.41408411711,
    69.321168130011));
#9747 = DIRECTION('',(-0.409576022144,-0.709406479916,-0.573576436351));
#9748 = DIRECTION('',(0.866025403784,-0.5,5.551115123126E-17));
#9749 = DEFINITIONAL_REPRESENTATION('',(#9750),#9754);
#9750 = CIRCLE('',#9751,1.4);
#9751 = AXIS2_PLACEMENT_2D('',#9752,#9753);
#9752 = CARTESIAN_POINT('',(0.,0.));
#9753 = DIRECTION('',(1.,0.));
#9754 = ( GEOMETRIC_REPRESENTATION_CONTEXT(2) 
PARAMETRIC_REPRESENTATION_CONTEXT() REPRESENTATION_CONTEXT('2D SPACE',''
  ) );
#9755 = ORIENTED_EDGE('',*,*,#9704,.F.);
#9756 = ORIENTED_EDGE('',*,*,#9757,.F.);
#9757 = EDGE_CURVE('',#7143,#9705,#9758,.T.);
#9758 = SURFACE_CURVE('',#9759,(#9764,#9775),.PCURVE_S1.);
#9759 = ELLIPSE('',#9760,1.973480704836,1.4);
#9760 = AXIS2_PLACEMENT_3D('',#9761,#9762,#9763);
#9761 = CARTESIAN_POINT('',(13.279056191361,-23.,71.273027612755));
#9762 = DIRECTION('',(0.866025403784,0.5,-5.551115123126E-17));
#9763 = DIRECTION('',(0.290562050882,-0.50326823488,-0.813814953382));
#9764 = PCURVE('',#7170,#9765);
#9765 = DEFINITIONAL_REPRESENTATION('',(#9766),#9774);
#9766 = B_SPLINE_CURVE_WITH_KNOTS('',6,(#9767,#9768,#9769,#9770,#9771,
    #9772,#9773),.UNSPECIFIED.,.F.,.F.,(7,7),(4.712388980385,
    5.501066083523),.PIECEWISE_BEZIER_KNOTS.);
#9767 = CARTESIAN_POINT('',(0.788677103139,56.597036839309));
#9768 = CARTESIAN_POINT('',(0.657230919282,56.779866436574));
#9769 = CARTESIAN_POINT('',(0.525784735426,56.962695751354));
#9770 = CARTESIAN_POINT('',(0.394338551569,57.139840753604));
#9771 = CARTESIAN_POINT('',(0.262892367713,57.305607763953));
#9772 = CARTESIAN_POINT('',(0.131446183856,57.454921739399));
#9773 = CARTESIAN_POINT('',(-1.518785097687E-13,57.583777191727));
#9774 = ( GEOMETRIC_REPRESENTATION_CONTEXT(2) 
PARAMETRIC_REPRESENTATION_CONTEXT() REPRESENTATION_CONTEXT('2D SPACE',''
  ) );
#9775 = PCURVE('',#7960,#9776);
#9776 = DEFINITIONAL_REPRESENTATION('',(#9777),#9785);
#9777 = B_SPLINE_CURVE_WITH_KNOTS('',6,(#9778,#9779,#9780,#9781,#9782,
    #9783,#9784),.UNSPECIFIED.,.F.,.F.,(7,7),(4.712388980385,
    5.501066083523),.PIECEWISE_BEZIER_KNOTS.);
#9778 = CARTESIAN_POINT('',(2.352915550451,56.597036839309));
#9779 = CARTESIAN_POINT('',(2.484361734308,56.779866436574));
#9780 = CARTESIAN_POINT('',(2.615807918164,56.962695751355));
#9781 = CARTESIAN_POINT('',(2.74725410202,57.139840753603));
#9782 = CARTESIAN_POINT('',(2.878700285877,57.305607763954));
#9783 = CARTESIAN_POINT('',(3.010146469734,57.454921739399));
#9784 = CARTESIAN_POINT('',(3.14159265359,57.583777191727));
#9785 = ( GEOMETRIC_REPRESENTATION_CONTEXT(2) 
PARAMETRIC_REPRESENTATION_CONTEXT() REPRESENTATION_CONTEXT('2D SPACE',''
  ) );
#9786 = ORIENTED_EDGE('',*,*,#7142,.T.);
#9787 = ORIENTED_EDGE('',*,*,#9788,.F.);
#9788 = EDGE_CURVE('',#9789,#7111,#9791,.T.);
#9789 = VERTEX_POINT('',#9790);
#9790 = CARTESIAN_POINT('',(13.852474792335,-23.99319015089,
    69.666979504948));
#9791 = SURFACE_CURVE('',#9792,(#9797,#9809),.PCURVE_S1.);
#9792 = ELLIPSE('',#9793,1.973480704836,1.4);
#9793 = AXIS2_PLACEMENT_3D('',#9794,#9795,#9796);
#9794 = CARTESIAN_POINT('',(13.279056191361,-23.,71.273027612755));
#9795 = DIRECTION('',(0.866025403784,0.5,-5.551115123126E-17));
#9796 = DIRECTION('',(0.290562050882,-0.50326823488,-0.813814953382));
#9797 = PCURVE('',#7170,#9798);
#9798 = DEFINITIONAL_REPRESENTATION('',(#9799),#9808);
#9799 = B_SPLINE_CURVE_WITH_KNOTS('',7,(#9800,#9801,#9802,#9803,#9804,
    #9805,#9806,#9807),.UNSPECIFIED.,.F.,.F.,(8,8),(0.,1.570796326795),
  .PIECEWISE_BEZIER_KNOTS.);
#9800 = CARTESIAN_POINT('',(5.501066083523,57.987945208813));
#9801 = CARTESIAN_POINT('',(5.276666608267,57.987945208813));
#9802 = CARTESIAN_POINT('',(5.052267133012,57.906231188383));
#9803 = CARTESIAN_POINT('',(4.827867657751,57.742815001482));
#9804 = CARTESIAN_POINT('',(4.603468182501,57.507729679186));
#9805 = CARTESIAN_POINT('',(4.37906870724,57.221273788418));
#9806 = CARTESIAN_POINT('',(4.154669231985,56.909155947555));
#9807 = CARTESIAN_POINT('',(3.930269756728,56.597036839309));
#9808 = ( GEOMETRIC_REPRESENTATION_CONTEXT(2) 
PARAMETRIC_REPRESENTATION_CONTEXT() REPRESENTATION_CONTEXT('2D SPACE',''
  ) );
#9809 = PCURVE('',#7960,#9810);
#9810 = DEFINITIONAL_REPRESENTATION('',(#9811),#9820);
#9811 = B_SPLINE_CURVE_WITH_KNOTS('',7,(#9812,#9813,#9814,#9815,#9816,
    #9817,#9818,#9819),.UNSPECIFIED.,.F.,.F.,(8,8),(0.,1.570796326795),
  .PIECEWISE_BEZIER_KNOTS.);
#9812 = CARTESIAN_POINT('',(3.923711877246,57.987945208813));
#9813 = CARTESIAN_POINT('',(4.148111352503,57.987945208813));
#9814 = CARTESIAN_POINT('',(4.372510827759,57.90623118839));
#9815 = CARTESIAN_POINT('',(4.596910303015,57.742815001468));
#9816 = CARTESIAN_POINT('',(4.821309778271,57.507729679201));
#9817 = CARTESIAN_POINT('',(5.045709253528,57.221273788415));
#9818 = CARTESIAN_POINT('',(5.270108728785,56.909155947555));
#9819 = CARTESIAN_POINT('',(5.494508204041,56.597036839309));
#9820 = ( GEOMETRIC_REPRESENTATION_CONTEXT(2) 
PARAMETRIC_REPRESENTATION_CONTEXT() REPRESENTATION_CONTEXT('2D SPACE',''
  ) );
#9821 = ORIENTED_EDGE('',*,*,#9822,.F.);
#9822 = EDGE_CURVE('',#9705,#9789,#9823,.T.);
#9823 = SURFACE_CURVE('',#9824,(#9829,#9840),.PCURVE_S1.);
#9824 = ELLIPSE('',#9825,1.973480704836,1.4);
#9825 = AXIS2_PLACEMENT_3D('',#9826,#9827,#9828);
#9826 = CARTESIAN_POINT('',(13.279056191361,-23.,71.273027612755));
#9827 = DIRECTION('',(0.866025403784,0.5,-5.551115123126E-17));
#9828 = DIRECTION('',(0.290562050882,-0.50326823488,-0.813814953382));
#9829 = PCURVE('',#7170,#9830);
#9830 = DEFINITIONAL_REPRESENTATION('',(#9831),#9839);
#9831 = B_SPLINE_CURVE_WITH_KNOTS('',6,(#9832,#9833,#9834,#9835,#9836,
    #9837,#9838),.UNSPECIFIED.,.F.,.F.,(7,7),(5.501066083523,
    6.28318530718),.PIECEWISE_BEZIER_KNOTS.);
#9832 = CARTESIAN_POINT('',(6.283185307179,57.583777191727));
#9833 = CARTESIAN_POINT('',(6.152832103237,57.711561206169));
#9834 = CARTESIAN_POINT('',(6.022478899294,57.81922512237));
#9835 = CARTESIAN_POINT('',(5.892125695351,57.902861487321));
#9836 = CARTESIAN_POINT('',(5.761772491409,57.95958420031));
#9837 = CARTESIAN_POINT('',(5.631419287466,57.987945208813));
#9838 = CARTESIAN_POINT('',(5.501066083523,57.987945208813));
#9839 = ( GEOMETRIC_REPRESENTATION_CONTEXT(2) 
PARAMETRIC_REPRESENTATION_CONTEXT() REPRESENTATION_CONTEXT('2D SPACE',''
  ) );
#9840 = PCURVE('',#7960,#9841);
#9841 = DEFINITIONAL_REPRESENTATION('',(#9842),#9850);
#9842 = B_SPLINE_CURVE_WITH_KNOTS('',6,(#9843,#9844,#9845,#9846,#9847,
    #9848,#9849),.UNSPECIFIED.,.F.,.F.,(7,7),(5.501066083523,
    6.28318530718),.PIECEWISE_BEZIER_KNOTS.);
#9843 = CARTESIAN_POINT('',(3.14159265359,57.583777191727));
#9844 = CARTESIAN_POINT('',(3.271945857533,57.711561206169));
#9845 = CARTESIAN_POINT('',(3.402299061475,57.81922512237));
#9846 = CARTESIAN_POINT('',(3.532652265418,57.90286148732));
#9847 = CARTESIAN_POINT('',(3.663005469361,57.95958420031));
#9848 = CARTESIAN_POINT('',(3.793358673303,57.987945208813));
#9849 = CARTESIAN_POINT('',(3.923711877246,57.987945208813));
#9850 = ( GEOMETRIC_REPRESENTATION_CONTEXT(2) 
PARAMETRIC_REPRESENTATION_CONTEXT() REPRESENTATION_CONTEXT('2D SPACE',''
  ) );
#9851 = ADVANCED_FACE('',(#9852),#7381,.F.);
#9852 = FACE_BOUND('',#9853,.F.);
#9853 = EDGE_LOOP('',(#9854,#9877,#9904,#9905,#9906,#9907,#9939,#9971,
    #10003));
#9854 = ORIENTED_EDGE('',*,*,#9855,.T.);
#9855 = EDGE_CURVE('',#7359,#9856,#9858,.T.);
#9856 = VERTEX_POINT('',#9857);
#9857 = CARTESIAN_POINT('',(-26.73944893228,-3.114084117111,
    69.321168130011));
#9858 = SEAM_CURVE('',#9859,(#9863,#9870),.PCURVE_S1.);
#9859 = LINE('',#9860,#9861);
#9860 = CARTESIAN_POINT('',(-2.164887603615,39.450304677863,
    103.73575431107));
#9861 = VECTOR('',#9862,1.);
#9862 = DIRECTION('',(-0.409576022144,-0.709406479916,-0.573576436351));
#9863 = PCURVE('',#7381,#9864);
#9864 = DEFINITIONAL_REPRESENTATION('',(#9865),#9869);
#9865 = LINE('',#9866,#9867);
#9866 = CARTESIAN_POINT('',(6.28318530718,-0.));
#9867 = VECTOR('',#9868,1.);
#9868 = DIRECTION('',(0.,1.));
#9869 = ( GEOMETRIC_REPRESENTATION_CONTEXT(2) 
PARAMETRIC_REPRESENTATION_CONTEXT() REPRESENTATION_CONTEXT('2D SPACE',''
  ) );
#9870 = PCURVE('',#7381,#9871);
#9871 = DEFINITIONAL_REPRESENTATION('',(#9872),#9876);
#9872 = LINE('',#9873,#9874);
#9873 = CARTESIAN_POINT('',(0.,-0.));
#9874 = VECTOR('',#9875,1.);
#9875 = DIRECTION('',(0.,1.));
#9876 = ( GEOMETRIC_REPRESENTATION_CONTEXT(2) 
PARAMETRIC_REPRESENTATION_CONTEXT() REPRESENTATION_CONTEXT('2D SPACE',''
  ) );
#9877 = ORIENTED_EDGE('',*,*,#9878,.F.);
#9878 = EDGE_CURVE('',#9856,#9856,#9879,.T.);
#9879 = SURFACE_CURVE('',#9880,(#9885,#9892),.PCURVE_S1.);
#9880 = CIRCLE('',#9881,1.4);
#9881 = AXIS2_PLACEMENT_3D('',#9882,#9883,#9884);
#9882 = CARTESIAN_POINT('',(-27.95188449758,-2.414084117111,
    69.321168130011));
#9883 = DIRECTION('',(-0.409576022144,-0.709406479916,-0.573576436351));
#9884 = DIRECTION('',(0.866025403784,-0.5,5.551115123126E-17));
#9885 = PCURVE('',#7381,#9886);
#9886 = DEFINITIONAL_REPRESENTATION('',(#9887),#9891);
#9887 = LINE('',#9888,#9889);
#9888 = CARTESIAN_POINT('',(0.,60.));
#9889 = VECTOR('',#9890,1.);
#9890 = DIRECTION('',(1.,0.));
#9891 = ( GEOMETRIC_REPRESENTATION_CONTEXT(2) 
PARAMETRIC_REPRESENTATION_CONTEXT() REPRESENTATION_CONTEXT('2D SPACE',''
  ) );
#9892 = PCURVE('',#9893,#9898);
#9893 = PLANE('',#9894);
#9894 = AXIS2_PLACEMENT_3D('',#9895,#9896,#9897);
#9895 = CARTESIAN_POINT('',(-27.95188449758,-2.414084117111,
    69.321168130011));
#9896 = DIRECTION('',(-0.409576022144,-0.709406479916,-0.573576436351));
#9897 = DIRECTION('',(0.866025403784,-0.5,5.551115123126E-17));
#9898 = DEFINITIONAL_REPRESENTATION('',(#9899),#9903);
#9899 = CIRCLE('',#9900,1.4);
#9900 = AXIS2_PLACEMENT_2D('',#9901,#9902);
#9901 = CARTESIAN_POINT('',(0.,0.));
#9902 = DIRECTION('',(1.,0.));
#9903 = ( GEOMETRIC_REPRESENTATION_CONTEXT(2) 
PARAMETRIC_REPRESENTATION_CONTEXT() REPRESENTATION_CONTEXT('2D SPACE',''
  ) );
#9904 = ORIENTED_EDGE('',*,*,#9855,.F.);
#9905 = ORIENTED_EDGE('',*,*,#7358,.T.);
#9906 = ORIENTED_EDGE('',*,*,#7499,.T.);
#9907 = ORIENTED_EDGE('',*,*,#9908,.F.);
#9908 = EDGE_CURVE('',#9909,#7464,#9911,.T.);
#9909 = VERTEX_POINT('',#9910);
#9910 = CARTESIAN_POINT('',(-28.17469313645,-4.973799150321E-14,
    70.707056597811));
#9911 = SURFACE_CURVE('',#9912,(#9917,#9928),.PCURVE_S1.);
#9912 = ELLIPSE('',#9913,1.973480704836,1.4);
#9913 = AXIS2_PLACEMENT_3D('',#9914,#9915,#9916);
#9914 = CARTESIAN_POINT('',(-26.55811238272,7.105427357601E-15,
    71.273027612755));
#9915 = DIRECTION('',(3.52125597401E-16,1.,-7.825013275578E-17));
#9916 = DIRECTION('',(-0.581124101765,1.409475433573E-16,-0.813814953382
    ));
#9917 = PCURVE('',#7381,#9918);
#9918 = DEFINITIONAL_REPRESENTATION('',(#9919),#9927);
#9919 = B_SPLINE_CURVE_WITH_KNOTS('',6,(#9920,#9921,#9922,#9923,#9924,
    #9925,#9926),.UNSPECIFIED.,.F.,.F.,(7,7),(0.782119223656,
    1.570796326795),.PIECEWISE_BEZIER_KNOTS.);
#9920 = CARTESIAN_POINT('',(3.14159265359,57.583777191726));
#9921 = CARTESIAN_POINT('',(3.010146469733,57.454921739399));
#9922 = CARTESIAN_POINT('',(2.878700285877,57.305607763953));
#9923 = CARTESIAN_POINT('',(2.74725410202,57.139840753603));
#9924 = CARTESIAN_POINT('',(2.615807918164,56.962695751354));
#9925 = CARTESIAN_POINT('',(2.484361734308,56.779866436574));
#9926 = CARTESIAN_POINT('',(2.352915550451,56.597036839309));
#9927 = ( GEOMETRIC_REPRESENTATION_CONTEXT(2) 
PARAMETRIC_REPRESENTATION_CONTEXT() REPRESENTATION_CONTEXT('2D SPACE',''
  ) );
#9928 = PCURVE('',#8539,#9929);
#9929 = DEFINITIONAL_REPRESENTATION('',(#9930),#9938);
#9930 = B_SPLINE_CURVE_WITH_KNOTS('',6,(#9931,#9932,#9933,#9934,#9935,
    #9936,#9937),.UNSPECIFIED.,.F.,.F.,(7,7),(0.782119223656,
    1.570796326795),.PIECEWISE_BEZIER_KNOTS.);
#9931 = CARTESIAN_POINT('',(1.015061051086E-14,57.583777191726));
#9932 = CARTESIAN_POINT('',(0.131446183856,57.454921739399));
#9933 = CARTESIAN_POINT('',(0.262892367713,57.305607763952));
#9934 = CARTESIAN_POINT('',(0.394338551569,57.139840753605));
#9935 = CARTESIAN_POINT('',(0.525784735426,56.962695751353));
#9936 = CARTESIAN_POINT('',(0.657230919282,56.779866436574));
#9937 = CARTESIAN_POINT('',(0.788677103139,56.597036839309));
#9938 = ( GEOMETRIC_REPRESENTATION_CONTEXT(2) 
PARAMETRIC_REPRESENTATION_CONTEXT() REPRESENTATION_CONTEXT('2D SPACE',''
  ) );
#9939 = ORIENTED_EDGE('',*,*,#9940,.F.);
#9940 = EDGE_CURVE('',#9941,#9909,#9943,.T.);
#9941 = VERTEX_POINT('',#9942);
#9942 = CARTESIAN_POINT('',(-27.70494958467,7.383584614811E-15,
    69.666979504948));
#9943 = SURFACE_CURVE('',#9944,(#9949,#9960),.PCURVE_S1.);
#9944 = ELLIPSE('',#9945,1.973480704836,1.4);
#9945 = AXIS2_PLACEMENT_3D('',#9946,#9947,#9948);
#9946 = CARTESIAN_POINT('',(-26.55811238272,7.105427357601E-15,
    71.273027612755));
#9947 = DIRECTION('',(3.52125597401E-16,1.,-7.825013275578E-17));
#9948 = DIRECTION('',(-0.581124101765,1.409475433573E-16,-0.813814953382
    ));
#9949 = PCURVE('',#7381,#9950);
#9950 = DEFINITIONAL_REPRESENTATION('',(#9951),#9959);
#9951 = B_SPLINE_CURVE_WITH_KNOTS('',6,(#9952,#9953,#9954,#9955,#9956,
    #9957,#9958),.UNSPECIFIED.,.F.,.F.,(7,7),(0.,0.782119223656),
  .PIECEWISE_BEZIER_KNOTS.);
#9952 = CARTESIAN_POINT('',(3.923711877246,57.987945208813));
#9953 = CARTESIAN_POINT('',(3.793358673303,57.987945208813));
#9954 = CARTESIAN_POINT('',(3.663005469361,57.959584200309));
#9955 = CARTESIAN_POINT('',(3.532652265418,57.902861487322));
#9956 = CARTESIAN_POINT('',(3.402299061475,57.819225122368));
#9957 = CARTESIAN_POINT('',(3.271945857533,57.711561206169));
#9958 = CARTESIAN_POINT('',(3.14159265359,57.583777191726));
#9959 = ( GEOMETRIC_REPRESENTATION_CONTEXT(2) 
PARAMETRIC_REPRESENTATION_CONTEXT() REPRESENTATION_CONTEXT('2D SPACE',''
  ) );
#9960 = PCURVE('',#8539,#9961);
#9961 = DEFINITIONAL_REPRESENTATION('',(#9962),#9970);
#9962 = B_SPLINE_CURVE_WITH_KNOTS('',6,(#9963,#9964,#9965,#9966,#9967,
    #9968,#9969),.UNSPECIFIED.,.F.,.F.,(7,7),(0.,0.782119223656),
  .PIECEWISE_BEZIER_KNOTS.);
#9963 = CARTESIAN_POINT('',(5.501066083523,57.987945208813));
#9964 = CARTESIAN_POINT('',(5.631419287466,57.987945208813));
#9965 = CARTESIAN_POINT('',(5.761772491409,57.95958420031));
#9966 = CARTESIAN_POINT('',(5.892125695351,57.902861487321));
#9967 = CARTESIAN_POINT('',(6.022478899294,57.819225122369));
#9968 = CARTESIAN_POINT('',(6.152832103237,57.711561206169));
#9969 = CARTESIAN_POINT('',(6.28318530718,57.583777191726));
#9970 = ( GEOMETRIC_REPRESENTATION_CONTEXT(2) 
PARAMETRIC_REPRESENTATION_CONTEXT() REPRESENTATION_CONTEXT('2D SPACE',''
  ) );
#9971 = ORIENTED_EDGE('',*,*,#9972,.F.);
#9972 = EDGE_CURVE('',#7400,#9941,#9973,.T.);
#9973 = SURFACE_CURVE('',#9974,(#9979,#9991),.PCURVE_S1.);
#9974 = ELLIPSE('',#9975,1.973480704836,1.4);
#9975 = AXIS2_PLACEMENT_3D('',#9976,#9977,#9978);
#9976 = CARTESIAN_POINT('',(-26.55811238272,7.105427357601E-15,
    71.273027612755));
#9977 = DIRECTION('',(3.52125597401E-16,1.,-7.825013275578E-17));
#9978 = DIRECTION('',(-0.581124101765,1.409475433573E-16,-0.813814953382
    ));
#9979 = PCURVE('',#7381,#9980);
#9980 = DEFINITIONAL_REPRESENTATION('',(#9981),#9990);
#9981 = B_SPLINE_CURVE_WITH_KNOTS('',7,(#9982,#9983,#9984,#9985,#9986,
    #9987,#9988,#9989),.UNSPECIFIED.,.F.,.F.,(8,8),(4.712388980385,
    6.28318530718),.PIECEWISE_BEZIER_KNOTS.);
#9982 = CARTESIAN_POINT('',(5.494508204041,56.597036839309));
#9983 = CARTESIAN_POINT('',(5.270108728785,56.909155947555));
#9984 = CARTESIAN_POINT('',(5.045709253528,57.2212737884));
#9985 = CARTESIAN_POINT('',(4.821309778272,57.507729679215));
#9986 = CARTESIAN_POINT('',(4.596910303017,57.742815001431));
#9987 = CARTESIAN_POINT('',(4.372510827759,57.906231188395));
#9988 = CARTESIAN_POINT('',(4.148111352503,57.987945208813));
#9989 = CARTESIAN_POINT('',(3.923711877246,57.987945208813));
#9990 = ( GEOMETRIC_REPRESENTATION_CONTEXT(2) 
PARAMETRIC_REPRESENTATION_CONTEXT() REPRESENTATION_CONTEXT('2D SPACE',''
  ) );
#9991 = PCURVE('',#8539,#9992);
#9992 = DEFINITIONAL_REPRESENTATION('',(#9993),#10002);
#9993 = B_SPLINE_CURVE_WITH_KNOTS('',7,(#9994,#9995,#9996,#9997,#9998,
    #9999,#10000,#10001),.UNSPECIFIED.,.F.,.F.,(8,8),(4.712388980385,
    6.28318530718),.PIECEWISE_BEZIER_KNOTS.);
#9994 = CARTESIAN_POINT('',(3.930269756728,56.597036839309));
#9995 = CARTESIAN_POINT('',(4.154669231985,56.909155947555));
#9996 = CARTESIAN_POINT('',(4.379068707241,57.221273788407));
#9997 = CARTESIAN_POINT('',(4.603468182497,57.507729679186));
#9998 = CARTESIAN_POINT('',(4.827867657755,57.74281500146));
#9999 = CARTESIAN_POINT('',(5.05226713301,57.906231188388));
#10000 = CARTESIAN_POINT('',(5.276666608267,57.987945208813));
#10001 = CARTESIAN_POINT('',(5.501066083523,57.987945208813));
#10002 = ( GEOMETRIC_REPRESENTATION_CONTEXT(2) 
PARAMETRIC_REPRESENTATION_CONTEXT() REPRESENTATION_CONTEXT('2D SPACE',''
  ) );
#10003 = ORIENTED_EDGE('',*,*,#7399,.T.);
#10004 = ADVANCED_FACE('',(#10005),#7960,.F.);
#10005 = FACE_BOUND('',#10006,.F.);
#10006 = EDGE_LOOP('',(#10007,#10008,#10031,#10058,#10059,#10060,#10061,
    #10062,#10063,#10064));
#10007 = ORIENTED_EDGE('',*,*,#8186,.T.);
#10008 = ORIENTED_EDGE('',*,*,#10009,.T.);
#10009 = EDGE_CURVE('',#8155,#10010,#10012,.T.);
#10010 = VERTEX_POINT('',#10011);
#10011 = CARTESIAN_POINT('',(16.066600421082,-21.6,69.321168130011));
#10012 = SEAM_CURVE('',#10013,(#10017,#10024),.PCURVE_S1.);
#10013 = LINE('',#10014,#10015);
#10014 = CARTESIAN_POINT('',(-33.08252223625,-21.6,103.73575431107));
#10015 = VECTOR('',#10016,1.);
#10016 = DIRECTION('',(0.819152044289,0.,-0.573576436351));
#10017 = PCURVE('',#7960,#10018);
#10018 = DEFINITIONAL_REPRESENTATION('',(#10019),#10023);
#10019 = LINE('',#10020,#10021);
#10020 = CARTESIAN_POINT('',(0.,-0.));
#10021 = VECTOR('',#10022,1.);
#10022 = DIRECTION('',(0.,1.));
#10023 = ( GEOMETRIC_REPRESENTATION_CONTEXT(2) 
PARAMETRIC_REPRESENTATION_CONTEXT() REPRESENTATION_CONTEXT('2D SPACE',''
  ) );
#10024 = PCURVE('',#7960,#10025);
#10025 = DEFINITIONAL_REPRESENTATION('',(#10026),#10030);
#10026 = LINE('',#10027,#10028);
#10027 = CARTESIAN_POINT('',(6.28318530718,-0.));
#10028 = VECTOR('',#10029,1.);
#10029 = DIRECTION('',(0.,1.));
#10030 = ( GEOMETRIC_REPRESENTATION_CONTEXT(2) 
PARAMETRIC_REPRESENTATION_CONTEXT() REPRESENTATION_CONTEXT('2D SPACE',''
  ) );
#10031 = ORIENTED_EDGE('',*,*,#10032,.F.);
#10032 = EDGE_CURVE('',#10010,#10010,#10033,.T.);
#10033 = SURFACE_CURVE('',#10034,(#10039,#10046),.PCURVE_S1.);
#10034 = CIRCLE('',#10035,1.4);
#10035 = AXIS2_PLACEMENT_3D('',#10036,#10037,#10038);
#10036 = CARTESIAN_POINT('',(16.066600421082,-23.,69.321168130011));
#10037 = DIRECTION('',(0.819152044289,0.,-0.573576436351));
#10038 = DIRECTION('',(0.,1.,0.));
#10039 = PCURVE('',#7960,#10040);
#10040 = DEFINITIONAL_REPRESENTATION('',(#10041),#10045);
#10041 = LINE('',#10042,#10043);
#10042 = CARTESIAN_POINT('',(0.,60.));
#10043 = VECTOR('',#10044,1.);
#10044 = DIRECTION('',(1.,0.));
#10045 = ( GEOMETRIC_REPRESENTATION_CONTEXT(2) 
PARAMETRIC_REPRESENTATION_CONTEXT() REPRESENTATION_CONTEXT('2D SPACE',''
  ) );
#10046 = PCURVE('',#10047,#10052);
#10047 = PLANE('',#10048);
#10048 = AXIS2_PLACEMENT_3D('',#10049,#10050,#10051);
#10049 = CARTESIAN_POINT('',(16.066600421082,-23.,69.321168130011));
#10050 = DIRECTION('',(0.819152044289,0.,-0.573576436351));
#10051 = DIRECTION('',(0.,1.,0.));
#10052 = DEFINITIONAL_REPRESENTATION('',(#10053),#10057);
#10053 = CIRCLE('',#10054,1.4);
#10054 = AXIS2_PLACEMENT_2D('',#10055,#10056);
#10055 = CARTESIAN_POINT('',(0.,0.));
#10056 = DIRECTION('',(1.,0.));
#10057 = ( GEOMETRIC_REPRESENTATION_CONTEXT(2) 
PARAMETRIC_REPRESENTATION_CONTEXT() REPRESENTATION_CONTEXT('2D SPACE',''
  ) );
#10058 = ORIENTED_EDGE('',*,*,#10009,.F.);
#10059 = ORIENTED_EDGE('',*,*,#8154,.T.);
#10060 = ORIENTED_EDGE('',*,*,#8122,.T.);
#10061 = ORIENTED_EDGE('',*,*,#7939,.T.);
#10062 = ORIENTED_EDGE('',*,*,#9757,.T.);
#10063 = ORIENTED_EDGE('',*,*,#9822,.T.);
#10064 = ORIENTED_EDGE('',*,*,#9788,.T.);
#10065 = ADVANCED_FACE('',(#10066),#8539,.F.);
#10066 = FACE_BOUND('',#10067,.F.);
#10067 = EDGE_LOOP('',(#10068,#10069,#10092,#10119,#10120,#10121,#10122,
    #10123));
#10068 = ORIENTED_EDGE('',*,*,#9940,.T.);
#10069 = ORIENTED_EDGE('',*,*,#10070,.T.);
#10070 = EDGE_CURVE('',#9909,#10071,#10073,.T.);
#10071 = VERTEX_POINT('',#10072);
#10072 = CARTESIAN_POINT('',(-29.16432006288,1.714084117111,
    69.321168130011));
#10073 = SEAM_CURVE('',#10074,(#10078,#10085),.PCURVE_S1.);
#10074 = LINE('',#10075,#10076);
#10075 = CARTESIAN_POINT('',(-4.589758734211,-40.85030467786,
    103.73575431107));
#10076 = VECTOR('',#10077,1.);
#10077 = DIRECTION('',(-0.409576022144,0.709406479916,-0.573576436351));
#10078 = PCURVE('',#8539,#10079);
#10079 = DEFINITIONAL_REPRESENTATION('',(#10080),#10084);
#10080 = LINE('',#10081,#10082);
#10081 = CARTESIAN_POINT('',(0.,-0.));
#10082 = VECTOR('',#10083,1.);
#10083 = DIRECTION('',(0.,1.));
#10084 = ( GEOMETRIC_REPRESENTATION_CONTEXT(2) 
PARAMETRIC_REPRESENTATION_CONTEXT() REPRESENTATION_CONTEXT('2D SPACE',''
  ) );
#10085 = PCURVE('',#8539,#10086);
#10086 = DEFINITIONAL_REPRESENTATION('',(#10087),#10091);
#10087 = LINE('',#10088,#10089);
#10088 = CARTESIAN_POINT('',(6.28318530718,-0.));
#10089 = VECTOR('',#10090,1.);
#10090 = DIRECTION('',(0.,1.));
#10091 = ( GEOMETRIC_REPRESENTATION_CONTEXT(2) 
PARAMETRIC_REPRESENTATION_CONTEXT() REPRESENTATION_CONTEXT('2D SPACE',''
  ) );
#10092 = ORIENTED_EDGE('',*,*,#10093,.F.);
#10093 = EDGE_CURVE('',#10071,#10071,#10094,.T.);
#10094 = SURFACE_CURVE('',#10095,(#10100,#10107),.PCURVE_S1.);
#10095 = CIRCLE('',#10096,1.4);
#10096 = AXIS2_PLACEMENT_3D('',#10097,#10098,#10099);
#10097 = CARTESIAN_POINT('',(-27.95188449758,2.414084117111,
    69.321168130011));
#10098 = DIRECTION('',(-0.409576022144,0.709406479916,-0.573576436351));
#10099 = DIRECTION('',(-0.866025403784,-0.5,0.));
#10100 = PCURVE('',#8539,#10101);
#10101 = DEFINITIONAL_REPRESENTATION('',(#10102),#10106);
#10102 = LINE('',#10103,#10104);
#10103 = CARTESIAN_POINT('',(0.,60.));
#10104 = VECTOR('',#10105,1.);
#10105 = DIRECTION('',(1.,0.));
#10106 = ( GEOMETRIC_REPRESENTATION_CONTEXT(2) 
PARAMETRIC_REPRESENTATION_CONTEXT() REPRESENTATION_CONTEXT('2D SPACE',''
  ) );
#10107 = PCURVE('',#10108,#10113);
#10108 = PLANE('',#10109);
#10109 = AXIS2_PLACEMENT_3D('',#10110,#10111,#10112);
#10110 = CARTESIAN_POINT('',(-27.95188449758,2.414084117111,
    69.321168130011));
#10111 = DIRECTION('',(-0.409576022144,0.709406479916,-0.573576436351));
#10112 = DIRECTION('',(-0.866025403784,-0.5,0.));
#10113 = DEFINITIONAL_REPRESENTATION('',(#10114),#10118);
#10114 = CIRCLE('',#10115,1.4);
#10115 = AXIS2_PLACEMENT_2D('',#10116,#10117);
#10116 = CARTESIAN_POINT('',(0.,0.));
#10117 = DIRECTION('',(1.,0.));
#10118 = ( GEOMETRIC_REPRESENTATION_CONTEXT(2) 
PARAMETRIC_REPRESENTATION_CONTEXT() REPRESENTATION_CONTEXT('2D SPACE',''
  ) );
#10119 = ORIENTED_EDGE('',*,*,#10070,.F.);
#10120 = ORIENTED_EDGE('',*,*,#9908,.T.);
#10121 = ORIENTED_EDGE('',*,*,#8556,.T.);
#10122 = ORIENTED_EDGE('',*,*,#8517,.T.);
#10123 = ORIENTED_EDGE('',*,*,#9972,.T.);
#10124 = ADVANCED_FACE('',(#10125),#8661,.F.);
#10125 = FACE_BOUND('',#10126,.F.);
#10126 = EDGE_LOOP('',(#10127,#10150,#10177,#10178,#10179,#10180,#10212,
    #10244,#10276));
#10127 = ORIENTED_EDGE('',*,*,#10128,.T.);
#10128 = EDGE_CURVE('',#8639,#10129,#10131,.T.);
#10129 = VERTEX_POINT('',#10130);
#10130 = CARTESIAN_POINT('',(10.672848511203,24.714084117111,
    69.321168130011));
#10131 = SEAM_CURVE('',#10132,(#10136,#10143),.PCURVE_S1.);
#10132 = LINE('',#10133,#10134);
#10133 = CARTESIAN_POINT('',(35.247409839873,-17.85030467786,
    103.73575431107));
#10134 = VECTOR('',#10135,1.);
#10135 = DIRECTION('',(-0.409576022144,0.709406479916,-0.573576436351));
#10136 = PCURVE('',#8661,#10137);
#10137 = DEFINITIONAL_REPRESENTATION('',(#10138),#10142);
#10138 = LINE('',#10139,#10140);
#10139 = CARTESIAN_POINT('',(6.28318530718,-0.));
#10140 = VECTOR('',#10141,1.);
#10141 = DIRECTION('',(0.,1.));
#10142 = ( GEOMETRIC_REPRESENTATION_CONTEXT(2) 
PARAMETRIC_REPRESENTATION_CONTEXT() REPRESENTATION_CONTEXT('2D SPACE',''
  ) );
#10143 = PCURVE('',#8661,#10144);
#10144 = DEFINITIONAL_REPRESENTATION('',(#10145),#10149);
#10145 = LINE('',#10146,#10147);
#10146 = CARTESIAN_POINT('',(0.,-0.));
#10147 = VECTOR('',#10148,1.);
#10148 = DIRECTION('',(0.,1.));
#10149 = ( GEOMETRIC_REPRESENTATION_CONTEXT(2) 
PARAMETRIC_REPRESENTATION_CONTEXT() REPRESENTATION_CONTEXT('2D SPACE',''
  ) );
#10150 = ORIENTED_EDGE('',*,*,#10151,.F.);
#10151 = EDGE_CURVE('',#10129,#10129,#10152,.T.);
#10152 = SURFACE_CURVE('',#10153,(#10158,#10165),.PCURVE_S1.);
#10153 = CIRCLE('',#10154,1.4);
#10154 = AXIS2_PLACEMENT_3D('',#10155,#10156,#10157);
#10155 = CARTESIAN_POINT('',(11.885284076501,25.414084117111,
    69.321168130011));
#10156 = DIRECTION('',(-0.409576022144,0.709406479916,-0.573576436351));
#10157 = DIRECTION('',(-0.866025403784,-0.5,0.));
#10158 = PCURVE('',#8661,#10159);
#10159 = DEFINITIONAL_REPRESENTATION('',(#10160),#10164);
#10160 = LINE('',#10161,#10162);
#10161 = CARTESIAN_POINT('',(0.,60.));
#10162 = VECTOR('',#10163,1.);
#10163 = DIRECTION('',(1.,0.));
#10164 = ( GEOMETRIC_REPRESENTATION_CONTEXT(2) 
PARAMETRIC_REPRESENTATION_CONTEXT() REPRESENTATION_CONTEXT('2D SPACE',''
  ) );
#10165 = PCURVE('',#10166,#10171);
#10166 = PLANE('',#10167);
#10167 = AXIS2_PLACEMENT_3D('',#10168,#10169,#10170);
#10168 = CARTESIAN_POINT('',(11.885284076501,25.414084117111,
    69.321168130011));
#10169 = DIRECTION('',(-0.409576022144,0.709406479916,-0.573576436351));
#10170 = DIRECTION('',(-0.866025403784,-0.5,0.));
#10171 = DEFINITIONAL_REPRESENTATION('',(#10172),#10176);
#10172 = CIRCLE('',#10173,1.4);
#10173 = AXIS2_PLACEMENT_2D('',#10174,#10175);
#10174 = CARTESIAN_POINT('',(0.,0.));
#10175 = DIRECTION('',(1.,0.));
#10176 = ( GEOMETRIC_REPRESENTATION_CONTEXT(2) 
PARAMETRIC_REPRESENTATION_CONTEXT() REPRESENTATION_CONTEXT('2D SPACE',''
  ) );
#10177 = ORIENTED_EDGE('',*,*,#10128,.F.);
#10178 = ORIENTED_EDGE('',*,*,#8638,.T.);
#10179 = ORIENTED_EDGE('',*,*,#8779,.T.);
#10180 = ORIENTED_EDGE('',*,*,#10181,.F.);
#10181 = EDGE_CURVE('',#10182,#8744,#10184,.T.);
#10182 = VERTEX_POINT('',#10183);
#10183 = CARTESIAN_POINT('',(14.087346568227,24.4,70.707056597811));
#10184 = SURFACE_CURVE('',#10185,(#10190,#10201),.PCURVE_S1.);
#10185 = ELLIPSE('',#10186,1.973480704836,1.4);
#10186 = AXIS2_PLACEMENT_3D('',#10187,#10188,#10189);
#10187 = CARTESIAN_POINT('',(13.279056191361,23.,71.273027612755));
#10188 = DIRECTION('',(0.866025403784,-0.5,-2.775557561563E-17));
#10189 = DIRECTION('',(0.290562050882,0.50326823488,-0.813814953382));
#10190 = PCURVE('',#8661,#10191);
#10191 = DEFINITIONAL_REPRESENTATION('',(#10192),#10200);
#10192 = B_SPLINE_CURVE_WITH_KNOTS('',6,(#10193,#10194,#10195,#10196,
    #10197,#10198,#10199),.UNSPECIFIED.,.F.,.F.,(7,7),(0.782119223656,
    1.570796326795),.PIECEWISE_BEZIER_KNOTS.);
#10193 = CARTESIAN_POINT('',(3.14159265359,57.583777191726));
#10194 = CARTESIAN_POINT('',(3.010146469733,57.454921739399));
#10195 = CARTESIAN_POINT('',(2.878700285877,57.305607763952));
#10196 = CARTESIAN_POINT('',(2.747254102021,57.139840753605));
#10197 = CARTESIAN_POINT('',(2.615807918164,56.962695751353));
#10198 = CARTESIAN_POINT('',(2.484361734308,56.779866436574));
#10199 = CARTESIAN_POINT('',(2.352915550451,56.597036839309));
#10200 = ( GEOMETRIC_REPRESENTATION_CONTEXT(2) 
PARAMETRIC_REPRESENTATION_CONTEXT() REPRESENTATION_CONTEXT('2D SPACE',''
  ) );
#10201 = PCURVE('',#9071,#10202);
#10202 = DEFINITIONAL_REPRESENTATION('',(#10203),#10211);
#10203 = B_SPLINE_CURVE_WITH_KNOTS('',6,(#10204,#10205,#10206,#10207,
    #10208,#10209,#10210),.UNSPECIFIED.,.F.,.F.,(7,7),(0.782119223656,
    1.570796326795),.PIECEWISE_BEZIER_KNOTS.);
#10204 = CARTESIAN_POINT('',(1.015061051086E-14,57.583777191726));
#10205 = CARTESIAN_POINT('',(0.131446183856,57.454921739399));
#10206 = CARTESIAN_POINT('',(0.262892367713,57.305607763953));
#10207 = CARTESIAN_POINT('',(0.394338551569,57.139840753604));
#10208 = CARTESIAN_POINT('',(0.525784735426,56.962695751353));
#10209 = CARTESIAN_POINT('',(0.657230919282,56.779866436574));
#10210 = CARTESIAN_POINT('',(0.788677103139,56.597036839309));
#10211 = ( GEOMETRIC_REPRESENTATION_CONTEXT(2) 
PARAMETRIC_REPRESENTATION_CONTEXT() REPRESENTATION_CONTEXT('2D SPACE',''
  ) );
#10212 = ORIENTED_EDGE('',*,*,#10213,.F.);
#10213 = EDGE_CURVE('',#10214,#10182,#10216,.T.);
#10214 = VERTEX_POINT('',#10215);
#10215 = CARTESIAN_POINT('',(13.852474792335,23.993190150892,
    69.666979504948));
#10216 = SURFACE_CURVE('',#10217,(#10222,#10233),.PCURVE_S1.);
#10217 = ELLIPSE('',#10218,1.973480704836,1.4);
#10218 = AXIS2_PLACEMENT_3D('',#10219,#10220,#10221);
#10219 = CARTESIAN_POINT('',(13.279056191361,23.,71.273027612755));
#10220 = DIRECTION('',(0.866025403784,-0.5,-2.775557561563E-17));
#10221 = DIRECTION('',(0.290562050882,0.50326823488,-0.813814953382));
#10222 = PCURVE('',#8661,#10223);
#10223 = DEFINITIONAL_REPRESENTATION('',(#10224),#10232);
#10224 = B_SPLINE_CURVE_WITH_KNOTS('',6,(#10225,#10226,#10227,#10228,
    #10229,#10230,#10231),.UNSPECIFIED.,.F.,.F.,(7,7),(0.,0.782119223656
    ),.PIECEWISE_BEZIER_KNOTS.);
#10225 = CARTESIAN_POINT('',(3.923711877246,57.987945208813));
#10226 = CARTESIAN_POINT('',(3.793358673303,57.987945208813));
#10227 = CARTESIAN_POINT('',(3.663005469361,57.95958420031));
#10228 = CARTESIAN_POINT('',(3.532652265418,57.902861487321));
#10229 = CARTESIAN_POINT('',(3.402299061475,57.819225122369));
#10230 = CARTESIAN_POINT('',(3.271945857533,57.711561206169));
#10231 = CARTESIAN_POINT('',(3.14159265359,57.583777191726));
#10232 = ( GEOMETRIC_REPRESENTATION_CONTEXT(2) 
PARAMETRIC_REPRESENTATION_CONTEXT() REPRESENTATION_CONTEXT('2D SPACE',''
  ) );
#10233 = PCURVE('',#9071,#10234);
#10234 = DEFINITIONAL_REPRESENTATION('',(#10235),#10243);
#10235 = B_SPLINE_CURVE_WITH_KNOTS('',6,(#10236,#10237,#10238,#10239,
    #10240,#10241,#10242),.UNSPECIFIED.,.F.,.F.,(7,7),(0.,0.782119223656
    ),.PIECEWISE_BEZIER_KNOTS.);
#10236 = CARTESIAN_POINT('',(5.501066083523,57.987945208813));
#10237 = CARTESIAN_POINT('',(5.631419287466,57.987945208813));
#10238 = CARTESIAN_POINT('',(5.761772491409,57.95958420031));
#10239 = CARTESIAN_POINT('',(5.892125695351,57.902861487321));
#10240 = CARTESIAN_POINT('',(6.022478899294,57.81922512237));
#10241 = CARTESIAN_POINT('',(6.152832103237,57.711561206169));
#10242 = CARTESIAN_POINT('',(6.28318530718,57.583777191726));
#10243 = ( GEOMETRIC_REPRESENTATION_CONTEXT(2) 
PARAMETRIC_REPRESENTATION_CONTEXT() REPRESENTATION_CONTEXT('2D SPACE',''
  ) );
#10244 = ORIENTED_EDGE('',*,*,#10245,.F.);
#10245 = EDGE_CURVE('',#8680,#10214,#10246,.T.);
#10246 = SURFACE_CURVE('',#10247,(#10252,#10264),.PCURVE_S1.);
#10247 = ELLIPSE('',#10248,1.973480704836,1.4);
#10248 = AXIS2_PLACEMENT_3D('',#10249,#10250,#10251);
#10249 = CARTESIAN_POINT('',(13.279056191361,23.,71.273027612755));
#10250 = DIRECTION('',(0.866025403784,-0.5,-2.775557561563E-17));
#10251 = DIRECTION('',(0.290562050882,0.50326823488,-0.813814953382));
#10252 = PCURVE('',#8661,#10253);
#10253 = DEFINITIONAL_REPRESENTATION('',(#10254),#10263);
#10254 = B_SPLINE_CURVE_WITH_KNOTS('',7,(#10255,#10256,#10257,#10258,
    #10259,#10260,#10261,#10262),.UNSPECIFIED.,.F.,.F.,(8,8),(
    4.712388980385,6.28318530718),.PIECEWISE_BEZIER_KNOTS.);
#10255 = CARTESIAN_POINT('',(5.494508204041,56.597036839309));
#10256 = CARTESIAN_POINT('',(5.270108728785,56.909155947555));
#10257 = CARTESIAN_POINT('',(5.045709253528,57.221273788407));
#10258 = CARTESIAN_POINT('',(4.821309778274,57.507729679186));
#10259 = CARTESIAN_POINT('',(4.596910303016,57.74281500146));
#10260 = CARTESIAN_POINT('',(4.372510827759,57.906231188388));
#10261 = CARTESIAN_POINT('',(4.148111352503,57.987945208813));
#10262 = CARTESIAN_POINT('',(3.923711877246,57.987945208813));
#10263 = ( GEOMETRIC_REPRESENTATION_CONTEXT(2) 
PARAMETRIC_REPRESENTATION_CONTEXT() REPRESENTATION_CONTEXT('2D SPACE',''
  ) );
#10264 = PCURVE('',#9071,#10265);
#10265 = DEFINITIONAL_REPRESENTATION('',(#10266),#10275);
#10266 = B_SPLINE_CURVE_WITH_KNOTS('',7,(#10267,#10268,#10269,#10270,
    #10271,#10272,#10273,#10274),.UNSPECIFIED.,.F.,.F.,(8,8),(
    4.712388980385,6.28318530718),.PIECEWISE_BEZIER_KNOTS.);
#10267 = CARTESIAN_POINT('',(3.930269756728,56.597036839309));
#10268 = CARTESIAN_POINT('',(4.154669231985,56.909155947555));
#10269 = CARTESIAN_POINT('',(4.379068707243,57.221273788407));
#10270 = CARTESIAN_POINT('',(4.603468182493,57.507729679186));
#10271 = CARTESIAN_POINT('',(4.827867657759,57.74281500146));
#10272 = CARTESIAN_POINT('',(5.052267133008,57.906231188388));
#10273 = CARTESIAN_POINT('',(5.276666608267,57.987945208813));
#10274 = CARTESIAN_POINT('',(5.501066083523,57.987945208813));
#10275 = ( GEOMETRIC_REPRESENTATION_CONTEXT(2) 
PARAMETRIC_REPRESENTATION_CONTEXT() REPRESENTATION_CONTEXT('2D SPACE',''
  ) );
#10276 = ORIENTED_EDGE('',*,*,#8679,.T.);
#10277 = ADVANCED_FACE('',(#10278),#9071,.F.);
#10278 = FACE_BOUND('',#10279,.F.);
#10279 = EDGE_LOOP('',(#10280,#10281,#10304,#10331,#10332,#10333,#10334,
    #10335));
#10280 = ORIENTED_EDGE('',*,*,#10213,.T.);
#10281 = ORIENTED_EDGE('',*,*,#10282,.T.);
#10282 = EDGE_CURVE('',#10182,#10283,#10285,.T.);
#10283 = VERTEX_POINT('',#10284);
#10284 = CARTESIAN_POINT('',(16.066600421082,24.4,69.321168130011));
#10285 = SEAM_CURVE('',#10286,(#10290,#10297),.PCURVE_S1.);
#10286 = LINE('',#10287,#10288);
#10287 = CARTESIAN_POINT('',(-33.08252223625,24.4,103.73575431107));
#10288 = VECTOR('',#10289,1.);
#10289 = DIRECTION('',(0.819152044289,0.,-0.573576436351));
#10290 = PCURVE('',#9071,#10291);
#10291 = DEFINITIONAL_REPRESENTATION('',(#10292),#10296);
#10292 = LINE('',#10293,#10294);
#10293 = CARTESIAN_POINT('',(0.,-0.));
#10294 = VECTOR('',#10295,1.);
#10295 = DIRECTION('',(0.,1.));
#10296 = ( GEOMETRIC_REPRESENTATION_CONTEXT(2) 
PARAMETRIC_REPRESENTATION_CONTEXT() REPRESENTATION_CONTEXT('2D SPACE',''
  ) );
#10297 = PCURVE('',#9071,#10298);
#10298 = DEFINITIONAL_REPRESENTATION('',(#10299),#10303);
#10299 = LINE('',#10300,#10301);
#10300 = CARTESIAN_POINT('',(6.28318530718,-0.));
#10301 = VECTOR('',#10302,1.);
#10302 = DIRECTION('',(0.,1.));
#10303 = ( GEOMETRIC_REPRESENTATION_CONTEXT(2) 
PARAMETRIC_REPRESENTATION_CONTEXT() REPRESENTATION_CONTEXT('2D SPACE',''
  ) );
#10304 = ORIENTED_EDGE('',*,*,#10305,.F.);
#10305 = EDGE_CURVE('',#10283,#10283,#10306,.T.);
#10306 = SURFACE_CURVE('',#10307,(#10312,#10319),.PCURVE_S1.);
#10307 = CIRCLE('',#10308,1.4);
#10308 = AXIS2_PLACEMENT_3D('',#10309,#10310,#10311);
#10309 = CARTESIAN_POINT('',(16.066600421082,23.,69.321168130011));
#10310 = DIRECTION('',(0.819152044289,0.,-0.573576436351));
#10311 = DIRECTION('',(0.,1.,0.));
#10312 = PCURVE('',#9071,#10313);
#10313 = DEFINITIONAL_REPRESENTATION('',(#10314),#10318);
#10314 = LINE('',#10315,#10316);
#10315 = CARTESIAN_POINT('',(0.,60.));
#10316 = VECTOR('',#10317,1.);
#10317 = DIRECTION('',(1.,0.));
#10318 = ( GEOMETRIC_REPRESENTATION_CONTEXT(2) 
PARAMETRIC_REPRESENTATION_CONTEXT() REPRESENTATION_CONTEXT('2D SPACE',''
  ) );
#10319 = PCURVE('',#10320,#10325);
#10320 = PLANE('',#10321);
#10321 = AXIS2_PLACEMENT_3D('',#10322,#10323,#10324);
#10322 = CARTESIAN_POINT('',(16.066600421082,23.,69.321168130011));
#10323 = DIRECTION('',(0.819152044289,0.,-0.573576436351));
#10324 = DIRECTION('',(0.,1.,0.));
#10325 = DEFINITIONAL_REPRESENTATION('',(#10326),#10330);
#10326 = CIRCLE('',#10327,1.4);
#10327 = AXIS2_PLACEMENT_2D('',#10328,#10329);
#10328 = CARTESIAN_POINT('',(0.,0.));
#10329 = DIRECTION('',(1.,0.));
#10330 = ( GEOMETRIC_REPRESENTATION_CONTEXT(2) 
PARAMETRIC_REPRESENTATION_CONTEXT() REPRESENTATION_CONTEXT('2D SPACE',''
  ) );
#10331 = ORIENTED_EDGE('',*,*,#10282,.F.);
#10332 = ORIENTED_EDGE('',*,*,#10181,.T.);
#10333 = ORIENTED_EDGE('',*,*,#9049,.T.);
#10334 = ORIENTED_EDGE('',*,*,#9140,.T.);
#10335 = ORIENTED_EDGE('',*,*,#10245,.T.);
#10336 = ADVANCED_FACE('',(#10337),#9293,.T.);
#10337 = FACE_BOUND('',#10338,.T.);
#10338 = EDGE_LOOP('',(#10339,#10340,#10366));
#10339 = ORIENTED_EDGE('',*,*,#9280,.T.);
#10340 = ORIENTED_EDGE('',*,*,#10341,.T.);
#10341 = EDGE_CURVE('',#9213,#9311,#10342,.T.);
#10342 = SURFACE_CURVE('',#10343,(#10347,#10354),.PCURVE_S1.);
#10343 = LINE('',#10344,#10345);
#10344 = CARTESIAN_POINT('',(12.379566195038,-27.5,65.798984344917));
#10345 = VECTOR('',#10346,1.);
#10346 = DIRECTION('',(0.,1.,0.));
#10347 = PCURVE('',#9293,#10348);
#10348 = DEFINITIONAL_REPRESENTATION('',(#10349),#10353);
#10349 = LINE('',#10350,#10351);
#10350 = CARTESIAN_POINT('',(0.,0.));
#10351 = VECTOR('',#10352,1.);
#10352 = DIRECTION('',(1.,0.));
#10353 = ( GEOMETRIC_REPRESENTATION_CONTEXT(2) 
PARAMETRIC_REPRESENTATION_CONTEXT() REPRESENTATION_CONTEXT('2D SPACE',''
  ) );
#10354 = PCURVE('',#10355,#10360);
#10355 = PLANE('',#10356);
#10356 = AXIS2_PLACEMENT_3D('',#10357,#10358,#10359);
#10357 = CARTESIAN_POINT('',(-15.47160331078,-27.5,85.300583180853));
#10358 = DIRECTION('',(0.573576436351,0.,0.819152044289));
#10359 = DIRECTION('',(0.819152044289,0.,-0.573576436351));
#10360 = DEFINITIONAL_REPRESENTATION('',(#10361),#10365);
#10361 = LINE('',#10362,#10363);
#10362 = CARTESIAN_POINT('',(34.,0.));
#10363 = VECTOR('',#10364,1.);
#10364 = DIRECTION('',(0.,1.));
#10365 = ( GEOMETRIC_REPRESENTATION_CONTEXT(2) 
PARAMETRIC_REPRESENTATION_CONTEXT() REPRESENTATION_CONTEXT('2D SPACE',''
  ) );
#10366 = ORIENTED_EDGE('',*,*,#9365,.T.);
#10367 = ADVANCED_FACE('',(#10368),#9434,.T.);
#10368 = FACE_BOUND('',#10369,.T.);
#10369 = EDGE_LOOP('',(#10370,#10371,#10397));
#10370 = ORIENTED_EDGE('',*,*,#9421,.F.);
#10371 = ORIENTED_EDGE('',*,*,#10372,.T.);
#10372 = EDGE_CURVE('',#9311,#9478,#10373,.T.);
#10373 = SURFACE_CURVE('',#10374,(#10378,#10385),.PCURVE_S1.);
#10374 = LINE('',#10375,#10376);
#10375 = CARTESIAN_POINT('',(17.625915506553,24.471018812734,
    65.798984344917));
#10376 = VECTOR('',#10377,1.);
#10377 = DIRECTION('',(-0.866025403784,-0.5,0.));
#10378 = PCURVE('',#9434,#10379);
#10379 = DEFINITIONAL_REPRESENTATION('',(#10380),#10384);
#10380 = LINE('',#10381,#10382);
#10381 = CARTESIAN_POINT('',(0.,0.));
#10382 = VECTOR('',#10383,1.);
#10383 = DIRECTION('',(1.,0.));
#10384 = ( GEOMETRIC_REPRESENTATION_CONTEXT(2) 
PARAMETRIC_REPRESENTATION_CONTEXT() REPRESENTATION_CONTEXT('2D SPACE',''
  ) );
#10385 = PCURVE('',#10386,#10391);
#10386 = PLANE('',#10387);
#10387 = AXIS2_PLACEMENT_3D('',#10388,#10389,#10390);
#10388 = CARTESIAN_POINT('',(31.551500259466,0.351198495582,
    85.300583180853));
#10389 = DIRECTION('',(-0.286788218176,0.496731764892,0.819152044289));
#10390 = DIRECTION('',(-0.409576022144,0.709406479916,-0.573576436351));
#10391 = DEFINITIONAL_REPRESENTATION('',(#10392),#10396);
#10392 = LINE('',#10393,#10394);
#10393 = CARTESIAN_POINT('',(34.,0.));
#10394 = VECTOR('',#10395,1.);
#10395 = DIRECTION('',(0.,1.));
#10396 = ( GEOMETRIC_REPRESENTATION_CONTEXT(2) 
PARAMETRIC_REPRESENTATION_CONTEXT() REPRESENTATION_CONTEXT('2D SPACE',''
  ) );
#10397 = ORIENTED_EDGE('',*,*,#9534,.T.);
#10398 = ADVANCED_FACE('',(#10399),#9601,.T.);
#10399 = FACE_BOUND('',#10400,.T.);
#10400 = EDGE_LOOP('',(#10401,#10402,#10428));
#10401 = ORIENTED_EDGE('',*,*,#9588,.F.);
#10402 = ORIENTED_EDGE('',*,*,#10403,.T.);
#10403 = EDGE_CURVE('',#9478,#9213,#10404,.T.);
#10404 = SURFACE_CURVE('',#10405,(#10409,#10416),.PCURVE_S1.);
#10405 = LINE('',#10406,#10407);
#10406 = CARTESIAN_POINT('',(-30.00548170159,3.028981187266,
    65.798984344917));
#10407 = VECTOR('',#10408,1.);
#10408 = DIRECTION('',(0.866025403784,-0.5,5.551115123126E-17));
#10409 = PCURVE('',#9601,#10410);
#10410 = DEFINITIONAL_REPRESENTATION('',(#10411),#10415);
#10411 = LINE('',#10412,#10413);
#10412 = CARTESIAN_POINT('',(0.,0.));
#10413 = VECTOR('',#10414,1.);
#10414 = DIRECTION('',(1.,0.));
#10415 = ( GEOMETRIC_REPRESENTATION_CONTEXT(2) 
PARAMETRIC_REPRESENTATION_CONTEXT() REPRESENTATION_CONTEXT('2D SPACE',''
  ) );
#10416 = PCURVE('',#10417,#10422);
#10417 = PLANE('',#10418);
#10418 = AXIS2_PLACEMENT_3D('',#10419,#10420,#10421);
#10419 = CARTESIAN_POINT('',(-16.07989694867,27.148801504418,
    85.300583180853));
#10420 = DIRECTION('',(-0.286788218176,-0.496731764892,0.819152044289));
#10421 = DIRECTION('',(-0.409576022144,-0.709406479916,-0.573576436351)
  );
#10422 = DEFINITIONAL_REPRESENTATION('',(#10423),#10427);
#10423 = LINE('',#10424,#10425);
#10424 = CARTESIAN_POINT('',(34.,0.));
#10425 = VECTOR('',#10426,1.);
#10426 = DIRECTION('',(0.,1.));
#10427 = ( GEOMETRIC_REPRESENTATION_CONTEXT(2) 
PARAMETRIC_REPRESENTATION_CONTEXT() REPRESENTATION_CONTEXT('2D SPACE',''
  ) );
#10428 = ORIENTED_EDGE('',*,*,#9675,.F.);
#10429 = ADVANCED_FACE('',(#10430),#9744,.F.);
#10430 = FACE_BOUND('',#10431,.F.);
#10431 = EDGE_LOOP('',(#10432));
#10432 = ORIENTED_EDGE('',*,*,#9729,.T.);
#10433 = ADVANCED_FACE('',(#10434),#9893,.F.);
#10434 = FACE_BOUND('',#10435,.F.);
#10435 = EDGE_LOOP('',(#10436));
#10436 = ORIENTED_EDGE('',*,*,#9878,.T.);
#10437 = ADVANCED_FACE('',(#10438),#10047,.F.);
#10438 = FACE_BOUND('',#10439,.F.);
#10439 = EDGE_LOOP('',(#10440));
#10440 = ORIENTED_EDGE('',*,*,#10032,.T.);
#10441 = ADVANCED_FACE('',(#10442),#10108,.F.);
#10442 = FACE_BOUND('',#10443,.F.);
#10443 = EDGE_LOOP('',(#10444));
#10444 = ORIENTED_EDGE('',*,*,#10093,.T.);
#10445 = ADVANCED_FACE('',(#10446),#10166,.F.);
#10446 = FACE_BOUND('',#10447,.F.);
#10447 = EDGE_LOOP('',(#10448));
#10448 = ORIENTED_EDGE('',*,*,#10151,.T.);
#10449 = ADVANCED_FACE('',(#10450),#10320,.F.);
#10450 = FACE_BOUND('',#10451,.F.);
#10451 = EDGE_LOOP('',(#10452));
#10452 = ORIENTED_EDGE('',*,*,#10305,.T.);
#10453 = ADVANCED_FACE('',(#10454),#10355,.F.);
#10454 = FACE_BOUND('',#10455,.F.);
#10455 = EDGE_LOOP('',(#10456,#10477,#10478));
#10456 = ORIENTED_EDGE('',*,*,#10457,.T.);
#10457 = EDGE_CURVE('',#10458,#9213,#10460,.T.);
#10458 = VERTEX_POINT('',#10459);
#10459 = CARTESIAN_POINT('',(-2.04281036531E-14,7.105427357601E-15,
    74.467249914449));
#10460 = SURFACE_CURVE('',#10461,(#10465,#10471),.PCURVE_S1.);
#10461 = LINE('',#10462,#10463);
#10462 = CARTESIAN_POINT('',(-5.134898161268,8.893904507007,
    78.062744314908));
#10463 = VECTOR('',#10464,1.);
#10464 = DIRECTION('',(0.471913907098,-0.817378863892,-0.330437675136));
#10465 = PCURVE('',#10355,#10466);
#10466 = DEFINITIONAL_REPRESENTATION('',(#10467),#10470);
#10467 = B_SPLINE_CURVE_WITH_KNOTS('',1,(#10468,#10469),.UNSPECIFIED.,
  .F.,.F.,(2,2),(-15.35167310138,37.113685553373),
  .PIECEWISE_BEZIER_KNOTS.);
#10468 = CARTESIAN_POINT('',(3.774680338415,48.942037625467));
#10469 = CARTESIAN_POINT('',(34.,6.057962374533));
#10470 = ( GEOMETRIC_REPRESENTATION_CONTEXT(2) 
PARAMETRIC_REPRESENTATION_CONTEXT() REPRESENTATION_CONTEXT('2D SPACE',''
  ) );
#10471 = PCURVE('',#10417,#10472);
#10472 = DEFINITIONAL_REPRESENTATION('',(#10473),#10476);
#10473 = B_SPLINE_CURVE_WITH_KNOTS('',1,(#10474,#10475),.UNSPECIFIED.,
  .F.,.F.,(2,2),(-15.35167310138,37.113685553373),
  .PIECEWISE_BEZIER_KNOTS.);
#10474 = CARTESIAN_POINT('',(3.774680338415,6.057962374533));
#10475 = CARTESIAN_POINT('',(34.,48.942037625467));
#10476 = ( GEOMETRIC_REPRESENTATION_CONTEXT(2) 
PARAMETRIC_REPRESENTATION_CONTEXT() REPRESENTATION_CONTEXT('2D SPACE',''
  ) );
#10477 = ORIENTED_EDGE('',*,*,#10341,.T.);
#10478 = ORIENTED_EDGE('',*,*,#10479,.T.);
#10479 = EDGE_CURVE('',#9311,#10458,#10480,.T.);
#10480 = SURFACE_CURVE('',#10481,(#10485,#10491),.PCURVE_S1.);
#10481 = LINE('',#10482,#10483);
#10482 = CARTESIAN_POINT('',(-5.134898161268,-8.893904507007,
    78.062744314908));
#10483 = VECTOR('',#10484,1.);
#10484 = DIRECTION('',(-0.471913907098,-0.817378863892,0.330437675136));
#10485 = PCURVE('',#10355,#10486);
#10486 = DEFINITIONAL_REPRESENTATION('',(#10487),#10490);
#10487 = B_SPLINE_CURVE_WITH_KNOTS('',1,(#10488,#10489),.UNSPECIFIED.,
  .F.,.F.,(2,2),(-37.11368555337,21.903794302401),
  .PIECEWISE_BEZIER_KNOTS.);
#10488 = CARTESIAN_POINT('',(34.,48.942037625467));
#10489 = CARTESIAN_POINT('',(-1.7763568394E-15,0.702396991164));
#10490 = ( GEOMETRIC_REPRESENTATION_CONTEXT(2) 
PARAMETRIC_REPRESENTATION_CONTEXT() REPRESENTATION_CONTEXT('2D SPACE',''
  ) );
#10491 = PCURVE('',#10386,#10492);
#10492 = DEFINITIONAL_REPRESENTATION('',(#10493),#10496);
#10493 = B_SPLINE_CURVE_WITH_KNOTS('',1,(#10494,#10495),.UNSPECIFIED.,
  .F.,.F.,(2,2),(-37.11368555337,21.903794302401),
  .PIECEWISE_BEZIER_KNOTS.);
#10494 = CARTESIAN_POINT('',(34.,6.057962374533));
#10495 = CARTESIAN_POINT('',(2.30926389122E-14,54.297603008836));
#10496 = ( GEOMETRIC_REPRESENTATION_CONTEXT(2) 
PARAMETRIC_REPRESENTATION_CONTEXT() REPRESENTATION_CONTEXT('2D SPACE',''
  ) );
#10497 = ADVANCED_FACE('',(#10498),#10386,.F.);
#10498 = FACE_BOUND('',#10499,.F.);
#10499 = EDGE_LOOP('',(#10500,#10519,#10520));
#10500 = ORIENTED_EDGE('',*,*,#10501,.T.);
#10501 = EDGE_CURVE('',#9478,#10458,#10502,.T.);
#10502 = SURFACE_CURVE('',#10503,(#10507,#10513),.PCURVE_S1.);
#10503 = LINE('',#10504,#10505);
#10504 = CARTESIAN_POINT('',(10.269796322535,4.052314039882E-15,
    78.062744314908));
#10505 = VECTOR('',#10506,1.);
#10506 = DIRECTION('',(0.943827814196,-2.575233119035E-16,0.330437675136
    ));
#10507 = PCURVE('',#10386,#10508);
#10508 = DEFINITIONAL_REPRESENTATION('',(#10509),#10512);
#10509 = B_SPLINE_CURVE_WITH_KNOTS('',1,(#10510,#10511),.UNSPECIFIED.,
  .F.,.F.,(2,2),(-37.11368555337,15.351673101388),
  .PIECEWISE_BEZIER_KNOTS.);
#10510 = CARTESIAN_POINT('',(34.,48.942037625467));
#10511 = CARTESIAN_POINT('',(3.774680338415,6.057962374533));
#10512 = ( GEOMETRIC_REPRESENTATION_CONTEXT(2) 
PARAMETRIC_REPRESENTATION_CONTEXT() REPRESENTATION_CONTEXT('2D SPACE',''
  ) );
#10513 = PCURVE('',#10417,#10514);
#10514 = DEFINITIONAL_REPRESENTATION('',(#10515),#10518);
#10515 = B_SPLINE_CURVE_WITH_KNOTS('',1,(#10516,#10517),.UNSPECIFIED.,
  .F.,.F.,(2,2),(-37.11368555337,15.351673101388),
  .PIECEWISE_BEZIER_KNOTS.);
#10516 = CARTESIAN_POINT('',(34.,6.057962374533));
#10517 = CARTESIAN_POINT('',(3.774680338415,48.942037625467));
#10518 = ( GEOMETRIC_REPRESENTATION_CONTEXT(2) 
PARAMETRIC_REPRESENTATION_CONTEXT() REPRESENTATION_CONTEXT('2D SPACE',''
  ) );
#10519 = ORIENTED_EDGE('',*,*,#10479,.F.);
#10520 = ORIENTED_EDGE('',*,*,#10372,.T.);
#10521 = ADVANCED_FACE('',(#10522),#10417,.F.);
#10522 = FACE_BOUND('',#10523,.F.);
#10523 = EDGE_LOOP('',(#10524,#10525,#10526));
#10524 = ORIENTED_EDGE('',*,*,#10501,.F.);
#10525 = ORIENTED_EDGE('',*,*,#10403,.T.);
#10526 = ORIENTED_EDGE('',*,*,#10457,.F.);
#10527 = ( GEOMETRIC_REPRESENTATION_CONTEXT(3) 
GLOBAL_UNCERTAINTY_ASSIGNED_CONTEXT((#10531)) 
GLOBAL_UNIT_ASSIGNED_CONTEXT((#10528,#10529,#10530)) 
REPRESENTATION_CONTEXT('Context #1',
  '3D Context with UNIT and UNCERTAINTY') );
#10528 = ( LENGTH_UNIT() NAMED_UNIT(*) SI_UNIT(.MILLI.,.METRE.) );
#10529 = ( NAMED_UNIT(*) PLANE_ANGLE_UNIT() SI_UNIT($,.RADIAN.) );
#10530 = ( NAMED_UNIT(*) SI_UNIT($,.STERADIAN.) SOLID_ANGLE_UNIT() );
#10531 = UNCERTAINTY_MEASURE_WITH_UNIT(LENGTH_MEASURE(2.E-07),#10528,
  'distance_accuracy_value','confusion accuracy');
#10532 = PRODUCT_RELATED_PRODUCT_CATEGORY('part',$,(#7));

#10533=DESCRIPTIVE_REPRESENTATION_ITEM('cadgen:generator','cadgen');
#10534=REPRESENTATION('cadgen:generator',(#10533),#10527);
#10535=PROPERTY_DEFINITION('cadgen metadata','cadgen:generator',#5);
#10536=PROPERTY_DEFINITION_REPRESENTATION(#10535,#10534);
#10537=DESCRIPTIVE_REPRESENTATION_ITEM('cadgen:entryKind','part');
#10538=REPRESENTATION('cadgen:entryKind',(#10537),#10527);
#10539=PROPERTY_DEFINITION('cadgen metadata','cadgen:entryKind',#5);
#10540=PROPERTY_DEFINITION_REPRESENTATION(#10539,#10538);
#10541=DESCRIPTIVE_REPRESENTATION_ITEM('cadgen:sourcePath','nexus16007_chassis.step.py');
#10542=REPRESENTATION('cadgen:sourcePath',(#10541),#10527);
#10543=PROPERTY_DEFINITION('cadgen metadata','cadgen:sourcePath',#5);
#10544=PROPERTY_DEFINITION_REPRESENTATION(#10543,#10542);
#10545=DESCRIPTIVE_REPRESENTATION_ITEM('cadgen:sourceHash','d79b84de08549a2e0e0069cc531e828c8c93022d30ac9ad8627203cdd275840d');
#10546=REPRESENTATION('cadgen:sourceHash',(#10545),#10527);
#10547=PROPERTY_DEFINITION('cadgen metadata','cadgen:sourceHash',#5);
#10548=PROPERTY_DEFINITION_REPRESENTATION(#10547,#10546);
ENDSEC;
END-ISO-10303-21;
