ISO-10303-21;
HEADER;
FILE_DESCRIPTION(('Open CASCADE Model'),'2;1');
FILE_NAME('radial_ramp_chassis','2026-09-03T08:00:39',('Author'),(
    'Open CASCADE'),'Open CASCADE STEP processor 7.9','build123d',
  'Unknown');
FILE_SCHEMA(('AUTOMOTIVE_DESIGN { 1 0 10303 214 1 1 1 1 }'));
ENDSEC;
DATA;
#1 = APPLICATION_PROTOCOL_DEFINITION('international standard',
  'automotive_design',2000,#2);
#2 = APPLICATION_CONTEXT(
  'core data for automotive mechanical design processes');
#3 = SHAPE_DEFINITION_REPRESENTATION(#4,#10);
#4 = PRODUCT_DEFINITION_SHAPE('','',#5);
#5 = PRODUCT_DEFINITION('design','',#6,#9);
#6 = PRODUCT_DEFINITION_FORMATION('','',#7);
#7 = PRODUCT('radial_ramp_chassis','radial_ramp_chassis','',(#8));
#8 = PRODUCT_CONTEXT('',#2,'mechanical');
#9 = PRODUCT_DEFINITION_CONTEXT('part definition',#2,'design');
#10 = ADVANCED_BREP_SHAPE_REPRESENTATION('',(#11,#15),#4119);
#11 = AXIS2_PLACEMENT_3D('',#12,#13,#14);
#12 = CARTESIAN_POINT('',(0.,0.,0.));
#13 = DIRECTION('',(0.,0.,1.));
#14 = DIRECTION('',(1.,0.,-0.));
#15 = MANIFOLD_SOLID_BREP('',#16);
#16 = CLOSED_SHELL('',(#17,#135,#209,#1340,#1389,#1530,#1743,#1798,#1848
    ,#1898,#1948,#2342,#2391,#2517,#2566,#2593,#2719,#2769,#2819,#3083,
    #3132,#3236,#3285,#3312,#3416,#3466,#3516,#3597,#3678,#3728,#3778,
    #3805,#3832,#3881,#3946,#3973,#4000,#4065,#4092));
#17 = ADVANCED_FACE('',(#18),#32,.T.);
#18 = FACE_BOUND('',#19,.T.);
#19 = EDGE_LOOP('',(#20,#55,#83,#111));
#20 = ORIENTED_EDGE('',*,*,#21,.F.);
#21 = EDGE_CURVE('',#22,#24,#26,.T.);
#22 = VERTEX_POINT('',#23);
#23 = CARTESIAN_POINT('',(20.,-29.,4.5));
#24 = VERTEX_POINT('',#25);
#25 = CARTESIAN_POINT('',(20.,-29.,4.));
#26 = SURFACE_CURVE('',#27,(#31,#43),.PCURVE_S1.);
#27 = LINE('',#28,#29);
#28 = CARTESIAN_POINT('',(20.,-29.,4.5));
#29 = VECTOR('',#30,1.);
#30 = DIRECTION('',(0.,0.,-1.));
#31 = PCURVE('',#32,#37);
#32 = PLANE('',#33);
#33 = AXIS2_PLACEMENT_3D('',#34,#35,#36);
#34 = CARTESIAN_POINT('',(20.,-29.,4.5));
#35 = DIRECTION('',(-1.,0.,0.));
#36 = DIRECTION('',(0.,0.,-1.));
#37 = DEFINITIONAL_REPRESENTATION('',(#38),#42);
#38 = LINE('',#39,#40);
#39 = CARTESIAN_POINT('',(0.,-0.));
#40 = VECTOR('',#41,1.);
#41 = DIRECTION('',(1.,0.));
#42 = ( GEOMETRIC_REPRESENTATION_CONTEXT(2) 
PARAMETRIC_REPRESENTATION_CONTEXT() REPRESENTATION_CONTEXT('2D SPACE',''
  ) );
#43 = PCURVE('',#44,#49);
#44 = PLANE('',#45);
#45 = AXIS2_PLACEMENT_3D('',#46,#47,#48);
#46 = CARTESIAN_POINT('',(37.369976687203,-29.,18.115366215361));
#47 = DIRECTION('',(0.,-1.,-0.));
#48 = DIRECTION('',(0.,0.,-1.));
#49 = DEFINITIONAL_REPRESENTATION('',(#50),#54);
#50 = LINE('',#51,#52);
#51 = CARTESIAN_POINT('',(13.615366215361,-17.3699766872));
#52 = VECTOR('',#53,1.);
#53 = DIRECTION('',(1.,0.));
#54 = ( GEOMETRIC_REPRESENTATION_CONTEXT(2) 
PARAMETRIC_REPRESENTATION_CONTEXT() REPRESENTATION_CONTEXT('2D SPACE',''
  ) );
#55 = ORIENTED_EDGE('',*,*,#56,.T.);
#56 = EDGE_CURVE('',#22,#57,#59,.T.);
#57 = VERTEX_POINT('',#58);
#58 = CARTESIAN_POINT('',(20.,29.,4.5));
#59 = SURFACE_CURVE('',#60,(#64,#71),.PCURVE_S1.);
#60 = LINE('',#61,#62);
#61 = CARTESIAN_POINT('',(20.,-29.,4.5));
#62 = VECTOR('',#63,1.);
#63 = DIRECTION('',(0.,1.,0.));
#64 = PCURVE('',#32,#65);
#65 = DEFINITIONAL_REPRESENTATION('',(#66),#70);
#66 = LINE('',#67,#68);
#67 = CARTESIAN_POINT('',(0.,-0.));
#68 = VECTOR('',#69,1.);
#69 = DIRECTION('',(0.,-1.));
#70 = ( GEOMETRIC_REPRESENTATION_CONTEXT(2) 
PARAMETRIC_REPRESENTATION_CONTEXT() REPRESENTATION_CONTEXT('2D SPACE',''
  ) );
#71 = PCURVE('',#72,#77);
#72 = PLANE('',#73);
#73 = AXIS2_PLACEMENT_3D('',#74,#75,#76);
#74 = CARTESIAN_POINT('',(46.,-29.,41.631848175295));
#75 = DIRECTION('',(-0.819152044289,0.,0.573576436351));
#76 = DIRECTION('',(-0.573576436351,0.,-0.819152044289));
#77 = DEFINITIONAL_REPRESENTATION('',(#78),#82);
#78 = LINE('',#79,#80);
#79 = CARTESIAN_POINT('',(45.329616686149,0.));
#80 = VECTOR('',#81,1.);
#81 = DIRECTION('',(0.,-1.));
#82 = ( GEOMETRIC_REPRESENTATION_CONTEXT(2) 
PARAMETRIC_REPRESENTATION_CONTEXT() REPRESENTATION_CONTEXT('2D SPACE',''
  ) );
#83 = ORIENTED_EDGE('',*,*,#84,.T.);
#84 = EDGE_CURVE('',#57,#85,#87,.T.);
#85 = VERTEX_POINT('',#86);
#86 = CARTESIAN_POINT('',(20.,29.,4.));
#87 = SURFACE_CURVE('',#88,(#92,#99),.PCURVE_S1.);
#88 = LINE('',#89,#90);
#89 = CARTESIAN_POINT('',(20.,29.,4.5));
#90 = VECTOR('',#91,1.);
#91 = DIRECTION('',(0.,0.,-1.));
#92 = PCURVE('',#32,#93);
#93 = DEFINITIONAL_REPRESENTATION('',(#94),#98);
#94 = LINE('',#95,#96);
#95 = CARTESIAN_POINT('',(0.,-58.));
#96 = VECTOR('',#97,1.);
#97 = DIRECTION('',(1.,0.));
#98 = ( GEOMETRIC_REPRESENTATION_CONTEXT(2) 
PARAMETRIC_REPRESENTATION_CONTEXT() REPRESENTATION_CONTEXT('2D SPACE',''
  ) );
#99 = PCURVE('',#100,#105);
#100 = PLANE('',#101);
#101 = AXIS2_PLACEMENT_3D('',#102,#103,#104);
#102 = CARTESIAN_POINT('',(37.369976687203,29.,18.115366215361));
#103 = DIRECTION('',(0.,-1.,-0.));
#104 = DIRECTION('',(0.,0.,-1.));
#105 = DEFINITIONAL_REPRESENTATION('',(#106),#110);
#106 = LINE('',#107,#108);
#107 = CARTESIAN_POINT('',(13.615366215361,-17.3699766872));
#108 = VECTOR('',#109,1.);
#109 = DIRECTION('',(1.,0.));
#110 = ( GEOMETRIC_REPRESENTATION_CONTEXT(2) 
PARAMETRIC_REPRESENTATION_CONTEXT() REPRESENTATION_CONTEXT('2D SPACE',''
  ) );
#111 = ORIENTED_EDGE('',*,*,#112,.T.);
#112 = EDGE_CURVE('',#85,#24,#113,.T.);
#113 = SURFACE_CURVE('',#114,(#118,#124),.PCURVE_S1.);
#114 = LINE('',#115,#116);
#115 = CARTESIAN_POINT('',(20.,-14.5,4.));
#116 = VECTOR('',#117,1.);
#117 = DIRECTION('',(0.,-1.,0.));
#118 = PCURVE('',#32,#119);
#119 = DEFINITIONAL_REPRESENTATION('',(#120),#123);
#120 = B_SPLINE_CURVE_WITH_KNOTS('',1,(#121,#122),.UNSPECIFIED.,.F.,.F.,
  (2,2),(-43.5,14.5),.PIECEWISE_BEZIER_KNOTS.);
#121 = CARTESIAN_POINT('',(0.5,-58.));
#122 = CARTESIAN_POINT('',(0.5,0.));
#123 = ( GEOMETRIC_REPRESENTATION_CONTEXT(2) 
PARAMETRIC_REPRESENTATION_CONTEXT() REPRESENTATION_CONTEXT('2D SPACE',''
  ) );
#124 = PCURVE('',#125,#130);
#125 = PLANE('',#126);
#126 = AXIS2_PLACEMENT_3D('',#127,#128,#129);
#127 = CARTESIAN_POINT('',(0.,0.,4.));
#128 = DIRECTION('',(0.,0.,1.));
#129 = DIRECTION('',(1.,0.,-0.));
#130 = DEFINITIONAL_REPRESENTATION('',(#131),#134);
#131 = B_SPLINE_CURVE_WITH_KNOTS('',1,(#132,#133),.UNSPECIFIED.,.F.,.F.,
  (2,2),(-43.5,14.5),.PIECEWISE_BEZIER_KNOTS.);
#132 = CARTESIAN_POINT('',(20.,29.));
#133 = CARTESIAN_POINT('',(20.,-29.));
#134 = ( GEOMETRIC_REPRESENTATION_CONTEXT(2) 
PARAMETRIC_REPRESENTATION_CONTEXT() REPRESENTATION_CONTEXT('2D SPACE',''
  ) );
#135 = ADVANCED_FACE('',(#136),#44,.T.);
#136 = FACE_BOUND('',#137,.T.);
#137 = EDGE_LOOP('',(#138,#139,#160,#188));
#138 = ORIENTED_EDGE('',*,*,#21,.T.);
#139 = ORIENTED_EDGE('',*,*,#140,.T.);
#140 = EDGE_CURVE('',#24,#141,#143,.T.);
#141 = VERTEX_POINT('',#142);
#142 = CARTESIAN_POINT('',(46.,-29.,4.));
#143 = SURFACE_CURVE('',#144,(#148,#154),.PCURVE_S1.);
#144 = LINE('',#145,#146);
#145 = CARTESIAN_POINT('',(18.684988343602,-29.,4.));
#146 = VECTOR('',#147,1.);
#147 = DIRECTION('',(1.,0.,-0.));
#148 = PCURVE('',#44,#149);
#149 = DEFINITIONAL_REPRESENTATION('',(#150),#153);
#150 = B_SPLINE_CURVE_WITH_KNOTS('',1,(#151,#152),.UNSPECIFIED.,.F.,.F.,
  (2,2),(1.315011656398,27.315011656398),.PIECEWISE_BEZIER_KNOTS.);
#151 = CARTESIAN_POINT('',(14.115366215361,-17.3699766872));
#152 = CARTESIAN_POINT('',(14.115366215361,8.630023312797));
#153 = ( GEOMETRIC_REPRESENTATION_CONTEXT(2) 
PARAMETRIC_REPRESENTATION_CONTEXT() REPRESENTATION_CONTEXT('2D SPACE',''
  ) );
#154 = PCURVE('',#125,#155);
#155 = DEFINITIONAL_REPRESENTATION('',(#156),#159);
#156 = B_SPLINE_CURVE_WITH_KNOTS('',1,(#157,#158),.UNSPECIFIED.,.F.,.F.,
  (2,2),(1.315011656398,27.315011656398),.PIECEWISE_BEZIER_KNOTS.);
#157 = CARTESIAN_POINT('',(20.,-29.));
#158 = CARTESIAN_POINT('',(46.,-29.));
#159 = ( GEOMETRIC_REPRESENTATION_CONTEXT(2) 
PARAMETRIC_REPRESENTATION_CONTEXT() REPRESENTATION_CONTEXT('2D SPACE',''
  ) );
#160 = ORIENTED_EDGE('',*,*,#161,.T.);
#161 = EDGE_CURVE('',#141,#162,#164,.T.);
#162 = VERTEX_POINT('',#163);
#163 = CARTESIAN_POINT('',(46.,-29.,41.631848175295));
#164 = SURFACE_CURVE('',#165,(#169,#176),.PCURVE_S1.);
#165 = LINE('',#166,#167);
#166 = CARTESIAN_POINT('',(46.,-29.,3.5));
#167 = VECTOR('',#168,1.);
#168 = DIRECTION('',(0.,0.,1.));
#169 = PCURVE('',#44,#170);
#170 = DEFINITIONAL_REPRESENTATION('',(#171),#175);
#171 = LINE('',#172,#173);
#172 = CARTESIAN_POINT('',(14.615366215361,8.630023312797));
#173 = VECTOR('',#174,1.);
#174 = DIRECTION('',(-1.,0.));
#175 = ( GEOMETRIC_REPRESENTATION_CONTEXT(2) 
PARAMETRIC_REPRESENTATION_CONTEXT() REPRESENTATION_CONTEXT('2D SPACE',''
  ) );
#176 = PCURVE('',#177,#182);
#177 = PLANE('',#178);
#178 = AXIS2_PLACEMENT_3D('',#179,#180,#181);
#179 = CARTESIAN_POINT('',(46.,-29.,3.5));
#180 = DIRECTION('',(1.,0.,0.));
#181 = DIRECTION('',(0.,0.,1.));
#182 = DEFINITIONAL_REPRESENTATION('',(#183),#187);
#183 = LINE('',#184,#185);
#184 = CARTESIAN_POINT('',(0.,0.));
#185 = VECTOR('',#186,1.);
#186 = DIRECTION('',(1.,0.));
#187 = ( GEOMETRIC_REPRESENTATION_CONTEXT(2) 
PARAMETRIC_REPRESENTATION_CONTEXT() REPRESENTATION_CONTEXT('2D SPACE',''
  ) );
#188 = ORIENTED_EDGE('',*,*,#189,.T.);
#189 = EDGE_CURVE('',#162,#22,#190,.T.);
#190 = SURFACE_CURVE('',#191,(#195,#202),.PCURVE_S1.);
#191 = LINE('',#192,#193);
#192 = CARTESIAN_POINT('',(46.,-29.,41.631848175295));
#193 = VECTOR('',#194,1.);
#194 = DIRECTION('',(-0.573576436351,0.,-0.819152044289));
#195 = PCURVE('',#44,#196);
#196 = DEFINITIONAL_REPRESENTATION('',(#197),#201);
#197 = LINE('',#198,#199);
#198 = CARTESIAN_POINT('',(-23.51648195993,8.630023312797));
#199 = VECTOR('',#200,1.);
#200 = DIRECTION('',(0.819152044289,-0.573576436351));
#201 = ( GEOMETRIC_REPRESENTATION_CONTEXT(2) 
PARAMETRIC_REPRESENTATION_CONTEXT() REPRESENTATION_CONTEXT('2D SPACE',''
  ) );
#202 = PCURVE('',#72,#203);
#203 = DEFINITIONAL_REPRESENTATION('',(#204),#208);
#204 = LINE('',#205,#206);
#205 = CARTESIAN_POINT('',(0.,0.));
#206 = VECTOR('',#207,1.);
#207 = DIRECTION('',(1.,0.));
#208 = ( GEOMETRIC_REPRESENTATION_CONTEXT(2) 
PARAMETRIC_REPRESENTATION_CONTEXT() REPRESENTATION_CONTEXT('2D SPACE',''
  ) );
#209 = ADVANCED_FACE('',(#210,#241,#272,#303,#334,#696,#727,#758,#1018,
    #1049,#1080,#1278,#1309),#125,.T.);
#210 = FACE_BOUND('',#211,.T.);
#211 = EDGE_LOOP('',(#212));
#212 = ORIENTED_EDGE('',*,*,#213,.T.);
#213 = EDGE_CURVE('',#214,#214,#216,.T.);
#214 = VERTEX_POINT('',#215);
#215 = CARTESIAN_POINT('',(70.,-1.714505518806E-14,4.));
#216 = SURFACE_CURVE('',#217,(#222,#229),.PCURVE_S1.);
#217 = CIRCLE('',#218,70.);
#218 = AXIS2_PLACEMENT_3D('',#219,#220,#221);
#219 = CARTESIAN_POINT('',(0.,0.,4.));
#220 = DIRECTION('',(0.,0.,1.));
#221 = DIRECTION('',(1.,0.,-0.));
#222 = PCURVE('',#125,#223);
#223 = DEFINITIONAL_REPRESENTATION('',(#224),#228);
#224 = CIRCLE('',#225,70.);
#225 = AXIS2_PLACEMENT_2D('',#226,#227);
#226 = CARTESIAN_POINT('',(0.,0.));
#227 = DIRECTION('',(1.,0.));
#228 = ( GEOMETRIC_REPRESENTATION_CONTEXT(2) 
PARAMETRIC_REPRESENTATION_CONTEXT() REPRESENTATION_CONTEXT('2D SPACE',''
  ) );
#229 = PCURVE('',#230,#235);
#230 = CYLINDRICAL_SURFACE('',#231,70.);
#231 = AXIS2_PLACEMENT_3D('',#232,#233,#234);
#232 = CARTESIAN_POINT('',(0.,0.,0.));
#233 = DIRECTION('',(0.,0.,1.));
#234 = DIRECTION('',(1.,0.,-0.));
#235 = DEFINITIONAL_REPRESENTATION('',(#236),#240);
#236 = LINE('',#237,#238);
#237 = CARTESIAN_POINT('',(0.,4.));
#238 = VECTOR('',#239,1.);
#239 = DIRECTION('',(1.,0.));
#240 = ( GEOMETRIC_REPRESENTATION_CONTEXT(2) 
PARAMETRIC_REPRESENTATION_CONTEXT() REPRESENTATION_CONTEXT('2D SPACE',''
  ) );
#241 = FACE_BOUND('',#242,.T.);
#242 = EDGE_LOOP('',(#243));
#243 = ORIENTED_EDGE('',*,*,#244,.F.);
#244 = EDGE_CURVE('',#245,#245,#247,.T.);
#245 = VERTEX_POINT('',#246);
#246 = CARTESIAN_POINT('',(2.25,-62.,4.));
#247 = SURFACE_CURVE('',#248,(#253,#260),.PCURVE_S1.);
#248 = CIRCLE('',#249,2.25);
#249 = AXIS2_PLACEMENT_3D('',#250,#251,#252);
#250 = CARTESIAN_POINT('',(-1.138921523207E-14,-62.,4.));
#251 = DIRECTION('',(0.,0.,1.));
#252 = DIRECTION('',(1.,0.,-0.));
#253 = PCURVE('',#125,#254);
#254 = DEFINITIONAL_REPRESENTATION('',(#255),#259);
#255 = CIRCLE('',#256,2.25);
#256 = AXIS2_PLACEMENT_2D('',#257,#258);
#257 = CARTESIAN_POINT('',(-1.138921523207E-14,-62.));
#258 = DIRECTION('',(1.,0.));
#259 = ( GEOMETRIC_REPRESENTATION_CONTEXT(2) 
PARAMETRIC_REPRESENTATION_CONTEXT() REPRESENTATION_CONTEXT('2D SPACE',''
  ) );
#260 = PCURVE('',#261,#266);
#261 = CYLINDRICAL_SURFACE('',#262,2.25);
#262 = AXIS2_PLACEMENT_3D('',#263,#264,#265);
#263 = CARTESIAN_POINT('',(-1.138921523207E-14,-62.,-1.));
#264 = DIRECTION('',(0.,0.,1.));
#265 = DIRECTION('',(1.,0.,-0.));
#266 = DEFINITIONAL_REPRESENTATION('',(#267),#271);
#267 = LINE('',#268,#269);
#268 = CARTESIAN_POINT('',(0.,5.));
#269 = VECTOR('',#270,1.);
#270 = DIRECTION('',(1.,0.));
#271 = ( GEOMETRIC_REPRESENTATION_CONTEXT(2) 
PARAMETRIC_REPRESENTATION_CONTEXT() REPRESENTATION_CONTEXT('2D SPACE',''
  ) );
#272 = FACE_BOUND('',#273,.T.);
#273 = EDGE_LOOP('',(#274));
#274 = ORIENTED_EDGE('',*,*,#275,.F.);
#275 = EDGE_CURVE('',#276,#276,#278,.T.);
#276 = VERTEX_POINT('',#277);
#277 = CARTESIAN_POINT('',(-22.,-46.76537180436,4.));
#278 = SURFACE_CURVE('',#279,(#284,#291),.PCURVE_S1.);
#279 = CIRCLE('',#280,5.);
#280 = AXIS2_PLACEMENT_3D('',#281,#282,#283);
#281 = CARTESIAN_POINT('',(-27.,-46.76537180436,4.));
#282 = DIRECTION('',(0.,0.,1.));
#283 = DIRECTION('',(1.,0.,-0.));
#284 = PCURVE('',#125,#285);
#285 = DEFINITIONAL_REPRESENTATION('',(#286),#290);
#286 = CIRCLE('',#287,5.);
#287 = AXIS2_PLACEMENT_2D('',#288,#289);
#288 = CARTESIAN_POINT('',(-27.,-46.76537180436));
#289 = DIRECTION('',(1.,0.));
#290 = ( GEOMETRIC_REPRESENTATION_CONTEXT(2) 
PARAMETRIC_REPRESENTATION_CONTEXT() REPRESENTATION_CONTEXT('2D SPACE',''
  ) );
#291 = PCURVE('',#292,#297);
#292 = CYLINDRICAL_SURFACE('',#293,5.);
#293 = AXIS2_PLACEMENT_3D('',#294,#295,#296);
#294 = CARTESIAN_POINT('',(-27.,-46.76537180436,-1.));
#295 = DIRECTION('',(0.,0.,1.));
#296 = DIRECTION('',(1.,0.,-0.));
#297 = DEFINITIONAL_REPRESENTATION('',(#298),#302);
#298 = LINE('',#299,#300);
#299 = CARTESIAN_POINT('',(0.,5.));
#300 = VECTOR('',#301,1.);
#301 = DIRECTION('',(1.,0.));
#302 = ( GEOMETRIC_REPRESENTATION_CONTEXT(2) 
PARAMETRIC_REPRESENTATION_CONTEXT() REPRESENTATION_CONTEXT('2D SPACE',''
  ) );
#303 = FACE_BOUND('',#304,.T.);
#304 = EDGE_LOOP('',(#305));
#305 = ORIENTED_EDGE('',*,*,#306,.F.);
#306 = EDGE_CURVE('',#307,#307,#309,.T.);
#307 = VERTEX_POINT('',#308);
#308 = CARTESIAN_POINT('',(-51.44357503463,-31.,4.));
#309 = SURFACE_CURVE('',#310,(#315,#322),.PCURVE_S1.);
#310 = CIRCLE('',#311,2.25);
#311 = AXIS2_PLACEMENT_3D('',#312,#313,#314);
#312 = CARTESIAN_POINT('',(-53.69357503463,-31.,4.));
#313 = DIRECTION('',(0.,0.,1.));
#314 = DIRECTION('',(1.,0.,-0.));
#315 = PCURVE('',#125,#316);
#316 = DEFINITIONAL_REPRESENTATION('',(#317),#321);
#317 = CIRCLE('',#318,2.25);
#318 = AXIS2_PLACEMENT_2D('',#319,#320);
#319 = CARTESIAN_POINT('',(-53.69357503463,-31.));
#320 = DIRECTION('',(1.,0.));
#321 = ( GEOMETRIC_REPRESENTATION_CONTEXT(2) 
PARAMETRIC_REPRESENTATION_CONTEXT() REPRESENTATION_CONTEXT('2D SPACE',''
  ) );
#322 = PCURVE('',#323,#328);
#323 = CYLINDRICAL_SURFACE('',#324,2.25);
#324 = AXIS2_PLACEMENT_3D('',#325,#326,#327);
#325 = CARTESIAN_POINT('',(-53.69357503463,-31.,-1.));
#326 = DIRECTION('',(0.,0.,1.));
#327 = DIRECTION('',(1.,0.,-0.));
#328 = DEFINITIONAL_REPRESENTATION('',(#329),#333);
#329 = LINE('',#330,#331);
#330 = CARTESIAN_POINT('',(0.,5.));
#331 = VECTOR('',#332,1.);
#332 = DIRECTION('',(1.,0.));
#333 = ( GEOMETRIC_REPRESENTATION_CONTEXT(2) 
PARAMETRIC_REPRESENTATION_CONTEXT() REPRESENTATION_CONTEXT('2D SPACE',''
  ) );
#334 = FACE_BOUND('',#335,.T.);
#335 = EDGE_LOOP('',(#336,#364,#390,#416,#442,#463,#519,#570,#591,#647)
  );
#336 = ORIENTED_EDGE('',*,*,#337,.F.);
#337 = EDGE_CURVE('',#338,#340,#342,.T.);
#338 = VERTEX_POINT('',#339);
#339 = CARTESIAN_POINT('',(-48.11473670974,-25.33716857408,4.));
#340 = VERTEX_POINT('',#341);
#341 = CARTESIAN_POINT('',(-45.67505384764,-26.74572013125,4.));
#342 = SURFACE_CURVE('',#343,(#347,#353),.PCURVE_S1.);
#343 = LINE('',#344,#345);
#344 = CARTESIAN_POINT('',(-35.55736835487,-32.58716857408,4.));
#345 = VECTOR('',#346,1.);
#346 = DIRECTION('',(0.866025403784,-0.5,0.));
#347 = PCURVE('',#125,#348);
#348 = DEFINITIONAL_REPRESENTATION('',(#349),#352);
#349 = B_SPLINE_CURVE_WITH_KNOTS('',1,(#350,#351),.UNSPECIFIED.,.F.,.F.,
  (2,2),(-14.5,43.5),.PIECEWISE_BEZIER_KNOTS.);
#350 = CARTESIAN_POINT('',(-48.11473670974,-25.33716857408));
#351 = CARTESIAN_POINT('',(2.114736709749,-54.33716857408));
#352 = ( GEOMETRIC_REPRESENTATION_CONTEXT(2) 
PARAMETRIC_REPRESENTATION_CONTEXT() REPRESENTATION_CONTEXT('2D SPACE',''
  ) );
#353 = PCURVE('',#354,#359);
#354 = PLANE('',#355);
#355 = AXIS2_PLACEMENT_3D('',#356,#357,#358);
#356 = CARTESIAN_POINT('',(-48.11473670974,-25.33716857408,3.5));
#357 = DIRECTION('',(-0.5,-0.866025403784,0.));
#358 = DIRECTION('',(0.,0.,1.));
#359 = DEFINITIONAL_REPRESENTATION('',(#360),#363);
#360 = B_SPLINE_CURVE_WITH_KNOTS('',1,(#361,#362),.UNSPECIFIED.,.F.,.F.,
  (2,2),(-14.5,43.5),.PIECEWISE_BEZIER_KNOTS.);
#361 = CARTESIAN_POINT('',(0.5,0.));
#362 = CARTESIAN_POINT('',(0.5,-58.));
#363 = ( GEOMETRIC_REPRESENTATION_CONTEXT(2) 
PARAMETRIC_REPRESENTATION_CONTEXT() REPRESENTATION_CONTEXT('2D SPACE',''
  ) );
#364 = ORIENTED_EDGE('',*,*,#365,.F.);
#365 = EDGE_CURVE('',#366,#338,#368,.T.);
#366 = VERTEX_POINT('',#367);
#367 = CARTESIAN_POINT('',(-35.11473670974,-2.820508075689,4.));
#368 = SURFACE_CURVE('',#369,(#373,#379),.PCURVE_S1.);
#369 = LINE('',#370,#371);
#370 = CARTESIAN_POINT('',(-34.45723088155,-1.681674574975,4.));
#371 = VECTOR('',#372,1.);
#372 = DIRECTION('',(-0.5,-0.866025403784,0.));
#373 = PCURVE('',#125,#374);
#374 = DEFINITIONAL_REPRESENTATION('',(#375),#378);
#375 = B_SPLINE_CURVE_WITH_KNOTS('',1,(#376,#377),.UNSPECIFIED.,.F.,.F.,
  (2,2),(1.315011656398,27.315011656398),.PIECEWISE_BEZIER_KNOTS.);
#376 = CARTESIAN_POINT('',(-35.11473670974,-2.820508075689));
#377 = CARTESIAN_POINT('',(-48.11473670974,-25.33716857408));
#378 = ( GEOMETRIC_REPRESENTATION_CONTEXT(2) 
PARAMETRIC_REPRESENTATION_CONTEXT() REPRESENTATION_CONTEXT('2D SPACE',''
  ) );
#379 = PCURVE('',#380,#385);
#380 = PLANE('',#381);
#381 = AXIS2_PLACEMENT_3D('',#382,#383,#384);
#382 = CARTESIAN_POINT('',(-43.79972505335,-17.86334914995,
    18.115366215361));
#383 = DIRECTION('',(-0.866025403784,0.5,0.));
#384 = DIRECTION('',(0.,-0.,-1.));
#385 = DEFINITIONAL_REPRESENTATION('',(#386),#389);
#386 = B_SPLINE_CURVE_WITH_KNOTS('',1,(#387,#388),.UNSPECIFIED.,.F.,.F.,
  (2,2),(1.315011656398,27.315011656398),.PIECEWISE_BEZIER_KNOTS.);
#387 = CARTESIAN_POINT('',(14.115366215361,-17.3699766872));
#388 = CARTESIAN_POINT('',(14.115366215361,8.630023312797));
#389 = ( GEOMETRIC_REPRESENTATION_CONTEXT(2) 
PARAMETRIC_REPRESENTATION_CONTEXT() REPRESENTATION_CONTEXT('2D SPACE',''
  ) );
#390 = ORIENTED_EDGE('',*,*,#391,.F.);
#391 = EDGE_CURVE('',#392,#366,#394,.T.);
#392 = VERTEX_POINT('',#393);
#393 = CARTESIAN_POINT('',(15.114736709749,-31.82050807568,4.));
#394 = SURFACE_CURVE('',#395,(#399,#405),.PCURVE_S1.);
#395 = LINE('',#396,#397);
#396 = CARTESIAN_POINT('',(-22.55736835487,-10.07050807568,4.));
#397 = VECTOR('',#398,1.);
#398 = DIRECTION('',(-0.866025403784,0.5,0.));
#399 = PCURVE('',#125,#400);
#400 = DEFINITIONAL_REPRESENTATION('',(#401),#404);
#401 = B_SPLINE_CURVE_WITH_KNOTS('',1,(#402,#403),.UNSPECIFIED.,.F.,.F.,
  (2,2),(-43.5,14.5),.PIECEWISE_BEZIER_KNOTS.);
#402 = CARTESIAN_POINT('',(15.114736709749,-31.82050807568));
#403 = CARTESIAN_POINT('',(-35.11473670974,-2.820508075689));
#404 = ( GEOMETRIC_REPRESENTATION_CONTEXT(2) 
PARAMETRIC_REPRESENTATION_CONTEXT() REPRESENTATION_CONTEXT('2D SPACE',''
  ) );
#405 = PCURVE('',#406,#411);
#406 = PLANE('',#407);
#407 = AXIS2_PLACEMENT_3D('',#408,#409,#410);
#408 = CARTESIAN_POINT('',(-35.11473670974,-2.820508075689,4.5));
#409 = DIRECTION('',(0.5,0.866025403784,0.));
#410 = DIRECTION('',(0.,-0.,-1.));
#411 = DEFINITIONAL_REPRESENTATION('',(#412),#415);
#412 = B_SPLINE_CURVE_WITH_KNOTS('',1,(#413,#414),.UNSPECIFIED.,.F.,.F.,
  (2,2),(-43.5,14.5),.PIECEWISE_BEZIER_KNOTS.);
#413 = CARTESIAN_POINT('',(0.5,-58.));
#414 = CARTESIAN_POINT('',(0.5,0.));
#415 = ( GEOMETRIC_REPRESENTATION_CONTEXT(2) 
PARAMETRIC_REPRESENTATION_CONTEXT() REPRESENTATION_CONTEXT('2D SPACE',''
  ) );
#416 = ORIENTED_EDGE('',*,*,#417,.T.);
#417 = EDGE_CURVE('',#392,#418,#420,.T.);
#418 = VERTEX_POINT('',#419);
#419 = CARTESIAN_POINT('',(2.114736709749,-54.33716857408,4.));
#420 = SURFACE_CURVE('',#421,(#425,#431),.PCURVE_S1.);
#421 = LINE('',#422,#423);
#422 = CARTESIAN_POINT('',(15.772242537948,-30.68167457497,4.));
#423 = VECTOR('',#424,1.);
#424 = DIRECTION('',(-0.5,-0.866025403784,0.));
#425 = PCURVE('',#125,#426);
#426 = DEFINITIONAL_REPRESENTATION('',(#427),#430);
#427 = B_SPLINE_CURVE_WITH_KNOTS('',1,(#428,#429),.UNSPECIFIED.,.F.,.F.,
  (2,2),(1.315011656398,27.315011656398),.PIECEWISE_BEZIER_KNOTS.);
#428 = CARTESIAN_POINT('',(15.114736709749,-31.82050807568));
#429 = CARTESIAN_POINT('',(2.114736709749,-54.33716857408));
#430 = ( GEOMETRIC_REPRESENTATION_CONTEXT(2) 
PARAMETRIC_REPRESENTATION_CONTEXT() REPRESENTATION_CONTEXT('2D SPACE',''
  ) );
#431 = PCURVE('',#432,#437);
#432 = PLANE('',#433);
#433 = AXIS2_PLACEMENT_3D('',#434,#435,#436);
#434 = CARTESIAN_POINT('',(6.429748366147,-46.86334914995,
    18.115366215361));
#435 = DIRECTION('',(-0.866025403784,0.5,0.));
#436 = DIRECTION('',(0.,-0.,-1.));
#437 = DEFINITIONAL_REPRESENTATION('',(#438),#441);
#438 = B_SPLINE_CURVE_WITH_KNOTS('',1,(#439,#440),.UNSPECIFIED.,.F.,.F.,
  (2,2),(1.315011656398,27.315011656398),.PIECEWISE_BEZIER_KNOTS.);
#439 = CARTESIAN_POINT('',(14.115366215361,-17.3699766872));
#440 = CARTESIAN_POINT('',(14.115366215361,8.630023312797));
#441 = ( GEOMETRIC_REPRESENTATION_CONTEXT(2) 
PARAMETRIC_REPRESENTATION_CONTEXT() REPRESENTATION_CONTEXT('2D SPACE',''
  ) );
#442 = ORIENTED_EDGE('',*,*,#443,.F.);
#443 = EDGE_CURVE('',#444,#418,#446,.T.);
#444 = VERTEX_POINT('',#445);
#445 = CARTESIAN_POINT('',(-0.324946152356,-52.92861701691,4.));
#446 = SURFACE_CURVE('',#447,(#451,#457),.PCURVE_S1.);
#447 = LINE('',#448,#449);
#448 = CARTESIAN_POINT('',(-35.55736835487,-32.58716857408,4.));
#449 = VECTOR('',#450,1.);
#450 = DIRECTION('',(0.866025403784,-0.5,0.));
#451 = PCURVE('',#125,#452);
#452 = DEFINITIONAL_REPRESENTATION('',(#453),#456);
#453 = B_SPLINE_CURVE_WITH_KNOTS('',1,(#454,#455),.UNSPECIFIED.,.F.,.F.,
  (2,2),(-14.5,43.5),.PIECEWISE_BEZIER_KNOTS.);
#454 = CARTESIAN_POINT('',(-48.11473670974,-25.33716857408));
#455 = CARTESIAN_POINT('',(2.114736709749,-54.33716857408));
#456 = ( GEOMETRIC_REPRESENTATION_CONTEXT(2) 
PARAMETRIC_REPRESENTATION_CONTEXT() REPRESENTATION_CONTEXT('2D SPACE',''
  ) );
#457 = PCURVE('',#354,#458);
#458 = DEFINITIONAL_REPRESENTATION('',(#459),#462);
#459 = B_SPLINE_CURVE_WITH_KNOTS('',1,(#460,#461),.UNSPECIFIED.,.F.,.F.,
  (2,2),(-14.5,43.5),.PIECEWISE_BEZIER_KNOTS.);
#460 = CARTESIAN_POINT('',(0.5,0.));
#461 = CARTESIAN_POINT('',(0.5,-58.));
#462 = ( GEOMETRIC_REPRESENTATION_CONTEXT(2) 
PARAMETRIC_REPRESENTATION_CONTEXT() REPRESENTATION_CONTEXT('2D SPACE',''
  ) );
#463 = ORIENTED_EDGE('',*,*,#464,.F.);
#464 = EDGE_CURVE('',#465,#444,#467,.T.);
#465 = VERTEX_POINT('',#466);
#466 = CARTESIAN_POINT('',(-1.423491246503,-53.37721949585,4.));
#467 = SURFACE_CURVE('',#468,(#473,#480),.PCURVE_S1.);
#468 = ELLIPSE('',#469,2.527997853651,1.45);
#469 = AXIS2_PLACEMENT_3D('',#470,#471,#472);
#470 = CARTESIAN_POINT('',(-0.618335066329,-51.07098775098,4.));
#471 = DIRECTION('',(0.,0.,1.));
#472 = DIRECTION('',(0.5,0.866025403784,-0.));
#473 = PCURVE('',#125,#474);
#474 = DEFINITIONAL_REPRESENTATION('',(#475),#479);
#475 = ELLIPSE('',#476,2.527997853651,1.45);
#476 = AXIS2_PLACEMENT_2D('',#477,#478);
#477 = CARTESIAN_POINT('',(-0.618335066329,-51.07098775098));
#478 = DIRECTION('',(0.5,0.866025403784));
#479 = ( GEOMETRIC_REPRESENTATION_CONTEXT(2) 
PARAMETRIC_REPRESENTATION_CONTEXT() REPRESENTATION_CONTEXT('2D SPACE',''
  ) );
#480 = PCURVE('',#481,#486);
#481 = CYLINDRICAL_SURFACE('',#482,1.45);
#482 = AXIS2_PLACEMENT_3D('',#483,#484,#485);
#483 = CARTESIAN_POINT('',(-12.74707204903,-72.07857643666,
    -12.9852661285));
#484 = DIRECTION('',(0.409576022144,0.709406479916,0.573576436351));
#485 = DIRECTION('',(2.775557561563E-17,-0.628731263987,0.777622657646)
  );
#486 = DEFINITIONAL_REPRESENTATION('',(#487),#518);
#487 = B_SPLINE_CURVE_WITH_KNOTS('',8,(#488,#489,#490,#491,#492,#493,
    #494,#495,#496,#497,#498,#499,#500,#501,#502,#503,#504,#505,#506,
    #507,#508,#509,#510,#511,#512,#513,#514,#515,#516,#517),
  .UNSPECIFIED.,.F.,.F.,(9,7,7,7,9),(3.461380986838,5.032177313633,
    7.388371803826,8.566469048922,9.744566294018),.UNSPECIFIED.);
#488 = CARTESIAN_POINT('',(-8.881784197001E-16,27.647079395035));
#489 = CARTESIAN_POINT('',(0.196349540849,27.774901560596));
#490 = CARTESIAN_POINT('',(0.392699081698,27.989340638502));
#491 = CARTESIAN_POINT('',(0.589048622549,28.282879856536));
#492 = CARTESIAN_POINT('',(0.785398163398,28.640909552358));
#493 = CARTESIAN_POINT('',(0.981747704246,29.042555609766));
#494 = CARTESIAN_POINT('',(1.178097245096,29.46323935183));
#495 = CARTESIAN_POINT('',(1.374446785946,29.877911242469));
#496 = CARTESIAN_POINT('',(1.865320638069,30.842885006444));
#497 = CARTESIAN_POINT('',(2.159844949334,31.357332734678));
#498 = CARTESIAN_POINT('',(2.454369260632,31.730704900605));
#499 = CARTESIAN_POINT('',(2.748893571862,31.898452812369));
#500 = CARTESIAN_POINT('',(3.04341788319,31.829027171378));
#501 = CARTESIAN_POINT('',(3.337942194436,31.540425823816));
#502 = CARTESIAN_POINT('',(3.632466505713,31.087616454008));
#503 = CARTESIAN_POINT('',(4.074252972624,30.27014709093));
#504 = CARTESIAN_POINT('',(4.22151512826,29.974614763392));
#505 = CARTESIAN_POINT('',(4.3687772839,29.665044378639));
#506 = CARTESIAN_POINT('',(4.516039439535,29.351506695772));
#507 = CARTESIAN_POINT('',(4.66330159517,29.044513701722));
#508 = CARTESIAN_POINT('',(4.81056375081,28.754268429946));
#509 = CARTESIAN_POINT('',(4.957825906446,28.489948069182));
#510 = CARTESIAN_POINT('',(5.25235021772,28.028409500788));
#511 = CARTESIAN_POINT('',(5.399612373356,27.831191462066));
#512 = CARTESIAN_POINT('',(5.546874528999,27.675149181352));
#513 = CARTESIAN_POINT('',(5.694136684634,27.566360388988));
#514 = CARTESIAN_POINT('',(5.841398840266,27.508810920169));
#515 = CARTESIAN_POINT('',(5.988660995906,27.504067768263));
#516 = CARTESIAN_POINT('',(6.135923151543,27.551212770864));
#517 = CARTESIAN_POINT('',(6.28318530718,27.647079395035));
#518 = ( GEOMETRIC_REPRESENTATION_CONTEXT(2) 
PARAMETRIC_REPRESENTATION_CONTEXT() REPRESENTATION_CONTEXT('2D SPACE',''
  ) );
#519 = ORIENTED_EDGE('',*,*,#520,.F.);
#520 = EDGE_CURVE('',#521,#465,#523,.T.);
#521 = VERTEX_POINT('',#522);
#522 = CARTESIAN_POINT('',(-2.373783658423,-51.74572013125,4.));
#523 = SURFACE_CURVE('',#524,(#529,#536),.PCURVE_S1.);
#524 = ELLIPSE('',#525,2.527997853651,1.45);
#525 = AXIS2_PLACEMENT_3D('',#526,#527,#528);
#526 = CARTESIAN_POINT('',(-0.618335066329,-51.07098775098,4.));
#527 = DIRECTION('',(0.,0.,1.));
#528 = DIRECTION('',(0.5,0.866025403784,-0.));
#529 = PCURVE('',#125,#530);
#530 = DEFINITIONAL_REPRESENTATION('',(#531),#535);
#531 = ELLIPSE('',#532,2.527997853651,1.45);
#532 = AXIS2_PLACEMENT_2D('',#533,#534);
#533 = CARTESIAN_POINT('',(-0.618335066329,-51.07098775098));
#534 = DIRECTION('',(0.5,0.866025403784));
#535 = ( GEOMETRIC_REPRESENTATION_CONTEXT(2) 
PARAMETRIC_REPRESENTATION_CONTEXT() REPRESENTATION_CONTEXT('2D SPACE',''
  ) );
#536 = PCURVE('',#481,#537);
#537 = DEFINITIONAL_REPRESENTATION('',(#538),#569);
#538 = B_SPLINE_CURVE_WITH_KNOTS('',8,(#539,#540,#541,#542,#543,#544,
    #545,#546,#547,#548,#549,#550,#551,#552,#553,#554,#555,#556,#557,
    #558,#559,#560,#561,#562,#563,#564,#565,#566,#567,#568),
  .UNSPECIFIED.,.F.,.F.,(9,7,7,7,9),(3.461380986838,5.032177313633,
    7.388371803826,8.566469048922,9.744566294018),.UNSPECIFIED.);
#539 = CARTESIAN_POINT('',(-8.881784197001E-16,27.647079395035));
#540 = CARTESIAN_POINT('',(0.196349540849,27.774901560596));
#541 = CARTESIAN_POINT('',(0.392699081698,27.989340638502));
#542 = CARTESIAN_POINT('',(0.589048622549,28.282879856536));
#543 = CARTESIAN_POINT('',(0.785398163398,28.640909552358));
#544 = CARTESIAN_POINT('',(0.981747704246,29.042555609766));
#545 = CARTESIAN_POINT('',(1.178097245096,29.46323935183));
#546 = CARTESIAN_POINT('',(1.374446785946,29.877911242469));
#547 = CARTESIAN_POINT('',(1.865320638069,30.842885006444));
#548 = CARTESIAN_POINT('',(2.159844949334,31.357332734678));
#549 = CARTESIAN_POINT('',(2.454369260632,31.730704900605));
#550 = CARTESIAN_POINT('',(2.748893571862,31.898452812369));
#551 = CARTESIAN_POINT('',(3.04341788319,31.829027171378));
#552 = CARTESIAN_POINT('',(3.337942194436,31.540425823816));
#553 = CARTESIAN_POINT('',(3.632466505713,31.087616454008));
#554 = CARTESIAN_POINT('',(4.074252972624,30.27014709093));
#555 = CARTESIAN_POINT('',(4.22151512826,29.974614763392));
#556 = CARTESIAN_POINT('',(4.3687772839,29.665044378639));
#557 = CARTESIAN_POINT('',(4.516039439535,29.351506695772));
#558 = CARTESIAN_POINT('',(4.66330159517,29.044513701722));
#559 = CARTESIAN_POINT('',(4.81056375081,28.754268429946));
#560 = CARTESIAN_POINT('',(4.957825906446,28.489948069182));
#561 = CARTESIAN_POINT('',(5.25235021772,28.028409500788));
#562 = CARTESIAN_POINT('',(5.399612373356,27.831191462066));
#563 = CARTESIAN_POINT('',(5.546874528999,27.675149181352));
#564 = CARTESIAN_POINT('',(5.694136684634,27.566360388988));
#565 = CARTESIAN_POINT('',(5.841398840266,27.508810920169));
#566 = CARTESIAN_POINT('',(5.988660995906,27.504067768263));
#567 = CARTESIAN_POINT('',(6.135923151543,27.551212770864));
#568 = CARTESIAN_POINT('',(6.28318530718,27.647079395035));
#569 = ( GEOMETRIC_REPRESENTATION_CONTEXT(2) 
PARAMETRIC_REPRESENTATION_CONTEXT() REPRESENTATION_CONTEXT('2D SPACE',''
  ) );
#570 = ORIENTED_EDGE('',*,*,#571,.F.);
#571 = EDGE_CURVE('',#572,#521,#574,.T.);
#572 = VERTEX_POINT('',#573);
#573 = CARTESIAN_POINT('',(-43.62621634157,-27.92861701691,4.));
#574 = SURFACE_CURVE('',#575,(#579,#585),.PCURVE_S1.);
#575 = LINE('',#576,#577);
#576 = CARTESIAN_POINT('',(-35.55736835487,-32.58716857408,4.));
#577 = VECTOR('',#578,1.);
#578 = DIRECTION('',(0.866025403784,-0.5,0.));
#579 = PCURVE('',#125,#580);
#580 = DEFINITIONAL_REPRESENTATION('',(#581),#584);
#581 = B_SPLINE_CURVE_WITH_KNOTS('',1,(#582,#583),.UNSPECIFIED.,.F.,.F.,
  (2,2),(-14.5,43.5),.PIECEWISE_BEZIER_KNOTS.);
#582 = CARTESIAN_POINT('',(-48.11473670974,-25.33716857408));
#583 = CARTESIAN_POINT('',(2.114736709749,-54.33716857408));
#584 = ( GEOMETRIC_REPRESENTATION_CONTEXT(2) 
PARAMETRIC_REPRESENTATION_CONTEXT() REPRESENTATION_CONTEXT('2D SPACE',''
  ) );
#585 = PCURVE('',#354,#586);
#586 = DEFINITIONAL_REPRESENTATION('',(#587),#590);
#587 = B_SPLINE_CURVE_WITH_KNOTS('',1,(#588,#589),.UNSPECIFIED.,.F.,.F.,
  (2,2),(-14.5,43.5),.PIECEWISE_BEZIER_KNOTS.);
#588 = CARTESIAN_POINT('',(0.5,0.));
#589 = CARTESIAN_POINT('',(0.5,-58.));
#590 = ( GEOMETRIC_REPRESENTATION_CONTEXT(2) 
PARAMETRIC_REPRESENTATION_CONTEXT() REPRESENTATION_CONTEXT('2D SPACE',''
  ) );
#591 = ORIENTED_EDGE('',*,*,#592,.F.);
#592 = EDGE_CURVE('',#593,#572,#595,.T.);
#593 = VERTEX_POINT('',#594);
#594 = CARTESIAN_POINT('',(-44.72476143572,-28.37721949585,4.));
#595 = SURFACE_CURVE('',#596,(#601,#608),.PCURVE_S1.);
#596 = ELLIPSE('',#597,2.527997853651,1.45);
#597 = AXIS2_PLACEMENT_3D('',#598,#599,#600);
#598 = CARTESIAN_POINT('',(-43.91960525555,-26.07098775098,4.));
#599 = DIRECTION('',(0.,0.,1.));
#600 = DIRECTION('',(0.5,0.866025403784,-0.));
#601 = PCURVE('',#125,#602);
#602 = DEFINITIONAL_REPRESENTATION('',(#603),#607);
#603 = ELLIPSE('',#604,2.527997853651,1.45);
#604 = AXIS2_PLACEMENT_2D('',#605,#606);
#605 = CARTESIAN_POINT('',(-43.91960525555,-26.07098775098));
#606 = DIRECTION('',(0.5,0.866025403784));
#607 = ( GEOMETRIC_REPRESENTATION_CONTEXT(2) 
PARAMETRIC_REPRESENTATION_CONTEXT() REPRESENTATION_CONTEXT('2D SPACE',''
  ) );
#608 = PCURVE('',#609,#614);
#609 = CYLINDRICAL_SURFACE('',#610,1.45);
#610 = AXIS2_PLACEMENT_3D('',#611,#612,#613);
#611 = CARTESIAN_POINT('',(-56.04834223825,-47.07857643666,
    -12.9852661285));
#612 = DIRECTION('',(0.409576022144,0.709406479916,0.573576436351));
#613 = DIRECTION('',(2.775557561563E-17,-0.628731263987,0.777622657646)
  );
#614 = DEFINITIONAL_REPRESENTATION('',(#615),#646);
#615 = B_SPLINE_CURVE_WITH_KNOTS('',8,(#616,#617,#618,#619,#620,#621,
    #622,#623,#624,#625,#626,#627,#628,#629,#630,#631,#632,#633,#634,
    #635,#636,#637,#638,#639,#640,#641,#642,#643,#644,#645),
  .UNSPECIFIED.,.F.,.F.,(9,7,7,7,9),(3.461380986838,5.032177313633,
    7.388371803826,8.566469048922,9.744566294018),.UNSPECIFIED.);
#616 = CARTESIAN_POINT('',(0.,27.647079395035));
#617 = CARTESIAN_POINT('',(0.196349540849,27.774901560596));
#618 = CARTESIAN_POINT('',(0.392699081699,27.989340638498));
#619 = CARTESIAN_POINT('',(0.589048622548,28.282879856536));
#620 = CARTESIAN_POINT('',(0.785398163397,28.64090955235));
#621 = CARTESIAN_POINT('',(0.981747704247,29.042555609757));
#622 = CARTESIAN_POINT('',(1.178097245096,29.463239351835));
#623 = CARTESIAN_POINT('',(1.374446785946,29.877911242469));
#624 = CARTESIAN_POINT('',(1.865320638069,30.842885006444));
#625 = CARTESIAN_POINT('',(2.159844949339,31.357332734708));
#626 = CARTESIAN_POINT('',(2.454369260624,31.730704900547));
#627 = CARTESIAN_POINT('',(2.748893571872,31.898452812369));
#628 = CARTESIAN_POINT('',(3.043417883166,31.829027171261));
#629 = CARTESIAN_POINT('',(3.337942194438,31.54042582383));
#630 = CARTESIAN_POINT('',(3.632466505713,31.087616454008));
#631 = CARTESIAN_POINT('',(4.074252972624,30.27014709093));
#632 = CARTESIAN_POINT('',(4.221515128261,29.974614763392));
#633 = CARTESIAN_POINT('',(4.368777283901,29.665044378639));
#634 = CARTESIAN_POINT('',(4.516039439537,29.351506695772));
#635 = CARTESIAN_POINT('',(4.663301595172,29.044513701722));
#636 = CARTESIAN_POINT('',(4.81056375081,28.754268429946));
#637 = CARTESIAN_POINT('',(4.957825906446,28.489948069182));
#638 = CARTESIAN_POINT('',(5.25235021772,28.028409500788));
#639 = CARTESIAN_POINT('',(5.399612373358,27.831191462064));
#640 = CARTESIAN_POINT('',(5.546874528994,27.675149181351));
#641 = CARTESIAN_POINT('',(5.694136684631,27.566360388983));
#642 = CARTESIAN_POINT('',(5.841398840269,27.508810920164));
#643 = CARTESIAN_POINT('',(5.988660995905,27.504067768266));
#644 = CARTESIAN_POINT('',(6.135923151543,27.551212770864));
#645 = CARTESIAN_POINT('',(6.28318530718,27.647079395035));
#646 = ( GEOMETRIC_REPRESENTATION_CONTEXT(2) 
PARAMETRIC_REPRESENTATION_CONTEXT() REPRESENTATION_CONTEXT('2D SPACE',''
  ) );
#647 = ORIENTED_EDGE('',*,*,#648,.F.);
#648 = EDGE_CURVE('',#340,#593,#649,.T.);
#649 = SURFACE_CURVE('',#650,(#655,#662),.PCURVE_S1.);
#650 = ELLIPSE('',#651,2.527997853651,1.45);
#651 = AXIS2_PLACEMENT_3D('',#652,#653,#654);
#652 = CARTESIAN_POINT('',(-43.91960525555,-26.07098775098,4.));
#653 = DIRECTION('',(0.,0.,1.));
#654 = DIRECTION('',(0.5,0.866025403784,-0.));
#655 = PCURVE('',#125,#656);
#656 = DEFINITIONAL_REPRESENTATION('',(#657),#661);
#657 = ELLIPSE('',#658,2.527997853651,1.45);
#658 = AXIS2_PLACEMENT_2D('',#659,#660);
#659 = CARTESIAN_POINT('',(-43.91960525555,-26.07098775098));
#660 = DIRECTION('',(0.5,0.866025403784));
#661 = ( GEOMETRIC_REPRESENTATION_CONTEXT(2) 
PARAMETRIC_REPRESENTATION_CONTEXT() REPRESENTATION_CONTEXT('2D SPACE',''
  ) );
#662 = PCURVE('',#609,#663);
#663 = DEFINITIONAL_REPRESENTATION('',(#664),#695);
#664 = B_SPLINE_CURVE_WITH_KNOTS('',8,(#665,#666,#667,#668,#669,#670,
    #671,#672,#673,#674,#675,#676,#677,#678,#679,#680,#681,#682,#683,
    #684,#685,#686,#687,#688,#689,#690,#691,#692,#693,#694),
  .UNSPECIFIED.,.F.,.F.,(9,7,7,7,9),(3.461380986838,5.032177313633,
    7.388371803826,8.566469048922,9.744566294018),.UNSPECIFIED.);
#665 = CARTESIAN_POINT('',(0.,27.647079395035));
#666 = CARTESIAN_POINT('',(0.196349540849,27.774901560596));
#667 = CARTESIAN_POINT('',(0.392699081699,27.989340638498));
#668 = CARTESIAN_POINT('',(0.589048622548,28.282879856536));
#669 = CARTESIAN_POINT('',(0.785398163397,28.64090955235));
#670 = CARTESIAN_POINT('',(0.981747704247,29.042555609757));
#671 = CARTESIAN_POINT('',(1.178097245096,29.463239351835));
#672 = CARTESIAN_POINT('',(1.374446785946,29.877911242469));
#673 = CARTESIAN_POINT('',(1.865320638069,30.842885006444));
#674 = CARTESIAN_POINT('',(2.159844949339,31.357332734708));
#675 = CARTESIAN_POINT('',(2.454369260624,31.730704900547));
#676 = CARTESIAN_POINT('',(2.748893571872,31.898452812369));
#677 = CARTESIAN_POINT('',(3.043417883166,31.829027171261));
#678 = CARTESIAN_POINT('',(3.337942194438,31.54042582383));
#679 = CARTESIAN_POINT('',(3.632466505713,31.087616454008));
#680 = CARTESIAN_POINT('',(4.074252972624,30.27014709093));
#681 = CARTESIAN_POINT('',(4.221515128261,29.974614763392));
#682 = CARTESIAN_POINT('',(4.368777283901,29.665044378639));
#683 = CARTESIAN_POINT('',(4.516039439537,29.351506695772));
#684 = CARTESIAN_POINT('',(4.663301595172,29.044513701722));
#685 = CARTESIAN_POINT('',(4.81056375081,28.754268429946));
#686 = CARTESIAN_POINT('',(4.957825906446,28.489948069182));
#687 = CARTESIAN_POINT('',(5.25235021772,28.028409500788));
#688 = CARTESIAN_POINT('',(5.399612373358,27.831191462064));
#689 = CARTESIAN_POINT('',(5.546874528994,27.675149181351));
#690 = CARTESIAN_POINT('',(5.694136684631,27.566360388983));
#691 = CARTESIAN_POINT('',(5.841398840269,27.508810920164));
#692 = CARTESIAN_POINT('',(5.988660995905,27.504067768266));
#693 = CARTESIAN_POINT('',(6.135923151543,27.551212770864));
#694 = CARTESIAN_POINT('',(6.28318530718,27.647079395035));
#695 = ( GEOMETRIC_REPRESENTATION_CONTEXT(2) 
PARAMETRIC_REPRESENTATION_CONTEXT() REPRESENTATION_CONTEXT('2D SPACE',''
  ) );
#696 = FACE_BOUND('',#697,.T.);
#697 = EDGE_LOOP('',(#698));
#698 = ORIENTED_EDGE('',*,*,#699,.F.);
#699 = EDGE_CURVE('',#700,#700,#702,.T.);
#700 = VERTEX_POINT('',#701);
#701 = CARTESIAN_POINT('',(55.943575034635,-31.,4.));
#702 = SURFACE_CURVE('',#703,(#708,#715),.PCURVE_S1.);
#703 = CIRCLE('',#704,2.25);
#704 = AXIS2_PLACEMENT_3D('',#705,#706,#707);
#705 = CARTESIAN_POINT('',(53.693575034635,-31.,4.));
#706 = DIRECTION('',(0.,0.,1.));
#707 = DIRECTION('',(1.,0.,-0.));
#708 = PCURVE('',#125,#709);
#709 = DEFINITIONAL_REPRESENTATION('',(#710),#714);
#710 = CIRCLE('',#711,2.25);
#711 = AXIS2_PLACEMENT_2D('',#712,#713);
#712 = CARTESIAN_POINT('',(53.693575034635,-31.));
#713 = DIRECTION('',(1.,0.));
#714 = ( GEOMETRIC_REPRESENTATION_CONTEXT(2) 
PARAMETRIC_REPRESENTATION_CONTEXT() REPRESENTATION_CONTEXT('2D SPACE',''
  ) );
#715 = PCURVE('',#716,#721);
#716 = CYLINDRICAL_SURFACE('',#717,2.25);
#717 = AXIS2_PLACEMENT_3D('',#718,#719,#720);
#718 = CARTESIAN_POINT('',(53.693575034635,-31.,-1.));
#719 = DIRECTION('',(0.,0.,1.));
#720 = DIRECTION('',(1.,0.,-0.));
#721 = DEFINITIONAL_REPRESENTATION('',(#722),#726);
#722 = LINE('',#723,#724);
#723 = CARTESIAN_POINT('',(0.,5.));
#724 = VECTOR('',#725,1.);
#725 = DIRECTION('',(1.,0.));
#726 = ( GEOMETRIC_REPRESENTATION_CONTEXT(2) 
PARAMETRIC_REPRESENTATION_CONTEXT() REPRESENTATION_CONTEXT('2D SPACE',''
  ) );
#727 = FACE_BOUND('',#728,.T.);
#728 = EDGE_LOOP('',(#729));
#729 = ORIENTED_EDGE('',*,*,#730,.F.);
#730 = EDGE_CURVE('',#731,#731,#733,.T.);
#731 = VERTEX_POINT('',#732);
#732 = CARTESIAN_POINT('',(-51.44357503463,31.,4.));
#733 = SURFACE_CURVE('',#734,(#739,#746),.PCURVE_S1.);
#734 = CIRCLE('',#735,2.25);
#735 = AXIS2_PLACEMENT_3D('',#736,#737,#738);
#736 = CARTESIAN_POINT('',(-53.69357503463,31.,4.));
#737 = DIRECTION('',(0.,0.,1.));
#738 = DIRECTION('',(1.,0.,-0.));
#739 = PCURVE('',#125,#740);
#740 = DEFINITIONAL_REPRESENTATION('',(#741),#745);
#741 = CIRCLE('',#742,2.25);
#742 = AXIS2_PLACEMENT_2D('',#743,#744);
#743 = CARTESIAN_POINT('',(-53.69357503463,31.));
#744 = DIRECTION('',(1.,0.));
#745 = ( GEOMETRIC_REPRESENTATION_CONTEXT(2) 
PARAMETRIC_REPRESENTATION_CONTEXT() REPRESENTATION_CONTEXT('2D SPACE',''
  ) );
#746 = PCURVE('',#747,#752);
#747 = CYLINDRICAL_SURFACE('',#748,2.25);
#748 = AXIS2_PLACEMENT_3D('',#749,#750,#751);
#749 = CARTESIAN_POINT('',(-53.69357503463,31.,-1.));
#750 = DIRECTION('',(0.,0.,1.));
#751 = DIRECTION('',(1.,0.,-0.));
#752 = DEFINITIONAL_REPRESENTATION('',(#753),#757);
#753 = LINE('',#754,#755);
#754 = CARTESIAN_POINT('',(0.,5.));
#755 = VECTOR('',#756,1.);
#756 = DIRECTION('',(1.,0.));
#757 = ( GEOMETRIC_REPRESENTATION_CONTEXT(2) 
PARAMETRIC_REPRESENTATION_CONTEXT() REPRESENTATION_CONTEXT('2D SPACE',''
  ) );
#758 = FACE_BOUND('',#759,.T.);
#759 = EDGE_LOOP('',(#760,#788,#814,#840,#866,#887,#943,#964));
#760 = ORIENTED_EDGE('',*,*,#761,.F.);
#761 = EDGE_CURVE('',#762,#764,#766,.T.);
#762 = VERTEX_POINT('',#763);
#763 = CARTESIAN_POINT('',(2.114736709749,54.337168574084,4.));
#764 = VERTEX_POINT('',#765);
#765 = CARTESIAN_POINT('',(-0.324946152356,52.928617016911,4.));
#766 = SURFACE_CURVE('',#767,(#771,#777),.PCURVE_S1.);
#767 = LINE('',#768,#769);
#768 = CARTESIAN_POINT('',(-10.44263164512,47.087168574084,4.));
#769 = VECTOR('',#770,1.);
#770 = DIRECTION('',(-0.866025403784,-0.5,0.));
#771 = PCURVE('',#125,#772);
#772 = DEFINITIONAL_REPRESENTATION('',(#773),#776);
#773 = B_SPLINE_CURVE_WITH_KNOTS('',1,(#774,#775),.UNSPECIFIED.,.F.,.F.,
  (2,2),(-14.5,43.5),.PIECEWISE_BEZIER_KNOTS.);
#774 = CARTESIAN_POINT('',(2.114736709749,54.337168574084));
#775 = CARTESIAN_POINT('',(-48.11473670974,25.337168574084));
#776 = ( GEOMETRIC_REPRESENTATION_CONTEXT(2) 
PARAMETRIC_REPRESENTATION_CONTEXT() REPRESENTATION_CONTEXT('2D SPACE',''
  ) );
#777 = PCURVE('',#778,#783);
#778 = PLANE('',#779);
#779 = AXIS2_PLACEMENT_3D('',#780,#781,#782);
#780 = CARTESIAN_POINT('',(2.114736709749,54.337168574084,3.5));
#781 = DIRECTION('',(-0.5,0.866025403784,0.));
#782 = DIRECTION('',(0.,0.,1.));
#783 = DEFINITIONAL_REPRESENTATION('',(#784),#787);
#784 = B_SPLINE_CURVE_WITH_KNOTS('',1,(#785,#786),.UNSPECIFIED.,.F.,.F.,
  (2,2),(-14.5,43.5),.PIECEWISE_BEZIER_KNOTS.);
#785 = CARTESIAN_POINT('',(0.5,0.));
#786 = CARTESIAN_POINT('',(0.5,-58.));
#787 = ( GEOMETRIC_REPRESENTATION_CONTEXT(2) 
PARAMETRIC_REPRESENTATION_CONTEXT() REPRESENTATION_CONTEXT('2D SPACE',''
  ) );
#788 = ORIENTED_EDGE('',*,*,#789,.F.);
#789 = EDGE_CURVE('',#790,#762,#792,.T.);
#790 = VERTEX_POINT('',#791);
#791 = CARTESIAN_POINT('',(15.114736709749,31.820508075689,4.));
#792 = SURFACE_CURVE('',#793,(#797,#803),.PCURVE_S1.);
#793 = LINE('',#794,#795);
#794 = CARTESIAN_POINT('',(15.772242537948,30.681674574975,4.));
#795 = VECTOR('',#796,1.);
#796 = DIRECTION('',(-0.5,0.866025403784,0.));
#797 = PCURVE('',#125,#798);
#798 = DEFINITIONAL_REPRESENTATION('',(#799),#802);
#799 = B_SPLINE_CURVE_WITH_KNOTS('',1,(#800,#801),.UNSPECIFIED.,.F.,.F.,
  (2,2),(1.315011656398,27.315011656398),.PIECEWISE_BEZIER_KNOTS.);
#800 = CARTESIAN_POINT('',(15.114736709749,31.820508075689));
#801 = CARTESIAN_POINT('',(2.114736709749,54.337168574084));
#802 = ( GEOMETRIC_REPRESENTATION_CONTEXT(2) 
PARAMETRIC_REPRESENTATION_CONTEXT() REPRESENTATION_CONTEXT('2D SPACE',''
  ) );
#803 = PCURVE('',#804,#809);
#804 = PLANE('',#805);
#805 = AXIS2_PLACEMENT_3D('',#806,#807,#808);
#806 = CARTESIAN_POINT('',(6.429748366147,46.86334914995,18.115366215361
    ));
#807 = DIRECTION('',(0.866025403784,0.5,-0.));
#808 = DIRECTION('',(-0.,0.,-1.));
#809 = DEFINITIONAL_REPRESENTATION('',(#810),#813);
#810 = B_SPLINE_CURVE_WITH_KNOTS('',1,(#811,#812),.UNSPECIFIED.,.F.,.F.,
  (2,2),(1.315011656398,27.315011656398),.PIECEWISE_BEZIER_KNOTS.);
#811 = CARTESIAN_POINT('',(14.115366215361,-17.3699766872));
#812 = CARTESIAN_POINT('',(14.115366215361,8.630023312797));
#813 = ( GEOMETRIC_REPRESENTATION_CONTEXT(2) 
PARAMETRIC_REPRESENTATION_CONTEXT() REPRESENTATION_CONTEXT('2D SPACE',''
  ) );
#814 = ORIENTED_EDGE('',*,*,#815,.F.);
#815 = EDGE_CURVE('',#816,#790,#818,.T.);
#816 = VERTEX_POINT('',#817);
#817 = CARTESIAN_POINT('',(-35.11473670974,2.820508075689,4.));
#818 = SURFACE_CURVE('',#819,(#823,#829),.PCURVE_S1.);
#819 = LINE('',#820,#821);
#820 = CARTESIAN_POINT('',(2.557368354874,24.570508075689,4.));
#821 = VECTOR('',#822,1.);
#822 = DIRECTION('',(0.866025403784,0.5,-0.));
#823 = PCURVE('',#125,#824);
#824 = DEFINITIONAL_REPRESENTATION('',(#825),#828);
#825 = B_SPLINE_CURVE_WITH_KNOTS('',1,(#826,#827),.UNSPECIFIED.,.F.,.F.,
  (2,2),(-43.5,14.5),.PIECEWISE_BEZIER_KNOTS.);
#826 = CARTESIAN_POINT('',(-35.11473670974,2.820508075689));
#827 = CARTESIAN_POINT('',(15.114736709749,31.820508075689));
#828 = ( GEOMETRIC_REPRESENTATION_CONTEXT(2) 
PARAMETRIC_REPRESENTATION_CONTEXT() REPRESENTATION_CONTEXT('2D SPACE',''
  ) );
#829 = PCURVE('',#830,#835);
#830 = PLANE('',#831);
#831 = AXIS2_PLACEMENT_3D('',#832,#833,#834);
#832 = CARTESIAN_POINT('',(15.114736709749,31.820508075689,4.5));
#833 = DIRECTION('',(0.5,-0.866025403784,0.));
#834 = DIRECTION('',(-0.,0.,-1.));
#835 = DEFINITIONAL_REPRESENTATION('',(#836),#839);
#836 = B_SPLINE_CURVE_WITH_KNOTS('',1,(#837,#838),.UNSPECIFIED.,.F.,.F.,
  (2,2),(-43.5,14.5),.PIECEWISE_BEZIER_KNOTS.);
#837 = CARTESIAN_POINT('',(0.5,-58.));
#838 = CARTESIAN_POINT('',(0.5,0.));
#839 = ( GEOMETRIC_REPRESENTATION_CONTEXT(2) 
PARAMETRIC_REPRESENTATION_CONTEXT() REPRESENTATION_CONTEXT('2D SPACE',''
  ) );
#840 = ORIENTED_EDGE('',*,*,#841,.T.);
#841 = EDGE_CURVE('',#816,#842,#844,.T.);
#842 = VERTEX_POINT('',#843);
#843 = CARTESIAN_POINT('',(-48.11473670974,25.337168574084,4.));
#844 = SURFACE_CURVE('',#845,(#849,#855),.PCURVE_S1.);
#845 = LINE('',#846,#847);
#846 = CARTESIAN_POINT('',(-34.45723088155,1.681674574975,4.));
#847 = VECTOR('',#848,1.);
#848 = DIRECTION('',(-0.5,0.866025403784,0.));
#849 = PCURVE('',#125,#850);
#850 = DEFINITIONAL_REPRESENTATION('',(#851),#854);
#851 = B_SPLINE_CURVE_WITH_KNOTS('',1,(#852,#853),.UNSPECIFIED.,.F.,.F.,
  (2,2),(1.315011656398,27.315011656398),.PIECEWISE_BEZIER_KNOTS.);
#852 = CARTESIAN_POINT('',(-35.11473670974,2.820508075689));
#853 = CARTESIAN_POINT('',(-48.11473670974,25.337168574084));
#854 = ( GEOMETRIC_REPRESENTATION_CONTEXT(2) 
PARAMETRIC_REPRESENTATION_CONTEXT() REPRESENTATION_CONTEXT('2D SPACE',''
  ) );
#855 = PCURVE('',#856,#861);
#856 = PLANE('',#857);
#857 = AXIS2_PLACEMENT_3D('',#858,#859,#860);
#858 = CARTESIAN_POINT('',(-43.79972505335,17.86334914995,
    18.115366215361));
#859 = DIRECTION('',(0.866025403784,0.5,-0.));
#860 = DIRECTION('',(-0.,0.,-1.));
#861 = DEFINITIONAL_REPRESENTATION('',(#862),#865);
#862 = B_SPLINE_CURVE_WITH_KNOTS('',1,(#863,#864),.UNSPECIFIED.,.F.,.F.,
  (2,2),(1.315011656398,27.315011656398),.PIECEWISE_BEZIER_KNOTS.);
#863 = CARTESIAN_POINT('',(14.115366215361,-17.3699766872));
#864 = CARTESIAN_POINT('',(14.115366215361,8.630023312797));
#865 = ( GEOMETRIC_REPRESENTATION_CONTEXT(2) 
PARAMETRIC_REPRESENTATION_CONTEXT() REPRESENTATION_CONTEXT('2D SPACE',''
  ) );
#866 = ORIENTED_EDGE('',*,*,#867,.F.);
#867 = EDGE_CURVE('',#868,#842,#870,.T.);
#868 = VERTEX_POINT('',#869);
#869 = CARTESIAN_POINT('',(-45.67505384764,26.745720131257,4.));
#870 = SURFACE_CURVE('',#871,(#875,#881),.PCURVE_S1.);
#871 = LINE('',#872,#873);
#872 = CARTESIAN_POINT('',(-10.44263164512,47.087168574084,4.));
#873 = VECTOR('',#874,1.);
#874 = DIRECTION('',(-0.866025403784,-0.5,0.));
#875 = PCURVE('',#125,#876);
#876 = DEFINITIONAL_REPRESENTATION('',(#877),#880);
#877 = B_SPLINE_CURVE_WITH_KNOTS('',1,(#878,#879),.UNSPECIFIED.,.F.,.F.,
  (2,2),(-14.5,43.5),.PIECEWISE_BEZIER_KNOTS.);
#878 = CARTESIAN_POINT('',(2.114736709749,54.337168574084));
#879 = CARTESIAN_POINT('',(-48.11473670974,25.337168574084));
#880 = ( GEOMETRIC_REPRESENTATION_CONTEXT(2) 
PARAMETRIC_REPRESENTATION_CONTEXT() REPRESENTATION_CONTEXT('2D SPACE',''
  ) );
#881 = PCURVE('',#778,#882);
#882 = DEFINITIONAL_REPRESENTATION('',(#883),#886);
#883 = B_SPLINE_CURVE_WITH_KNOTS('',1,(#884,#885),.UNSPECIFIED.,.F.,.F.,
  (2,2),(-14.5,43.5),.PIECEWISE_BEZIER_KNOTS.);
#884 = CARTESIAN_POINT('',(0.5,0.));
#885 = CARTESIAN_POINT('',(0.5,-58.));
#886 = ( GEOMETRIC_REPRESENTATION_CONTEXT(2) 
PARAMETRIC_REPRESENTATION_CONTEXT() REPRESENTATION_CONTEXT('2D SPACE',''
  ) );
#887 = ORIENTED_EDGE('',*,*,#888,.F.);
#888 = EDGE_CURVE('',#889,#868,#891,.T.);
#889 = VERTEX_POINT('',#890);
#890 = CARTESIAN_POINT('',(-43.62621634157,27.928617016911,4.));
#891 = SURFACE_CURVE('',#892,(#897,#904),.PCURVE_S1.);
#892 = ELLIPSE('',#893,2.527997853651,1.45);
#893 = AXIS2_PLACEMENT_3D('',#894,#895,#896);
#894 = CARTESIAN_POINT('',(-43.91960525555,26.070987750984,4.));
#895 = DIRECTION('',(0.,0.,1.));
#896 = DIRECTION('',(0.5,-0.866025403784,0.));
#897 = PCURVE('',#125,#898);
#898 = DEFINITIONAL_REPRESENTATION('',(#899),#903);
#899 = ELLIPSE('',#900,2.527997853651,1.45);
#900 = AXIS2_PLACEMENT_2D('',#901,#902);
#901 = CARTESIAN_POINT('',(-43.91960525555,26.070987750984));
#902 = DIRECTION('',(0.5,-0.866025403784));
#903 = ( GEOMETRIC_REPRESENTATION_CONTEXT(2) 
PARAMETRIC_REPRESENTATION_CONTEXT() REPRESENTATION_CONTEXT('2D SPACE',''
  ) );
#904 = PCURVE('',#905,#910);
#905 = CYLINDRICAL_SURFACE('',#906,1.45);
#906 = AXIS2_PLACEMENT_3D('',#907,#908,#909);
#907 = CARTESIAN_POINT('',(-56.04834223825,47.078576436668,
    -12.9852661285));
#908 = DIRECTION('',(0.409576022144,-0.709406479916,0.573576436351));
#909 = DIRECTION('',(2.775557561563E-17,-0.628731263987,-0.777622657646)
  );
#910 = DEFINITIONAL_REPRESENTATION('',(#911),#942);
#911 = B_SPLINE_CURVE_WITH_KNOTS('',8,(#912,#913,#914,#915,#916,#917,
    #918,#919,#920,#921,#922,#923,#924,#925,#926,#927,#928,#929,#930,
    #931,#932,#933,#934,#935,#936,#937,#938,#939,#940,#941),
  .UNSPECIFIED.,.F.,.F.,(9,7,7,7,9),(5.963396973931,7.534193300726,
    8.712290545822,10.479436413466,12.246582281111),.UNSPECIFIED.);
#912 = CARTESIAN_POINT('',(-5.329070518201E-15,31.578736213995));
#913 = CARTESIAN_POINT('',(0.196349540849,31.706558379556));
#914 = CARTESIAN_POINT('',(0.392699081702,31.747764650325));
#915 = CARTESIAN_POINT('',(0.589048622526,31.694846231854));
#916 = CARTESIAN_POINT('',(0.785398163408,31.547415888694));
#917 = CARTESIAN_POINT('',(0.981747704231,31.313143204447));
#918 = CARTESIAN_POINT('',(1.178097245099,31.00719659666));
#919 = CARTESIAN_POINT('',(1.374446785946,30.649890253649));
#920 = CARTESIAN_POINT('',(1.718058482432,29.974408618866));
#921 = CARTESIAN_POINT('',(1.86532063807,29.668782222525));
#922 = CARTESIAN_POINT('',(2.012582793706,29.356587682034));
#923 = CARTESIAN_POINT('',(2.159844949342,29.048138630222));
#924 = CARTESIAN_POINT('',(2.307107104979,28.753829681016));
#925 = CARTESIAN_POINT('',(2.454369260616,28.483387940091));
#926 = CARTESIAN_POINT('',(2.601631416254,28.245196440213));
#927 = CARTESIAN_POINT('',(2.969786805347,27.746813806302));
#928 = CARTESIAN_POINT('',(3.190680038812,27.535170622428));
#929 = CARTESIAN_POINT('',(3.411573272203,27.433147105214));
#930 = CARTESIAN_POINT('',(3.632466505766,27.4538814837));
#931 = CARTESIAN_POINT('',(3.853359739111,27.59794232875));
#932 = CARTESIAN_POINT('',(4.074252972631,27.852219512908));
#933 = CARTESIAN_POINT('',(4.29514620608,28.19306895762));
#934 = CARTESIAN_POINT('',(4.736932672991,28.988749863193));
#935 = CARTESIAN_POINT('',(4.957825906434,29.443581764535));
#936 = CARTESIAN_POINT('',(5.178719139939,29.925821448764));
#937 = CARTESIAN_POINT('',(5.399612373255,30.399970148545));
#938 = CARTESIAN_POINT('',(5.620505606862,30.829160795867));
#939 = CARTESIAN_POINT('',(5.841398840261,31.181512825708));
#940 = CARTESIAN_POINT('',(6.062292073724,31.434936277739));
#941 = CARTESIAN_POINT('',(6.28318530718,31.578736213995));
#942 = ( GEOMETRIC_REPRESENTATION_CONTEXT(2) 
PARAMETRIC_REPRESENTATION_CONTEXT() REPRESENTATION_CONTEXT('2D SPACE',''
  ) );
#943 = ORIENTED_EDGE('',*,*,#944,.F.);
#944 = EDGE_CURVE('',#945,#889,#947,.T.);
#945 = VERTEX_POINT('',#946);
#946 = CARTESIAN_POINT('',(-2.373783658422,51.745720131257,4.));
#947 = SURFACE_CURVE('',#948,(#952,#958),.PCURVE_S1.);
#948 = LINE('',#949,#950);
#949 = CARTESIAN_POINT('',(-10.44263164512,47.087168574084,4.));
#950 = VECTOR('',#951,1.);
#951 = DIRECTION('',(-0.866025403784,-0.5,0.));
#952 = PCURVE('',#125,#953);
#953 = DEFINITIONAL_REPRESENTATION('',(#954),#957);
#954 = B_SPLINE_CURVE_WITH_KNOTS('',1,(#955,#956),.UNSPECIFIED.,.F.,.F.,
  (2,2),(-14.5,43.5),.PIECEWISE_BEZIER_KNOTS.);
#955 = CARTESIAN_POINT('',(2.114736709749,54.337168574084));
#956 = CARTESIAN_POINT('',(-48.11473670974,25.337168574084));
#957 = ( GEOMETRIC_REPRESENTATION_CONTEXT(2) 
PARAMETRIC_REPRESENTATION_CONTEXT() REPRESENTATION_CONTEXT('2D SPACE',''
  ) );
#958 = PCURVE('',#778,#959);
#959 = DEFINITIONAL_REPRESENTATION('',(#960),#963);
#960 = B_SPLINE_CURVE_WITH_KNOTS('',1,(#961,#962),.UNSPECIFIED.,.F.,.F.,
  (2,2),(-14.5,43.5),.PIECEWISE_BEZIER_KNOTS.);
#961 = CARTESIAN_POINT('',(0.5,0.));
#962 = CARTESIAN_POINT('',(0.5,-58.));
#963 = ( GEOMETRIC_REPRESENTATION_CONTEXT(2) 
PARAMETRIC_REPRESENTATION_CONTEXT() REPRESENTATION_CONTEXT('2D SPACE',''
  ) );
#964 = ORIENTED_EDGE('',*,*,#965,.F.);
#965 = EDGE_CURVE('',#764,#945,#966,.T.);
#966 = SURFACE_CURVE('',#967,(#972,#979),.PCURVE_S1.);
#967 = ELLIPSE('',#968,2.527997853651,1.45);
#968 = AXIS2_PLACEMENT_3D('',#969,#970,#971);
#969 = CARTESIAN_POINT('',(-0.618335066329,51.070987750984,4.));
#970 = DIRECTION('',(0.,0.,1.));
#971 = DIRECTION('',(0.5,-0.866025403784,0.));
#972 = PCURVE('',#125,#973);
#973 = DEFINITIONAL_REPRESENTATION('',(#974),#978);
#974 = ELLIPSE('',#975,2.527997853651,1.45);
#975 = AXIS2_PLACEMENT_2D('',#976,#977);
#976 = CARTESIAN_POINT('',(-0.618335066329,51.070987750984));
#977 = DIRECTION('',(0.5,-0.866025403784));
#978 = ( GEOMETRIC_REPRESENTATION_CONTEXT(2) 
PARAMETRIC_REPRESENTATION_CONTEXT() REPRESENTATION_CONTEXT('2D SPACE',''
  ) );
#979 = PCURVE('',#980,#985);
#980 = CYLINDRICAL_SURFACE('',#981,1.45);
#981 = AXIS2_PLACEMENT_3D('',#982,#983,#984);
#982 = CARTESIAN_POINT('',(-12.74707204903,72.078576436668,
    -12.9852661285));
#983 = DIRECTION('',(0.409576022144,-0.709406479916,0.573576436351));
#984 = DIRECTION('',(2.775557561563E-17,-0.628731263987,-0.777622657646)
  );
#985 = DEFINITIONAL_REPRESENTATION('',(#986),#1017);
#986 = B_SPLINE_CURVE_WITH_KNOTS('',8,(#987,#988,#989,#990,#991,#992,
    #993,#994,#995,#996,#997,#998,#999,#1000,#1001,#1002,#1003,#1004,
    #1005,#1006,#1007,#1008,#1009,#1010,#1011,#1012,#1013,#1014,#1015,
    #1016),.UNSPECIFIED.,.F.,.F.,(9,7,7,7,9),(5.963396973931,
    7.534193300726,8.712290545822,10.479436413466,12.246582281111),
  .UNSPECIFIED.);
#987 = CARTESIAN_POINT('',(-8.881784197001E-16,31.578736213995));
#988 = CARTESIAN_POINT('',(0.196349540849,31.706558379556));
#989 = CARTESIAN_POINT('',(0.392699081697,31.747764650267));
#990 = CARTESIAN_POINT('',(0.589048622537,31.694846232087));
#991 = CARTESIAN_POINT('',(0.7853981634,31.547415888228));
#992 = CARTESIAN_POINT('',(0.98174770422,31.313143204621));
#993 = CARTESIAN_POINT('',(1.178097245098,31.007196596602));
#994 = CARTESIAN_POINT('',(1.374446785946,30.649890253649));
#995 = CARTESIAN_POINT('',(1.718058482432,29.974408618866));
#996 = CARTESIAN_POINT('',(1.86532063807,29.668782222523));
#997 = CARTESIAN_POINT('',(2.012582793703,29.356587682031));
#998 = CARTESIAN_POINT('',(2.159844949343,29.048138630222));
#999 = CARTESIAN_POINT('',(2.307107104982,28.753829681019));
#1000 = CARTESIAN_POINT('',(2.454369260616,28.483387940091));
#1001 = CARTESIAN_POINT('',(2.601631416254,28.245196440213));
#1002 = CARTESIAN_POINT('',(2.969786805347,27.746813806302));
#1003 = CARTESIAN_POINT('',(3.190680038812,27.535170622425));
#1004 = CARTESIAN_POINT('',(3.411573272188,27.43314710517));
#1005 = CARTESIAN_POINT('',(3.632466505766,27.453881483671));
#1006 = CARTESIAN_POINT('',(3.853359739111,27.597942328779));
#1007 = CARTESIAN_POINT('',(4.074252972635,27.852219512915));
#1008 = CARTESIAN_POINT('',(4.29514620608,28.19306895762));
#1009 = CARTESIAN_POINT('',(4.736932672991,28.988749863193));
#1010 = CARTESIAN_POINT('',(4.957825906446,29.44358176455));
#1011 = CARTESIAN_POINT('',(5.178719139888,29.925821448764));
#1012 = CARTESIAN_POINT('',(5.399612373335,30.399970148603));
#1013 = CARTESIAN_POINT('',(5.620505606811,30.829160795867));
#1014 = CARTESIAN_POINT('',(5.841398840267,31.181512825722));
#1015 = CARTESIAN_POINT('',(6.062292073724,31.434936277739));
#1016 = CARTESIAN_POINT('',(6.28318530718,31.578736213995));
#1017 = ( GEOMETRIC_REPRESENTATION_CONTEXT(2) 
PARAMETRIC_REPRESENTATION_CONTEXT() REPRESENTATION_CONTEXT('2D SPACE',''
  ) );
#1018 = FACE_BOUND('',#1019,.T.);
#1019 = EDGE_LOOP('',(#1020));
#1020 = ORIENTED_EDGE('',*,*,#1021,.F.);
#1021 = EDGE_CURVE('',#1022,#1022,#1024,.T.);
#1022 = VERTEX_POINT('',#1023);
#1023 = CARTESIAN_POINT('',(-22.,46.76537180436,4.));
#1024 = SURFACE_CURVE('',#1025,(#1030,#1037),.PCURVE_S1.);
#1025 = CIRCLE('',#1026,5.);
#1026 = AXIS2_PLACEMENT_3D('',#1027,#1028,#1029);
#1027 = CARTESIAN_POINT('',(-27.,46.76537180436,4.));
#1028 = DIRECTION('',(0.,0.,1.));
#1029 = DIRECTION('',(1.,0.,-0.));
#1030 = PCURVE('',#125,#1031);
#1031 = DEFINITIONAL_REPRESENTATION('',(#1032),#1036);
#1032 = CIRCLE('',#1033,5.);
#1033 = AXIS2_PLACEMENT_2D('',#1034,#1035);
#1034 = CARTESIAN_POINT('',(-27.,46.76537180436));
#1035 = DIRECTION('',(1.,0.));
#1036 = ( GEOMETRIC_REPRESENTATION_CONTEXT(2) 
PARAMETRIC_REPRESENTATION_CONTEXT() REPRESENTATION_CONTEXT('2D SPACE',''
  ) );
#1037 = PCURVE('',#1038,#1043);
#1038 = CYLINDRICAL_SURFACE('',#1039,5.);
#1039 = AXIS2_PLACEMENT_3D('',#1040,#1041,#1042);
#1040 = CARTESIAN_POINT('',(-27.,46.76537180436,-1.));
#1041 = DIRECTION('',(0.,0.,1.));
#1042 = DIRECTION('',(1.,0.,-0.));
#1043 = DEFINITIONAL_REPRESENTATION('',(#1044),#1048);
#1044 = LINE('',#1045,#1046);
#1045 = CARTESIAN_POINT('',(0.,5.));
#1046 = VECTOR('',#1047,1.);
#1047 = DIRECTION('',(1.,0.));
#1048 = ( GEOMETRIC_REPRESENTATION_CONTEXT(2) 
PARAMETRIC_REPRESENTATION_CONTEXT() REPRESENTATION_CONTEXT('2D SPACE',''
  ) );
#1049 = FACE_BOUND('',#1050,.T.);
#1050 = EDGE_LOOP('',(#1051));
#1051 = ORIENTED_EDGE('',*,*,#1052,.F.);
#1052 = EDGE_CURVE('',#1053,#1053,#1055,.T.);
#1053 = VERTEX_POINT('',#1054);
#1054 = CARTESIAN_POINT('',(2.25,62.,4.));
#1055 = SURFACE_CURVE('',#1056,(#1061,#1068),.PCURVE_S1.);
#1056 = CIRCLE('',#1057,2.25);
#1057 = AXIS2_PLACEMENT_3D('',#1058,#1059,#1060);
#1058 = CARTESIAN_POINT('',(3.796405077357E-15,62.,4.));
#1059 = DIRECTION('',(0.,0.,1.));
#1060 = DIRECTION('',(1.,0.,-0.));
#1061 = PCURVE('',#125,#1062);
#1062 = DEFINITIONAL_REPRESENTATION('',(#1063),#1067);
#1063 = CIRCLE('',#1064,2.25);
#1064 = AXIS2_PLACEMENT_2D('',#1065,#1066);
#1065 = CARTESIAN_POINT('',(3.796405077357E-15,62.));
#1066 = DIRECTION('',(1.,0.));
#1067 = ( GEOMETRIC_REPRESENTATION_CONTEXT(2) 
PARAMETRIC_REPRESENTATION_CONTEXT() REPRESENTATION_CONTEXT('2D SPACE',''
  ) );
#1068 = PCURVE('',#1069,#1074);
#1069 = CYLINDRICAL_SURFACE('',#1070,2.25);
#1070 = AXIS2_PLACEMENT_3D('',#1071,#1072,#1073);
#1071 = CARTESIAN_POINT('',(3.796405077357E-15,62.,-1.));
#1072 = DIRECTION('',(0.,0.,1.));
#1073 = DIRECTION('',(1.,0.,-0.));
#1074 = DEFINITIONAL_REPRESENTATION('',(#1075),#1079);
#1075 = LINE('',#1076,#1077);
#1076 = CARTESIAN_POINT('',(0.,5.));
#1077 = VECTOR('',#1078,1.);
#1078 = DIRECTION('',(1.,0.));
#1079 = ( GEOMETRIC_REPRESENTATION_CONTEXT(2) 
PARAMETRIC_REPRESENTATION_CONTEXT() REPRESENTATION_CONTEXT('2D SPACE',''
  ) );
#1080 = FACE_BOUND('',#1081,.T.);
#1081 = EDGE_LOOP('',(#1082,#1103,#1104,#1105,#1126,#1147,#1203,#1224));
#1082 = ORIENTED_EDGE('',*,*,#1083,.F.);
#1083 = EDGE_CURVE('',#141,#1084,#1086,.T.);
#1084 = VERTEX_POINT('',#1085);
#1085 = CARTESIAN_POINT('',(46.,-26.18289688565,4.));
#1086 = SURFACE_CURVE('',#1087,(#1091,#1097),.PCURVE_S1.);
#1087 = LINE('',#1088,#1089);
#1088 = CARTESIAN_POINT('',(46.,-14.5,4.));
#1089 = VECTOR('',#1090,1.);
#1090 = DIRECTION('',(0.,1.,0.));
#1091 = PCURVE('',#125,#1092);
#1092 = DEFINITIONAL_REPRESENTATION('',(#1093),#1096);
#1093 = B_SPLINE_CURVE_WITH_KNOTS('',1,(#1094,#1095),.UNSPECIFIED.,.F.,
  .F.,(2,2),(-14.5,43.5),.PIECEWISE_BEZIER_KNOTS.);
#1094 = CARTESIAN_POINT('',(46.,-29.));
#1095 = CARTESIAN_POINT('',(46.,29.));
#1096 = ( GEOMETRIC_REPRESENTATION_CONTEXT(2) 
PARAMETRIC_REPRESENTATION_CONTEXT() REPRESENTATION_CONTEXT('2D SPACE',''
  ) );
#1097 = PCURVE('',#177,#1098);
#1098 = DEFINITIONAL_REPRESENTATION('',(#1099),#1102);
#1099 = B_SPLINE_CURVE_WITH_KNOTS('',1,(#1100,#1101),.UNSPECIFIED.,.F.,
  .F.,(2,2),(-14.5,43.5),.PIECEWISE_BEZIER_KNOTS.);
#1100 = CARTESIAN_POINT('',(0.5,0.));
#1101 = CARTESIAN_POINT('',(0.5,-58.));
#1102 = ( GEOMETRIC_REPRESENTATION_CONTEXT(2) 
PARAMETRIC_REPRESENTATION_CONTEXT() REPRESENTATION_CONTEXT('2D SPACE',''
  ) );
#1103 = ORIENTED_EDGE('',*,*,#140,.F.);
#1104 = ORIENTED_EDGE('',*,*,#112,.F.);
#1105 = ORIENTED_EDGE('',*,*,#1106,.T.);
#1106 = EDGE_CURVE('',#85,#1107,#1109,.T.);
#1107 = VERTEX_POINT('',#1108);
#1108 = CARTESIAN_POINT('',(46.,29.,4.));
#1109 = SURFACE_CURVE('',#1110,(#1114,#1120),.PCURVE_S1.);
#1110 = LINE('',#1111,#1112);
#1111 = CARTESIAN_POINT('',(18.684988343602,29.,4.));
#1112 = VECTOR('',#1113,1.);
#1113 = DIRECTION('',(1.,0.,-0.));
#1114 = PCURVE('',#125,#1115);
#1115 = DEFINITIONAL_REPRESENTATION('',(#1116),#1119);
#1116 = B_SPLINE_CURVE_WITH_KNOTS('',1,(#1117,#1118),.UNSPECIFIED.,.F.,
  .F.,(2,2),(1.315011656398,27.315011656398),.PIECEWISE_BEZIER_KNOTS.);
#1117 = CARTESIAN_POINT('',(20.,29.));
#1118 = CARTESIAN_POINT('',(46.,29.));
#1119 = ( GEOMETRIC_REPRESENTATION_CONTEXT(2) 
PARAMETRIC_REPRESENTATION_CONTEXT() REPRESENTATION_CONTEXT('2D SPACE',''
  ) );
#1120 = PCURVE('',#100,#1121);
#1121 = DEFINITIONAL_REPRESENTATION('',(#1122),#1125);
#1122 = B_SPLINE_CURVE_WITH_KNOTS('',1,(#1123,#1124),.UNSPECIFIED.,.F.,
  .F.,(2,2),(1.315011656398,27.315011656398),.PIECEWISE_BEZIER_KNOTS.);
#1123 = CARTESIAN_POINT('',(14.115366215361,-17.3699766872));
#1124 = CARTESIAN_POINT('',(14.115366215361,8.630023312797));
#1125 = ( GEOMETRIC_REPRESENTATION_CONTEXT(2) 
PARAMETRIC_REPRESENTATION_CONTEXT() REPRESENTATION_CONTEXT('2D SPACE',''
  ) );
#1126 = ORIENTED_EDGE('',*,*,#1127,.F.);
#1127 = EDGE_CURVE('',#1128,#1107,#1130,.T.);
#1128 = VERTEX_POINT('',#1129);
#1129 = CARTESIAN_POINT('',(46.,26.182896885653,4.));
#1130 = SURFACE_CURVE('',#1131,(#1135,#1141),.PCURVE_S1.);
#1131 = LINE('',#1132,#1133);
#1132 = CARTESIAN_POINT('',(46.,-14.5,4.));
#1133 = VECTOR('',#1134,1.);
#1134 = DIRECTION('',(0.,1.,0.));
#1135 = PCURVE('',#125,#1136);
#1136 = DEFINITIONAL_REPRESENTATION('',(#1137),#1140);
#1137 = B_SPLINE_CURVE_WITH_KNOTS('',1,(#1138,#1139),.UNSPECIFIED.,.F.,
  .F.,(2,2),(-14.5,43.5),.PIECEWISE_BEZIER_KNOTS.);
#1138 = CARTESIAN_POINT('',(46.,-29.));
#1139 = CARTESIAN_POINT('',(46.,29.));
#1140 = ( GEOMETRIC_REPRESENTATION_CONTEXT(2) 
PARAMETRIC_REPRESENTATION_CONTEXT() REPRESENTATION_CONTEXT('2D SPACE',''
  ) );
#1141 = PCURVE('',#177,#1142);
#1142 = DEFINITIONAL_REPRESENTATION('',(#1143),#1146);
#1143 = B_SPLINE_CURVE_WITH_KNOTS('',1,(#1144,#1145),.UNSPECIFIED.,.F.,
  .F.,(2,2),(-14.5,43.5),.PIECEWISE_BEZIER_KNOTS.);
#1144 = CARTESIAN_POINT('',(0.5,0.));
#1145 = CARTESIAN_POINT('',(0.5,-58.));
#1146 = ( GEOMETRIC_REPRESENTATION_CONTEXT(2) 
PARAMETRIC_REPRESENTATION_CONTEXT() REPRESENTATION_CONTEXT('2D SPACE',''
  ) );
#1147 = ORIENTED_EDGE('',*,*,#1148,.F.);
#1148 = EDGE_CURVE('',#1149,#1128,#1151,.T.);
#1149 = VERTEX_POINT('',#1150);
#1150 = CARTESIAN_POINT('',(46.,23.817103114347,4.));
#1151 = SURFACE_CURVE('',#1152,(#1157,#1164),.PCURVE_S1.);
#1152 = ELLIPSE('',#1153,2.527997853651,1.45);
#1153 = AXIS2_PLACEMENT_3D('',#1154,#1155,#1156);
#1154 = CARTESIAN_POINT('',(44.53794032188,25.,4.));
#1155 = DIRECTION('',(0.,0.,1.));
#1156 = DIRECTION('',(-1.,0.,0.));
#1157 = PCURVE('',#125,#1158);
#1158 = DEFINITIONAL_REPRESENTATION('',(#1159),#1163);
#1159 = ELLIPSE('',#1160,2.527997853651,1.45);
#1160 = AXIS2_PLACEMENT_2D('',#1161,#1162);
#1161 = CARTESIAN_POINT('',(44.53794032188,25.));
#1162 = DIRECTION('',(-1.,0.));
#1163 = ( GEOMETRIC_REPRESENTATION_CONTEXT(2) 
PARAMETRIC_REPRESENTATION_CONTEXT() REPRESENTATION_CONTEXT('2D SPACE',''
  ) );
#1164 = PCURVE('',#1165,#1170);
#1165 = CYLINDRICAL_SURFACE('',#1166,1.45);
#1166 = AXIS2_PLACEMENT_3D('',#1167,#1168,#1169);
#1167 = CARTESIAN_POINT('',(68.79541428729,25.,-12.9852661285));
#1168 = DIRECTION('',(-0.819152044289,0.,0.573576436351));
#1169 = DIRECTION('',(-0.573576436351,0.,-0.819152044289));
#1170 = DEFINITIONAL_REPRESENTATION('',(#1171),#1202);
#1171 = B_SPLINE_CURVE_WITH_KNOTS('',8,(#1172,#1173,#1174,#1175,#1176,
    #1177,#1178,#1179,#1180,#1181,#1182,#1183,#1184,#1185,#1186,#1187,
    #1188,#1189,#1190,#1191,#1192,#1193,#1194,#1195,#1196,#1197,#1198,
    #1199,#1200,#1201),.UNSPECIFIED.,.F.,.F.,(9,7,7,7,9),(0.,
    1.570796326795,3.926990816987,5.105088062083,6.28318530718),
  .UNSPECIFIED.);
#1172 = CARTESIAN_POINT('',(0.,31.683722414291));
#1173 = CARTESIAN_POINT('',(0.196349540849,31.683722414291));
#1174 = CARTESIAN_POINT('',(0.392699081699,31.592480715655));
#1175 = CARTESIAN_POINT('',(0.589048622547,31.409998093513));
#1176 = CARTESIAN_POINT('',(0.785398163396,31.143775625504));
#1177 = CARTESIAN_POINT('',(0.981747704246,30.808830703216));
#1178 = CARTESIAN_POINT('',(1.178097245096,30.42611489668));
#1179 = CARTESIAN_POINT('',(1.374446785946,30.019511302329));
#1180 = CARTESIAN_POINT('',(1.865320638069,29.003002557794));
#1181 = CARTESIAN_POINT('',(2.159844949341,28.393095100953));
#1182 = CARTESIAN_POINT('',(2.454369260606,27.86382495932));
#1183 = CARTESIAN_POINT('',(2.748893571888,27.495714568053));
#1184 = CARTESIAN_POINT('',(3.043417883157,27.34730767872));
#1185 = CARTESIAN_POINT('',(3.33794219444,27.431250508384));
#1186 = CARTESIAN_POINT('',(3.632466505713,27.717352615525));
#1187 = CARTESIAN_POINT('',(4.074252972624,28.364254819281));
#1188 = CARTESIAN_POINT('',(4.221515128261,28.616180067458));
#1189 = CARTESIAN_POINT('',(4.3687772839,28.897270377742));
#1190 = CARTESIAN_POINT('',(4.516039439537,29.198722250119));
#1191 = CARTESIAN_POINT('',(4.663301595173,29.510544069198));
#1192 = CARTESIAN_POINT('',(4.81056375081,29.822254688134));
#1193 = CARTESIAN_POINT('',(4.957825906446,30.123634760068));
#1194 = CARTESIAN_POINT('',(5.25235021772,30.687113734284));
#1195 = CARTESIAN_POINT('',(5.399612373357,30.949212430349));
#1196 = CARTESIAN_POINT('',(5.546874528994,31.182361265207));
#1197 = CARTESIAN_POINT('',(5.694136684631,31.378155300043));
#1198 = CARTESIAN_POINT('',(5.841398840268,31.529752905863));
#1199 = CARTESIAN_POINT('',(5.988660995905,31.632398823368));
#1200 = CARTESIAN_POINT('',(6.135923151543,31.683722414291));
#1201 = CARTESIAN_POINT('',(6.28318530718,31.683722414291));
#1202 = ( GEOMETRIC_REPRESENTATION_CONTEXT(2) 
PARAMETRIC_REPRESENTATION_CONTEXT() REPRESENTATION_CONTEXT('2D SPACE',''
  ) );
#1203 = ORIENTED_EDGE('',*,*,#1204,.F.);
#1204 = EDGE_CURVE('',#1205,#1149,#1207,.T.);
#1205 = VERTEX_POINT('',#1206);
#1206 = CARTESIAN_POINT('',(46.,-23.81710311434,4.));
#1207 = SURFACE_CURVE('',#1208,(#1212,#1218),.PCURVE_S1.);
#1208 = LINE('',#1209,#1210);
#1209 = CARTESIAN_POINT('',(46.,-14.5,4.));
#1210 = VECTOR('',#1211,1.);
#1211 = DIRECTION('',(0.,1.,0.));
#1212 = PCURVE('',#125,#1213);
#1213 = DEFINITIONAL_REPRESENTATION('',(#1214),#1217);
#1214 = B_SPLINE_CURVE_WITH_KNOTS('',1,(#1215,#1216),.UNSPECIFIED.,.F.,
  .F.,(2,2),(-14.5,43.5),.PIECEWISE_BEZIER_KNOTS.);
#1215 = CARTESIAN_POINT('',(46.,-29.));
#1216 = CARTESIAN_POINT('',(46.,29.));
#1217 = ( GEOMETRIC_REPRESENTATION_CONTEXT(2) 
PARAMETRIC_REPRESENTATION_CONTEXT() REPRESENTATION_CONTEXT('2D SPACE',''
  ) );
#1218 = PCURVE('',#177,#1219);
#1219 = DEFINITIONAL_REPRESENTATION('',(#1220),#1223);
#1220 = B_SPLINE_CURVE_WITH_KNOTS('',1,(#1221,#1222),.UNSPECIFIED.,.F.,
  .F.,(2,2),(-14.5,43.5),.PIECEWISE_BEZIER_KNOTS.);
#1221 = CARTESIAN_POINT('',(0.5,0.));
#1222 = CARTESIAN_POINT('',(0.5,-58.));
#1223 = ( GEOMETRIC_REPRESENTATION_CONTEXT(2) 
PARAMETRIC_REPRESENTATION_CONTEXT() REPRESENTATION_CONTEXT('2D SPACE',''
  ) );
#1224 = ORIENTED_EDGE('',*,*,#1225,.F.);
#1225 = EDGE_CURVE('',#1084,#1205,#1226,.T.);
#1226 = SURFACE_CURVE('',#1227,(#1232,#1239),.PCURVE_S1.);
#1227 = ELLIPSE('',#1228,2.527997853651,1.45);
#1228 = AXIS2_PLACEMENT_3D('',#1229,#1230,#1231);
#1229 = CARTESIAN_POINT('',(44.53794032188,-25.,4.));
#1230 = DIRECTION('',(0.,0.,1.));
#1231 = DIRECTION('',(-1.,0.,0.));
#1232 = PCURVE('',#125,#1233);
#1233 = DEFINITIONAL_REPRESENTATION('',(#1234),#1238);
#1234 = ELLIPSE('',#1235,2.527997853651,1.45);
#1235 = AXIS2_PLACEMENT_2D('',#1236,#1237);
#1236 = CARTESIAN_POINT('',(44.53794032188,-25.));
#1237 = DIRECTION('',(-1.,0.));
#1238 = ( GEOMETRIC_REPRESENTATION_CONTEXT(2) 
PARAMETRIC_REPRESENTATION_CONTEXT() REPRESENTATION_CONTEXT('2D SPACE',''
  ) );
#1239 = PCURVE('',#1240,#1245);
#1240 = CYLINDRICAL_SURFACE('',#1241,1.45);
#1241 = AXIS2_PLACEMENT_3D('',#1242,#1243,#1244);
#1242 = CARTESIAN_POINT('',(68.79541428729,-25.,-12.9852661285));
#1243 = DIRECTION('',(-0.819152044289,0.,0.573576436351));
#1244 = DIRECTION('',(-0.573576436351,0.,-0.819152044289));
#1245 = DEFINITIONAL_REPRESENTATION('',(#1246),#1277);
#1246 = B_SPLINE_CURVE_WITH_KNOTS('',8,(#1247,#1248,#1249,#1250,#1251,
    #1252,#1253,#1254,#1255,#1256,#1257,#1258,#1259,#1260,#1261,#1262,
    #1263,#1264,#1265,#1266,#1267,#1268,#1269,#1270,#1271,#1272,#1273,
    #1274,#1275,#1276),.UNSPECIFIED.,.F.,.F.,(9,7,7,7,9),(0.,
    1.570796326795,3.926990816987,5.105088062083,6.28318530718),
  .UNSPECIFIED.);
#1247 = CARTESIAN_POINT('',(0.,31.683722414291));
#1248 = CARTESIAN_POINT('',(0.196349540849,31.683722414291));
#1249 = CARTESIAN_POINT('',(0.392699081699,31.592480715655));
#1250 = CARTESIAN_POINT('',(0.589048622547,31.409998093513));
#1251 = CARTESIAN_POINT('',(0.785398163396,31.143775625504));
#1252 = CARTESIAN_POINT('',(0.981747704246,30.808830703216));
#1253 = CARTESIAN_POINT('',(1.178097245096,30.42611489668));
#1254 = CARTESIAN_POINT('',(1.374446785946,30.019511302329));
#1255 = CARTESIAN_POINT('',(1.865320638069,29.003002557794));
#1256 = CARTESIAN_POINT('',(2.159844949341,28.393095100953));
#1257 = CARTESIAN_POINT('',(2.454369260606,27.86382495932));
#1258 = CARTESIAN_POINT('',(2.748893571888,27.495714568053));
#1259 = CARTESIAN_POINT('',(3.043417883157,27.34730767872));
#1260 = CARTESIAN_POINT('',(3.33794219444,27.431250508384));
#1261 = CARTESIAN_POINT('',(3.632466505713,27.717352615525));
#1262 = CARTESIAN_POINT('',(4.074252972624,28.364254819281));
#1263 = CARTESIAN_POINT('',(4.221515128261,28.616180067458));
#1264 = CARTESIAN_POINT('',(4.3687772839,28.897270377742));
#1265 = CARTESIAN_POINT('',(4.516039439537,29.198722250119));
#1266 = CARTESIAN_POINT('',(4.663301595173,29.510544069198));
#1267 = CARTESIAN_POINT('',(4.81056375081,29.822254688134));
#1268 = CARTESIAN_POINT('',(4.957825906446,30.123634760068));
#1269 = CARTESIAN_POINT('',(5.25235021772,30.687113734284));
#1270 = CARTESIAN_POINT('',(5.399612373357,30.949212430349));
#1271 = CARTESIAN_POINT('',(5.546874528994,31.182361265207));
#1272 = CARTESIAN_POINT('',(5.694136684631,31.378155300043));
#1273 = CARTESIAN_POINT('',(5.841398840268,31.529752905863));
#1274 = CARTESIAN_POINT('',(5.988660995905,31.632398823368));
#1275 = CARTESIAN_POINT('',(6.135923151543,31.683722414291));
#1276 = CARTESIAN_POINT('',(6.28318530718,31.683722414291));
#1277 = ( GEOMETRIC_REPRESENTATION_CONTEXT(2) 
PARAMETRIC_REPRESENTATION_CONTEXT() REPRESENTATION_CONTEXT('2D SPACE',''
  ) );
#1278 = FACE_BOUND('',#1279,.T.);
#1279 = EDGE_LOOP('',(#1280));
#1280 = ORIENTED_EDGE('',*,*,#1281,.F.);
#1281 = EDGE_CURVE('',#1282,#1282,#1284,.T.);
#1282 = VERTEX_POINT('',#1283);
#1283 = CARTESIAN_POINT('',(59.,-1.224646799147E-15,4.));
#1284 = SURFACE_CURVE('',#1285,(#1290,#1297),.PCURVE_S1.);
#1285 = CIRCLE('',#1286,5.);
#1286 = AXIS2_PLACEMENT_3D('',#1287,#1288,#1289);
#1287 = CARTESIAN_POINT('',(54.,0.,4.));
#1288 = DIRECTION('',(0.,0.,1.));
#1289 = DIRECTION('',(1.,0.,-0.));
#1290 = PCURVE('',#125,#1291);
#1291 = DEFINITIONAL_REPRESENTATION('',(#1292),#1296);
#1292 = CIRCLE('',#1293,5.);
#1293 = AXIS2_PLACEMENT_2D('',#1294,#1295);
#1294 = CARTESIAN_POINT('',(54.,0.));
#1295 = DIRECTION('',(1.,0.));
#1296 = ( GEOMETRIC_REPRESENTATION_CONTEXT(2) 
PARAMETRIC_REPRESENTATION_CONTEXT() REPRESENTATION_CONTEXT('2D SPACE',''
  ) );
#1297 = PCURVE('',#1298,#1303);
#1298 = CYLINDRICAL_SURFACE('',#1299,5.);
#1299 = AXIS2_PLACEMENT_3D('',#1300,#1301,#1302);
#1300 = CARTESIAN_POINT('',(54.,0.,-1.));
#1301 = DIRECTION('',(0.,0.,1.));
#1302 = DIRECTION('',(1.,0.,-0.));
#1303 = DEFINITIONAL_REPRESENTATION('',(#1304),#1308);
#1304 = LINE('',#1305,#1306);
#1305 = CARTESIAN_POINT('',(0.,5.));
#1306 = VECTOR('',#1307,1.);
#1307 = DIRECTION('',(1.,0.));
#1308 = ( GEOMETRIC_REPRESENTATION_CONTEXT(2) 
PARAMETRIC_REPRESENTATION_CONTEXT() REPRESENTATION_CONTEXT('2D SPACE',''
  ) );
#1309 = FACE_BOUND('',#1310,.T.);
#1310 = EDGE_LOOP('',(#1311));
#1311 = ORIENTED_EDGE('',*,*,#1312,.F.);
#1312 = EDGE_CURVE('',#1313,#1313,#1315,.T.);
#1313 = VERTEX_POINT('',#1314);
#1314 = CARTESIAN_POINT('',(55.943575034635,31.,4.));
#1315 = SURFACE_CURVE('',#1316,(#1321,#1328),.PCURVE_S1.);
#1316 = CIRCLE('',#1317,2.25);
#1317 = AXIS2_PLACEMENT_3D('',#1318,#1319,#1320);
#1318 = CARTESIAN_POINT('',(53.693575034635,31.,4.));
#1319 = DIRECTION('',(0.,0.,1.));
#1320 = DIRECTION('',(1.,0.,-0.));
#1321 = PCURVE('',#125,#1322);
#1322 = DEFINITIONAL_REPRESENTATION('',(#1323),#1327);
#1323 = CIRCLE('',#1324,2.25);
#1324 = AXIS2_PLACEMENT_2D('',#1325,#1326);
#1325 = CARTESIAN_POINT('',(53.693575034635,31.));
#1326 = DIRECTION('',(1.,0.));
#1327 = ( GEOMETRIC_REPRESENTATION_CONTEXT(2) 
PARAMETRIC_REPRESENTATION_CONTEXT() REPRESENTATION_CONTEXT('2D SPACE',''
  ) );
#1328 = PCURVE('',#1329,#1334);
#1329 = CYLINDRICAL_SURFACE('',#1330,2.25);
#1330 = AXIS2_PLACEMENT_3D('',#1331,#1332,#1333);
#1331 = CARTESIAN_POINT('',(53.693575034635,31.,-1.));
#1332 = DIRECTION('',(0.,0.,1.));
#1333 = DIRECTION('',(1.,0.,-0.));
#1334 = DEFINITIONAL_REPRESENTATION('',(#1335),#1339);
#1335 = LINE('',#1336,#1337);
#1336 = CARTESIAN_POINT('',(0.,5.));
#1337 = VECTOR('',#1338,1.);
#1338 = DIRECTION('',(1.,0.));
#1339 = ( GEOMETRIC_REPRESENTATION_CONTEXT(2) 
PARAMETRIC_REPRESENTATION_CONTEXT() REPRESENTATION_CONTEXT('2D SPACE',''
  ) );
#1340 = ADVANCED_FACE('',(#1341),#100,.F.);
#1341 = FACE_BOUND('',#1342,.F.);
#1342 = EDGE_LOOP('',(#1343,#1344,#1345,#1368));
#1343 = ORIENTED_EDGE('',*,*,#84,.T.);
#1344 = ORIENTED_EDGE('',*,*,#1106,.T.);
#1345 = ORIENTED_EDGE('',*,*,#1346,.T.);
#1346 = EDGE_CURVE('',#1107,#1347,#1349,.T.);
#1347 = VERTEX_POINT('',#1348);
#1348 = CARTESIAN_POINT('',(46.,29.,41.631848175295));
#1349 = SURFACE_CURVE('',#1350,(#1354,#1361),.PCURVE_S1.);
#1350 = LINE('',#1351,#1352);
#1351 = CARTESIAN_POINT('',(46.,29.,3.5));
#1352 = VECTOR('',#1353,1.);
#1353 = DIRECTION('',(0.,0.,1.));
#1354 = PCURVE('',#100,#1355);
#1355 = DEFINITIONAL_REPRESENTATION('',(#1356),#1360);
#1356 = LINE('',#1357,#1358);
#1357 = CARTESIAN_POINT('',(14.615366215361,8.630023312797));
#1358 = VECTOR('',#1359,1.);
#1359 = DIRECTION('',(-1.,0.));
#1360 = ( GEOMETRIC_REPRESENTATION_CONTEXT(2) 
PARAMETRIC_REPRESENTATION_CONTEXT() REPRESENTATION_CONTEXT('2D SPACE',''
  ) );
#1361 = PCURVE('',#177,#1362);
#1362 = DEFINITIONAL_REPRESENTATION('',(#1363),#1367);
#1363 = LINE('',#1364,#1365);
#1364 = CARTESIAN_POINT('',(0.,-58.));
#1365 = VECTOR('',#1366,1.);
#1366 = DIRECTION('',(1.,0.));
#1367 = ( GEOMETRIC_REPRESENTATION_CONTEXT(2) 
PARAMETRIC_REPRESENTATION_CONTEXT() REPRESENTATION_CONTEXT('2D SPACE',''
  ) );
#1368 = ORIENTED_EDGE('',*,*,#1369,.T.);
#1369 = EDGE_CURVE('',#1347,#57,#1370,.T.);
#1370 = SURFACE_CURVE('',#1371,(#1375,#1382),.PCURVE_S1.);
#1371 = LINE('',#1372,#1373);
#1372 = CARTESIAN_POINT('',(46.,29.,41.631848175295));
#1373 = VECTOR('',#1374,1.);
#1374 = DIRECTION('',(-0.573576436351,0.,-0.819152044289));
#1375 = PCURVE('',#100,#1376);
#1376 = DEFINITIONAL_REPRESENTATION('',(#1377),#1381);
#1377 = LINE('',#1378,#1379);
#1378 = CARTESIAN_POINT('',(-23.51648195993,8.630023312797));
#1379 = VECTOR('',#1380,1.);
#1380 = DIRECTION('',(0.819152044289,-0.573576436351));
#1381 = ( GEOMETRIC_REPRESENTATION_CONTEXT(2) 
PARAMETRIC_REPRESENTATION_CONTEXT() REPRESENTATION_CONTEXT('2D SPACE',''
  ) );
#1382 = PCURVE('',#72,#1383);
#1383 = DEFINITIONAL_REPRESENTATION('',(#1384),#1388);
#1384 = LINE('',#1385,#1386);
#1385 = CARTESIAN_POINT('',(0.,-58.));
#1386 = VECTOR('',#1387,1.);
#1387 = DIRECTION('',(1.,0.));
#1388 = ( GEOMETRIC_REPRESENTATION_CONTEXT(2) 
PARAMETRIC_REPRESENTATION_CONTEXT() REPRESENTATION_CONTEXT('2D SPACE',''
  ) );
#1389 = ADVANCED_FACE('',(#1390,#1416,#1447,#1473,#1504),#72,.T.);
#1390 = FACE_BOUND('',#1391,.T.);
#1391 = EDGE_LOOP('',(#1392,#1413,#1414,#1415));
#1392 = ORIENTED_EDGE('',*,*,#1393,.T.);
#1393 = EDGE_CURVE('',#162,#1347,#1394,.T.);
#1394 = SURFACE_CURVE('',#1395,(#1399,#1406),.PCURVE_S1.);
#1395 = LINE('',#1396,#1397);
#1396 = CARTESIAN_POINT('',(46.,-29.,41.631848175295));
#1397 = VECTOR('',#1398,1.);
#1398 = DIRECTION('',(0.,1.,0.));
#1399 = PCURVE('',#72,#1400);
#1400 = DEFINITIONAL_REPRESENTATION('',(#1401),#1405);
#1401 = LINE('',#1402,#1403);
#1402 = CARTESIAN_POINT('',(0.,0.));
#1403 = VECTOR('',#1404,1.);
#1404 = DIRECTION('',(0.,-1.));
#1405 = ( GEOMETRIC_REPRESENTATION_CONTEXT(2) 
PARAMETRIC_REPRESENTATION_CONTEXT() REPRESENTATION_CONTEXT('2D SPACE',''
  ) );
#1406 = PCURVE('',#177,#1407);
#1407 = DEFINITIONAL_REPRESENTATION('',(#1408),#1412);
#1408 = LINE('',#1409,#1410);
#1409 = CARTESIAN_POINT('',(38.131848175295,0.));
#1410 = VECTOR('',#1411,1.);
#1411 = DIRECTION('',(0.,-1.));
#1412 = ( GEOMETRIC_REPRESENTATION_CONTEXT(2) 
PARAMETRIC_REPRESENTATION_CONTEXT() REPRESENTATION_CONTEXT('2D SPACE',''
  ) );
#1413 = ORIENTED_EDGE('',*,*,#1369,.T.);
#1414 = ORIENTED_EDGE('',*,*,#56,.F.);
#1415 = ORIENTED_EDGE('',*,*,#189,.F.);
#1416 = FACE_BOUND('',#1417,.T.);
#1417 = EDGE_LOOP('',(#1418));
#1418 = ORIENTED_EDGE('',*,*,#1419,.F.);
#1419 = EDGE_CURVE('',#1420,#1420,#1422,.T.);
#1420 = VERTEX_POINT('',#1421);
#1421 = CARTESIAN_POINT('',(37.33050209445,25.,29.250522022029));
#1422 = SURFACE_CURVE('',#1423,(#1428,#1435),.PCURVE_S1.);
#1423 = CIRCLE('',#1424,1.45);
#1424 = AXIS2_PLACEMENT_3D('',#1425,#1426,#1427);
#1425 = CARTESIAN_POINT('',(38.162187927159,25.,30.438292486248));
#1426 = DIRECTION('',(-0.819152044289,0.,0.573576436351));
#1427 = DIRECTION('',(-0.573576436351,0.,-0.819152044289));
#1428 = PCURVE('',#72,#1429);
#1429 = DEFINITIONAL_REPRESENTATION('',(#1430),#1434);
#1430 = CIRCLE('',#1431,1.45);
#1431 = AXIS2_PLACEMENT_2D('',#1432,#1433);
#1432 = CARTESIAN_POINT('',(13.664808343074,-54.));
#1433 = DIRECTION('',(1.,-0.));
#1434 = ( GEOMETRIC_REPRESENTATION_CONTEXT(2) 
PARAMETRIC_REPRESENTATION_CONTEXT() REPRESENTATION_CONTEXT('2D SPACE',''
  ) );
#1435 = PCURVE('',#1436,#1441);
#1436 = CYLINDRICAL_SURFACE('',#1437,1.45);
#1437 = AXIS2_PLACEMENT_3D('',#1438,#1439,#1440);
#1438 = CARTESIAN_POINT('',(79.119790141609,25.,1.759470668696));
#1439 = DIRECTION('',(-0.819152044289,0.,0.573576436351));
#1440 = DIRECTION('',(-0.573576436351,0.,-0.819152044289));
#1441 = DEFINITIONAL_REPRESENTATION('',(#1442),#1446);
#1442 = LINE('',#1443,#1444);
#1443 = CARTESIAN_POINT('',(0.,50.));
#1444 = VECTOR('',#1445,1.);
#1445 = DIRECTION('',(1.,0.));
#1446 = ( GEOMETRIC_REPRESENTATION_CONTEXT(2) 
PARAMETRIC_REPRESENTATION_CONTEXT() REPRESENTATION_CONTEXT('2D SPACE',''
  ) );
#1447 = FACE_BOUND('',#1448,.T.);
#1448 = EDGE_LOOP('',(#1449));
#1449 = ORIENTED_EDGE('',*,*,#1450,.F.);
#1450 = EDGE_CURVE('',#1451,#1451,#1453,.T.);
#1451 = VERTEX_POINT('',#1452);
#1452 = CARTESIAN_POINT('',(27.006126240132,25.,14.505785224828));
#1453 = SURFACE_CURVE('',#1454,(#1459,#1466),.PCURVE_S1.);
#1454 = CIRCLE('',#1455,1.45);
#1455 = AXIS2_PLACEMENT_3D('',#1456,#1457,#1458);
#1456 = CARTESIAN_POINT('',(27.837812072841,25.,15.693555689047));
#1457 = DIRECTION('',(-0.819152044289,0.,0.573576436351));
#1458 = DIRECTION('',(-0.573576436351,0.,-0.819152044289));
#1459 = PCURVE('',#72,#1460);
#1460 = DEFINITIONAL_REPRESENTATION('',(#1461),#1465);
#1461 = CIRCLE('',#1462,1.45);
#1462 = AXIS2_PLACEMENT_2D('',#1463,#1464);
#1463 = CARTESIAN_POINT('',(31.664808343074,-54.));
#1464 = DIRECTION('',(1.,-0.));
#1465 = ( GEOMETRIC_REPRESENTATION_CONTEXT(2) 
PARAMETRIC_REPRESENTATION_CONTEXT() REPRESENTATION_CONTEXT('2D SPACE',''
  ) );
#1466 = PCURVE('',#1165,#1467);
#1467 = DEFINITIONAL_REPRESENTATION('',(#1468),#1472);
#1468 = LINE('',#1469,#1470);
#1469 = CARTESIAN_POINT('',(0.,50.));
#1470 = VECTOR('',#1471,1.);
#1471 = DIRECTION('',(1.,0.));
#1472 = ( GEOMETRIC_REPRESENTATION_CONTEXT(2) 
PARAMETRIC_REPRESENTATION_CONTEXT() REPRESENTATION_CONTEXT('2D SPACE',''
  ) );
#1473 = FACE_BOUND('',#1474,.T.);
#1474 = EDGE_LOOP('',(#1475));
#1475 = ORIENTED_EDGE('',*,*,#1476,.F.);
#1476 = EDGE_CURVE('',#1477,#1477,#1479,.T.);
#1477 = VERTEX_POINT('',#1478);
#1478 = CARTESIAN_POINT('',(37.33050209445,-25.,29.250522022029));
#1479 = SURFACE_CURVE('',#1480,(#1485,#1492),.PCURVE_S1.);
#1480 = CIRCLE('',#1481,1.45);
#1481 = AXIS2_PLACEMENT_3D('',#1482,#1483,#1484);
#1482 = CARTESIAN_POINT('',(38.162187927159,-25.,30.438292486248));
#1483 = DIRECTION('',(-0.819152044289,0.,0.573576436351));
#1484 = DIRECTION('',(-0.573576436351,0.,-0.819152044289));
#1485 = PCURVE('',#72,#1486);
#1486 = DEFINITIONAL_REPRESENTATION('',(#1487),#1491);
#1487 = CIRCLE('',#1488,1.45);
#1488 = AXIS2_PLACEMENT_2D('',#1489,#1490);
#1489 = CARTESIAN_POINT('',(13.664808343074,-4.));
#1490 = DIRECTION('',(1.,-0.));
#1491 = ( GEOMETRIC_REPRESENTATION_CONTEXT(2) 
PARAMETRIC_REPRESENTATION_CONTEXT() REPRESENTATION_CONTEXT('2D SPACE',''
  ) );
#1492 = PCURVE('',#1493,#1498);
#1493 = CYLINDRICAL_SURFACE('',#1494,1.45);
#1494 = AXIS2_PLACEMENT_3D('',#1495,#1496,#1497);
#1495 = CARTESIAN_POINT('',(79.119790141609,-25.,1.759470668696));
#1496 = DIRECTION('',(-0.819152044289,0.,0.573576436351));
#1497 = DIRECTION('',(-0.573576436351,0.,-0.819152044289));
#1498 = DEFINITIONAL_REPRESENTATION('',(#1499),#1503);
#1499 = LINE('',#1500,#1501);
#1500 = CARTESIAN_POINT('',(0.,50.));
#1501 = VECTOR('',#1502,1.);
#1502 = DIRECTION('',(1.,0.));
#1503 = ( GEOMETRIC_REPRESENTATION_CONTEXT(2) 
PARAMETRIC_REPRESENTATION_CONTEXT() REPRESENTATION_CONTEXT('2D SPACE',''
  ) );
#1504 = FACE_BOUND('',#1505,.T.);
#1505 = EDGE_LOOP('',(#1506));
#1506 = ORIENTED_EDGE('',*,*,#1507,.F.);
#1507 = EDGE_CURVE('',#1508,#1508,#1510,.T.);
#1508 = VERTEX_POINT('',#1509);
#1509 = CARTESIAN_POINT('',(27.006126240132,-25.,14.505785224828));
#1510 = SURFACE_CURVE('',#1511,(#1516,#1523),.PCURVE_S1.);
#1511 = CIRCLE('',#1512,1.45);
#1512 = AXIS2_PLACEMENT_3D('',#1513,#1514,#1515);
#1513 = CARTESIAN_POINT('',(27.837812072841,-25.,15.693555689047));
#1514 = DIRECTION('',(-0.819152044289,0.,0.573576436351));
#1515 = DIRECTION('',(-0.573576436351,0.,-0.819152044289));
#1516 = PCURVE('',#72,#1517);
#1517 = DEFINITIONAL_REPRESENTATION('',(#1518),#1522);
#1518 = CIRCLE('',#1519,1.45);
#1519 = AXIS2_PLACEMENT_2D('',#1520,#1521);
#1520 = CARTESIAN_POINT('',(31.664808343074,-4.));
#1521 = DIRECTION('',(1.,-0.));
#1522 = ( GEOMETRIC_REPRESENTATION_CONTEXT(2) 
PARAMETRIC_REPRESENTATION_CONTEXT() REPRESENTATION_CONTEXT('2D SPACE',''
  ) );
#1523 = PCURVE('',#1240,#1524);
#1524 = DEFINITIONAL_REPRESENTATION('',(#1525),#1529);
#1525 = LINE('',#1526,#1527);
#1526 = CARTESIAN_POINT('',(0.,50.));
#1527 = VECTOR('',#1528,1.);
#1528 = DIRECTION('',(1.,0.));
#1529 = ( GEOMETRIC_REPRESENTATION_CONTEXT(2) 
PARAMETRIC_REPRESENTATION_CONTEXT() REPRESENTATION_CONTEXT('2D SPACE',''
  ) );
#1530 = ADVANCED_FACE('',(#1531,#1637,#1690),#177,.T.);
#1531 = FACE_BOUND('',#1532,.T.);
#1532 = EDGE_LOOP('',(#1533,#1534,#1535,#1584,#1585,#1634,#1635,#1636));
#1533 = ORIENTED_EDGE('',*,*,#161,.F.);
#1534 = ORIENTED_EDGE('',*,*,#1083,.T.);
#1535 = ORIENTED_EDGE('',*,*,#1536,.F.);
#1536 = EDGE_CURVE('',#1205,#1084,#1537,.T.);
#1537 = SURFACE_CURVE('',#1538,(#1543,#1550),.PCURVE_S1.);
#1538 = ELLIPSE('',#1539,1.770123153704,1.45);
#1539 = AXIS2_PLACEMENT_3D('',#1540,#1541,#1542);
#1540 = CARTESIAN_POINT('',(46.,-25.,2.976254792068));
#1541 = DIRECTION('',(1.,0.,0.));
#1542 = DIRECTION('',(-0.,0.,1.));
#1543 = PCURVE('',#177,#1544);
#1544 = DEFINITIONAL_REPRESENTATION('',(#1545),#1549);
#1545 = ELLIPSE('',#1546,1.770123153704,1.45);
#1546 = AXIS2_PLACEMENT_2D('',#1547,#1548);
#1547 = CARTESIAN_POINT('',(-0.523745207932,-4.));
#1548 = DIRECTION('',(1.,0.));
#1549 = ( GEOMETRIC_REPRESENTATION_CONTEXT(2) 
PARAMETRIC_REPRESENTATION_CONTEXT() REPRESENTATION_CONTEXT('2D SPACE',''
  ) );
#1550 = PCURVE('',#1240,#1551);
#1551 = DEFINITIONAL_REPRESENTATION('',(#1552),#1583);
#1552 = B_SPLINE_CURVE_WITH_KNOTS('',8,(#1553,#1554,#1555,#1556,#1557,
    #1558,#1559,#1560,#1561,#1562,#1563,#1564,#1565,#1566,#1567,#1568,
    #1569,#1570,#1571,#1572,#1573,#1574,#1575,#1576,#1577,#1578,#1579,
    #1580,#1581,#1582),.UNSPECIFIED.,.F.,.F.,(9,7,7,7,9),(3.14159265359,
    4.712388980385,7.068583470577,8.246680715673,9.424777960769),
  .UNSPECIFIED.);
#1553 = CARTESIAN_POINT('',(6.28318530718,26.81276157181));
#1554 = CARTESIAN_POINT('',(6.08683576633,26.81276157181));
#1555 = CARTESIAN_POINT('',(5.890486225481,26.857497258276));
#1556 = CARTESIAN_POINT('',(5.694136684632,26.946963223188));
#1557 = CARTESIAN_POINT('',(5.497787143782,27.077496552833));
#1558 = CARTESIAN_POINT('',(5.301437602933,27.241709938765));
#1559 = CARTESIAN_POINT('',(5.105088062084,27.42935545305));
#1560 = CARTESIAN_POINT('',(4.908738521234,27.628708630705));
#1561 = CARTESIAN_POINT('',(4.417864669111,28.127093309477));
#1562 = CARTESIAN_POINT('',(4.123340357836,28.42612520032));
#1563 = CARTESIAN_POINT('',(3.828816046565,28.685621373836));
#1564 = CARTESIAN_POINT('',(3.534291735286,28.86610243711));
#1565 = CARTESIAN_POINT('',(3.239767424018,28.938864939439));
#1566 = CARTESIAN_POINT('',(2.945243112741,28.897708559416));
#1567 = CARTESIAN_POINT('',(2.650718801466,28.757435386647));
#1568 = CARTESIAN_POINT('',(2.208932334555,28.440265319248));
#1569 = CARTESIAN_POINT('',(2.061670178919,28.316748739026));
#1570 = CARTESIAN_POINT('',(1.914408023278,28.178932803119));
#1571 = CARTESIAN_POINT('',(1.767145867643,28.031133784769));
#1572 = CARTESIAN_POINT('',(1.619883712008,27.878250479063));
#1573 = CARTESIAN_POINT('',(1.472621556369,27.725421693758));
#1574 = CARTESIAN_POINT('',(1.325359400733,27.577657878494));
#1575 = CARTESIAN_POINT('',(1.030835089459,27.301389436073));
#1576 = CARTESIAN_POINT('',(0.883572933822,27.17288491002));
#1577 = CARTESIAN_POINT('',(0.736310778185,27.058574228688));
#1578 = CARTESIAN_POINT('',(0.589048622548,26.962578254546));
#1579 = CARTESIAN_POINT('',(0.441786466912,26.888251373952));
#1580 = CARTESIAN_POINT('',(0.294524311274,26.83792504582));
#1581 = CARTESIAN_POINT('',(0.147262155637,26.81276157181));
#1582 = CARTESIAN_POINT('',(6.217248937901E-15,26.81276157181));
#1583 = ( GEOMETRIC_REPRESENTATION_CONTEXT(2) 
PARAMETRIC_REPRESENTATION_CONTEXT() REPRESENTATION_CONTEXT('2D SPACE',''
  ) );
#1584 = ORIENTED_EDGE('',*,*,#1204,.T.);
#1585 = ORIENTED_EDGE('',*,*,#1586,.F.);
#1586 = EDGE_CURVE('',#1128,#1149,#1587,.T.);
#1587 = SURFACE_CURVE('',#1588,(#1593,#1600),.PCURVE_S1.);
#1588 = ELLIPSE('',#1589,1.770123153704,1.45);
#1589 = AXIS2_PLACEMENT_3D('',#1590,#1591,#1592);
#1590 = CARTESIAN_POINT('',(46.,25.,2.976254792068));
#1591 = DIRECTION('',(1.,0.,0.));
#1592 = DIRECTION('',(-0.,0.,1.));
#1593 = PCURVE('',#177,#1594);
#1594 = DEFINITIONAL_REPRESENTATION('',(#1595),#1599);
#1595 = ELLIPSE('',#1596,1.770123153704,1.45);
#1596 = AXIS2_PLACEMENT_2D('',#1597,#1598);
#1597 = CARTESIAN_POINT('',(-0.523745207932,-54.));
#1598 = DIRECTION('',(1.,0.));
#1599 = ( GEOMETRIC_REPRESENTATION_CONTEXT(2) 
PARAMETRIC_REPRESENTATION_CONTEXT() REPRESENTATION_CONTEXT('2D SPACE',''
  ) );
#1600 = PCURVE('',#1165,#1601);
#1601 = DEFINITIONAL_REPRESENTATION('',(#1602),#1633);
#1602 = B_SPLINE_CURVE_WITH_KNOTS('',8,(#1603,#1604,#1605,#1606,#1607,
    #1608,#1609,#1610,#1611,#1612,#1613,#1614,#1615,#1616,#1617,#1618,
    #1619,#1620,#1621,#1622,#1623,#1624,#1625,#1626,#1627,#1628,#1629,
    #1630,#1631,#1632),.UNSPECIFIED.,.F.,.F.,(9,7,7,7,9),(3.14159265359,
    4.712388980385,7.068583470577,8.246680715673,9.424777960769),
  .UNSPECIFIED.);
#1603 = CARTESIAN_POINT('',(6.28318530718,26.81276157181));
#1604 = CARTESIAN_POINT('',(6.08683576633,26.81276157181));
#1605 = CARTESIAN_POINT('',(5.890486225481,26.857497258276));
#1606 = CARTESIAN_POINT('',(5.694136684632,26.946963223188));
#1607 = CARTESIAN_POINT('',(5.497787143782,27.077496552833));
#1608 = CARTESIAN_POINT('',(5.301437602933,27.241709938765));
#1609 = CARTESIAN_POINT('',(5.105088062084,27.42935545305));
#1610 = CARTESIAN_POINT('',(4.908738521234,27.628708630705));
#1611 = CARTESIAN_POINT('',(4.417864669111,28.127093309477));
#1612 = CARTESIAN_POINT('',(4.123340357836,28.42612520032));
#1613 = CARTESIAN_POINT('',(3.828816046565,28.685621373836));
#1614 = CARTESIAN_POINT('',(3.534291735286,28.86610243711));
#1615 = CARTESIAN_POINT('',(3.239767424018,28.938864939439));
#1616 = CARTESIAN_POINT('',(2.945243112741,28.897708559416));
#1617 = CARTESIAN_POINT('',(2.650718801466,28.757435386647));
#1618 = CARTESIAN_POINT('',(2.208932334555,28.440265319248));
#1619 = CARTESIAN_POINT('',(2.061670178919,28.316748739026));
#1620 = CARTESIAN_POINT('',(1.914408023278,28.178932803119));
#1621 = CARTESIAN_POINT('',(1.767145867643,28.031133784769));
#1622 = CARTESIAN_POINT('',(1.619883712008,27.878250479063));
#1623 = CARTESIAN_POINT('',(1.472621556369,27.725421693758));
#1624 = CARTESIAN_POINT('',(1.325359400733,27.577657878494));
#1625 = CARTESIAN_POINT('',(1.030835089459,27.301389436073));
#1626 = CARTESIAN_POINT('',(0.883572933822,27.17288491002));
#1627 = CARTESIAN_POINT('',(0.736310778185,27.058574228688));
#1628 = CARTESIAN_POINT('',(0.589048622548,26.962578254546));
#1629 = CARTESIAN_POINT('',(0.441786466912,26.888251373952));
#1630 = CARTESIAN_POINT('',(0.294524311274,26.83792504582));
#1631 = CARTESIAN_POINT('',(0.147262155637,26.81276157181));
#1632 = CARTESIAN_POINT('',(6.217248937901E-15,26.81276157181));
#1633 = ( GEOMETRIC_REPRESENTATION_CONTEXT(2) 
PARAMETRIC_REPRESENTATION_CONTEXT() REPRESENTATION_CONTEXT('2D SPACE',''
  ) );
#1634 = ORIENTED_EDGE('',*,*,#1127,.T.);
#1635 = ORIENTED_EDGE('',*,*,#1346,.T.);
#1636 = ORIENTED_EDGE('',*,*,#1393,.F.);
#1637 = FACE_BOUND('',#1638,.T.);
#1638 = EDGE_LOOP('',(#1639));
#1639 = ORIENTED_EDGE('',*,*,#1640,.F.);
#1640 = EDGE_CURVE('',#1641,#1641,#1643,.T.);
#1641 = VERTEX_POINT('',#1642);
#1642 = CARTESIAN_POINT('',(46.,25.,23.18007423607));
#1643 = SURFACE_CURVE('',#1644,(#1649,#1656),.PCURVE_S1.);
#1644 = ELLIPSE('',#1645,1.770123153704,1.45);
#1645 = AXIS2_PLACEMENT_3D('',#1646,#1647,#1648);
#1646 = CARTESIAN_POINT('',(46.,25.,24.950197389774));
#1647 = DIRECTION('',(1.,0.,0.));
#1648 = DIRECTION('',(-0.,0.,1.));
#1649 = PCURVE('',#177,#1650);
#1650 = DEFINITIONAL_REPRESENTATION('',(#1651),#1655);
#1651 = ELLIPSE('',#1652,1.770123153704,1.45);
#1652 = AXIS2_PLACEMENT_2D('',#1653,#1654);
#1653 = CARTESIAN_POINT('',(21.450197389774,-54.));
#1654 = DIRECTION('',(1.,0.));
#1655 = ( GEOMETRIC_REPRESENTATION_CONTEXT(2) 
PARAMETRIC_REPRESENTATION_CONTEXT() REPRESENTATION_CONTEXT('2D SPACE',''
  ) );
#1656 = PCURVE('',#1436,#1657);
#1657 = DEFINITIONAL_REPRESENTATION('',(#1658),#1689);
#1658 = B_SPLINE_CURVE_WITH_KNOTS('',8,(#1659,#1660,#1661,#1662,#1663,
    #1664,#1665,#1666,#1667,#1668,#1669,#1670,#1671,#1672,#1673,#1674,
    #1675,#1676,#1677,#1678,#1679,#1680,#1681,#1682,#1683,#1684,#1685,
    #1686,#1687,#1688),.UNSPECIFIED.,.F.,.F.,(9,7,7,7,9),(3.14159265359,
    4.712388980385,7.068583470577,8.246680715673,9.424777960769),
  .UNSPECIFIED.);
#1659 = CARTESIAN_POINT('',(6.28318530718,39.416497259584));
#1660 = CARTESIAN_POINT('',(6.08683576633,39.416497259584));
#1661 = CARTESIAN_POINT('',(5.890486225481,39.461232946055));
#1662 = CARTESIAN_POINT('',(5.694136684632,39.550698910964));
#1663 = CARTESIAN_POINT('',(5.497787143782,39.681232240608));
#1664 = CARTESIAN_POINT('',(5.301437602933,39.845445626538));
#1665 = CARTESIAN_POINT('',(5.105088062083,40.033091140823));
#1666 = CARTESIAN_POINT('',(4.908738521234,40.23244431848));
#1667 = CARTESIAN_POINT('',(4.417864669111,40.730828997252));
#1668 = CARTESIAN_POINT('',(4.123340357838,41.029860888109));
#1669 = CARTESIAN_POINT('',(3.828816046572,41.28935706125));
#1670 = CARTESIAN_POINT('',(3.534291735286,41.469838125136));
#1671 = CARTESIAN_POINT('',(3.239767424025,41.542600626912));
#1672 = CARTESIAN_POINT('',(2.945243112741,41.501444247246));
#1673 = CARTESIAN_POINT('',(2.650718801466,41.361171074422));
#1674 = CARTESIAN_POINT('',(2.208932334555,41.044001007022));
#1675 = CARTESIAN_POINT('',(2.061670178919,40.920484426798));
#1676 = CARTESIAN_POINT('',(1.91440802328,40.782668490895));
#1677 = CARTESIAN_POINT('',(1.767145867643,40.634869472548));
#1678 = CARTESIAN_POINT('',(1.619883712007,40.481986166838));
#1679 = CARTESIAN_POINT('',(1.472621556369,40.32915738153));
#1680 = CARTESIAN_POINT('',(1.325359400733,40.181393566268));
#1681 = CARTESIAN_POINT('',(1.030835089459,39.905125123848));
#1682 = CARTESIAN_POINT('',(0.883572933822,39.776620597791));
#1683 = CARTESIAN_POINT('',(0.736310778185,39.66230991647));
#1684 = CARTESIAN_POINT('',(0.589048622548,39.566313942321));
#1685 = CARTESIAN_POINT('',(0.441786466912,39.49198706172));
#1686 = CARTESIAN_POINT('',(0.294524311274,39.4416607336));
#1687 = CARTESIAN_POINT('',(0.147262155637,39.416497259584));
#1688 = CARTESIAN_POINT('',(6.217248937901E-15,39.416497259584));
#1689 = ( GEOMETRIC_REPRESENTATION_CONTEXT(2) 
PARAMETRIC_REPRESENTATION_CONTEXT() REPRESENTATION_CONTEXT('2D SPACE',''
  ) );
#1690 = FACE_BOUND('',#1691,.T.);
#1691 = EDGE_LOOP('',(#1692));
#1692 = ORIENTED_EDGE('',*,*,#1693,.F.);
#1693 = EDGE_CURVE('',#1694,#1694,#1696,.T.);
#1694 = VERTEX_POINT('',#1695);
#1695 = CARTESIAN_POINT('',(46.,-25.,23.18007423607));
#1696 = SURFACE_CURVE('',#1697,(#1702,#1709),.PCURVE_S1.);
#1697 = ELLIPSE('',#1698,1.770123153704,1.45);
#1698 = AXIS2_PLACEMENT_3D('',#1699,#1700,#1701);
#1699 = CARTESIAN_POINT('',(46.,-25.,24.950197389774));
#1700 = DIRECTION('',(1.,0.,0.));
#1701 = DIRECTION('',(-0.,0.,1.));
#1702 = PCURVE('',#177,#1703);
#1703 = DEFINITIONAL_REPRESENTATION('',(#1704),#1708);
#1704 = ELLIPSE('',#1705,1.770123153704,1.45);
#1705 = AXIS2_PLACEMENT_2D('',#1706,#1707);
#1706 = CARTESIAN_POINT('',(21.450197389774,-4.));
#1707 = DIRECTION('',(1.,0.));
#1708 = ( GEOMETRIC_REPRESENTATION_CONTEXT(2) 
PARAMETRIC_REPRESENTATION_CONTEXT() REPRESENTATION_CONTEXT('2D SPACE',''
  ) );
#1709 = PCURVE('',#1493,#1710);
#1710 = DEFINITIONAL_REPRESENTATION('',(#1711),#1742);
#1711 = B_SPLINE_CURVE_WITH_KNOTS('',8,(#1712,#1713,#1714,#1715,#1716,
    #1717,#1718,#1719,#1720,#1721,#1722,#1723,#1724,#1725,#1726,#1727,
    #1728,#1729,#1730,#1731,#1732,#1733,#1734,#1735,#1736,#1737,#1738,
    #1739,#1740,#1741),.UNSPECIFIED.,.F.,.F.,(9,7,7,7,9),(3.14159265359,
    4.712388980385,7.068583470577,8.246680715673,9.424777960769),
  .UNSPECIFIED.);
#1712 = CARTESIAN_POINT('',(6.28318530718,39.416497259584));
#1713 = CARTESIAN_POINT('',(6.08683576633,39.416497259584));
#1714 = CARTESIAN_POINT('',(5.890486225481,39.461232946055));
#1715 = CARTESIAN_POINT('',(5.694136684632,39.550698910964));
#1716 = CARTESIAN_POINT('',(5.497787143782,39.681232240608));
#1717 = CARTESIAN_POINT('',(5.301437602933,39.845445626538));
#1718 = CARTESIAN_POINT('',(5.105088062083,40.033091140823));
#1719 = CARTESIAN_POINT('',(4.908738521234,40.23244431848));
#1720 = CARTESIAN_POINT('',(4.417864669111,40.730828997252));
#1721 = CARTESIAN_POINT('',(4.123340357838,41.029860888109));
#1722 = CARTESIAN_POINT('',(3.828816046572,41.28935706125));
#1723 = CARTESIAN_POINT('',(3.534291735286,41.469838125136));
#1724 = CARTESIAN_POINT('',(3.239767424025,41.542600626912));
#1725 = CARTESIAN_POINT('',(2.945243112741,41.501444247246));
#1726 = CARTESIAN_POINT('',(2.650718801466,41.361171074422));
#1727 = CARTESIAN_POINT('',(2.208932334555,41.044001007022));
#1728 = CARTESIAN_POINT('',(2.061670178919,40.920484426798));
#1729 = CARTESIAN_POINT('',(1.91440802328,40.782668490895));
#1730 = CARTESIAN_POINT('',(1.767145867643,40.634869472548));
#1731 = CARTESIAN_POINT('',(1.619883712007,40.481986166838));
#1732 = CARTESIAN_POINT('',(1.472621556369,40.32915738153));
#1733 = CARTESIAN_POINT('',(1.325359400733,40.181393566268));
#1734 = CARTESIAN_POINT('',(1.030835089459,39.905125123848));
#1735 = CARTESIAN_POINT('',(0.883572933822,39.776620597791));
#1736 = CARTESIAN_POINT('',(0.736310778185,39.66230991647));
#1737 = CARTESIAN_POINT('',(0.589048622548,39.566313942321));
#1738 = CARTESIAN_POINT('',(0.441786466912,39.49198706172));
#1739 = CARTESIAN_POINT('',(0.294524311274,39.4416607336));
#1740 = CARTESIAN_POINT('',(0.147262155637,39.416497259584));
#1741 = CARTESIAN_POINT('',(6.217248937901E-15,39.416497259584));
#1742 = ( GEOMETRIC_REPRESENTATION_CONTEXT(2) 
PARAMETRIC_REPRESENTATION_CONTEXT() REPRESENTATION_CONTEXT('2D SPACE',''
  ) );
#1743 = ADVANCED_FACE('',(#1744),#230,.T.);
#1744 = FACE_BOUND('',#1745,.T.);
#1745 = EDGE_LOOP('',(#1746,#1747,#1770,#1797));
#1746 = ORIENTED_EDGE('',*,*,#213,.F.);
#1747 = ORIENTED_EDGE('',*,*,#1748,.F.);
#1748 = EDGE_CURVE('',#1749,#214,#1751,.T.);
#1749 = VERTEX_POINT('',#1750);
#1750 = CARTESIAN_POINT('',(70.,-1.714505518806E-14,0.));
#1751 = SEAM_CURVE('',#1752,(#1756,#1763),.PCURVE_S1.);
#1752 = LINE('',#1753,#1754);
#1753 = CARTESIAN_POINT('',(70.,-1.714505518806E-14,0.));
#1754 = VECTOR('',#1755,1.);
#1755 = DIRECTION('',(0.,0.,1.));
#1756 = PCURVE('',#230,#1757);
#1757 = DEFINITIONAL_REPRESENTATION('',(#1758),#1762);
#1758 = LINE('',#1759,#1760);
#1759 = CARTESIAN_POINT('',(6.28318530718,-0.));
#1760 = VECTOR('',#1761,1.);
#1761 = DIRECTION('',(0.,1.));
#1762 = ( GEOMETRIC_REPRESENTATION_CONTEXT(2) 
PARAMETRIC_REPRESENTATION_CONTEXT() REPRESENTATION_CONTEXT('2D SPACE',''
  ) );
#1763 = PCURVE('',#230,#1764);
#1764 = DEFINITIONAL_REPRESENTATION('',(#1765),#1769);
#1765 = LINE('',#1766,#1767);
#1766 = CARTESIAN_POINT('',(0.,-0.));
#1767 = VECTOR('',#1768,1.);
#1768 = DIRECTION('',(0.,1.));
#1769 = ( GEOMETRIC_REPRESENTATION_CONTEXT(2) 
PARAMETRIC_REPRESENTATION_CONTEXT() REPRESENTATION_CONTEXT('2D SPACE',''
  ) );
#1770 = ORIENTED_EDGE('',*,*,#1771,.T.);
#1771 = EDGE_CURVE('',#1749,#1749,#1772,.T.);
#1772 = SURFACE_CURVE('',#1773,(#1778,#1785),.PCURVE_S1.);
#1773 = CIRCLE('',#1774,70.);
#1774 = AXIS2_PLACEMENT_3D('',#1775,#1776,#1777);
#1775 = CARTESIAN_POINT('',(0.,0.,0.));
#1776 = DIRECTION('',(0.,0.,1.));
#1777 = DIRECTION('',(1.,0.,-0.));
#1778 = PCURVE('',#230,#1779);
#1779 = DEFINITIONAL_REPRESENTATION('',(#1780),#1784);
#1780 = LINE('',#1781,#1782);
#1781 = CARTESIAN_POINT('',(0.,0.));
#1782 = VECTOR('',#1783,1.);
#1783 = DIRECTION('',(1.,0.));
#1784 = ( GEOMETRIC_REPRESENTATION_CONTEXT(2) 
PARAMETRIC_REPRESENTATION_CONTEXT() REPRESENTATION_CONTEXT('2D SPACE',''
  ) );
#1785 = PCURVE('',#1786,#1791);
#1786 = PLANE('',#1787);
#1787 = AXIS2_PLACEMENT_3D('',#1788,#1789,#1790);
#1788 = CARTESIAN_POINT('',(0.,0.,0.));
#1789 = DIRECTION('',(0.,0.,1.));
#1790 = DIRECTION('',(1.,0.,-0.));
#1791 = DEFINITIONAL_REPRESENTATION('',(#1792),#1796);
#1792 = CIRCLE('',#1793,70.);
#1793 = AXIS2_PLACEMENT_2D('',#1794,#1795);
#1794 = CARTESIAN_POINT('',(0.,0.));
#1795 = DIRECTION('',(1.,0.));
#1796 = ( GEOMETRIC_REPRESENTATION_CONTEXT(2) 
PARAMETRIC_REPRESENTATION_CONTEXT() REPRESENTATION_CONTEXT('2D SPACE',''
  ) );
#1797 = ORIENTED_EDGE('',*,*,#1748,.T.);
#1798 = ADVANCED_FACE('',(#1799),#261,.F.);
#1799 = FACE_BOUND('',#1800,.F.);
#1800 = EDGE_LOOP('',(#1801,#1802,#1825,#1847));
#1801 = ORIENTED_EDGE('',*,*,#244,.F.);
#1802 = ORIENTED_EDGE('',*,*,#1803,.F.);
#1803 = EDGE_CURVE('',#1804,#245,#1806,.T.);
#1804 = VERTEX_POINT('',#1805);
#1805 = CARTESIAN_POINT('',(2.25,-62.,0.));
#1806 = SEAM_CURVE('',#1807,(#1811,#1818),.PCURVE_S1.);
#1807 = LINE('',#1808,#1809);
#1808 = CARTESIAN_POINT('',(2.25,-62.,-1.));
#1809 = VECTOR('',#1810,1.);
#1810 = DIRECTION('',(0.,0.,1.));
#1811 = PCURVE('',#261,#1812);
#1812 = DEFINITIONAL_REPRESENTATION('',(#1813),#1817);
#1813 = LINE('',#1814,#1815);
#1814 = CARTESIAN_POINT('',(6.28318530718,-0.));
#1815 = VECTOR('',#1816,1.);
#1816 = DIRECTION('',(0.,1.));
#1817 = ( GEOMETRIC_REPRESENTATION_CONTEXT(2) 
PARAMETRIC_REPRESENTATION_CONTEXT() REPRESENTATION_CONTEXT('2D SPACE',''
  ) );
#1818 = PCURVE('',#261,#1819);
#1819 = DEFINITIONAL_REPRESENTATION('',(#1820),#1824);
#1820 = LINE('',#1821,#1822);
#1821 = CARTESIAN_POINT('',(0.,-0.));
#1822 = VECTOR('',#1823,1.);
#1823 = DIRECTION('',(0.,1.));
#1824 = ( GEOMETRIC_REPRESENTATION_CONTEXT(2) 
PARAMETRIC_REPRESENTATION_CONTEXT() REPRESENTATION_CONTEXT('2D SPACE',''
  ) );
#1825 = ORIENTED_EDGE('',*,*,#1826,.T.);
#1826 = EDGE_CURVE('',#1804,#1804,#1827,.T.);
#1827 = SURFACE_CURVE('',#1828,(#1833,#1840),.PCURVE_S1.);
#1828 = CIRCLE('',#1829,2.25);
#1829 = AXIS2_PLACEMENT_3D('',#1830,#1831,#1832);
#1830 = CARTESIAN_POINT('',(-1.138921523207E-14,-62.,0.));
#1831 = DIRECTION('',(0.,0.,1.));
#1832 = DIRECTION('',(1.,0.,-0.));
#1833 = PCURVE('',#261,#1834);
#1834 = DEFINITIONAL_REPRESENTATION('',(#1835),#1839);
#1835 = LINE('',#1836,#1837);
#1836 = CARTESIAN_POINT('',(0.,1.));
#1837 = VECTOR('',#1838,1.);
#1838 = DIRECTION('',(1.,0.));
#1839 = ( GEOMETRIC_REPRESENTATION_CONTEXT(2) 
PARAMETRIC_REPRESENTATION_CONTEXT() REPRESENTATION_CONTEXT('2D SPACE',''
  ) );
#1840 = PCURVE('',#1786,#1841);
#1841 = DEFINITIONAL_REPRESENTATION('',(#1842),#1846);
#1842 = CIRCLE('',#1843,2.25);
#1843 = AXIS2_PLACEMENT_2D('',#1844,#1845);
#1844 = CARTESIAN_POINT('',(-1.138921523207E-14,-62.));
#1845 = DIRECTION('',(1.,0.));
#1846 = ( GEOMETRIC_REPRESENTATION_CONTEXT(2) 
PARAMETRIC_REPRESENTATION_CONTEXT() REPRESENTATION_CONTEXT('2D SPACE',''
  ) );
#1847 = ORIENTED_EDGE('',*,*,#1803,.T.);
#1848 = ADVANCED_FACE('',(#1849),#292,.F.);
#1849 = FACE_BOUND('',#1850,.F.);
#1850 = EDGE_LOOP('',(#1851,#1852,#1875,#1897));
#1851 = ORIENTED_EDGE('',*,*,#275,.F.);
#1852 = ORIENTED_EDGE('',*,*,#1853,.F.);
#1853 = EDGE_CURVE('',#1854,#276,#1856,.T.);
#1854 = VERTEX_POINT('',#1855);
#1855 = CARTESIAN_POINT('',(-22.,-46.76537180436,0.));
#1856 = SEAM_CURVE('',#1857,(#1861,#1868),.PCURVE_S1.);
#1857 = LINE('',#1858,#1859);
#1858 = CARTESIAN_POINT('',(-22.,-46.76537180436,-1.));
#1859 = VECTOR('',#1860,1.);
#1860 = DIRECTION('',(0.,0.,1.));
#1861 = PCURVE('',#292,#1862);
#1862 = DEFINITIONAL_REPRESENTATION('',(#1863),#1867);
#1863 = LINE('',#1864,#1865);
#1864 = CARTESIAN_POINT('',(6.28318530718,-0.));
#1865 = VECTOR('',#1866,1.);
#1866 = DIRECTION('',(0.,1.));
#1867 = ( GEOMETRIC_REPRESENTATION_CONTEXT(2) 
PARAMETRIC_REPRESENTATION_CONTEXT() REPRESENTATION_CONTEXT('2D SPACE',''
  ) );
#1868 = PCURVE('',#292,#1869);
#1869 = DEFINITIONAL_REPRESENTATION('',(#1870),#1874);
#1870 = LINE('',#1871,#1872);
#1871 = CARTESIAN_POINT('',(0.,-0.));
#1872 = VECTOR('',#1873,1.);
#1873 = DIRECTION('',(0.,1.));
#1874 = ( GEOMETRIC_REPRESENTATION_CONTEXT(2) 
PARAMETRIC_REPRESENTATION_CONTEXT() REPRESENTATION_CONTEXT('2D SPACE',''
  ) );
#1875 = ORIENTED_EDGE('',*,*,#1876,.T.);
#1876 = EDGE_CURVE('',#1854,#1854,#1877,.T.);
#1877 = SURFACE_CURVE('',#1878,(#1883,#1890),.PCURVE_S1.);
#1878 = CIRCLE('',#1879,5.);
#1879 = AXIS2_PLACEMENT_3D('',#1880,#1881,#1882);
#1880 = CARTESIAN_POINT('',(-27.,-46.76537180436,0.));
#1881 = DIRECTION('',(0.,0.,1.));
#1882 = DIRECTION('',(1.,0.,-0.));
#1883 = PCURVE('',#292,#1884);
#1884 = DEFINITIONAL_REPRESENTATION('',(#1885),#1889);
#1885 = LINE('',#1886,#1887);
#1886 = CARTESIAN_POINT('',(0.,1.));
#1887 = VECTOR('',#1888,1.);
#1888 = DIRECTION('',(1.,0.));
#1889 = ( GEOMETRIC_REPRESENTATION_CONTEXT(2) 
PARAMETRIC_REPRESENTATION_CONTEXT() REPRESENTATION_CONTEXT('2D SPACE',''
  ) );
#1890 = PCURVE('',#1786,#1891);
#1891 = DEFINITIONAL_REPRESENTATION('',(#1892),#1896);
#1892 = CIRCLE('',#1893,5.);
#1893 = AXIS2_PLACEMENT_2D('',#1894,#1895);
#1894 = CARTESIAN_POINT('',(-27.,-46.76537180436));
#1895 = DIRECTION('',(1.,0.));
#1896 = ( GEOMETRIC_REPRESENTATION_CONTEXT(2) 
PARAMETRIC_REPRESENTATION_CONTEXT() REPRESENTATION_CONTEXT('2D SPACE',''
  ) );
#1897 = ORIENTED_EDGE('',*,*,#1853,.T.);
#1898 = ADVANCED_FACE('',(#1899),#323,.F.);
#1899 = FACE_BOUND('',#1900,.F.);
#1900 = EDGE_LOOP('',(#1901,#1902,#1925,#1947));
#1901 = ORIENTED_EDGE('',*,*,#306,.F.);
#1902 = ORIENTED_EDGE('',*,*,#1903,.F.);
#1903 = EDGE_CURVE('',#1904,#307,#1906,.T.);
#1904 = VERTEX_POINT('',#1905);
#1905 = CARTESIAN_POINT('',(-51.44357503463,-31.,0.));
#1906 = SEAM_CURVE('',#1907,(#1911,#1918),.PCURVE_S1.);
#1907 = LINE('',#1908,#1909);
#1908 = CARTESIAN_POINT('',(-51.44357503463,-31.,-1.));
#1909 = VECTOR('',#1910,1.);
#1910 = DIRECTION('',(0.,0.,1.));
#1911 = PCURVE('',#323,#1912);
#1912 = DEFINITIONAL_REPRESENTATION('',(#1913),#1917);
#1913 = LINE('',#1914,#1915);
#1914 = CARTESIAN_POINT('',(6.28318530718,-0.));
#1915 = VECTOR('',#1916,1.);
#1916 = DIRECTION('',(0.,1.));
#1917 = ( GEOMETRIC_REPRESENTATION_CONTEXT(2) 
PARAMETRIC_REPRESENTATION_CONTEXT() REPRESENTATION_CONTEXT('2D SPACE',''
  ) );
#1918 = PCURVE('',#323,#1919);
#1919 = DEFINITIONAL_REPRESENTATION('',(#1920),#1924);
#1920 = LINE('',#1921,#1922);
#1921 = CARTESIAN_POINT('',(0.,-0.));
#1922 = VECTOR('',#1923,1.);
#1923 = DIRECTION('',(0.,1.));
#1924 = ( GEOMETRIC_REPRESENTATION_CONTEXT(2) 
PARAMETRIC_REPRESENTATION_CONTEXT() REPRESENTATION_CONTEXT('2D SPACE',''
  ) );
#1925 = ORIENTED_EDGE('',*,*,#1926,.T.);
#1926 = EDGE_CURVE('',#1904,#1904,#1927,.T.);
#1927 = SURFACE_CURVE('',#1928,(#1933,#1940),.PCURVE_S1.);
#1928 = CIRCLE('',#1929,2.25);
#1929 = AXIS2_PLACEMENT_3D('',#1930,#1931,#1932);
#1930 = CARTESIAN_POINT('',(-53.69357503463,-31.,0.));
#1931 = DIRECTION('',(0.,0.,1.));
#1932 = DIRECTION('',(1.,0.,-0.));
#1933 = PCURVE('',#323,#1934);
#1934 = DEFINITIONAL_REPRESENTATION('',(#1935),#1939);
#1935 = LINE('',#1936,#1937);
#1936 = CARTESIAN_POINT('',(0.,1.));
#1937 = VECTOR('',#1938,1.);
#1938 = DIRECTION('',(1.,0.));
#1939 = ( GEOMETRIC_REPRESENTATION_CONTEXT(2) 
PARAMETRIC_REPRESENTATION_CONTEXT() REPRESENTATION_CONTEXT('2D SPACE',''
  ) );
#1940 = PCURVE('',#1786,#1941);
#1941 = DEFINITIONAL_REPRESENTATION('',(#1942),#1946);
#1942 = CIRCLE('',#1943,2.25);
#1943 = AXIS2_PLACEMENT_2D('',#1944,#1945);
#1944 = CARTESIAN_POINT('',(-53.69357503463,-31.));
#1945 = DIRECTION('',(1.,0.));
#1946 = ( GEOMETRIC_REPRESENTATION_CONTEXT(2) 
PARAMETRIC_REPRESENTATION_CONTEXT() REPRESENTATION_CONTEXT('2D SPACE',''
  ) );
#1947 = ORIENTED_EDGE('',*,*,#1903,.T.);
#1948 = ADVANCED_FACE('',(#1949,#2226,#2284),#354,.T.);
#1949 = FACE_BOUND('',#1950,.T.);
#1950 = EDGE_LOOP('',(#1951,#1974,#1975,#2026,#2075,#2076,#2127,#2176,
    #2177,#2200));
#1951 = ORIENTED_EDGE('',*,*,#1952,.F.);
#1952 = EDGE_CURVE('',#338,#1953,#1955,.T.);
#1953 = VERTEX_POINT('',#1954);
#1954 = CARTESIAN_POINT('',(-48.11473670974,-25.33716857408,
    41.631848175295));
#1955 = SURFACE_CURVE('',#1956,(#1960,#1967),.PCURVE_S1.);
#1956 = LINE('',#1957,#1958);
#1957 = CARTESIAN_POINT('',(-48.11473670974,-25.33716857408,3.5));
#1958 = VECTOR('',#1959,1.);
#1959 = DIRECTION('',(0.,0.,1.));
#1960 = PCURVE('',#354,#1961);
#1961 = DEFINITIONAL_REPRESENTATION('',(#1962),#1966);
#1962 = LINE('',#1963,#1964);
#1963 = CARTESIAN_POINT('',(0.,0.));
#1964 = VECTOR('',#1965,1.);
#1965 = DIRECTION('',(1.,0.));
#1966 = ( GEOMETRIC_REPRESENTATION_CONTEXT(2) 
PARAMETRIC_REPRESENTATION_CONTEXT() REPRESENTATION_CONTEXT('2D SPACE',''
  ) );
#1967 = PCURVE('',#380,#1968);
#1968 = DEFINITIONAL_REPRESENTATION('',(#1969),#1973);
#1969 = LINE('',#1970,#1971);
#1970 = CARTESIAN_POINT('',(14.615366215361,8.630023312797));
#1971 = VECTOR('',#1972,1.);
#1972 = DIRECTION('',(-1.,0.));
#1973 = ( GEOMETRIC_REPRESENTATION_CONTEXT(2) 
PARAMETRIC_REPRESENTATION_CONTEXT() REPRESENTATION_CONTEXT('2D SPACE',''
  ) );
#1974 = ORIENTED_EDGE('',*,*,#337,.T.);
#1975 = ORIENTED_EDGE('',*,*,#1976,.F.);
#1976 = EDGE_CURVE('',#1977,#340,#1979,.T.);
#1977 = VERTEX_POINT('',#1978);
#1978 = CARTESIAN_POINT('',(-44.2558745907,-27.56508365728,4.6566362069)
  );
#1979 = SURFACE_CURVE('',#1980,(#1985,#1992),.PCURVE_S1.);
#1980 = ELLIPSE('',#1981,1.770123153704,1.45);
#1981 = AXIS2_PLACEMENT_3D('',#1982,#1983,#1984);
#1982 = CARTESIAN_POINT('',(-44.65063509461,-27.33716857408,
    2.976254792068));
#1983 = DIRECTION('',(-0.5,-0.866025403784,0.));
#1984 = DIRECTION('',(-1.676291566837E-16,9.678073873537E-17,1.));
#1985 = PCURVE('',#354,#1986);
#1986 = DEFINITIONAL_REPRESENTATION('',(#1987),#1991);
#1987 = ELLIPSE('',#1988,1.770123153704,1.45);
#1988 = AXIS2_PLACEMENT_2D('',#1989,#1990);
#1989 = CARTESIAN_POINT('',(-0.523745207932,-4.));
#1990 = DIRECTION('',(1.,1.935614774707E-16));
#1991 = ( GEOMETRIC_REPRESENTATION_CONTEXT(2) 
PARAMETRIC_REPRESENTATION_CONTEXT() REPRESENTATION_CONTEXT('2D SPACE',''
  ) );
#1992 = PCURVE('',#609,#1993);
#1993 = DEFINITIONAL_REPRESENTATION('',(#1994),#2025);
#1994 = B_SPLINE_CURVE_WITH_KNOTS('',8,(#1995,#1996,#1997,#1998,#1999,
    #2000,#2001,#2002,#2003,#2004,#2005,#2006,#2007,#2008,#2009,#2010,
    #2011,#2012,#2013,#2014,#2015,#2016,#2017,#2018,#2019,#2020,#2021,
    #2022,#2023,#2024),.UNSPECIFIED.,.F.,.F.,(9,7,7,7,9),(5.963396973931
    ,7.534193300726,9.890387790918,11.068485036014,12.246582281111),
  .UNSPECIFIED.);
#1995 = CARTESIAN_POINT('',(6.28318530718,28.791889685843));
#1996 = CARTESIAN_POINT('',(6.08683576633,28.854559691651));
#1997 = CARTESIAN_POINT('',(5.890486225481,28.874761803588));
#1998 = CARTESIAN_POINT('',(5.694136684632,28.848820886635));
#1999 = CARTESIAN_POINT('',(5.497787143782,28.776528383183));
#2000 = CARTESIAN_POINT('',(5.301437602933,28.66167548343));
#2001 = CARTESIAN_POINT('',(5.105088062083,28.511668249767));
#2002 = CARTESIAN_POINT('',(4.908738521234,28.336485245828));
#2003 = CARTESIAN_POINT('',(4.417864669111,27.863367683418));
#2004 = CARTESIAN_POINT('',(4.123340357837,27.547853434757));
#2005 = CARTESIAN_POINT('',(3.828816046568,27.238233834156));
#2006 = CARTESIAN_POINT('',(3.534291735282,26.977816996136));
#2007 = CARTESIAN_POINT('',(3.239767424029,26.805631082389));
#2008 = CARTESIAN_POINT('',(2.945243112742,26.742272221505));
#2009 = CARTESIAN_POINT('',(2.650718801466,26.786587246848));
#2010 = CARTESIAN_POINT('',(2.208932334555,26.987970051171));
#2011 = CARTESIAN_POINT('',(2.061670178919,27.077582398348));
#2012 = CARTESIAN_POINT('',(1.914408023282,27.187460831441));
#2013 = CARTESIAN_POINT('',(1.767145867644,27.314348055403));
#2014 = CARTESIAN_POINT('',(1.619883712007,27.454097126857));
#2015 = CARTESIAN_POINT('',(1.47262155637,27.60195393644));
#2016 = CARTESIAN_POINT('',(1.325359400733,27.752905113905));
#2017 = CARTESIAN_POINT('',(1.030835089459,28.051141452727));
#2018 = CARTESIAN_POINT('',(0.883572933823,28.19842650494));
#2019 = CARTESIAN_POINT('',(0.736310778183,28.338951154309));
#2020 = CARTESIAN_POINT('',(0.589048622546,28.467871369065));
#2021 = CARTESIAN_POINT('',(0.441786466911,28.580772715511));
#2022 = CARTESIAN_POINT('',(0.294524311273,28.67399695863));
#2023 = CARTESIAN_POINT('',(0.147262155637,28.744887181488));
#2024 = CARTESIAN_POINT('',(5.773159728051E-14,28.791889685843));
#2025 = ( GEOMETRIC_REPRESENTATION_CONTEXT(2) 
PARAMETRIC_REPRESENTATION_CONTEXT() REPRESENTATION_CONTEXT('2D SPACE',''
  ) );
#2026 = ORIENTED_EDGE('',*,*,#2027,.F.);
#2027 = EDGE_CURVE('',#572,#1977,#2028,.T.);
#2028 = SURFACE_CURVE('',#2029,(#2034,#2041),.PCURVE_S1.);
#2029 = ELLIPSE('',#2030,1.770123153704,1.45);
#2030 = AXIS2_PLACEMENT_3D('',#2031,#2032,#2033);
#2031 = CARTESIAN_POINT('',(-44.65063509461,-27.33716857408,
    2.976254792068));
#2032 = DIRECTION('',(-0.5,-0.866025403784,0.));
#2033 = DIRECTION('',(-1.676291566837E-16,9.678073873537E-17,1.));
#2034 = PCURVE('',#354,#2035);
#2035 = DEFINITIONAL_REPRESENTATION('',(#2036),#2040);
#2036 = ELLIPSE('',#2037,1.770123153704,1.45);
#2037 = AXIS2_PLACEMENT_2D('',#2038,#2039);
#2038 = CARTESIAN_POINT('',(-0.523745207932,-4.));
#2039 = DIRECTION('',(1.,1.935614774707E-16));
#2040 = ( GEOMETRIC_REPRESENTATION_CONTEXT(2) 
PARAMETRIC_REPRESENTATION_CONTEXT() REPRESENTATION_CONTEXT('2D SPACE',''
  ) );
#2041 = PCURVE('',#609,#2042);
#2042 = DEFINITIONAL_REPRESENTATION('',(#2043),#2074);
#2043 = B_SPLINE_CURVE_WITH_KNOTS('',8,(#2044,#2045,#2046,#2047,#2048,
    #2049,#2050,#2051,#2052,#2053,#2054,#2055,#2056,#2057,#2058,#2059,
    #2060,#2061,#2062,#2063,#2064,#2065,#2066,#2067,#2068,#2069,#2070,
    #2071,#2072,#2073),.UNSPECIFIED.,.F.,.F.,(9,7,7,7,9),(5.963396973931
    ,7.534193300726,9.890387790918,11.068485036014,12.246582281111),
  .UNSPECIFIED.);
#2044 = CARTESIAN_POINT('',(6.28318530718,28.791889685843));
#2045 = CARTESIAN_POINT('',(6.08683576633,28.854559691651));
#2046 = CARTESIAN_POINT('',(5.890486225481,28.874761803588));
#2047 = CARTESIAN_POINT('',(5.694136684632,28.848820886635));
#2048 = CARTESIAN_POINT('',(5.497787143782,28.776528383183));
#2049 = CARTESIAN_POINT('',(5.301437602933,28.66167548343));
#2050 = CARTESIAN_POINT('',(5.105088062083,28.511668249767));
#2051 = CARTESIAN_POINT('',(4.908738521234,28.336485245828));
#2052 = CARTESIAN_POINT('',(4.417864669111,27.863367683418));
#2053 = CARTESIAN_POINT('',(4.123340357837,27.547853434757));
#2054 = CARTESIAN_POINT('',(3.828816046568,27.238233834156));
#2055 = CARTESIAN_POINT('',(3.534291735282,26.977816996136));
#2056 = CARTESIAN_POINT('',(3.239767424029,26.805631082389));
#2057 = CARTESIAN_POINT('',(2.945243112742,26.742272221505));
#2058 = CARTESIAN_POINT('',(2.650718801466,26.786587246848));
#2059 = CARTESIAN_POINT('',(2.208932334555,26.987970051171));
#2060 = CARTESIAN_POINT('',(2.061670178919,27.077582398348));
#2061 = CARTESIAN_POINT('',(1.914408023282,27.187460831441));
#2062 = CARTESIAN_POINT('',(1.767145867644,27.314348055403));
#2063 = CARTESIAN_POINT('',(1.619883712007,27.454097126857));
#2064 = CARTESIAN_POINT('',(1.47262155637,27.60195393644));
#2065 = CARTESIAN_POINT('',(1.325359400733,27.752905113905));
#2066 = CARTESIAN_POINT('',(1.030835089459,28.051141452727));
#2067 = CARTESIAN_POINT('',(0.883572933823,28.19842650494));
#2068 = CARTESIAN_POINT('',(0.736310778183,28.338951154309));
#2069 = CARTESIAN_POINT('',(0.589048622546,28.467871369065));
#2070 = CARTESIAN_POINT('',(0.441786466911,28.580772715511));
#2071 = CARTESIAN_POINT('',(0.294524311273,28.67399695863));
#2072 = CARTESIAN_POINT('',(0.147262155637,28.744887181488));
#2073 = CARTESIAN_POINT('',(5.773159728051E-14,28.791889685843));
#2074 = ( GEOMETRIC_REPRESENTATION_CONTEXT(2) 
PARAMETRIC_REPRESENTATION_CONTEXT() REPRESENTATION_CONTEXT('2D SPACE',''
  ) );
#2075 = ORIENTED_EDGE('',*,*,#571,.T.);
#2076 = ORIENTED_EDGE('',*,*,#2077,.F.);
#2077 = EDGE_CURVE('',#2078,#521,#2080,.T.);
#2078 = VERTEX_POINT('',#2079);
#2079 = CARTESIAN_POINT('',(-0.954604401483,-52.56508365728,4.6566362069
    ));
#2080 = SURFACE_CURVE('',#2081,(#2086,#2093),.PCURVE_S1.);
#2081 = ELLIPSE('',#2082,1.770123153704,1.45);
#2082 = AXIS2_PLACEMENT_3D('',#2083,#2084,#2085);
#2083 = CARTESIAN_POINT('',(-1.349364905389,-52.33716857408,
    2.976254792068));
#2084 = DIRECTION('',(-0.5,-0.866025403784,0.));
#2085 = DIRECTION('',(-1.676291566837E-16,9.678073873537E-17,1.));
#2086 = PCURVE('',#354,#2087);
#2087 = DEFINITIONAL_REPRESENTATION('',(#2088),#2092);
#2088 = ELLIPSE('',#2089,1.770123153704,1.45);
#2089 = AXIS2_PLACEMENT_2D('',#2090,#2091);
#2090 = CARTESIAN_POINT('',(-0.523745207932,-54.));
#2091 = DIRECTION('',(1.,1.935614774707E-16));
#2092 = ( GEOMETRIC_REPRESENTATION_CONTEXT(2) 
PARAMETRIC_REPRESENTATION_CONTEXT() REPRESENTATION_CONTEXT('2D SPACE',''
  ) );
#2093 = PCURVE('',#481,#2094);
#2094 = DEFINITIONAL_REPRESENTATION('',(#2095),#2126);
#2095 = B_SPLINE_CURVE_WITH_KNOTS('',8,(#2096,#2097,#2098,#2099,#2100,
    #2101,#2102,#2103,#2104,#2105,#2106,#2107,#2108,#2109,#2110,#2111,
    #2112,#2113,#2114,#2115,#2116,#2117,#2118,#2119,#2120,#2121,#2122,
    #2123,#2124,#2125),.UNSPECIFIED.,.F.,.F.,(9,7,7,7,9),(5.963396973931
    ,7.534193300726,9.890387790918,11.068485036014,12.246582281111),
  .UNSPECIFIED.);
#2096 = CARTESIAN_POINT('',(6.28318530718,28.791889685843));
#2097 = CARTESIAN_POINT('',(6.08683576633,28.854559691651));
#2098 = CARTESIAN_POINT('',(5.890486225481,28.874761803585));
#2099 = CARTESIAN_POINT('',(5.694136684633,28.848820886641));
#2100 = CARTESIAN_POINT('',(5.497787143783,28.776528383194));
#2101 = CARTESIAN_POINT('',(5.301437602933,28.661675483436));
#2102 = CARTESIAN_POINT('',(5.105088062084,28.511668249766));
#2103 = CARTESIAN_POINT('',(4.908738521234,28.336485245828));
#2104 = CARTESIAN_POINT('',(4.417864669111,27.863367683418));
#2105 = CARTESIAN_POINT('',(4.123340357835,27.547853434808));
#2106 = CARTESIAN_POINT('',(3.828816046554,27.238233833952));
#2107 = CARTESIAN_POINT('',(3.534291735275,26.977816996485));
#2108 = CARTESIAN_POINT('',(3.239767424013,26.805631082127));
#2109 = CARTESIAN_POINT('',(2.945243112739,26.742272221567));
#2110 = CARTESIAN_POINT('',(2.650718801466,26.786587246848));
#2111 = CARTESIAN_POINT('',(2.208932334555,26.987970051171));
#2112 = CARTESIAN_POINT('',(2.061670178918,27.077582398348));
#2113 = CARTESIAN_POINT('',(1.914408023281,27.187460831443));
#2114 = CARTESIAN_POINT('',(1.767145867644,27.314348055401));
#2115 = CARTESIAN_POINT('',(1.619883712007,27.454097126853));
#2116 = CARTESIAN_POINT('',(1.47262155637,27.60195393644));
#2117 = CARTESIAN_POINT('',(1.325359400733,27.752905113905));
#2118 = CARTESIAN_POINT('',(1.030835089459,28.051141452727));
#2119 = CARTESIAN_POINT('',(0.883572933822,28.198426504932));
#2120 = CARTESIAN_POINT('',(0.736310778185,28.338951154312));
#2121 = CARTESIAN_POINT('',(0.589048622548,28.467871369061));
#2122 = CARTESIAN_POINT('',(0.441786466911,28.580772715501));
#2123 = CARTESIAN_POINT('',(0.294524311274,28.673996958632));
#2124 = CARTESIAN_POINT('',(0.147262155637,28.744887181488));
#2125 = CARTESIAN_POINT('',(3.675221047035E-15,28.791889685843));
#2126 = ( GEOMETRIC_REPRESENTATION_CONTEXT(2) 
PARAMETRIC_REPRESENTATION_CONTEXT() REPRESENTATION_CONTEXT('2D SPACE',''
  ) );
#2127 = ORIENTED_EDGE('',*,*,#2128,.F.);
#2128 = EDGE_CURVE('',#444,#2078,#2129,.T.);
#2129 = SURFACE_CURVE('',#2130,(#2135,#2142),.PCURVE_S1.);
#2130 = ELLIPSE('',#2131,1.770123153704,1.45);
#2131 = AXIS2_PLACEMENT_3D('',#2132,#2133,#2134);
#2132 = CARTESIAN_POINT('',(-1.349364905389,-52.33716857408,
    2.976254792068));
#2133 = DIRECTION('',(-0.5,-0.866025403784,0.));
#2134 = DIRECTION('',(-1.676291566837E-16,9.678073873537E-17,1.));
#2135 = PCURVE('',#354,#2136);
#2136 = DEFINITIONAL_REPRESENTATION('',(#2137),#2141);
#2137 = ELLIPSE('',#2138,1.770123153704,1.45);
#2138 = AXIS2_PLACEMENT_2D('',#2139,#2140);
#2139 = CARTESIAN_POINT('',(-0.523745207932,-54.));
#2140 = DIRECTION('',(1.,1.935614774707E-16));
#2141 = ( GEOMETRIC_REPRESENTATION_CONTEXT(2) 
PARAMETRIC_REPRESENTATION_CONTEXT() REPRESENTATION_CONTEXT('2D SPACE',''
  ) );
#2142 = PCURVE('',#481,#2143);
#2143 = DEFINITIONAL_REPRESENTATION('',(#2144),#2175);
#2144 = B_SPLINE_CURVE_WITH_KNOTS('',8,(#2145,#2146,#2147,#2148,#2149,
    #2150,#2151,#2152,#2153,#2154,#2155,#2156,#2157,#2158,#2159,#2160,
    #2161,#2162,#2163,#2164,#2165,#2166,#2167,#2168,#2169,#2170,#2171,
    #2172,#2173,#2174),.UNSPECIFIED.,.F.,.F.,(9,7,7,7,9),(5.963396973931
    ,7.534193300726,9.890387790918,11.068485036014,12.246582281111),
  .UNSPECIFIED.);
#2145 = CARTESIAN_POINT('',(6.28318530718,28.791889685843));
#2146 = CARTESIAN_POINT('',(6.08683576633,28.854559691651));
#2147 = CARTESIAN_POINT('',(5.890486225481,28.874761803585));
#2148 = CARTESIAN_POINT('',(5.694136684633,28.848820886641));
#2149 = CARTESIAN_POINT('',(5.497787143783,28.776528383194));
#2150 = CARTESIAN_POINT('',(5.301437602933,28.661675483436));
#2151 = CARTESIAN_POINT('',(5.105088062084,28.511668249766));
#2152 = CARTESIAN_POINT('',(4.908738521234,28.336485245828));
#2153 = CARTESIAN_POINT('',(4.417864669111,27.863367683418));
#2154 = CARTESIAN_POINT('',(4.123340357835,27.547853434808));
#2155 = CARTESIAN_POINT('',(3.828816046554,27.238233833952));
#2156 = CARTESIAN_POINT('',(3.534291735275,26.977816996485));
#2157 = CARTESIAN_POINT('',(3.239767424013,26.805631082127));
#2158 = CARTESIAN_POINT('',(2.945243112739,26.742272221567));
#2159 = CARTESIAN_POINT('',(2.650718801466,26.786587246848));
#2160 = CARTESIAN_POINT('',(2.208932334555,26.987970051171));
#2161 = CARTESIAN_POINT('',(2.061670178918,27.077582398348));
#2162 = CARTESIAN_POINT('',(1.914408023281,27.187460831443));
#2163 = CARTESIAN_POINT('',(1.767145867644,27.314348055401));
#2164 = CARTESIAN_POINT('',(1.619883712007,27.454097126853));
#2165 = CARTESIAN_POINT('',(1.47262155637,27.60195393644));
#2166 = CARTESIAN_POINT('',(1.325359400733,27.752905113905));
#2167 = CARTESIAN_POINT('',(1.030835089459,28.051141452727));
#2168 = CARTESIAN_POINT('',(0.883572933822,28.198426504932));
#2169 = CARTESIAN_POINT('',(0.736310778185,28.338951154312));
#2170 = CARTESIAN_POINT('',(0.589048622548,28.467871369061));
#2171 = CARTESIAN_POINT('',(0.441786466911,28.580772715501));
#2172 = CARTESIAN_POINT('',(0.294524311274,28.673996958632));
#2173 = CARTESIAN_POINT('',(0.147262155637,28.744887181488));
#2174 = CARTESIAN_POINT('',(3.675221047035E-15,28.791889685843));
#2175 = ( GEOMETRIC_REPRESENTATION_CONTEXT(2) 
PARAMETRIC_REPRESENTATION_CONTEXT() REPRESENTATION_CONTEXT('2D SPACE',''
  ) );
#2176 = ORIENTED_EDGE('',*,*,#443,.T.);
#2177 = ORIENTED_EDGE('',*,*,#2178,.T.);
#2178 = EDGE_CURVE('',#418,#2179,#2181,.T.);
#2179 = VERTEX_POINT('',#2180);
#2180 = CARTESIAN_POINT('',(2.114736709749,-54.33716857408,
    41.631848175295));
#2181 = SURFACE_CURVE('',#2182,(#2186,#2193),.PCURVE_S1.);
#2182 = LINE('',#2183,#2184);
#2183 = CARTESIAN_POINT('',(2.114736709749,-54.33716857408,3.5));
#2184 = VECTOR('',#2185,1.);
#2185 = DIRECTION('',(0.,0.,1.));
#2186 = PCURVE('',#354,#2187);
#2187 = DEFINITIONAL_REPRESENTATION('',(#2188),#2192);
#2188 = LINE('',#2189,#2190);
#2189 = CARTESIAN_POINT('',(0.,-58.));
#2190 = VECTOR('',#2191,1.);
#2191 = DIRECTION('',(1.,0.));
#2192 = ( GEOMETRIC_REPRESENTATION_CONTEXT(2) 
PARAMETRIC_REPRESENTATION_CONTEXT() REPRESENTATION_CONTEXT('2D SPACE',''
  ) );
#2193 = PCURVE('',#432,#2194);
#2194 = DEFINITIONAL_REPRESENTATION('',(#2195),#2199);
#2195 = LINE('',#2196,#2197);
#2196 = CARTESIAN_POINT('',(14.615366215361,8.630023312797));
#2197 = VECTOR('',#2198,1.);
#2198 = DIRECTION('',(-1.,0.));
#2199 = ( GEOMETRIC_REPRESENTATION_CONTEXT(2) 
PARAMETRIC_REPRESENTATION_CONTEXT() REPRESENTATION_CONTEXT('2D SPACE',''
  ) );
#2200 = ORIENTED_EDGE('',*,*,#2201,.F.);
#2201 = EDGE_CURVE('',#1953,#2179,#2202,.T.);
#2202 = SURFACE_CURVE('',#2203,(#2207,#2214),.PCURVE_S1.);
#2203 = LINE('',#2204,#2205);
#2204 = CARTESIAN_POINT('',(-48.11473670974,-25.33716857408,
    41.631848175295));
#2205 = VECTOR('',#2206,1.);
#2206 = DIRECTION('',(0.866025403784,-0.5,0.));
#2207 = PCURVE('',#354,#2208);
#2208 = DEFINITIONAL_REPRESENTATION('',(#2209),#2213);
#2209 = LINE('',#2210,#2211);
#2210 = CARTESIAN_POINT('',(38.131848175295,0.));
#2211 = VECTOR('',#2212,1.);
#2212 = DIRECTION('',(0.,-1.));
#2213 = ( GEOMETRIC_REPRESENTATION_CONTEXT(2) 
PARAMETRIC_REPRESENTATION_CONTEXT() REPRESENTATION_CONTEXT('2D SPACE',''
  ) );
#2214 = PCURVE('',#2215,#2220);
#2215 = PLANE('',#2216);
#2216 = AXIS2_PLACEMENT_3D('',#2217,#2218,#2219);
#2217 = CARTESIAN_POINT('',(-48.11473670974,-25.33716857408,
    41.631848175295));
#2218 = DIRECTION('',(0.409576022144,0.709406479916,0.573576436351));
#2219 = DIRECTION('',(0.286788218176,0.496731764892,-0.819152044289));
#2220 = DEFINITIONAL_REPRESENTATION('',(#2221),#2225);
#2221 = LINE('',#2222,#2223);
#2222 = CARTESIAN_POINT('',(0.,0.));
#2223 = VECTOR('',#2224,1.);
#2224 = DIRECTION('',(0.,-1.));
#2225 = ( GEOMETRIC_REPRESENTATION_CONTEXT(2) 
PARAMETRIC_REPRESENTATION_CONTEXT() REPRESENTATION_CONTEXT('2D SPACE',''
  ) );
#2226 = FACE_BOUND('',#2227,.T.);
#2227 = EDGE_LOOP('',(#2228));
#2228 = ORIENTED_EDGE('',*,*,#2229,.F.);
#2229 = EDGE_CURVE('',#2230,#2230,#2232,.T.);
#2230 = VERTEX_POINT('',#2231);
#2231 = CARTESIAN_POINT('',(-0.954604401483,-52.56508365728,
    26.630578804606));
#2232 = SURFACE_CURVE('',#2233,(#2238,#2245),.PCURVE_S1.);
#2233 = ELLIPSE('',#2234,1.770123153704,1.45);
#2234 = AXIS2_PLACEMENT_3D('',#2235,#2236,#2237);
#2235 = CARTESIAN_POINT('',(-1.349364905389,-52.33716857408,
    24.950197389774));
#2236 = DIRECTION('',(-0.5,-0.866025403784,0.));
#2237 = DIRECTION('',(-1.676291566837E-16,9.678073873537E-17,1.));
#2238 = PCURVE('',#354,#2239);
#2239 = DEFINITIONAL_REPRESENTATION('',(#2240),#2244);
#2240 = ELLIPSE('',#2241,1.770123153704,1.45);
#2241 = AXIS2_PLACEMENT_2D('',#2242,#2243);
#2242 = CARTESIAN_POINT('',(21.450197389774,-54.));
#2243 = DIRECTION('',(1.,1.935614774707E-16));
#2244 = ( GEOMETRIC_REPRESENTATION_CONTEXT(2) 
PARAMETRIC_REPRESENTATION_CONTEXT() REPRESENTATION_CONTEXT('2D SPACE',''
  ) );
#2245 = PCURVE('',#2246,#2251);
#2246 = CYLINDRICAL_SURFACE('',#2247,1.45);
#2247 = AXIS2_PLACEMENT_3D('',#2248,#2249,#2250);
#2248 = CARTESIAN_POINT('',(-17.90925997619,-81.01974820472,
    1.759470668696));
#2249 = DIRECTION('',(0.409576022144,0.709406479916,0.573576436351));
#2250 = DIRECTION('',(2.775557561563E-17,-0.628731263987,0.777622657646)
  );
#2251 = DEFINITIONAL_REPRESENTATION('',(#2252),#2283);
#2252 = B_SPLINE_CURVE_WITH_KNOTS('',8,(#2253,#2254,#2255,#2256,#2257,
    #2258,#2259,#2260,#2261,#2262,#2263,#2264,#2265,#2266,#2267,#2268,
    #2269,#2270,#2271,#2272,#2273,#2274,#2275,#2276,#2277,#2278,#2279,
    #2280,#2281,#2282),.UNSPECIFIED.,.F.,.F.,(9,7,7,7,9),(5.963396973931
    ,7.534193300726,9.890387790918,11.068485036014,12.24658228111),
  .UNSPECIFIED.);
#2253 = CARTESIAN_POINT('',(6.28318530718,41.395625373618));
#2254 = CARTESIAN_POINT('',(6.08683576633,41.458295379425));
#2255 = CARTESIAN_POINT('',(5.890486225481,41.478497491364));
#2256 = CARTESIAN_POINT('',(5.694136684631,41.452556574417));
#2257 = CARTESIAN_POINT('',(5.497787143782,41.380264070973));
#2258 = CARTESIAN_POINT('',(5.301437602933,41.265411171217));
#2259 = CARTESIAN_POINT('',(5.105088062083,41.115403937543));
#2260 = CARTESIAN_POINT('',(4.908738521234,40.940220933603));
#2261 = CARTESIAN_POINT('',(4.417864669111,40.467103371193));
#2262 = CARTESIAN_POINT('',(4.123340357837,40.151589122554));
#2263 = CARTESIAN_POINT('',(3.828816046559,39.841969521818));
#2264 = CARTESIAN_POINT('',(3.534291735291,39.581552684074));
#2265 = CARTESIAN_POINT('',(3.239767424014,39.409366769949));
#2266 = CARTESIAN_POINT('',(2.945243112741,39.346007909291));
#2267 = CARTESIAN_POINT('',(2.650718801466,39.390322934622));
#2268 = CARTESIAN_POINT('',(2.208932334555,39.591705738945));
#2269 = CARTESIAN_POINT('',(2.061670178918,39.681318086127));
#2270 = CARTESIAN_POINT('',(1.914408023282,39.791196519202));
#2271 = CARTESIAN_POINT('',(1.767145867644,39.918083743172));
#2272 = CARTESIAN_POINT('',(1.619883712007,40.05783281464));
#2273 = CARTESIAN_POINT('',(1.47262155637,40.205689624212));
#2274 = CARTESIAN_POINT('',(1.325359400733,40.35664080168));
#2275 = CARTESIAN_POINT('',(1.030835089459,40.654877140502));
#2276 = CARTESIAN_POINT('',(0.883572933823,40.802162192708));
#2277 = CARTESIAN_POINT('',(0.736310778185,40.94268684209));
#2278 = CARTESIAN_POINT('',(0.589048622548,41.071607056838));
#2279 = CARTESIAN_POINT('',(0.441786466912,41.184508403275));
#2280 = CARTESIAN_POINT('',(0.294524311274,41.277732646407));
#2281 = CARTESIAN_POINT('',(0.147262155637,41.348622869263));
#2282 = CARTESIAN_POINT('',(8.881784197001E-16,41.395625373618));
#2283 = ( GEOMETRIC_REPRESENTATION_CONTEXT(2) 
PARAMETRIC_REPRESENTATION_CONTEXT() REPRESENTATION_CONTEXT('2D SPACE',''
  ) );
#2284 = FACE_BOUND('',#2285,.T.);
#2285 = EDGE_LOOP('',(#2286));
#2286 = ORIENTED_EDGE('',*,*,#2287,.F.);
#2287 = EDGE_CURVE('',#2288,#2288,#2290,.T.);
#2288 = VERTEX_POINT('',#2289);
#2289 = CARTESIAN_POINT('',(-44.2558745907,-27.56508365728,
    26.630578804606));
#2290 = SURFACE_CURVE('',#2291,(#2296,#2303),.PCURVE_S1.);
#2291 = ELLIPSE('',#2292,1.770123153704,1.45);
#2292 = AXIS2_PLACEMENT_3D('',#2293,#2294,#2295);
#2293 = CARTESIAN_POINT('',(-44.65063509461,-27.33716857408,
    24.950197389774));
#2294 = DIRECTION('',(-0.5,-0.866025403784,0.));
#2295 = DIRECTION('',(-1.676291566837E-16,9.678073873537E-17,1.));
#2296 = PCURVE('',#354,#2297);
#2297 = DEFINITIONAL_REPRESENTATION('',(#2298),#2302);
#2298 = ELLIPSE('',#2299,1.770123153704,1.45);
#2299 = AXIS2_PLACEMENT_2D('',#2300,#2301);
#2300 = CARTESIAN_POINT('',(21.450197389774,-4.));
#2301 = DIRECTION('',(1.,1.935614774707E-16));
#2302 = ( GEOMETRIC_REPRESENTATION_CONTEXT(2) 
PARAMETRIC_REPRESENTATION_CONTEXT() REPRESENTATION_CONTEXT('2D SPACE',''
  ) );
#2303 = PCURVE('',#2304,#2309);
#2304 = CYLINDRICAL_SURFACE('',#2305,1.45);
#2305 = AXIS2_PLACEMENT_3D('',#2306,#2307,#2308);
#2306 = CARTESIAN_POINT('',(-61.21053016541,-56.01974820472,
    1.759470668696));
#2307 = DIRECTION('',(0.409576022144,0.709406479916,0.573576436351));
#2308 = DIRECTION('',(2.775557561563E-17,-0.628731263987,0.777622657646)
  );
#2309 = DEFINITIONAL_REPRESENTATION('',(#2310),#2341);
#2310 = B_SPLINE_CURVE_WITH_KNOTS('',8,(#2311,#2312,#2313,#2314,#2315,
    #2316,#2317,#2318,#2319,#2320,#2321,#2322,#2323,#2324,#2325,#2326,
    #2327,#2328,#2329,#2330,#2331,#2332,#2333,#2334,#2335,#2336,#2337,
    #2338,#2339,#2340),.UNSPECIFIED.,.F.,.F.,(9,7,7,7,9),(5.963396973931
    ,7.534193300726,9.890387790918,11.068485036014,12.246582281111),
  .UNSPECIFIED.);
#2311 = CARTESIAN_POINT('',(6.28318530718,41.395625373618));
#2312 = CARTESIAN_POINT('',(6.08683576633,41.458295379425));
#2313 = CARTESIAN_POINT('',(5.890486225481,41.478497491354));
#2314 = CARTESIAN_POINT('',(5.694136684631,41.452556574424));
#2315 = CARTESIAN_POINT('',(5.497787143782,41.380264070962));
#2316 = CARTESIAN_POINT('',(5.301437602933,41.265411171192));
#2317 = CARTESIAN_POINT('',(5.105088062083,41.115403937544));
#2318 = CARTESIAN_POINT('',(4.908738521234,40.940220933603));
#2319 = CARTESIAN_POINT('',(4.417864669111,40.467103371193));
#2320 = CARTESIAN_POINT('',(4.123340357837,40.151589122579));
#2321 = CARTESIAN_POINT('',(3.828816046565,39.8419695216));
#2322 = CARTESIAN_POINT('',(3.534291735308,39.581552684365));
#2323 = CARTESIAN_POINT('',(3.239767424016,39.409366769891));
#2324 = CARTESIAN_POINT('',(2.945243112741,39.346007909378));
#2325 = CARTESIAN_POINT('',(2.650718801466,39.390322934622));
#2326 = CARTESIAN_POINT('',(2.208932334555,39.591705738945));
#2327 = CARTESIAN_POINT('',(2.061670178918,39.681318086129));
#2328 = CARTESIAN_POINT('',(1.914408023281,39.791196519206));
#2329 = CARTESIAN_POINT('',(1.767145867644,39.918083743176));
#2330 = CARTESIAN_POINT('',(1.619883712007,40.057832814641));
#2331 = CARTESIAN_POINT('',(1.47262155637,40.205689624209));
#2332 = CARTESIAN_POINT('',(1.325359400733,40.35664080168));
#2333 = CARTESIAN_POINT('',(1.030835089459,40.654877140502));
#2334 = CARTESIAN_POINT('',(0.883572933823,40.802162192708));
#2335 = CARTESIAN_POINT('',(0.736310778185,40.94268684209));
#2336 = CARTESIAN_POINT('',(0.589048622547,41.07160705684));
#2337 = CARTESIAN_POINT('',(0.441786466911,41.184508403277));
#2338 = CARTESIAN_POINT('',(0.294524311274,41.277732646405));
#2339 = CARTESIAN_POINT('',(0.147262155637,41.348622869263));
#2340 = CARTESIAN_POINT('',(6.217248937901E-15,41.395625373618));
#2341 = ( GEOMETRIC_REPRESENTATION_CONTEXT(2) 
PARAMETRIC_REPRESENTATION_CONTEXT() REPRESENTATION_CONTEXT('2D SPACE',''
  ) );
#2342 = ADVANCED_FACE('',(#2343),#380,.T.);
#2343 = FACE_BOUND('',#2344,.T.);
#2344 = EDGE_LOOP('',(#2345,#2368,#2369,#2370));
#2345 = ORIENTED_EDGE('',*,*,#2346,.T.);
#2346 = EDGE_CURVE('',#2347,#366,#2349,.T.);
#2347 = VERTEX_POINT('',#2348);
#2348 = CARTESIAN_POINT('',(-35.11473670974,-2.820508075689,4.5));
#2349 = SURFACE_CURVE('',#2350,(#2354,#2361),.PCURVE_S1.);
#2350 = LINE('',#2351,#2352);
#2351 = CARTESIAN_POINT('',(-35.11473670974,-2.820508075689,4.5));
#2352 = VECTOR('',#2353,1.);
#2353 = DIRECTION('',(0.,-0.,-1.));
#2354 = PCURVE('',#380,#2355);
#2355 = DEFINITIONAL_REPRESENTATION('',(#2356),#2360);
#2356 = LINE('',#2357,#2358);
#2357 = CARTESIAN_POINT('',(13.615366215361,-17.3699766872));
#2358 = VECTOR('',#2359,1.);
#2359 = DIRECTION('',(1.,0.));
#2360 = ( GEOMETRIC_REPRESENTATION_CONTEXT(2) 
PARAMETRIC_REPRESENTATION_CONTEXT() REPRESENTATION_CONTEXT('2D SPACE',''
  ) );
#2361 = PCURVE('',#406,#2362);
#2362 = DEFINITIONAL_REPRESENTATION('',(#2363),#2367);
#2363 = LINE('',#2364,#2365);
#2364 = CARTESIAN_POINT('',(0.,-0.));
#2365 = VECTOR('',#2366,1.);
#2366 = DIRECTION('',(1.,0.));
#2367 = ( GEOMETRIC_REPRESENTATION_CONTEXT(2) 
PARAMETRIC_REPRESENTATION_CONTEXT() REPRESENTATION_CONTEXT('2D SPACE',''
  ) );
#2368 = ORIENTED_EDGE('',*,*,#365,.T.);
#2369 = ORIENTED_EDGE('',*,*,#1952,.T.);
#2370 = ORIENTED_EDGE('',*,*,#2371,.T.);
#2371 = EDGE_CURVE('',#1953,#2347,#2372,.T.);
#2372 = SURFACE_CURVE('',#2373,(#2377,#2384),.PCURVE_S1.);
#2373 = LINE('',#2374,#2375);
#2374 = CARTESIAN_POINT('',(-48.11473670974,-25.33716857408,
    41.631848175295));
#2375 = VECTOR('',#2376,1.);
#2376 = DIRECTION('',(0.286788218176,0.496731764892,-0.819152044289));
#2377 = PCURVE('',#380,#2378);
#2378 = DEFINITIONAL_REPRESENTATION('',(#2379),#2383);
#2379 = LINE('',#2380,#2381);
#2380 = CARTESIAN_POINT('',(-23.51648195993,8.630023312797));
#2381 = VECTOR('',#2382,1.);
#2382 = DIRECTION('',(0.819152044289,-0.573576436351));
#2383 = ( GEOMETRIC_REPRESENTATION_CONTEXT(2) 
PARAMETRIC_REPRESENTATION_CONTEXT() REPRESENTATION_CONTEXT('2D SPACE',''
  ) );
#2384 = PCURVE('',#2215,#2385);
#2385 = DEFINITIONAL_REPRESENTATION('',(#2386),#2390);
#2386 = LINE('',#2387,#2388);
#2387 = CARTESIAN_POINT('',(0.,0.));
#2388 = VECTOR('',#2389,1.);
#2389 = DIRECTION('',(1.,0.));
#2390 = ( GEOMETRIC_REPRESENTATION_CONTEXT(2) 
PARAMETRIC_REPRESENTATION_CONTEXT() REPRESENTATION_CONTEXT('2D SPACE',''
  ) );
#2391 = ADVANCED_FACE('',(#2392),#609,.F.);
#2392 = FACE_BOUND('',#2393,.F.);
#2393 = EDGE_LOOP('',(#2394,#2418,#2439,#2440,#2441,#2464,#2513,#2514,
    #2515,#2516));
#2394 = ORIENTED_EDGE('',*,*,#2395,.F.);
#2395 = EDGE_CURVE('',#2396,#2396,#2398,.T.);
#2396 = VERTEX_POINT('',#2397);
#2397 = CARTESIAN_POINT('',(-35.56954113103,-12.51991277363,
    16.821108542634));
#2398 = SURFACE_CURVE('',#2399,(#2404,#2411),.PCURVE_S1.);
#2399 = CIRCLE('',#2400,1.45);
#2400 = AXIS2_PLACEMENT_3D('',#2401,#2402,#2403);
#2401 = CARTESIAN_POINT('',(-35.56954113103,-11.60825244085,
    15.693555689047));
#2402 = DIRECTION('',(0.409576022144,0.709406479916,0.573576436351));
#2403 = DIRECTION('',(0.,-0.628731263987,0.777622657646));
#2404 = PCURVE('',#609,#2405);
#2405 = DEFINITIONAL_REPRESENTATION('',(#2406),#2410);
#2406 = LINE('',#2407,#2408);
#2407 = CARTESIAN_POINT('',(0.,50.));
#2408 = VECTOR('',#2409,1.);
#2409 = DIRECTION('',(1.,0.));
#2410 = ( GEOMETRIC_REPRESENTATION_CONTEXT(2) 
PARAMETRIC_REPRESENTATION_CONTEXT() REPRESENTATION_CONTEXT('2D SPACE',''
  ) );
#2411 = PCURVE('',#2215,#2412);
#2412 = DEFINITIONAL_REPRESENTATION('',(#2413),#2417);
#2413 = CIRCLE('',#2414,1.45);
#2414 = AXIS2_PLACEMENT_2D('',#2415,#2416);
#2415 = CARTESIAN_POINT('',(31.664808343074,-4.));
#2416 = DIRECTION('',(-0.9493019801,-0.314365631994));
#2417 = ( GEOMETRIC_REPRESENTATION_CONTEXT(2) 
PARAMETRIC_REPRESENTATION_CONTEXT() REPRESENTATION_CONTEXT('2D SPACE',''
  ) );
#2418 = ORIENTED_EDGE('',*,*,#2419,.F.);
#2419 = EDGE_CURVE('',#1977,#2396,#2420,.T.);
#2420 = SEAM_CURVE('',#2421,(#2425,#2432),.PCURVE_S1.);
#2421 = LINE('',#2422,#2423);
#2422 = CARTESIAN_POINT('',(-56.04834223825,-47.99023676945,
    -11.85771327491));
#2423 = VECTOR('',#2424,1.);
#2424 = DIRECTION('',(0.409576022144,0.709406479916,0.573576436351));
#2425 = PCURVE('',#609,#2426);
#2426 = DEFINITIONAL_REPRESENTATION('',(#2427),#2431);
#2427 = LINE('',#2428,#2429);
#2428 = CARTESIAN_POINT('',(6.28318530718,-0.));
#2429 = VECTOR('',#2430,1.);
#2430 = DIRECTION('',(0.,1.));
#2431 = ( GEOMETRIC_REPRESENTATION_CONTEXT(2) 
PARAMETRIC_REPRESENTATION_CONTEXT() REPRESENTATION_CONTEXT('2D SPACE',''
  ) );
#2432 = PCURVE('',#609,#2433);
#2433 = DEFINITIONAL_REPRESENTATION('',(#2434),#2438);
#2434 = LINE('',#2435,#2436);
#2435 = CARTESIAN_POINT('',(0.,-0.));
#2436 = VECTOR('',#2437,1.);
#2437 = DIRECTION('',(0.,1.));
#2438 = ( GEOMETRIC_REPRESENTATION_CONTEXT(2) 
PARAMETRIC_REPRESENTATION_CONTEXT() REPRESENTATION_CONTEXT('2D SPACE',''
  ) );
#2439 = ORIENTED_EDGE('',*,*,#2027,.F.);
#2440 = ORIENTED_EDGE('',*,*,#592,.F.);
#2441 = ORIENTED_EDGE('',*,*,#2442,.F.);
#2442 = EDGE_CURVE('',#2443,#593,#2445,.T.);
#2443 = VERTEX_POINT('',#2444);
#2444 = CARTESIAN_POINT('',(-47.5810574492,-33.32446931266,0.));
#2445 = SEAM_CURVE('',#2446,(#2450,#2457),.PCURVE_S1.);
#2446 = LINE('',#2447,#2448);
#2447 = CARTESIAN_POINT('',(-56.04834223825,-47.99023676945,
    -11.85771327491));
#2448 = VECTOR('',#2449,1.);
#2449 = DIRECTION('',(0.409576022144,0.709406479916,0.573576436351));
#2450 = PCURVE('',#609,#2451);
#2451 = DEFINITIONAL_REPRESENTATION('',(#2452),#2456);
#2452 = LINE('',#2453,#2454);
#2453 = CARTESIAN_POINT('',(6.28318530718,-0.));
#2454 = VECTOR('',#2455,1.);
#2455 = DIRECTION('',(0.,1.));
#2456 = ( GEOMETRIC_REPRESENTATION_CONTEXT(2) 
PARAMETRIC_REPRESENTATION_CONTEXT() REPRESENTATION_CONTEXT('2D SPACE',''
  ) );
#2457 = PCURVE('',#609,#2458);
#2458 = DEFINITIONAL_REPRESENTATION('',(#2459),#2463);
#2459 = LINE('',#2460,#2461);
#2460 = CARTESIAN_POINT('',(0.,-0.));
#2461 = VECTOR('',#2462,1.);
#2462 = DIRECTION('',(0.,1.));
#2463 = ( GEOMETRIC_REPRESENTATION_CONTEXT(2) 
PARAMETRIC_REPRESENTATION_CONTEXT() REPRESENTATION_CONTEXT('2D SPACE',''
  ) );
#2464 = ORIENTED_EDGE('',*,*,#2465,.T.);
#2465 = EDGE_CURVE('',#2443,#2443,#2466,.T.);
#2466 = SURFACE_CURVE('',#2467,(#2472,#2506),.PCURVE_S1.);
#2467 = ELLIPSE('',#2468,2.527997853651,1.45);
#2468 = AXIS2_PLACEMENT_3D('',#2469,#2470,#2471);
#2469 = CARTESIAN_POINT('',(-46.77590126903,-31.01823756779,0.));
#2470 = DIRECTION('',(0.,0.,1.));
#2471 = DIRECTION('',(0.5,0.866025403784,-0.));
#2472 = PCURVE('',#609,#2473);
#2473 = DEFINITIONAL_REPRESENTATION('',(#2474),#2505);
#2474 = B_SPLINE_CURVE_WITH_KNOTS('',8,(#2475,#2476,#2477,#2478,#2479,
    #2480,#2481,#2482,#2483,#2484,#2485,#2486,#2487,#2488,#2489,#2490,
    #2491,#2492,#2493,#2494,#2495,#2496,#2497,#2498,#2499,#2500,#2501,
    #2502,#2503,#2504),.UNSPECIFIED.,.F.,.F.,(9,7,7,7,9),(3.461380986838
    ,5.032177313633,7.388371803826,8.566469048922,9.744566294018),
  .UNSPECIFIED.);
#2475 = CARTESIAN_POINT('',(0.,20.673292212551));
#2476 = CARTESIAN_POINT('',(0.196349540849,20.801114378112));
#2477 = CARTESIAN_POINT('',(0.392699081699,21.015553456012));
#2478 = CARTESIAN_POINT('',(0.589048622548,21.309092674051));
#2479 = CARTESIAN_POINT('',(0.785398163397,21.667122369868));
#2480 = CARTESIAN_POINT('',(0.981747704247,22.068768427275));
#2481 = CARTESIAN_POINT('',(1.178097245096,22.489452169351));
#2482 = CARTESIAN_POINT('',(1.374446785946,22.904124059985));
#2483 = CARTESIAN_POINT('',(1.865320638069,23.86909782396));
#2484 = CARTESIAN_POINT('',(2.159844949339,24.383545552217));
#2485 = CARTESIAN_POINT('',(2.45436926062,24.756917717954));
#2486 = CARTESIAN_POINT('',(2.748893571881,24.924665629849));
#2487 = CARTESIAN_POINT('',(3.043417883167,24.85523998877));
#2488 = CARTESIAN_POINT('',(3.337942194438,24.56663864135));
#2489 = CARTESIAN_POINT('',(3.632466505713,24.113829271524));
#2490 = CARTESIAN_POINT('',(4.074252972624,23.296359908446));
#2491 = CARTESIAN_POINT('',(4.221515128261,23.000827580911));
#2492 = CARTESIAN_POINT('',(4.3687772839,22.691257196151));
#2493 = CARTESIAN_POINT('',(4.516039439536,22.377719513285));
#2494 = CARTESIAN_POINT('',(4.663301595172,22.070726519237));
#2495 = CARTESIAN_POINT('',(4.81056375081,21.780481247456));
#2496 = CARTESIAN_POINT('',(4.957825906446,21.516160886698));
#2497 = CARTESIAN_POINT('',(5.25235021772,21.054622318303));
#2498 = CARTESIAN_POINT('',(5.399612373356,20.857404279585));
#2499 = CARTESIAN_POINT('',(5.546874528996,20.701361998867));
#2500 = CARTESIAN_POINT('',(5.694136684632,20.592573206504));
#2501 = CARTESIAN_POINT('',(5.841398840268,20.535023737688));
#2502 = CARTESIAN_POINT('',(5.988660995906,20.530280585781));
#2503 = CARTESIAN_POINT('',(6.135923151543,20.57742558838));
#2504 = CARTESIAN_POINT('',(6.28318530718,20.673292212551));
#2505 = ( GEOMETRIC_REPRESENTATION_CONTEXT(2) 
PARAMETRIC_REPRESENTATION_CONTEXT() REPRESENTATION_CONTEXT('2D SPACE',''
  ) );
#2506 = PCURVE('',#1786,#2507);
#2507 = DEFINITIONAL_REPRESENTATION('',(#2508),#2512);
#2508 = ELLIPSE('',#2509,2.527997853651,1.45);
#2509 = AXIS2_PLACEMENT_2D('',#2510,#2511);
#2510 = CARTESIAN_POINT('',(-46.77590126903,-31.01823756779));
#2511 = DIRECTION('',(0.5,0.866025403784));
#2512 = ( GEOMETRIC_REPRESENTATION_CONTEXT(2) 
PARAMETRIC_REPRESENTATION_CONTEXT() REPRESENTATION_CONTEXT('2D SPACE',''
  ) );
#2513 = ORIENTED_EDGE('',*,*,#2442,.T.);
#2514 = ORIENTED_EDGE('',*,*,#648,.F.);
#2515 = ORIENTED_EDGE('',*,*,#1976,.F.);
#2516 = ORIENTED_EDGE('',*,*,#2419,.T.);
#2517 = ADVANCED_FACE('',(#2518),#406,.T.);
#2518 = FACE_BOUND('',#2519,.T.);
#2519 = EDGE_LOOP('',(#2520,#2521,#2544,#2565));
#2520 = ORIENTED_EDGE('',*,*,#2346,.F.);
#2521 = ORIENTED_EDGE('',*,*,#2522,.T.);
#2522 = EDGE_CURVE('',#2347,#2523,#2525,.T.);
#2523 = VERTEX_POINT('',#2524);
#2524 = CARTESIAN_POINT('',(15.114736709749,-31.82050807568,4.5));
#2525 = SURFACE_CURVE('',#2526,(#2530,#2537),.PCURVE_S1.);
#2526 = LINE('',#2527,#2528);
#2527 = CARTESIAN_POINT('',(-35.11473670974,-2.820508075689,4.5));
#2528 = VECTOR('',#2529,1.);
#2529 = DIRECTION('',(0.866025403784,-0.5,0.));
#2530 = PCURVE('',#406,#2531);
#2531 = DEFINITIONAL_REPRESENTATION('',(#2532),#2536);
#2532 = LINE('',#2533,#2534);
#2533 = CARTESIAN_POINT('',(0.,-0.));
#2534 = VECTOR('',#2535,1.);
#2535 = DIRECTION('',(0.,-1.));
#2536 = ( GEOMETRIC_REPRESENTATION_CONTEXT(2) 
PARAMETRIC_REPRESENTATION_CONTEXT() REPRESENTATION_CONTEXT('2D SPACE',''
  ) );
#2537 = PCURVE('',#2215,#2538);
#2538 = DEFINITIONAL_REPRESENTATION('',(#2539),#2543);
#2539 = LINE('',#2540,#2541);
#2540 = CARTESIAN_POINT('',(45.329616686149,0.));
#2541 = VECTOR('',#2542,1.);
#2542 = DIRECTION('',(0.,-1.));
#2543 = ( GEOMETRIC_REPRESENTATION_CONTEXT(2) 
PARAMETRIC_REPRESENTATION_CONTEXT() REPRESENTATION_CONTEXT('2D SPACE',''
  ) );
#2544 = ORIENTED_EDGE('',*,*,#2545,.T.);
#2545 = EDGE_CURVE('',#2523,#392,#2546,.T.);
#2546 = SURFACE_CURVE('',#2547,(#2551,#2558),.PCURVE_S1.);
#2547 = LINE('',#2548,#2549);
#2548 = CARTESIAN_POINT('',(15.114736709749,-31.82050807568,4.5));
#2549 = VECTOR('',#2550,1.);
#2550 = DIRECTION('',(0.,-0.,-1.));
#2551 = PCURVE('',#406,#2552);
#2552 = DEFINITIONAL_REPRESENTATION('',(#2553),#2557);
#2553 = LINE('',#2554,#2555);
#2554 = CARTESIAN_POINT('',(0.,-58.));
#2555 = VECTOR('',#2556,1.);
#2556 = DIRECTION('',(1.,0.));
#2557 = ( GEOMETRIC_REPRESENTATION_CONTEXT(2) 
PARAMETRIC_REPRESENTATION_CONTEXT() REPRESENTATION_CONTEXT('2D SPACE',''
  ) );
#2558 = PCURVE('',#432,#2559);
#2559 = DEFINITIONAL_REPRESENTATION('',(#2560),#2564);
#2560 = LINE('',#2561,#2562);
#2561 = CARTESIAN_POINT('',(13.615366215361,-17.3699766872));
#2562 = VECTOR('',#2563,1.);
#2563 = DIRECTION('',(1.,0.));
#2564 = ( GEOMETRIC_REPRESENTATION_CONTEXT(2) 
PARAMETRIC_REPRESENTATION_CONTEXT() REPRESENTATION_CONTEXT('2D SPACE',''
  ) );
#2565 = ORIENTED_EDGE('',*,*,#391,.T.);
#2566 = ADVANCED_FACE('',(#2567),#432,.F.);
#2567 = FACE_BOUND('',#2568,.F.);
#2568 = EDGE_LOOP('',(#2569,#2570,#2571,#2572));
#2569 = ORIENTED_EDGE('',*,*,#2545,.T.);
#2570 = ORIENTED_EDGE('',*,*,#417,.T.);
#2571 = ORIENTED_EDGE('',*,*,#2178,.T.);
#2572 = ORIENTED_EDGE('',*,*,#2573,.T.);
#2573 = EDGE_CURVE('',#2179,#2523,#2574,.T.);
#2574 = SURFACE_CURVE('',#2575,(#2579,#2586),.PCURVE_S1.);
#2575 = LINE('',#2576,#2577);
#2576 = CARTESIAN_POINT('',(2.114736709749,-54.33716857408,
    41.631848175295));
#2577 = VECTOR('',#2578,1.);
#2578 = DIRECTION('',(0.286788218176,0.496731764892,-0.819152044289));
#2579 = PCURVE('',#432,#2580);
#2580 = DEFINITIONAL_REPRESENTATION('',(#2581),#2585);
#2581 = LINE('',#2582,#2583);
#2582 = CARTESIAN_POINT('',(-23.51648195993,8.630023312797));
#2583 = VECTOR('',#2584,1.);
#2584 = DIRECTION('',(0.819152044289,-0.573576436351));
#2585 = ( GEOMETRIC_REPRESENTATION_CONTEXT(2) 
PARAMETRIC_REPRESENTATION_CONTEXT() REPRESENTATION_CONTEXT('2D SPACE',''
  ) );
#2586 = PCURVE('',#2215,#2587);
#2587 = DEFINITIONAL_REPRESENTATION('',(#2588),#2592);
#2588 = LINE('',#2589,#2590);
#2589 = CARTESIAN_POINT('',(0.,-58.));
#2590 = VECTOR('',#2591,1.);
#2591 = DIRECTION('',(1.,0.));
#2592 = ( GEOMETRIC_REPRESENTATION_CONTEXT(2) 
PARAMETRIC_REPRESENTATION_CONTEXT() REPRESENTATION_CONTEXT('2D SPACE',''
  ) );
#2593 = ADVANCED_FACE('',(#2594),#481,.F.);
#2594 = FACE_BOUND('',#2595,.F.);
#2595 = EDGE_LOOP('',(#2596,#2620,#2641,#2642,#2643,#2666,#2715,#2716,
    #2717,#2718));
#2596 = ORIENTED_EDGE('',*,*,#2597,.F.);
#2597 = EDGE_CURVE('',#2598,#2598,#2600,.T.);
#2598 = VERTEX_POINT('',#2599);
#2599 = CARTESIAN_POINT('',(7.731729058191,-37.51991277363,
    16.821108542634));
#2600 = SURFACE_CURVE('',#2601,(#2606,#2613),.PCURVE_S1.);
#2601 = CIRCLE('',#2602,1.45);
#2602 = AXIS2_PLACEMENT_3D('',#2603,#2604,#2605);
#2603 = CARTESIAN_POINT('',(7.731729058191,-36.60825244085,
    15.693555689047));
#2604 = DIRECTION('',(0.409576022144,0.709406479916,0.573576436351));
#2605 = DIRECTION('',(0.,-0.628731263987,0.777622657646));
#2606 = PCURVE('',#481,#2607);
#2607 = DEFINITIONAL_REPRESENTATION('',(#2608),#2612);
#2608 = LINE('',#2609,#2610);
#2609 = CARTESIAN_POINT('',(0.,50.));
#2610 = VECTOR('',#2611,1.);
#2611 = DIRECTION('',(1.,0.));
#2612 = ( GEOMETRIC_REPRESENTATION_CONTEXT(2) 
PARAMETRIC_REPRESENTATION_CONTEXT() REPRESENTATION_CONTEXT('2D SPACE',''
  ) );
#2613 = PCURVE('',#2215,#2614);
#2614 = DEFINITIONAL_REPRESENTATION('',(#2615),#2619);
#2615 = CIRCLE('',#2616,1.45);
#2616 = AXIS2_PLACEMENT_2D('',#2617,#2618);
#2617 = CARTESIAN_POINT('',(31.664808343074,-54.));
#2618 = DIRECTION('',(-0.9493019801,-0.314365631994));
#2619 = ( GEOMETRIC_REPRESENTATION_CONTEXT(2) 
PARAMETRIC_REPRESENTATION_CONTEXT() REPRESENTATION_CONTEXT('2D SPACE',''
  ) );
#2620 = ORIENTED_EDGE('',*,*,#2621,.F.);
#2621 = EDGE_CURVE('',#2078,#2598,#2622,.T.);
#2622 = SEAM_CURVE('',#2623,(#2627,#2634),.PCURVE_S1.);
#2623 = LINE('',#2624,#2625);
#2624 = CARTESIAN_POINT('',(-12.74707204903,-72.99023676945,
    -11.85771327491));
#2625 = VECTOR('',#2626,1.);
#2626 = DIRECTION('',(0.409576022144,0.709406479916,0.573576436351));
#2627 = PCURVE('',#481,#2628);
#2628 = DEFINITIONAL_REPRESENTATION('',(#2629),#2633);
#2629 = LINE('',#2630,#2631);
#2630 = CARTESIAN_POINT('',(6.28318530718,-0.));
#2631 = VECTOR('',#2632,1.);
#2632 = DIRECTION('',(0.,1.));
#2633 = ( GEOMETRIC_REPRESENTATION_CONTEXT(2) 
PARAMETRIC_REPRESENTATION_CONTEXT() REPRESENTATION_CONTEXT('2D SPACE',''
  ) );
#2634 = PCURVE('',#481,#2635);
#2635 = DEFINITIONAL_REPRESENTATION('',(#2636),#2640);
#2636 = LINE('',#2637,#2638);
#2637 = CARTESIAN_POINT('',(0.,-0.));
#2638 = VECTOR('',#2639,1.);
#2639 = DIRECTION('',(0.,1.));
#2640 = ( GEOMETRIC_REPRESENTATION_CONTEXT(2) 
PARAMETRIC_REPRESENTATION_CONTEXT() REPRESENTATION_CONTEXT('2D SPACE',''
  ) );
#2641 = ORIENTED_EDGE('',*,*,#2128,.F.);
#2642 = ORIENTED_EDGE('',*,*,#464,.F.);
#2643 = ORIENTED_EDGE('',*,*,#2644,.F.);
#2644 = EDGE_CURVE('',#2645,#465,#2647,.T.);
#2645 = VERTEX_POINT('',#2646);
#2646 = CARTESIAN_POINT('',(-4.279787259987,-58.32446931266,0.));
#2647 = SEAM_CURVE('',#2648,(#2652,#2659),.PCURVE_S1.);
#2648 = LINE('',#2649,#2650);
#2649 = CARTESIAN_POINT('',(-12.74707204903,-72.99023676945,
    -11.85771327491));
#2650 = VECTOR('',#2651,1.);
#2651 = DIRECTION('',(0.409576022144,0.709406479916,0.573576436351));
#2652 = PCURVE('',#481,#2653);
#2653 = DEFINITIONAL_REPRESENTATION('',(#2654),#2658);
#2654 = LINE('',#2655,#2656);
#2655 = CARTESIAN_POINT('',(6.28318530718,-0.));
#2656 = VECTOR('',#2657,1.);
#2657 = DIRECTION('',(0.,1.));
#2658 = ( GEOMETRIC_REPRESENTATION_CONTEXT(2) 
PARAMETRIC_REPRESENTATION_CONTEXT() REPRESENTATION_CONTEXT('2D SPACE',''
  ) );
#2659 = PCURVE('',#481,#2660);
#2660 = DEFINITIONAL_REPRESENTATION('',(#2661),#2665);
#2661 = LINE('',#2662,#2663);
#2662 = CARTESIAN_POINT('',(0.,-0.));
#2663 = VECTOR('',#2664,1.);
#2664 = DIRECTION('',(0.,1.));
#2665 = ( GEOMETRIC_REPRESENTATION_CONTEXT(2) 
PARAMETRIC_REPRESENTATION_CONTEXT() REPRESENTATION_CONTEXT('2D SPACE',''
  ) );
#2666 = ORIENTED_EDGE('',*,*,#2667,.T.);
#2667 = EDGE_CURVE('',#2645,#2645,#2668,.T.);
#2668 = SURFACE_CURVE('',#2669,(#2674,#2708),.PCURVE_S1.);
#2669 = ELLIPSE('',#2670,2.527997853651,1.45);
#2670 = AXIS2_PLACEMENT_3D('',#2671,#2672,#2673);
#2671 = CARTESIAN_POINT('',(-3.474631079813,-56.01823756779,0.));
#2672 = DIRECTION('',(0.,0.,1.));
#2673 = DIRECTION('',(0.5,0.866025403784,-0.));
#2674 = PCURVE('',#481,#2675);
#2675 = DEFINITIONAL_REPRESENTATION('',(#2676),#2707);
#2676 = B_SPLINE_CURVE_WITH_KNOTS('',8,(#2677,#2678,#2679,#2680,#2681,
    #2682,#2683,#2684,#2685,#2686,#2687,#2688,#2689,#2690,#2691,#2692,
    #2693,#2694,#2695,#2696,#2697,#2698,#2699,#2700,#2701,#2702,#2703,
    #2704,#2705,#2706),.UNSPECIFIED.,.F.,.F.,(9,7,7,7,9),(3.461380986838
    ,5.032177313633,7.388371803826,8.566469048922,9.744566294018),
  .UNSPECIFIED.);
#2677 = CARTESIAN_POINT('',(-1.7763568394E-15,20.673292212551));
#2678 = CARTESIAN_POINT('',(0.196349540849,20.801114378112));
#2679 = CARTESIAN_POINT('',(0.392699081698,21.015553456016));
#2680 = CARTESIAN_POINT('',(0.589048622549,21.309092674049));
#2681 = CARTESIAN_POINT('',(0.785398163398,21.66712236987));
#2682 = CARTESIAN_POINT('',(0.981747704247,22.06876842728));
#2683 = CARTESIAN_POINT('',(1.178097245096,22.489452169349));
#2684 = CARTESIAN_POINT('',(1.374446785946,22.904124059985));
#2685 = CARTESIAN_POINT('',(1.865320638069,23.86909782396));
#2686 = CARTESIAN_POINT('',(2.159844949345,24.383545552209));
#2687 = CARTESIAN_POINT('',(2.454369260606,24.756917718012));
#2688 = CARTESIAN_POINT('',(2.748893571869,24.924665629864));
#2689 = CARTESIAN_POINT('',(3.043417883164,24.855239988799));
#2690 = CARTESIAN_POINT('',(3.337942194438,24.566638641329));
#2691 = CARTESIAN_POINT('',(3.632466505713,24.113829271524));
#2692 = CARTESIAN_POINT('',(4.074252972624,23.296359908446));
#2693 = CARTESIAN_POINT('',(4.221515128262,23.000827580908));
#2694 = CARTESIAN_POINT('',(4.368777283898,22.69125719615));
#2695 = CARTESIAN_POINT('',(4.516039439535,22.377719513285));
#2696 = CARTESIAN_POINT('',(4.663301595173,22.07072651924));
#2697 = CARTESIAN_POINT('',(4.810563750809,21.78048124746));
#2698 = CARTESIAN_POINT('',(4.957825906446,21.516160886698));
#2699 = CARTESIAN_POINT('',(5.25235021772,21.054622318303));
#2700 = CARTESIAN_POINT('',(5.399612373357,20.857404279583));
#2701 = CARTESIAN_POINT('',(5.546874528998,20.701361998867));
#2702 = CARTESIAN_POINT('',(5.694136684633,20.592573206504));
#2703 = CARTESIAN_POINT('',(5.841398840266,20.535023737687));
#2704 = CARTESIAN_POINT('',(5.988660995906,20.530280585781));
#2705 = CARTESIAN_POINT('',(6.135923151543,20.57742558838));
#2706 = CARTESIAN_POINT('',(6.28318530718,20.673292212551));
#2707 = ( GEOMETRIC_REPRESENTATION_CONTEXT(2) 
PARAMETRIC_REPRESENTATION_CONTEXT() REPRESENTATION_CONTEXT('2D SPACE',''
  ) );
#2708 = PCURVE('',#1786,#2709);
#2709 = DEFINITIONAL_REPRESENTATION('',(#2710),#2714);
#2710 = ELLIPSE('',#2711,2.527997853651,1.45);
#2711 = AXIS2_PLACEMENT_2D('',#2712,#2713);
#2712 = CARTESIAN_POINT('',(-3.474631079813,-56.01823756779));
#2713 = DIRECTION('',(0.5,0.866025403784));
#2714 = ( GEOMETRIC_REPRESENTATION_CONTEXT(2) 
PARAMETRIC_REPRESENTATION_CONTEXT() REPRESENTATION_CONTEXT('2D SPACE',''
  ) );
#2715 = ORIENTED_EDGE('',*,*,#2644,.T.);
#2716 = ORIENTED_EDGE('',*,*,#520,.F.);
#2717 = ORIENTED_EDGE('',*,*,#2077,.F.);
#2718 = ORIENTED_EDGE('',*,*,#2621,.T.);
#2719 = ADVANCED_FACE('',(#2720),#716,.F.);
#2720 = FACE_BOUND('',#2721,.F.);
#2721 = EDGE_LOOP('',(#2722,#2723,#2746,#2768));
#2722 = ORIENTED_EDGE('',*,*,#699,.F.);
#2723 = ORIENTED_EDGE('',*,*,#2724,.F.);
#2724 = EDGE_CURVE('',#2725,#700,#2727,.T.);
#2725 = VERTEX_POINT('',#2726);
#2726 = CARTESIAN_POINT('',(55.943575034635,-31.,0.));
#2727 = SEAM_CURVE('',#2728,(#2732,#2739),.PCURVE_S1.);
#2728 = LINE('',#2729,#2730);
#2729 = CARTESIAN_POINT('',(55.943575034635,-31.,-1.));
#2730 = VECTOR('',#2731,1.);
#2731 = DIRECTION('',(0.,0.,1.));
#2732 = PCURVE('',#716,#2733);
#2733 = DEFINITIONAL_REPRESENTATION('',(#2734),#2738);
#2734 = LINE('',#2735,#2736);
#2735 = CARTESIAN_POINT('',(6.28318530718,-0.));
#2736 = VECTOR('',#2737,1.);
#2737 = DIRECTION('',(0.,1.));
#2738 = ( GEOMETRIC_REPRESENTATION_CONTEXT(2) 
PARAMETRIC_REPRESENTATION_CONTEXT() REPRESENTATION_CONTEXT('2D SPACE',''
  ) );
#2739 = PCURVE('',#716,#2740);
#2740 = DEFINITIONAL_REPRESENTATION('',(#2741),#2745);
#2741 = LINE('',#2742,#2743);
#2742 = CARTESIAN_POINT('',(0.,-0.));
#2743 = VECTOR('',#2744,1.);
#2744 = DIRECTION('',(0.,1.));
#2745 = ( GEOMETRIC_REPRESENTATION_CONTEXT(2) 
PARAMETRIC_REPRESENTATION_CONTEXT() REPRESENTATION_CONTEXT('2D SPACE',''
  ) );
#2746 = ORIENTED_EDGE('',*,*,#2747,.T.);
#2747 = EDGE_CURVE('',#2725,#2725,#2748,.T.);
#2748 = SURFACE_CURVE('',#2749,(#2754,#2761),.PCURVE_S1.);
#2749 = CIRCLE('',#2750,2.25);
#2750 = AXIS2_PLACEMENT_3D('',#2751,#2752,#2753);
#2751 = CARTESIAN_POINT('',(53.693575034635,-31.,0.));
#2752 = DIRECTION('',(0.,0.,1.));
#2753 = DIRECTION('',(1.,0.,-0.));
#2754 = PCURVE('',#716,#2755);
#2755 = DEFINITIONAL_REPRESENTATION('',(#2756),#2760);
#2756 = LINE('',#2757,#2758);
#2757 = CARTESIAN_POINT('',(0.,1.));
#2758 = VECTOR('',#2759,1.);
#2759 = DIRECTION('',(1.,0.));
#2760 = ( GEOMETRIC_REPRESENTATION_CONTEXT(2) 
PARAMETRIC_REPRESENTATION_CONTEXT() REPRESENTATION_CONTEXT('2D SPACE',''
  ) );
#2761 = PCURVE('',#1786,#2762);
#2762 = DEFINITIONAL_REPRESENTATION('',(#2763),#2767);
#2763 = CIRCLE('',#2764,2.25);
#2764 = AXIS2_PLACEMENT_2D('',#2765,#2766);
#2765 = CARTESIAN_POINT('',(53.693575034635,-31.));
#2766 = DIRECTION('',(1.,0.));
#2767 = ( GEOMETRIC_REPRESENTATION_CONTEXT(2) 
PARAMETRIC_REPRESENTATION_CONTEXT() REPRESENTATION_CONTEXT('2D SPACE',''
  ) );
#2768 = ORIENTED_EDGE('',*,*,#2724,.T.);
#2769 = ADVANCED_FACE('',(#2770),#747,.F.);
#2770 = FACE_BOUND('',#2771,.F.);
#2771 = EDGE_LOOP('',(#2772,#2773,#2796,#2818));
#2772 = ORIENTED_EDGE('',*,*,#730,.F.);
#2773 = ORIENTED_EDGE('',*,*,#2774,.F.);
#2774 = EDGE_CURVE('',#2775,#731,#2777,.T.);
#2775 = VERTEX_POINT('',#2776);
#2776 = CARTESIAN_POINT('',(-51.44357503463,31.,0.));
#2777 = SEAM_CURVE('',#2778,(#2782,#2789),.PCURVE_S1.);
#2778 = LINE('',#2779,#2780);
#2779 = CARTESIAN_POINT('',(-51.44357503463,31.,-1.));
#2780 = VECTOR('',#2781,1.);
#2781 = DIRECTION('',(0.,0.,1.));
#2782 = PCURVE('',#747,#2783);
#2783 = DEFINITIONAL_REPRESENTATION('',(#2784),#2788);
#2784 = LINE('',#2785,#2786);
#2785 = CARTESIAN_POINT('',(6.28318530718,-0.));
#2786 = VECTOR('',#2787,1.);
#2787 = DIRECTION('',(0.,1.));
#2788 = ( GEOMETRIC_REPRESENTATION_CONTEXT(2) 
PARAMETRIC_REPRESENTATION_CONTEXT() REPRESENTATION_CONTEXT('2D SPACE',''
  ) );
#2789 = PCURVE('',#747,#2790);
#2790 = DEFINITIONAL_REPRESENTATION('',(#2791),#2795);
#2791 = LINE('',#2792,#2793);
#2792 = CARTESIAN_POINT('',(0.,-0.));
#2793 = VECTOR('',#2794,1.);
#2794 = DIRECTION('',(0.,1.));
#2795 = ( GEOMETRIC_REPRESENTATION_CONTEXT(2) 
PARAMETRIC_REPRESENTATION_CONTEXT() REPRESENTATION_CONTEXT('2D SPACE',''
  ) );
#2796 = ORIENTED_EDGE('',*,*,#2797,.T.);
#2797 = EDGE_CURVE('',#2775,#2775,#2798,.T.);
#2798 = SURFACE_CURVE('',#2799,(#2804,#2811),.PCURVE_S1.);
#2799 = CIRCLE('',#2800,2.25);
#2800 = AXIS2_PLACEMENT_3D('',#2801,#2802,#2803);
#2801 = CARTESIAN_POINT('',(-53.69357503463,31.,0.));
#2802 = DIRECTION('',(0.,0.,1.));
#2803 = DIRECTION('',(1.,0.,-0.));
#2804 = PCURVE('',#747,#2805);
#2805 = DEFINITIONAL_REPRESENTATION('',(#2806),#2810);
#2806 = LINE('',#2807,#2808);
#2807 = CARTESIAN_POINT('',(0.,1.));
#2808 = VECTOR('',#2809,1.);
#2809 = DIRECTION('',(1.,0.));
#2810 = ( GEOMETRIC_REPRESENTATION_CONTEXT(2) 
PARAMETRIC_REPRESENTATION_CONTEXT() REPRESENTATION_CONTEXT('2D SPACE',''
  ) );
#2811 = PCURVE('',#1786,#2812);
#2812 = DEFINITIONAL_REPRESENTATION('',(#2813),#2817);
#2813 = CIRCLE('',#2814,2.25);
#2814 = AXIS2_PLACEMENT_2D('',#2815,#2816);
#2815 = CARTESIAN_POINT('',(-53.69357503463,31.));
#2816 = DIRECTION('',(1.,0.));
#2817 = ( GEOMETRIC_REPRESENTATION_CONTEXT(2) 
PARAMETRIC_REPRESENTATION_CONTEXT() REPRESENTATION_CONTEXT('2D SPACE',''
  ) );
#2818 = ORIENTED_EDGE('',*,*,#2774,.T.);
#2819 = ADVANCED_FACE('',(#2820,#2981,#3032),#778,.T.);
#2820 = FACE_BOUND('',#2821,.T.);
#2821 = EDGE_LOOP('',(#2822,#2845,#2846,#2888,#2889,#2931,#2932,#2955));
#2822 = ORIENTED_EDGE('',*,*,#2823,.F.);
#2823 = EDGE_CURVE('',#762,#2824,#2826,.T.);
#2824 = VERTEX_POINT('',#2825);
#2825 = CARTESIAN_POINT('',(2.114736709749,54.337168574084,
    41.631848175295));
#2826 = SURFACE_CURVE('',#2827,(#2831,#2838),.PCURVE_S1.);
#2827 = LINE('',#2828,#2829);
#2828 = CARTESIAN_POINT('',(2.114736709749,54.337168574084,3.5));
#2829 = VECTOR('',#2830,1.);
#2830 = DIRECTION('',(0.,0.,1.));
#2831 = PCURVE('',#778,#2832);
#2832 = DEFINITIONAL_REPRESENTATION('',(#2833),#2837);
#2833 = LINE('',#2834,#2835);
#2834 = CARTESIAN_POINT('',(0.,0.));
#2835 = VECTOR('',#2836,1.);
#2836 = DIRECTION('',(1.,0.));
#2837 = ( GEOMETRIC_REPRESENTATION_CONTEXT(2) 
PARAMETRIC_REPRESENTATION_CONTEXT() REPRESENTATION_CONTEXT('2D SPACE',''
  ) );
#2838 = PCURVE('',#804,#2839);
#2839 = DEFINITIONAL_REPRESENTATION('',(#2840),#2844);
#2840 = LINE('',#2841,#2842);
#2841 = CARTESIAN_POINT('',(14.615366215361,8.630023312797));
#2842 = VECTOR('',#2843,1.);
#2843 = DIRECTION('',(-1.,0.));
#2844 = ( GEOMETRIC_REPRESENTATION_CONTEXT(2) 
PARAMETRIC_REPRESENTATION_CONTEXT() REPRESENTATION_CONTEXT('2D SPACE',''
  ) );
#2845 = ORIENTED_EDGE('',*,*,#761,.T.);
#2846 = ORIENTED_EDGE('',*,*,#2847,.F.);
#2847 = EDGE_CURVE('',#945,#764,#2848,.T.);
#2848 = SURFACE_CURVE('',#2849,(#2854,#2861),.PCURVE_S1.);
#2849 = ELLIPSE('',#2850,1.770123153704,1.45);
#2850 = AXIS2_PLACEMENT_3D('',#2851,#2852,#2853);
#2851 = CARTESIAN_POINT('',(-1.349364905389,52.337168574084,
    2.976254792068));
#2852 = DIRECTION('',(-0.5,0.866025403784,-6.162975822039E-33));
#2853 = DIRECTION('',(8.381457834186E-17,4.839036936769E-17,1.));
#2854 = PCURVE('',#778,#2855);
#2855 = DEFINITIONAL_REPRESENTATION('',(#2856),#2860);
#2856 = ELLIPSE('',#2857,1.770123153704,1.45);
#2857 = AXIS2_PLACEMENT_2D('',#2858,#2859);
#2858 = CARTESIAN_POINT('',(-0.523745207932,-4.));
#2859 = DIRECTION('',(1.,9.678073873537E-17));
#2860 = ( GEOMETRIC_REPRESENTATION_CONTEXT(2) 
PARAMETRIC_REPRESENTATION_CONTEXT() REPRESENTATION_CONTEXT('2D SPACE',''
  ) );
#2861 = PCURVE('',#980,#2862);
#2862 = DEFINITIONAL_REPRESENTATION('',(#2863),#2887);
#2863 = B_SPLINE_CURVE_WITH_KNOTS('',8,(#2864,#2865,#2866,#2867,#2868,
    #2869,#2870,#2871,#2872,#2873,#2874,#2875,#2876,#2877,#2878,#2879,
    #2880,#2881,#2882,#2883,#2884,#2885,#2886),.UNSPECIFIED.,.F.,.F.,(9,
    7,7,9),(3.461380986838,5.032177313633,7.388371803826,9.744566294018)
  ,.UNSPECIFIED.);
#2864 = CARTESIAN_POINT('',(6.28318530718,26.864235318584));
#2865 = CARTESIAN_POINT('',(6.08683576633,26.926905324391));
#2866 = CARTESIAN_POINT('',(5.89048622548,27.032042787825));
#2867 = CARTESIAN_POINT('',(5.694136684632,27.17596230615));
#2868 = CARTESIAN_POINT('',(5.497787143782,27.351500899302));
#2869 = CARTESIAN_POINT('',(5.301437602932,27.548424184396));
#2870 = CARTESIAN_POINT('',(5.105088062084,27.754681467258));
#2871 = CARTESIAN_POINT('',(4.908738521234,27.9579911959));
#2872 = CARTESIAN_POINT('',(4.417864669111,28.43110875831));
#2873 = CARTESIAN_POINT('',(4.123340357839,28.683337641891));
#2874 = CARTESIAN_POINT('',(3.828816046553,28.8663985038));
#2875 = CARTESIAN_POINT('',(3.534291735277,28.948643727548));
#2876 = CARTESIAN_POINT('',(3.239767424011,28.91460498856));
#2877 = CARTESIAN_POINT('',(2.945243112739,28.773106461806));
#2878 = CARTESIAN_POINT('',(2.650718801466,28.551098285734));
#2879 = CARTESIAN_POINT('',(2.061670178918,28.016701563471));
#2880 = CARTESIAN_POINT('',(1.767145867644,27.704311080772));
#2881 = CARTESIAN_POINT('',(1.47262155637,27.382065066369));
#2882 = CARTESIAN_POINT('',(1.178097245094,27.093566841519));
#2883 = CARTESIAN_POINT('',(0.883572933822,26.881288049874));
#2884 = CARTESIAN_POINT('',(0.589048622547,26.771777584949));
#2885 = CARTESIAN_POINT('',(0.294524311274,26.770230309873));
#2886 = CARTESIAN_POINT('',(1.102566314111E-14,26.864235318584));
#2887 = ( GEOMETRIC_REPRESENTATION_CONTEXT(2) 
PARAMETRIC_REPRESENTATION_CONTEXT() REPRESENTATION_CONTEXT('2D SPACE',''
  ) );
#2888 = ORIENTED_EDGE('',*,*,#944,.T.);
#2889 = ORIENTED_EDGE('',*,*,#2890,.F.);
#2890 = EDGE_CURVE('',#868,#889,#2891,.T.);
#2891 = SURFACE_CURVE('',#2892,(#2897,#2904),.PCURVE_S1.);
#2892 = ELLIPSE('',#2893,1.770123153704,1.45);
#2893 = AXIS2_PLACEMENT_3D('',#2894,#2895,#2896);
#2894 = CARTESIAN_POINT('',(-44.65063509461,27.337168574084,
    2.976254792068));
#2895 = DIRECTION('',(-0.5,0.866025403784,-6.162975822039E-33));
#2896 = DIRECTION('',(8.381457834186E-17,4.839036936769E-17,1.));
#2897 = PCURVE('',#778,#2898);
#2898 = DEFINITIONAL_REPRESENTATION('',(#2899),#2903);
#2899 = ELLIPSE('',#2900,1.770123153704,1.45);
#2900 = AXIS2_PLACEMENT_2D('',#2901,#2902);
#2901 = CARTESIAN_POINT('',(-0.523745207932,-54.));
#2902 = DIRECTION('',(1.,9.678073873537E-17));
#2903 = ( GEOMETRIC_REPRESENTATION_CONTEXT(2) 
PARAMETRIC_REPRESENTATION_CONTEXT() REPRESENTATION_CONTEXT('2D SPACE',''
  ) );
#2904 = PCURVE('',#905,#2905);
#2905 = DEFINITIONAL_REPRESENTATION('',(#2906),#2930);
#2906 = B_SPLINE_CURVE_WITH_KNOTS('',8,(#2907,#2908,#2909,#2910,#2911,
    #2912,#2913,#2914,#2915,#2916,#2917,#2918,#2919,#2920,#2921,#2922,
    #2923,#2924,#2925,#2926,#2927,#2928,#2929),.UNSPECIFIED.,.F.,.F.,(9,
    7,7,9),(3.461380986838,5.032177313633,7.388371803826,9.744566294018)
  ,.UNSPECIFIED.);
#2907 = CARTESIAN_POINT('',(6.28318530718,26.864235318584));
#2908 = CARTESIAN_POINT('',(6.08683576633,26.926905324391));
#2909 = CARTESIAN_POINT('',(5.890486225481,27.032042787823));
#2910 = CARTESIAN_POINT('',(5.694136684631,27.175962306151));
#2911 = CARTESIAN_POINT('',(5.497787143782,27.351500899298));
#2912 = CARTESIAN_POINT('',(5.301437602933,27.548424184392));
#2913 = CARTESIAN_POINT('',(5.105088062083,27.754681467264));
#2914 = CARTESIAN_POINT('',(4.908738521234,27.9579911959));
#2915 = CARTESIAN_POINT('',(4.417864669111,28.43110875831));
#2916 = CARTESIAN_POINT('',(4.123340357837,28.683337641873));
#2917 = CARTESIAN_POINT('',(3.828816046563,28.866398503815));
#2918 = CARTESIAN_POINT('',(3.534291735297,28.948643727635));
#2919 = CARTESIAN_POINT('',(3.239767424014,28.914604988648));
#2920 = CARTESIAN_POINT('',(2.945243112741,28.773106461784));
#2921 = CARTESIAN_POINT('',(2.650718801466,28.551098285734));
#2922 = CARTESIAN_POINT('',(2.061670178918,28.016701563471));
#2923 = CARTESIAN_POINT('',(1.767145867654,27.704311080823));
#2924 = CARTESIAN_POINT('',(1.47262155634,27.382065066166));
#2925 = CARTESIAN_POINT('',(1.178097245108,27.093566841635));
#2926 = CARTESIAN_POINT('',(0.883572933802,26.881288049743));
#2927 = CARTESIAN_POINT('',(0.58904862256,26.771777584996));
#2928 = CARTESIAN_POINT('',(0.294524311274,26.770230309873));
#2929 = CARTESIAN_POINT('',(5.329070518201E-15,26.864235318584));
#2930 = ( GEOMETRIC_REPRESENTATION_CONTEXT(2) 
PARAMETRIC_REPRESENTATION_CONTEXT() REPRESENTATION_CONTEXT('2D SPACE',''
  ) );
#2931 = ORIENTED_EDGE('',*,*,#867,.T.);
#2932 = ORIENTED_EDGE('',*,*,#2933,.T.);
#2933 = EDGE_CURVE('',#842,#2934,#2936,.T.);
#2934 = VERTEX_POINT('',#2935);
#2935 = CARTESIAN_POINT('',(-48.11473670974,25.337168574084,
    41.631848175295));
#2936 = SURFACE_CURVE('',#2937,(#2941,#2948),.PCURVE_S1.);
#2937 = LINE('',#2938,#2939);
#2938 = CARTESIAN_POINT('',(-48.11473670974,25.337168574084,3.5));
#2939 = VECTOR('',#2940,1.);
#2940 = DIRECTION('',(0.,0.,1.));
#2941 = PCURVE('',#778,#2942);
#2942 = DEFINITIONAL_REPRESENTATION('',(#2943),#2947);
#2943 = LINE('',#2944,#2945);
#2944 = CARTESIAN_POINT('',(0.,-58.));
#2945 = VECTOR('',#2946,1.);
#2946 = DIRECTION('',(1.,0.));
#2947 = ( GEOMETRIC_REPRESENTATION_CONTEXT(2) 
PARAMETRIC_REPRESENTATION_CONTEXT() REPRESENTATION_CONTEXT('2D SPACE',''
  ) );
#2948 = PCURVE('',#856,#2949);
#2949 = DEFINITIONAL_REPRESENTATION('',(#2950),#2954);
#2950 = LINE('',#2951,#2952);
#2951 = CARTESIAN_POINT('',(14.615366215361,8.630023312797));
#2952 = VECTOR('',#2953,1.);
#2953 = DIRECTION('',(-1.,0.));
#2954 = ( GEOMETRIC_REPRESENTATION_CONTEXT(2) 
PARAMETRIC_REPRESENTATION_CONTEXT() REPRESENTATION_CONTEXT('2D SPACE',''
  ) );
#2955 = ORIENTED_EDGE('',*,*,#2956,.F.);
#2956 = EDGE_CURVE('',#2824,#2934,#2957,.T.);
#2957 = SURFACE_CURVE('',#2958,(#2962,#2969),.PCURVE_S1.);
#2958 = LINE('',#2959,#2960);
#2959 = CARTESIAN_POINT('',(2.114736709749,54.337168574084,
    41.631848175295));
#2960 = VECTOR('',#2961,1.);
#2961 = DIRECTION('',(-0.866025403784,-0.5,0.));
#2962 = PCURVE('',#778,#2963);
#2963 = DEFINITIONAL_REPRESENTATION('',(#2964),#2968);
#2964 = LINE('',#2965,#2966);
#2965 = CARTESIAN_POINT('',(38.131848175295,0.));
#2966 = VECTOR('',#2967,1.);
#2967 = DIRECTION('',(0.,-1.));
#2968 = ( GEOMETRIC_REPRESENTATION_CONTEXT(2) 
PARAMETRIC_REPRESENTATION_CONTEXT() REPRESENTATION_CONTEXT('2D SPACE',''
  ) );
#2969 = PCURVE('',#2970,#2975);
#2970 = PLANE('',#2971);
#2971 = AXIS2_PLACEMENT_3D('',#2972,#2973,#2974);
#2972 = CARTESIAN_POINT('',(2.114736709749,54.337168574084,
    41.631848175295));
#2973 = DIRECTION('',(0.409576022144,-0.709406479916,0.573576436351));
#2974 = DIRECTION('',(0.286788218176,-0.496731764892,-0.819152044289));
#2975 = DEFINITIONAL_REPRESENTATION('',(#2976),#2980);
#2976 = LINE('',#2977,#2978);
#2977 = CARTESIAN_POINT('',(0.,0.));
#2978 = VECTOR('',#2979,1.);
#2979 = DIRECTION('',(0.,-1.));
#2980 = ( GEOMETRIC_REPRESENTATION_CONTEXT(2) 
PARAMETRIC_REPRESENTATION_CONTEXT() REPRESENTATION_CONTEXT('2D SPACE',''
  ) );
#2981 = FACE_BOUND('',#2982,.T.);
#2982 = EDGE_LOOP('',(#2983));
#2983 = ORIENTED_EDGE('',*,*,#2984,.F.);
#2984 = EDGE_CURVE('',#2985,#2985,#2987,.T.);
#2985 = VERTEX_POINT('',#2986);
#2986 = CARTESIAN_POINT('',(-45.04539559851,27.109253490889,
    23.269815974943));
#2987 = SURFACE_CURVE('',#2988,(#2993,#3000),.PCURVE_S1.);
#2988 = ELLIPSE('',#2989,1.770123153704,1.45);
#2989 = AXIS2_PLACEMENT_3D('',#2990,#2991,#2992);
#2990 = CARTESIAN_POINT('',(-44.65063509461,27.337168574084,
    24.950197389774));
#2991 = DIRECTION('',(-0.5,0.866025403784,-6.162975822039E-33));
#2992 = DIRECTION('',(8.381457834186E-17,4.839036936769E-17,1.));
#2993 = PCURVE('',#778,#2994);
#2994 = DEFINITIONAL_REPRESENTATION('',(#2995),#2999);
#2995 = ELLIPSE('',#2996,1.770123153704,1.45);
#2996 = AXIS2_PLACEMENT_2D('',#2997,#2998);
#2997 = CARTESIAN_POINT('',(21.450197389774,-54.));
#2998 = DIRECTION('',(1.,9.678073873537E-17));
#2999 = ( GEOMETRIC_REPRESENTATION_CONTEXT(2) 
PARAMETRIC_REPRESENTATION_CONTEXT() REPRESENTATION_CONTEXT('2D SPACE',''
  ) );
#3000 = PCURVE('',#3001,#3006);
#3001 = CYLINDRICAL_SURFACE('',#3002,1.45);
#3002 = AXIS2_PLACEMENT_3D('',#3003,#3004,#3005);
#3003 = CARTESIAN_POINT('',(-61.21053016541,56.019748204727,
    1.759470668696));
#3004 = DIRECTION('',(0.409576022144,-0.709406479916,0.573576436351));
#3005 = DIRECTION('',(2.775557561563E-17,-0.628731263987,-0.777622657646
    ));
#3006 = DEFINITIONAL_REPRESENTATION('',(#3007),#3031);
#3007 = B_SPLINE_CURVE_WITH_KNOTS('',8,(#3008,#3009,#3010,#3011,#3012,
    #3013,#3014,#3015,#3016,#3017,#3018,#3019,#3020,#3021,#3022,#3023,
    #3024,#3025,#3026,#3027,#3028,#3029,#3030),.UNSPECIFIED.,.F.,.F.,(9,
    7,7,9),(3.461380986838,5.032177313633,7.388371803826,9.744566294018)
  ,.UNSPECIFIED.);
#3008 = CARTESIAN_POINT('',(6.28318530718,39.467971006359));
#3009 = CARTESIAN_POINT('',(6.08683576633,39.530641012166));
#3010 = CARTESIAN_POINT('',(5.890486225481,39.635778475593));
#3011 = CARTESIAN_POINT('',(5.694136684631,39.779697993926));
#3012 = CARTESIAN_POINT('',(5.497787143783,39.955236587075));
#3013 = CARTESIAN_POINT('',(5.301437602934,40.152159872168));
#3014 = CARTESIAN_POINT('',(5.105088062083,40.358417155041));
#3015 = CARTESIAN_POINT('',(4.908738521234,40.561726883675));
#3016 = CARTESIAN_POINT('',(4.417864669111,41.034844446084));
#3017 = CARTESIAN_POINT('',(4.123340357837,41.287073329629));
#3018 = CARTESIAN_POINT('',(3.828816046549,41.470134191521));
#3019 = CARTESIAN_POINT('',(3.53429173527,41.552379415283));
#3020 = CARTESIAN_POINT('',(3.239767423998,41.518340676441));
#3021 = CARTESIAN_POINT('',(2.945243112741,41.376842149533));
#3022 = CARTESIAN_POINT('',(2.650718801466,41.154833973509));
#3023 = CARTESIAN_POINT('',(2.061670178918,40.620437251245));
#3024 = CARTESIAN_POINT('',(1.767145867644,40.308046768539));
#3025 = CARTESIAN_POINT('',(1.472621556365,39.985800753973));
#3026 = CARTESIAN_POINT('',(1.178097245101,39.697302529239));
#3027 = CARTESIAN_POINT('',(0.883572933818,39.485023737681));
#3028 = CARTESIAN_POINT('',(0.589048622549,39.375513272731));
#3029 = CARTESIAN_POINT('',(0.294524311274,39.373965997648));
#3030 = CARTESIAN_POINT('',(9.80058945876E-15,39.467971006359));
#3031 = ( GEOMETRIC_REPRESENTATION_CONTEXT(2) 
PARAMETRIC_REPRESENTATION_CONTEXT() REPRESENTATION_CONTEXT('2D SPACE',''
  ) );
#3032 = FACE_BOUND('',#3033,.T.);
#3033 = EDGE_LOOP('',(#3034));
#3034 = ORIENTED_EDGE('',*,*,#3035,.F.);
#3035 = EDGE_CURVE('',#3036,#3036,#3038,.T.);
#3036 = VERTEX_POINT('',#3037);
#3037 = CARTESIAN_POINT('',(-1.744125409295,52.109253490889,
    23.269815974943));
#3038 = SURFACE_CURVE('',#3039,(#3044,#3051),.PCURVE_S1.);
#3039 = ELLIPSE('',#3040,1.770123153704,1.45);
#3040 = AXIS2_PLACEMENT_3D('',#3041,#3042,#3043);
#3041 = CARTESIAN_POINT('',(-1.349364905389,52.337168574084,
    24.950197389774));
#3042 = DIRECTION('',(-0.5,0.866025403784,-6.162975822039E-33));
#3043 = DIRECTION('',(8.381457834186E-17,4.839036936769E-17,1.));
#3044 = PCURVE('',#778,#3045);
#3045 = DEFINITIONAL_REPRESENTATION('',(#3046),#3050);
#3046 = ELLIPSE('',#3047,1.770123153704,1.45);
#3047 = AXIS2_PLACEMENT_2D('',#3048,#3049);
#3048 = CARTESIAN_POINT('',(21.450197389774,-4.));
#3049 = DIRECTION('',(1.,9.678073873537E-17));
#3050 = ( GEOMETRIC_REPRESENTATION_CONTEXT(2) 
PARAMETRIC_REPRESENTATION_CONTEXT() REPRESENTATION_CONTEXT('2D SPACE',''
  ) );
#3051 = PCURVE('',#3052,#3057);
#3052 = CYLINDRICAL_SURFACE('',#3053,1.45);
#3053 = AXIS2_PLACEMENT_3D('',#3054,#3055,#3056);
#3054 = CARTESIAN_POINT('',(-17.90925997619,81.019748204727,
    1.759470668696));
#3055 = DIRECTION('',(0.409576022144,-0.709406479916,0.573576436351));
#3056 = DIRECTION('',(2.775557561563E-17,-0.628731263987,-0.777622657646
    ));
#3057 = DEFINITIONAL_REPRESENTATION('',(#3058),#3082);
#3058 = B_SPLINE_CURVE_WITH_KNOTS('',8,(#3059,#3060,#3061,#3062,#3063,
    #3064,#3065,#3066,#3067,#3068,#3069,#3070,#3071,#3072,#3073,#3074,
    #3075,#3076,#3077,#3078,#3079,#3080,#3081),.UNSPECIFIED.,.F.,.F.,(9,
    7,7,9),(3.461380986838,5.032177313633,7.388371803826,9.744566294018)
  ,.UNSPECIFIED.);
#3059 = CARTESIAN_POINT('',(6.28318530718,39.467971006359));
#3060 = CARTESIAN_POINT('',(6.08683576633,39.530641012166));
#3061 = CARTESIAN_POINT('',(5.890486225482,39.635778475603));
#3062 = CARTESIAN_POINT('',(5.69413668463,39.77969799392));
#3063 = CARTESIAN_POINT('',(5.497787143783,39.955236587075));
#3064 = CARTESIAN_POINT('',(5.301437602936,40.152159872176));
#3065 = CARTESIAN_POINT('',(5.105088062082,40.358417155034));
#3066 = CARTESIAN_POINT('',(4.908738521234,40.561726883675));
#3067 = CARTESIAN_POINT('',(4.417864669111,41.034844446084));
#3068 = CARTESIAN_POINT('',(4.123340357837,41.287073329735));
#3069 = CARTESIAN_POINT('',(3.828816046549,41.470134191506));
#3070 = CARTESIAN_POINT('',(3.534291735295,41.55237941572));
#3071 = CARTESIAN_POINT('',(3.239767423998,41.518340676121));
#3072 = CARTESIAN_POINT('',(2.945243112741,41.376842149613));
#3073 = CARTESIAN_POINT('',(2.650718801466,41.154833973509));
#3074 = CARTESIAN_POINT('',(2.061670178918,40.620437251245));
#3075 = CARTESIAN_POINT('',(1.767145867643,40.30804676855));
#3076 = CARTESIAN_POINT('',(1.472621556374,39.985800753988));
#3077 = CARTESIAN_POINT('',(1.178097245085,39.697302529181));
#3078 = CARTESIAN_POINT('',(0.883572933828,39.485023737652));
#3079 = CARTESIAN_POINT('',(0.589048622546,39.375513272746));
#3080 = CARTESIAN_POINT('',(0.294524311274,39.373965997648));
#3081 = CARTESIAN_POINT('',(1.10256631411E-14,39.467971006359));
#3082 = ( GEOMETRIC_REPRESENTATION_CONTEXT(2) 
PARAMETRIC_REPRESENTATION_CONTEXT() REPRESENTATION_CONTEXT('2D SPACE',''
  ) );
#3083 = ADVANCED_FACE('',(#3084),#804,.T.);
#3084 = FACE_BOUND('',#3085,.T.);
#3085 = EDGE_LOOP('',(#3086,#3109,#3110,#3111));
#3086 = ORIENTED_EDGE('',*,*,#3087,.T.);
#3087 = EDGE_CURVE('',#3088,#790,#3090,.T.);
#3088 = VERTEX_POINT('',#3089);
#3089 = CARTESIAN_POINT('',(15.114736709749,31.820508075689,4.5));
#3090 = SURFACE_CURVE('',#3091,(#3095,#3102),.PCURVE_S1.);
#3091 = LINE('',#3092,#3093);
#3092 = CARTESIAN_POINT('',(15.114736709749,31.820508075689,4.5));
#3093 = VECTOR('',#3094,1.);
#3094 = DIRECTION('',(-0.,0.,-1.));
#3095 = PCURVE('',#804,#3096);
#3096 = DEFINITIONAL_REPRESENTATION('',(#3097),#3101);
#3097 = LINE('',#3098,#3099);
#3098 = CARTESIAN_POINT('',(13.615366215361,-17.3699766872));
#3099 = VECTOR('',#3100,1.);
#3100 = DIRECTION('',(1.,0.));
#3101 = ( GEOMETRIC_REPRESENTATION_CONTEXT(2) 
PARAMETRIC_REPRESENTATION_CONTEXT() REPRESENTATION_CONTEXT('2D SPACE',''
  ) );
#3102 = PCURVE('',#830,#3103);
#3103 = DEFINITIONAL_REPRESENTATION('',(#3104),#3108);
#3104 = LINE('',#3105,#3106);
#3105 = CARTESIAN_POINT('',(0.,-0.));
#3106 = VECTOR('',#3107,1.);
#3107 = DIRECTION('',(1.,0.));
#3108 = ( GEOMETRIC_REPRESENTATION_CONTEXT(2) 
PARAMETRIC_REPRESENTATION_CONTEXT() REPRESENTATION_CONTEXT('2D SPACE',''
  ) );
#3109 = ORIENTED_EDGE('',*,*,#789,.T.);
#3110 = ORIENTED_EDGE('',*,*,#2823,.T.);
#3111 = ORIENTED_EDGE('',*,*,#3112,.T.);
#3112 = EDGE_CURVE('',#2824,#3088,#3113,.T.);
#3113 = SURFACE_CURVE('',#3114,(#3118,#3125),.PCURVE_S1.);
#3114 = LINE('',#3115,#3116);
#3115 = CARTESIAN_POINT('',(2.114736709749,54.337168574084,
    41.631848175295));
#3116 = VECTOR('',#3117,1.);
#3117 = DIRECTION('',(0.286788218176,-0.496731764892,-0.819152044289));
#3118 = PCURVE('',#804,#3119);
#3119 = DEFINITIONAL_REPRESENTATION('',(#3120),#3124);
#3120 = LINE('',#3121,#3122);
#3121 = CARTESIAN_POINT('',(-23.51648195993,8.630023312797));
#3122 = VECTOR('',#3123,1.);
#3123 = DIRECTION('',(0.819152044289,-0.573576436351));
#3124 = ( GEOMETRIC_REPRESENTATION_CONTEXT(2) 
PARAMETRIC_REPRESENTATION_CONTEXT() REPRESENTATION_CONTEXT('2D SPACE',''
  ) );
#3125 = PCURVE('',#2970,#3126);
#3126 = DEFINITIONAL_REPRESENTATION('',(#3127),#3131);
#3127 = LINE('',#3128,#3129);
#3128 = CARTESIAN_POINT('',(0.,0.));
#3129 = VECTOR('',#3130,1.);
#3130 = DIRECTION('',(1.,0.));
#3131 = ( GEOMETRIC_REPRESENTATION_CONTEXT(2) 
PARAMETRIC_REPRESENTATION_CONTEXT() REPRESENTATION_CONTEXT('2D SPACE',''
  ) );
#3132 = ADVANCED_FACE('',(#3133,#3232),#980,.F.);
#3133 = FACE_BOUND('',#3134,.F.);
#3134 = EDGE_LOOP('',(#3135,#3159,#3182,#3231));
#3135 = ORIENTED_EDGE('',*,*,#3136,.F.);
#3136 = EDGE_CURVE('',#3137,#3137,#3139,.T.);
#3137 = VERTEX_POINT('',#3138);
#3138 = CARTESIAN_POINT('',(7.731729058191,35.696592108075,
    14.566002835459));
#3139 = SURFACE_CURVE('',#3140,(#3145,#3152),.PCURVE_S1.);
#3140 = CIRCLE('',#3141,1.45);
#3141 = AXIS2_PLACEMENT_3D('',#3142,#3143,#3144);
#3142 = CARTESIAN_POINT('',(7.731729058191,36.608252440857,
    15.693555689047));
#3143 = DIRECTION('',(0.409576022144,-0.709406479916,0.573576436351));
#3144 = DIRECTION('',(0.,-0.628731263987,-0.777622657646));
#3145 = PCURVE('',#980,#3146);
#3146 = DEFINITIONAL_REPRESENTATION('',(#3147),#3151);
#3147 = LINE('',#3148,#3149);
#3148 = CARTESIAN_POINT('',(1.144391699631E-16,50.));
#3149 = VECTOR('',#3150,1.);
#3150 = DIRECTION('',(1.,0.));
#3151 = ( GEOMETRIC_REPRESENTATION_CONTEXT(2) 
PARAMETRIC_REPRESENTATION_CONTEXT() REPRESENTATION_CONTEXT('2D SPACE',''
  ) );
#3152 = PCURVE('',#2970,#3153);
#3153 = DEFINITIONAL_REPRESENTATION('',(#3154),#3158);
#3154 = CIRCLE('',#3155,1.45);
#3155 = AXIS2_PLACEMENT_2D('',#3156,#3157);
#3156 = CARTESIAN_POINT('',(31.664808343074,-4.));
#3157 = DIRECTION('',(0.9493019801,-0.314365631994));
#3158 = ( GEOMETRIC_REPRESENTATION_CONTEXT(2) 
PARAMETRIC_REPRESENTATION_CONTEXT() REPRESENTATION_CONTEXT('2D SPACE',''
  ) );
#3159 = ORIENTED_EDGE('',*,*,#3160,.F.);
#3160 = EDGE_CURVE('',#3161,#3137,#3163,.T.);
#3161 = VERTEX_POINT('',#3162);
#3162 = CARTESIAN_POINT('',(-2.66947489964,53.712005822925,0.));
#3163 = SEAM_CURVE('',#3164,(#3168,#3175),.PCURVE_S1.);
#3164 = LINE('',#3165,#3166);
#3165 = CARTESIAN_POINT('',(-12.74707204903,71.166916103887,
    -14.11281898209));
#3166 = VECTOR('',#3167,1.);
#3167 = DIRECTION('',(0.409576022144,-0.709406479916,0.573576436351));
#3168 = PCURVE('',#980,#3169);
#3169 = DEFINITIONAL_REPRESENTATION('',(#3170),#3174);
#3170 = LINE('',#3171,#3172);
#3171 = CARTESIAN_POINT('',(6.28318530718,-0.));
#3172 = VECTOR('',#3173,1.);
#3173 = DIRECTION('',(0.,1.));
#3174 = ( GEOMETRIC_REPRESENTATION_CONTEXT(2) 
PARAMETRIC_REPRESENTATION_CONTEXT() REPRESENTATION_CONTEXT('2D SPACE',''
  ) );
#3175 = PCURVE('',#980,#3176);
#3176 = DEFINITIONAL_REPRESENTATION('',(#3177),#3181);
#3177 = LINE('',#3178,#3179);
#3178 = CARTESIAN_POINT('',(0.,-0.));
#3179 = VECTOR('',#3180,1.);
#3180 = DIRECTION('',(0.,1.));
#3181 = ( GEOMETRIC_REPRESENTATION_CONTEXT(2) 
PARAMETRIC_REPRESENTATION_CONTEXT() REPRESENTATION_CONTEXT('2D SPACE',''
  ) );
#3182 = ORIENTED_EDGE('',*,*,#3183,.T.);
#3183 = EDGE_CURVE('',#3161,#3161,#3184,.T.);
#3184 = SURFACE_CURVE('',#3185,(#3190,#3224),.PCURVE_S1.);
#3185 = ELLIPSE('',#3186,2.527997853651,1.45);
#3186 = AXIS2_PLACEMENT_3D('',#3187,#3188,#3189);
#3187 = CARTESIAN_POINT('',(-3.474631079813,56.018237567795,0.));
#3188 = DIRECTION('',(0.,0.,1.));
#3189 = DIRECTION('',(0.5,-0.866025403784,0.));
#3190 = PCURVE('',#980,#3191);
#3191 = DEFINITIONAL_REPRESENTATION('',(#3192),#3223);
#3192 = B_SPLINE_CURVE_WITH_KNOTS('',8,(#3193,#3194,#3195,#3196,#3197,
    #3198,#3199,#3200,#3201,#3202,#3203,#3204,#3205,#3206,#3207,#3208,
    #3209,#3210,#3211,#3212,#3213,#3214,#3215,#3216,#3217,#3218,#3219,
    #3220,#3221,#3222),.UNSPECIFIED.,.F.,.F.,(9,7,7,7,9),(5.963396973931
    ,7.534193300726,8.712290545822,10.479436413466,12.246582281111),
  .UNSPECIFIED.);
#3193 = CARTESIAN_POINT('',(-8.881784197001E-16,24.60494903151));
#3194 = CARTESIAN_POINT('',(0.196349540849,24.732771197071));
#3195 = CARTESIAN_POINT('',(0.392699081692,24.773977467765));
#3196 = CARTESIAN_POINT('',(0.589048622555,24.721059049814));
#3197 = CARTESIAN_POINT('',(0.785398163393,24.573628705635));
#3198 = CARTESIAN_POINT('',(0.981747704224,24.339356022363));
#3199 = CARTESIAN_POINT('',(1.178097245093,24.033409414111));
#3200 = CARTESIAN_POINT('',(1.374446785946,23.676103071165));
#3201 = CARTESIAN_POINT('',(1.718058482432,23.000621436382));
#3202 = CARTESIAN_POINT('',(1.86532063807,22.69499504004));
#3203 = CARTESIAN_POINT('',(2.012582793703,22.382800499547));
#3204 = CARTESIAN_POINT('',(2.159844949343,22.074351447736));
#3205 = CARTESIAN_POINT('',(2.307107104982,21.780042498533));
#3206 = CARTESIAN_POINT('',(2.454369260616,21.509600757606));
#3207 = CARTESIAN_POINT('',(2.601631416254,21.271409257728));
#3208 = CARTESIAN_POINT('',(2.969786805347,20.773026623817));
#3209 = CARTESIAN_POINT('',(3.190680038809,20.561383440008));
#3210 = CARTESIAN_POINT('',(3.411573272181,20.459359922454));
#3211 = CARTESIAN_POINT('',(3.632466505773,20.480094301412));
#3212 = CARTESIAN_POINT('',(3.853359739111,20.624155145997));
#3213 = CARTESIAN_POINT('',(4.074252972636,20.878432330501));
#3214 = CARTESIAN_POINT('',(4.29514620608,21.219281775136));
#3215 = CARTESIAN_POINT('',(4.736932672991,22.014962680709));
#3216 = CARTESIAN_POINT('',(4.957825906441,22.469794582044));
#3217 = CARTESIAN_POINT('',(5.178719139939,22.952034266345));
#3218 = CARTESIAN_POINT('',(5.399612373313,23.426182966083));
#3219 = CARTESIAN_POINT('',(5.620505606818,23.855373613493));
#3220 = CARTESIAN_POINT('',(5.841398840261,24.207725643224));
#3221 = CARTESIAN_POINT('',(6.062292073724,24.461149095254));
#3222 = CARTESIAN_POINT('',(6.28318530718,24.60494903151));
#3223 = ( GEOMETRIC_REPRESENTATION_CONTEXT(2) 
PARAMETRIC_REPRESENTATION_CONTEXT() REPRESENTATION_CONTEXT('2D SPACE',''
  ) );
#3224 = PCURVE('',#1786,#3225);
#3225 = DEFINITIONAL_REPRESENTATION('',(#3226),#3230);
#3226 = ELLIPSE('',#3227,2.527997853651,1.45);
#3227 = AXIS2_PLACEMENT_2D('',#3228,#3229);
#3228 = CARTESIAN_POINT('',(-3.474631079813,56.018237567795));
#3229 = DIRECTION('',(0.5,-0.866025403784));
#3230 = ( GEOMETRIC_REPRESENTATION_CONTEXT(2) 
PARAMETRIC_REPRESENTATION_CONTEXT() REPRESENTATION_CONTEXT('2D SPACE',''
  ) );
#3231 = ORIENTED_EDGE('',*,*,#3160,.T.);
#3232 = FACE_BOUND('',#3233,.F.);
#3233 = EDGE_LOOP('',(#3234,#3235));
#3234 = ORIENTED_EDGE('',*,*,#965,.F.);
#3235 = ORIENTED_EDGE('',*,*,#2847,.F.);
#3236 = ADVANCED_FACE('',(#3237),#830,.T.);
#3237 = FACE_BOUND('',#3238,.T.);
#3238 = EDGE_LOOP('',(#3239,#3240,#3263,#3284));
#3239 = ORIENTED_EDGE('',*,*,#3087,.F.);
#3240 = ORIENTED_EDGE('',*,*,#3241,.T.);
#3241 = EDGE_CURVE('',#3088,#3242,#3244,.T.);
#3242 = VERTEX_POINT('',#3243);
#3243 = CARTESIAN_POINT('',(-35.11473670974,2.820508075689,4.5));
#3244 = SURFACE_CURVE('',#3245,(#3249,#3256),.PCURVE_S1.);
#3245 = LINE('',#3246,#3247);
#3246 = CARTESIAN_POINT('',(15.114736709749,31.820508075689,4.5));
#3247 = VECTOR('',#3248,1.);
#3248 = DIRECTION('',(-0.866025403784,-0.5,0.));
#3249 = PCURVE('',#830,#3250);
#3250 = DEFINITIONAL_REPRESENTATION('',(#3251),#3255);
#3251 = LINE('',#3252,#3253);
#3252 = CARTESIAN_POINT('',(0.,-0.));
#3253 = VECTOR('',#3254,1.);
#3254 = DIRECTION('',(0.,-1.));
#3255 = ( GEOMETRIC_REPRESENTATION_CONTEXT(2) 
PARAMETRIC_REPRESENTATION_CONTEXT() REPRESENTATION_CONTEXT('2D SPACE',''
  ) );
#3256 = PCURVE('',#2970,#3257);
#3257 = DEFINITIONAL_REPRESENTATION('',(#3258),#3262);
#3258 = LINE('',#3259,#3260);
#3259 = CARTESIAN_POINT('',(45.329616686149,0.));
#3260 = VECTOR('',#3261,1.);
#3261 = DIRECTION('',(0.,-1.));
#3262 = ( GEOMETRIC_REPRESENTATION_CONTEXT(2) 
PARAMETRIC_REPRESENTATION_CONTEXT() REPRESENTATION_CONTEXT('2D SPACE',''
  ) );
#3263 = ORIENTED_EDGE('',*,*,#3264,.T.);
#3264 = EDGE_CURVE('',#3242,#816,#3265,.T.);
#3265 = SURFACE_CURVE('',#3266,(#3270,#3277),.PCURVE_S1.);
#3266 = LINE('',#3267,#3268);
#3267 = CARTESIAN_POINT('',(-35.11473670974,2.820508075689,4.5));
#3268 = VECTOR('',#3269,1.);
#3269 = DIRECTION('',(-0.,0.,-1.));
#3270 = PCURVE('',#830,#3271);
#3271 = DEFINITIONAL_REPRESENTATION('',(#3272),#3276);
#3272 = LINE('',#3273,#3274);
#3273 = CARTESIAN_POINT('',(0.,-58.));
#3274 = VECTOR('',#3275,1.);
#3275 = DIRECTION('',(1.,0.));
#3276 = ( GEOMETRIC_REPRESENTATION_CONTEXT(2) 
PARAMETRIC_REPRESENTATION_CONTEXT() REPRESENTATION_CONTEXT('2D SPACE',''
  ) );
#3277 = PCURVE('',#856,#3278);
#3278 = DEFINITIONAL_REPRESENTATION('',(#3279),#3283);
#3279 = LINE('',#3280,#3281);
#3280 = CARTESIAN_POINT('',(13.615366215361,-17.3699766872));
#3281 = VECTOR('',#3282,1.);
#3282 = DIRECTION('',(1.,0.));
#3283 = ( GEOMETRIC_REPRESENTATION_CONTEXT(2) 
PARAMETRIC_REPRESENTATION_CONTEXT() REPRESENTATION_CONTEXT('2D SPACE',''
  ) );
#3284 = ORIENTED_EDGE('',*,*,#815,.T.);
#3285 = ADVANCED_FACE('',(#3286),#856,.F.);
#3286 = FACE_BOUND('',#3287,.F.);
#3287 = EDGE_LOOP('',(#3288,#3289,#3290,#3291));
#3288 = ORIENTED_EDGE('',*,*,#3264,.T.);
#3289 = ORIENTED_EDGE('',*,*,#841,.T.);
#3290 = ORIENTED_EDGE('',*,*,#2933,.T.);
#3291 = ORIENTED_EDGE('',*,*,#3292,.T.);
#3292 = EDGE_CURVE('',#2934,#3242,#3293,.T.);
#3293 = SURFACE_CURVE('',#3294,(#3298,#3305),.PCURVE_S1.);
#3294 = LINE('',#3295,#3296);
#3295 = CARTESIAN_POINT('',(-48.11473670974,25.337168574084,
    41.631848175295));
#3296 = VECTOR('',#3297,1.);
#3297 = DIRECTION('',(0.286788218176,-0.496731764892,-0.819152044289));
#3298 = PCURVE('',#856,#3299);
#3299 = DEFINITIONAL_REPRESENTATION('',(#3300),#3304);
#3300 = LINE('',#3301,#3302);
#3301 = CARTESIAN_POINT('',(-23.51648195993,8.630023312797));
#3302 = VECTOR('',#3303,1.);
#3303 = DIRECTION('',(0.819152044289,-0.573576436351));
#3304 = ( GEOMETRIC_REPRESENTATION_CONTEXT(2) 
PARAMETRIC_REPRESENTATION_CONTEXT() REPRESENTATION_CONTEXT('2D SPACE',''
  ) );
#3305 = PCURVE('',#2970,#3306);
#3306 = DEFINITIONAL_REPRESENTATION('',(#3307),#3311);
#3307 = LINE('',#3308,#3309);
#3308 = CARTESIAN_POINT('',(0.,-58.));
#3309 = VECTOR('',#3310,1.);
#3310 = DIRECTION('',(1.,0.));
#3311 = ( GEOMETRIC_REPRESENTATION_CONTEXT(2) 
PARAMETRIC_REPRESENTATION_CONTEXT() REPRESENTATION_CONTEXT('2D SPACE',''
  ) );
#3312 = ADVANCED_FACE('',(#3313,#3412),#905,.F.);
#3313 = FACE_BOUND('',#3314,.F.);
#3314 = EDGE_LOOP('',(#3315,#3339,#3362,#3411));
#3315 = ORIENTED_EDGE('',*,*,#3316,.F.);
#3316 = EDGE_CURVE('',#3317,#3317,#3319,.T.);
#3317 = VERTEX_POINT('',#3318);
#3318 = CARTESIAN_POINT('',(-35.56954113103,10.696592108075,
    14.566002835459));
#3319 = SURFACE_CURVE('',#3320,(#3325,#3332),.PCURVE_S1.);
#3320 = CIRCLE('',#3321,1.45);
#3321 = AXIS2_PLACEMENT_3D('',#3322,#3323,#3324);
#3322 = CARTESIAN_POINT('',(-35.56954113103,11.608252440857,
    15.693555689047));
#3323 = DIRECTION('',(0.409576022144,-0.709406479916,0.573576436351));
#3324 = DIRECTION('',(0.,-0.628731263987,-0.777622657646));
#3325 = PCURVE('',#905,#3326);
#3326 = DEFINITIONAL_REPRESENTATION('',(#3327),#3331);
#3327 = LINE('',#3328,#3329);
#3328 = CARTESIAN_POINT('',(1.144391699631E-16,50.));
#3329 = VECTOR('',#3330,1.);
#3330 = DIRECTION('',(1.,0.));
#3331 = ( GEOMETRIC_REPRESENTATION_CONTEXT(2) 
PARAMETRIC_REPRESENTATION_CONTEXT() REPRESENTATION_CONTEXT('2D SPACE',''
  ) );
#3332 = PCURVE('',#2970,#3333);
#3333 = DEFINITIONAL_REPRESENTATION('',(#3334),#3338);
#3334 = CIRCLE('',#3335,1.45);
#3335 = AXIS2_PLACEMENT_2D('',#3336,#3337);
#3336 = CARTESIAN_POINT('',(31.664808343074,-54.));
#3337 = DIRECTION('',(0.9493019801,-0.314365631994));
#3338 = ( GEOMETRIC_REPRESENTATION_CONTEXT(2) 
PARAMETRIC_REPRESENTATION_CONTEXT() REPRESENTATION_CONTEXT('2D SPACE',''
  ) );
#3339 = ORIENTED_EDGE('',*,*,#3340,.F.);
#3340 = EDGE_CURVE('',#3341,#3317,#3343,.T.);
#3341 = VERTEX_POINT('',#3342);
#3342 = CARTESIAN_POINT('',(-45.97074508886,28.712005822925,
    -1.7763568394E-15));
#3343 = SEAM_CURVE('',#3344,(#3348,#3355),.PCURVE_S1.);
#3344 = LINE('',#3345,#3346);
#3345 = CARTESIAN_POINT('',(-56.04834223825,46.166916103887,
    -14.11281898209));
#3346 = VECTOR('',#3347,1.);
#3347 = DIRECTION('',(0.409576022144,-0.709406479916,0.573576436351));
#3348 = PCURVE('',#905,#3349);
#3349 = DEFINITIONAL_REPRESENTATION('',(#3350),#3354);
#3350 = LINE('',#3351,#3352);
#3351 = CARTESIAN_POINT('',(6.28318530718,-0.));
#3352 = VECTOR('',#3353,1.);
#3353 = DIRECTION('',(0.,1.));
#3354 = ( GEOMETRIC_REPRESENTATION_CONTEXT(2) 
PARAMETRIC_REPRESENTATION_CONTEXT() REPRESENTATION_CONTEXT('2D SPACE',''
  ) );
#3355 = PCURVE('',#905,#3356);
#3356 = DEFINITIONAL_REPRESENTATION('',(#3357),#3361);
#3357 = LINE('',#3358,#3359);
#3358 = CARTESIAN_POINT('',(0.,-0.));
#3359 = VECTOR('',#3360,1.);
#3360 = DIRECTION('',(0.,1.));
#3361 = ( GEOMETRIC_REPRESENTATION_CONTEXT(2) 
PARAMETRIC_REPRESENTATION_CONTEXT() REPRESENTATION_CONTEXT('2D SPACE',''
  ) );
#3362 = ORIENTED_EDGE('',*,*,#3363,.T.);
#3363 = EDGE_CURVE('',#3341,#3341,#3364,.T.);
#3364 = SURFACE_CURVE('',#3365,(#3370,#3404),.PCURVE_S1.);
#3365 = ELLIPSE('',#3366,2.527997853651,1.45);
#3366 = AXIS2_PLACEMENT_3D('',#3367,#3368,#3369);
#3367 = CARTESIAN_POINT('',(-46.77590126903,31.018237567795,0.));
#3368 = DIRECTION('',(0.,0.,1.));
#3369 = DIRECTION('',(0.5,-0.866025403784,0.));
#3370 = PCURVE('',#905,#3371);
#3371 = DEFINITIONAL_REPRESENTATION('',(#3372),#3403);
#3372 = B_SPLINE_CURVE_WITH_KNOTS('',8,(#3373,#3374,#3375,#3376,#3377,
    #3378,#3379,#3380,#3381,#3382,#3383,#3384,#3385,#3386,#3387,#3388,
    #3389,#3390,#3391,#3392,#3393,#3394,#3395,#3396,#3397,#3398,#3399,
    #3400,#3401,#3402),.UNSPECIFIED.,.F.,.F.,(9,7,7,7,9),(5.963396973931
    ,7.534193300726,8.712290545822,10.479436413466,12.246582281111),
  .UNSPECIFIED.);
#3373 = CARTESIAN_POINT('',(-5.329070518201E-15,24.60494903151));
#3374 = CARTESIAN_POINT('',(0.196349540849,24.732771197071));
#3375 = CARTESIAN_POINT('',(0.392699081695,24.773977467765));
#3376 = CARTESIAN_POINT('',(0.589048622555,24.721059049698));
#3377 = CARTESIAN_POINT('',(0.78539816335,24.573628705752));
#3378 = CARTESIAN_POINT('',(0.981747704246,24.339356022276));
#3379 = CARTESIAN_POINT('',(1.178097245095,24.033409414125));
#3380 = CARTESIAN_POINT('',(1.374446785946,23.676103071165));
#3381 = CARTESIAN_POINT('',(1.718058482432,23.000621436382));
#3382 = CARTESIAN_POINT('',(1.865320638069,22.694995040045));
#3383 = CARTESIAN_POINT('',(2.012582793706,22.382800499538));
#3384 = CARTESIAN_POINT('',(2.159844949344,22.074351447734));
#3385 = CARTESIAN_POINT('',(2.307107104982,21.780042498541));
#3386 = CARTESIAN_POINT('',(2.454369260616,21.509600757602));
#3387 = CARTESIAN_POINT('',(2.601631416254,21.271409257728));
#3388 = CARTESIAN_POINT('',(2.969786805347,20.773026623817));
#3389 = CARTESIAN_POINT('',(3.190680038803,20.561383439996));
#3390 = CARTESIAN_POINT('',(3.411573272265,20.459359922505));
#3391 = CARTESIAN_POINT('',(3.632466505686,20.480094301311));
#3392 = CARTESIAN_POINT('',(3.853359739162,20.624155146055));
#3393 = CARTESIAN_POINT('',(4.07425297262,20.878432330486));
#3394 = CARTESIAN_POINT('',(4.29514620608,21.219281775136));
#3395 = CARTESIAN_POINT('',(4.736932672991,22.014962680709));
#3396 = CARTESIAN_POINT('',(4.957825906434,22.46979458203));
#3397 = CARTESIAN_POINT('',(5.178719139939,22.952034266404));
#3398 = CARTESIAN_POINT('',(5.399612373255,23.426182965966));
#3399 = CARTESIAN_POINT('',(5.620505606862,23.855373613551));
#3400 = CARTESIAN_POINT('',(5.841398840254,24.207725643209));
#3401 = CARTESIAN_POINT('',(6.062292073724,24.461149095254));
#3402 = CARTESIAN_POINT('',(6.28318530718,24.60494903151));
#3403 = ( GEOMETRIC_REPRESENTATION_CONTEXT(2) 
PARAMETRIC_REPRESENTATION_CONTEXT() REPRESENTATION_CONTEXT('2D SPACE',''
  ) );
#3404 = PCURVE('',#1786,#3405);
#3405 = DEFINITIONAL_REPRESENTATION('',(#3406),#3410);
#3406 = ELLIPSE('',#3407,2.527997853651,1.45);
#3407 = AXIS2_PLACEMENT_2D('',#3408,#3409);
#3408 = CARTESIAN_POINT('',(-46.77590126903,31.018237567795));
#3409 = DIRECTION('',(0.5,-0.866025403784));
#3410 = ( GEOMETRIC_REPRESENTATION_CONTEXT(2) 
PARAMETRIC_REPRESENTATION_CONTEXT() REPRESENTATION_CONTEXT('2D SPACE',''
  ) );
#3411 = ORIENTED_EDGE('',*,*,#3340,.T.);
#3412 = FACE_BOUND('',#3413,.F.);
#3413 = EDGE_LOOP('',(#3414,#3415));
#3414 = ORIENTED_EDGE('',*,*,#888,.F.);
#3415 = ORIENTED_EDGE('',*,*,#2890,.F.);
#3416 = ADVANCED_FACE('',(#3417),#1038,.F.);
#3417 = FACE_BOUND('',#3418,.F.);
#3418 = EDGE_LOOP('',(#3419,#3420,#3443,#3465));
#3419 = ORIENTED_EDGE('',*,*,#1021,.F.);
#3420 = ORIENTED_EDGE('',*,*,#3421,.F.);
#3421 = EDGE_CURVE('',#3422,#1022,#3424,.T.);
#3422 = VERTEX_POINT('',#3423);
#3423 = CARTESIAN_POINT('',(-22.,46.76537180436,0.));
#3424 = SEAM_CURVE('',#3425,(#3429,#3436),.PCURVE_S1.);
#3425 = LINE('',#3426,#3427);
#3426 = CARTESIAN_POINT('',(-22.,46.76537180436,-1.));
#3427 = VECTOR('',#3428,1.);
#3428 = DIRECTION('',(0.,0.,1.));
#3429 = PCURVE('',#1038,#3430);
#3430 = DEFINITIONAL_REPRESENTATION('',(#3431),#3435);
#3431 = LINE('',#3432,#3433);
#3432 = CARTESIAN_POINT('',(6.28318530718,-0.));
#3433 = VECTOR('',#3434,1.);
#3434 = DIRECTION('',(0.,1.));
#3435 = ( GEOMETRIC_REPRESENTATION_CONTEXT(2) 
PARAMETRIC_REPRESENTATION_CONTEXT() REPRESENTATION_CONTEXT('2D SPACE',''
  ) );
#3436 = PCURVE('',#1038,#3437);
#3437 = DEFINITIONAL_REPRESENTATION('',(#3438),#3442);
#3438 = LINE('',#3439,#3440);
#3439 = CARTESIAN_POINT('',(0.,-0.));
#3440 = VECTOR('',#3441,1.);
#3441 = DIRECTION('',(0.,1.));
#3442 = ( GEOMETRIC_REPRESENTATION_CONTEXT(2) 
PARAMETRIC_REPRESENTATION_CONTEXT() REPRESENTATION_CONTEXT('2D SPACE',''
  ) );
#3443 = ORIENTED_EDGE('',*,*,#3444,.T.);
#3444 = EDGE_CURVE('',#3422,#3422,#3445,.T.);
#3445 = SURFACE_CURVE('',#3446,(#3451,#3458),.PCURVE_S1.);
#3446 = CIRCLE('',#3447,5.);
#3447 = AXIS2_PLACEMENT_3D('',#3448,#3449,#3450);
#3448 = CARTESIAN_POINT('',(-27.,46.76537180436,0.));
#3449 = DIRECTION('',(0.,0.,1.));
#3450 = DIRECTION('',(1.,0.,-0.));
#3451 = PCURVE('',#1038,#3452);
#3452 = DEFINITIONAL_REPRESENTATION('',(#3453),#3457);
#3453 = LINE('',#3454,#3455);
#3454 = CARTESIAN_POINT('',(0.,1.));
#3455 = VECTOR('',#3456,1.);
#3456 = DIRECTION('',(1.,0.));
#3457 = ( GEOMETRIC_REPRESENTATION_CONTEXT(2) 
PARAMETRIC_REPRESENTATION_CONTEXT() REPRESENTATION_CONTEXT('2D SPACE',''
  ) );
#3458 = PCURVE('',#1786,#3459);
#3459 = DEFINITIONAL_REPRESENTATION('',(#3460),#3464);
#3460 = CIRCLE('',#3461,5.);
#3461 = AXIS2_PLACEMENT_2D('',#3462,#3463);
#3462 = CARTESIAN_POINT('',(-27.,46.76537180436));
#3463 = DIRECTION('',(1.,0.));
#3464 = ( GEOMETRIC_REPRESENTATION_CONTEXT(2) 
PARAMETRIC_REPRESENTATION_CONTEXT() REPRESENTATION_CONTEXT('2D SPACE',''
  ) );
#3465 = ORIENTED_EDGE('',*,*,#3421,.T.);
#3466 = ADVANCED_FACE('',(#3467),#1069,.F.);
#3467 = FACE_BOUND('',#3468,.F.);
#3468 = EDGE_LOOP('',(#3469,#3470,#3493,#3515));
#3469 = ORIENTED_EDGE('',*,*,#1052,.F.);
#3470 = ORIENTED_EDGE('',*,*,#3471,.F.);
#3471 = EDGE_CURVE('',#3472,#1053,#3474,.T.);
#3472 = VERTEX_POINT('',#3473);
#3473 = CARTESIAN_POINT('',(2.25,62.,0.));
#3474 = SEAM_CURVE('',#3475,(#3479,#3486),.PCURVE_S1.);
#3475 = LINE('',#3476,#3477);
#3476 = CARTESIAN_POINT('',(2.25,62.,-1.));
#3477 = VECTOR('',#3478,1.);
#3478 = DIRECTION('',(0.,0.,1.));
#3479 = PCURVE('',#1069,#3480);
#3480 = DEFINITIONAL_REPRESENTATION('',(#3481),#3485);
#3481 = LINE('',#3482,#3483);
#3482 = CARTESIAN_POINT('',(6.28318530718,-0.));
#3483 = VECTOR('',#3484,1.);
#3484 = DIRECTION('',(0.,1.));
#3485 = ( GEOMETRIC_REPRESENTATION_CONTEXT(2) 
PARAMETRIC_REPRESENTATION_CONTEXT() REPRESENTATION_CONTEXT('2D SPACE',''
  ) );
#3486 = PCURVE('',#1069,#3487);
#3487 = DEFINITIONAL_REPRESENTATION('',(#3488),#3492);
#3488 = LINE('',#3489,#3490);
#3489 = CARTESIAN_POINT('',(0.,-0.));
#3490 = VECTOR('',#3491,1.);
#3491 = DIRECTION('',(0.,1.));
#3492 = ( GEOMETRIC_REPRESENTATION_CONTEXT(2) 
PARAMETRIC_REPRESENTATION_CONTEXT() REPRESENTATION_CONTEXT('2D SPACE',''
  ) );
#3493 = ORIENTED_EDGE('',*,*,#3494,.T.);
#3494 = EDGE_CURVE('',#3472,#3472,#3495,.T.);
#3495 = SURFACE_CURVE('',#3496,(#3501,#3508),.PCURVE_S1.);
#3496 = CIRCLE('',#3497,2.25);
#3497 = AXIS2_PLACEMENT_3D('',#3498,#3499,#3500);
#3498 = CARTESIAN_POINT('',(3.796405077357E-15,62.,0.));
#3499 = DIRECTION('',(0.,0.,1.));
#3500 = DIRECTION('',(1.,0.,-0.));
#3501 = PCURVE('',#1069,#3502);
#3502 = DEFINITIONAL_REPRESENTATION('',(#3503),#3507);
#3503 = LINE('',#3504,#3505);
#3504 = CARTESIAN_POINT('',(0.,1.));
#3505 = VECTOR('',#3506,1.);
#3506 = DIRECTION('',(1.,0.));
#3507 = ( GEOMETRIC_REPRESENTATION_CONTEXT(2) 
PARAMETRIC_REPRESENTATION_CONTEXT() REPRESENTATION_CONTEXT('2D SPACE',''
  ) );
#3508 = PCURVE('',#1786,#3509);
#3509 = DEFINITIONAL_REPRESENTATION('',(#3510),#3514);
#3510 = CIRCLE('',#3511,2.25);
#3511 = AXIS2_PLACEMENT_2D('',#3512,#3513);
#3512 = CARTESIAN_POINT('',(3.796405077357E-15,62.));
#3513 = DIRECTION('',(1.,0.));
#3514 = ( GEOMETRIC_REPRESENTATION_CONTEXT(2) 
PARAMETRIC_REPRESENTATION_CONTEXT() REPRESENTATION_CONTEXT('2D SPACE',''
  ) );
#3515 = ORIENTED_EDGE('',*,*,#3471,.T.);
#3516 = ADVANCED_FACE('',(#3517,#3593),#1240,.F.);
#3517 = FACE_BOUND('',#3518,.F.);
#3518 = EDGE_LOOP('',(#3519,#3520,#3543,#3592));
#3519 = ORIENTED_EDGE('',*,*,#1507,.F.);
#3520 = ORIENTED_EDGE('',*,*,#3521,.F.);
#3521 = EDGE_CURVE('',#3522,#1508,#3524,.T.);
#3522 = VERTEX_POINT('',#3523);
#3523 = CARTESIAN_POINT('',(47.722534495198,-25.,0.));
#3524 = SEAM_CURVE('',#3525,(#3529,#3536),.PCURVE_S1.);
#3525 = LINE('',#3526,#3527);
#3526 = CARTESIAN_POINT('',(67.963728454581,-25.,-14.17303659272));
#3527 = VECTOR('',#3528,1.);
#3528 = DIRECTION('',(-0.819152044289,0.,0.573576436351));
#3529 = PCURVE('',#1240,#3530);
#3530 = DEFINITIONAL_REPRESENTATION('',(#3531),#3535);
#3531 = LINE('',#3532,#3533);
#3532 = CARTESIAN_POINT('',(6.28318530718,-0.));
#3533 = VECTOR('',#3534,1.);
#3534 = DIRECTION('',(0.,1.));
#3535 = ( GEOMETRIC_REPRESENTATION_CONTEXT(2) 
PARAMETRIC_REPRESENTATION_CONTEXT() REPRESENTATION_CONTEXT('2D SPACE',''
  ) );
#3536 = PCURVE('',#1240,#3537);
#3537 = DEFINITIONAL_REPRESENTATION('',(#3538),#3542);
#3538 = LINE('',#3539,#3540);
#3539 = CARTESIAN_POINT('',(0.,-0.));
#3540 = VECTOR('',#3541,1.);
#3541 = DIRECTION('',(0.,1.));
#3542 = ( GEOMETRIC_REPRESENTATION_CONTEXT(2) 
PARAMETRIC_REPRESENTATION_CONTEXT() REPRESENTATION_CONTEXT('2D SPACE',''
  ) );
#3543 = ORIENTED_EDGE('',*,*,#3544,.T.);
#3544 = EDGE_CURVE('',#3522,#3522,#3545,.T.);
#3545 = SURFACE_CURVE('',#3546,(#3551,#3585),.PCURVE_S1.);
#3546 = ELLIPSE('',#3547,2.527997853651,1.45);
#3547 = AXIS2_PLACEMENT_3D('',#3548,#3549,#3550);
#3548 = CARTESIAN_POINT('',(50.250532348849,-25.,0.));
#3549 = DIRECTION('',(0.,0.,1.));
#3550 = DIRECTION('',(-1.,0.,0.));
#3551 = PCURVE('',#1240,#3552);
#3552 = DEFINITIONAL_REPRESENTATION('',(#3553),#3584);
#3553 = B_SPLINE_CURVE_WITH_KNOTS('',8,(#3554,#3555,#3556,#3557,#3558,
    #3559,#3560,#3561,#3562,#3563,#3564,#3565,#3566,#3567,#3568,#3569,
    #3570,#3571,#3572,#3573,#3574,#3575,#3576,#3577,#3578,#3579,#3580,
    #3581,#3582,#3583),.UNSPECIFIED.,.F.,.F.,(9,7,7,7,9),(0.,
    1.570796326795,3.926990816987,5.105088062083,6.28318530718),
  .UNSPECIFIED.);
#3554 = CARTESIAN_POINT('',(0.,24.709935231807));
#3555 = CARTESIAN_POINT('',(0.196349540849,24.709935231807));
#3556 = CARTESIAN_POINT('',(0.392699081699,24.618693533175));
#3557 = CARTESIAN_POINT('',(0.589048622547,24.436210910979));
#3558 = CARTESIAN_POINT('',(0.785398163396,24.169988443042));
#3559 = CARTESIAN_POINT('',(0.981747704246,23.835043520667));
#3560 = CARTESIAN_POINT('',(1.178097245096,23.452327714178));
#3561 = CARTESIAN_POINT('',(1.374446785946,23.045724119844));
#3562 = CARTESIAN_POINT('',(1.865320638069,22.02921537531));
#3563 = CARTESIAN_POINT('',(2.159844949339,21.419307918484));
#3564 = CARTESIAN_POINT('',(2.454369260613,20.890037776837));
#3565 = CARTESIAN_POINT('',(2.748893571874,20.521927385533));
#3566 = CARTESIAN_POINT('',(3.043417883164,20.373520496272));
#3567 = CARTESIAN_POINT('',(3.337942194438,20.457463325904));
#3568 = CARTESIAN_POINT('',(3.632466505713,20.74356543304));
#3569 = CARTESIAN_POINT('',(4.074252972624,21.390467636796));
#3570 = CARTESIAN_POINT('',(4.221515128261,21.64239288497));
#3571 = CARTESIAN_POINT('',(4.368777283899,21.92348319525));
#3572 = CARTESIAN_POINT('',(4.516039439537,22.224935067628));
#3573 = CARTESIAN_POINT('',(4.663301595173,22.536756886713));
#3574 = CARTESIAN_POINT('',(4.81056375081,22.848467505651));
#3575 = CARTESIAN_POINT('',(4.957825906446,23.149847577583));
#3576 = CARTESIAN_POINT('',(5.25235021772,23.7133265518));
#3577 = CARTESIAN_POINT('',(5.399612373357,23.975425247866));
#3578 = CARTESIAN_POINT('',(5.546874528996,24.208574082728));
#3579 = CARTESIAN_POINT('',(5.694136684633,24.404368117555));
#3580 = CARTESIAN_POINT('',(5.841398840269,24.555965723371));
#3581 = CARTESIAN_POINT('',(5.988660995906,24.658611640885));
#3582 = CARTESIAN_POINT('',(6.135923151543,24.709935231807));
#3583 = CARTESIAN_POINT('',(6.28318530718,24.709935231807));
#3584 = ( GEOMETRIC_REPRESENTATION_CONTEXT(2) 
PARAMETRIC_REPRESENTATION_CONTEXT() REPRESENTATION_CONTEXT('2D SPACE',''
  ) );
#3585 = PCURVE('',#1786,#3586);
#3586 = DEFINITIONAL_REPRESENTATION('',(#3587),#3591);
#3587 = ELLIPSE('',#3588,2.527997853651,1.45);
#3588 = AXIS2_PLACEMENT_2D('',#3589,#3590);
#3589 = CARTESIAN_POINT('',(50.250532348849,-25.));
#3590 = DIRECTION('',(-1.,0.));
#3591 = ( GEOMETRIC_REPRESENTATION_CONTEXT(2) 
PARAMETRIC_REPRESENTATION_CONTEXT() REPRESENTATION_CONTEXT('2D SPACE',''
  ) );
#3592 = ORIENTED_EDGE('',*,*,#3521,.T.);
#3593 = FACE_BOUND('',#3594,.F.);
#3594 = EDGE_LOOP('',(#3595,#3596));
#3595 = ORIENTED_EDGE('',*,*,#1225,.F.);
#3596 = ORIENTED_EDGE('',*,*,#1536,.F.);
#3597 = ADVANCED_FACE('',(#3598,#3674),#1165,.F.);
#3598 = FACE_BOUND('',#3599,.F.);
#3599 = EDGE_LOOP('',(#3600,#3601,#3624,#3673));
#3600 = ORIENTED_EDGE('',*,*,#1450,.F.);
#3601 = ORIENTED_EDGE('',*,*,#3602,.F.);
#3602 = EDGE_CURVE('',#3603,#1451,#3605,.T.);
#3603 = VERTEX_POINT('',#3604);
#3604 = CARTESIAN_POINT('',(47.722534495198,25.,0.));
#3605 = SEAM_CURVE('',#3606,(#3610,#3617),.PCURVE_S1.);
#3606 = LINE('',#3607,#3608);
#3607 = CARTESIAN_POINT('',(67.963728454581,25.,-14.17303659272));
#3608 = VECTOR('',#3609,1.);
#3609 = DIRECTION('',(-0.819152044289,0.,0.573576436351));
#3610 = PCURVE('',#1165,#3611);
#3611 = DEFINITIONAL_REPRESENTATION('',(#3612),#3616);
#3612 = LINE('',#3613,#3614);
#3613 = CARTESIAN_POINT('',(6.28318530718,-0.));
#3614 = VECTOR('',#3615,1.);
#3615 = DIRECTION('',(0.,1.));
#3616 = ( GEOMETRIC_REPRESENTATION_CONTEXT(2) 
PARAMETRIC_REPRESENTATION_CONTEXT() REPRESENTATION_CONTEXT('2D SPACE',''
  ) );
#3617 = PCURVE('',#1165,#3618);
#3618 = DEFINITIONAL_REPRESENTATION('',(#3619),#3623);
#3619 = LINE('',#3620,#3621);
#3620 = CARTESIAN_POINT('',(0.,-0.));
#3621 = VECTOR('',#3622,1.);
#3622 = DIRECTION('',(0.,1.));
#3623 = ( GEOMETRIC_REPRESENTATION_CONTEXT(2) 
PARAMETRIC_REPRESENTATION_CONTEXT() REPRESENTATION_CONTEXT('2D SPACE',''
  ) );
#3624 = ORIENTED_EDGE('',*,*,#3625,.T.);
#3625 = EDGE_CURVE('',#3603,#3603,#3626,.T.);
#3626 = SURFACE_CURVE('',#3627,(#3632,#3666),.PCURVE_S1.);
#3627 = ELLIPSE('',#3628,2.527997853651,1.45);
#3628 = AXIS2_PLACEMENT_3D('',#3629,#3630,#3631);
#3629 = CARTESIAN_POINT('',(50.250532348849,25.,0.));
#3630 = DIRECTION('',(0.,0.,1.));
#3631 = DIRECTION('',(-1.,0.,0.));
#3632 = PCURVE('',#1165,#3633);
#3633 = DEFINITIONAL_REPRESENTATION('',(#3634),#3665);
#3634 = B_SPLINE_CURVE_WITH_KNOTS('',8,(#3635,#3636,#3637,#3638,#3639,
    #3640,#3641,#3642,#3643,#3644,#3645,#3646,#3647,#3648,#3649,#3650,
    #3651,#3652,#3653,#3654,#3655,#3656,#3657,#3658,#3659,#3660,#3661,
    #3662,#3663,#3664),.UNSPECIFIED.,.F.,.F.,(9,7,7,7,9),(0.,
    1.570796326795,3.926990816987,5.105088062083,6.28318530718),
  .UNSPECIFIED.);
#3635 = CARTESIAN_POINT('',(0.,24.709935231807));
#3636 = CARTESIAN_POINT('',(0.196349540849,24.709935231807));
#3637 = CARTESIAN_POINT('',(0.392699081699,24.618693533175));
#3638 = CARTESIAN_POINT('',(0.589048622547,24.436210910979));
#3639 = CARTESIAN_POINT('',(0.785398163396,24.169988443042));
#3640 = CARTESIAN_POINT('',(0.981747704246,23.835043520667));
#3641 = CARTESIAN_POINT('',(1.178097245096,23.452327714178));
#3642 = CARTESIAN_POINT('',(1.374446785946,23.045724119844));
#3643 = CARTESIAN_POINT('',(1.865320638069,22.02921537531));
#3644 = CARTESIAN_POINT('',(2.159844949339,21.419307918484));
#3645 = CARTESIAN_POINT('',(2.454369260613,20.890037776837));
#3646 = CARTESIAN_POINT('',(2.748893571874,20.521927385533));
#3647 = CARTESIAN_POINT('',(3.043417883164,20.373520496272));
#3648 = CARTESIAN_POINT('',(3.337942194438,20.457463325904));
#3649 = CARTESIAN_POINT('',(3.632466505713,20.74356543304));
#3650 = CARTESIAN_POINT('',(4.074252972624,21.390467636796));
#3651 = CARTESIAN_POINT('',(4.221515128261,21.64239288497));
#3652 = CARTESIAN_POINT('',(4.368777283899,21.92348319525));
#3653 = CARTESIAN_POINT('',(4.516039439537,22.224935067628));
#3654 = CARTESIAN_POINT('',(4.663301595173,22.536756886713));
#3655 = CARTESIAN_POINT('',(4.81056375081,22.848467505651));
#3656 = CARTESIAN_POINT('',(4.957825906446,23.149847577583));
#3657 = CARTESIAN_POINT('',(5.25235021772,23.7133265518));
#3658 = CARTESIAN_POINT('',(5.399612373357,23.975425247866));
#3659 = CARTESIAN_POINT('',(5.546874528996,24.208574082728));
#3660 = CARTESIAN_POINT('',(5.694136684633,24.404368117555));
#3661 = CARTESIAN_POINT('',(5.841398840269,24.555965723371));
#3662 = CARTESIAN_POINT('',(5.988660995906,24.658611640885));
#3663 = CARTESIAN_POINT('',(6.135923151543,24.709935231807));
#3664 = CARTESIAN_POINT('',(6.28318530718,24.709935231807));
#3665 = ( GEOMETRIC_REPRESENTATION_CONTEXT(2) 
PARAMETRIC_REPRESENTATION_CONTEXT() REPRESENTATION_CONTEXT('2D SPACE',''
  ) );
#3666 = PCURVE('',#1786,#3667);
#3667 = DEFINITIONAL_REPRESENTATION('',(#3668),#3672);
#3668 = ELLIPSE('',#3669,2.527997853651,1.45);
#3669 = AXIS2_PLACEMENT_2D('',#3670,#3671);
#3670 = CARTESIAN_POINT('',(50.250532348849,25.));
#3671 = DIRECTION('',(-1.,0.));
#3672 = ( GEOMETRIC_REPRESENTATION_CONTEXT(2) 
PARAMETRIC_REPRESENTATION_CONTEXT() REPRESENTATION_CONTEXT('2D SPACE',''
  ) );
#3673 = ORIENTED_EDGE('',*,*,#3602,.T.);
#3674 = FACE_BOUND('',#3675,.F.);
#3675 = EDGE_LOOP('',(#3676,#3677));
#3676 = ORIENTED_EDGE('',*,*,#1148,.F.);
#3677 = ORIENTED_EDGE('',*,*,#1586,.F.);
#3678 = ADVANCED_FACE('',(#3679),#1298,.F.);
#3679 = FACE_BOUND('',#3680,.F.);
#3680 = EDGE_LOOP('',(#3681,#3682,#3705,#3727));
#3681 = ORIENTED_EDGE('',*,*,#1281,.F.);
#3682 = ORIENTED_EDGE('',*,*,#3683,.F.);
#3683 = EDGE_CURVE('',#3684,#1282,#3686,.T.);
#3684 = VERTEX_POINT('',#3685);
#3685 = CARTESIAN_POINT('',(59.,-1.224646799147E-15,0.));
#3686 = SEAM_CURVE('',#3687,(#3691,#3698),.PCURVE_S1.);
#3687 = LINE('',#3688,#3689);
#3688 = CARTESIAN_POINT('',(59.,-1.224646799147E-15,-1.));
#3689 = VECTOR('',#3690,1.);
#3690 = DIRECTION('',(0.,0.,1.));
#3691 = PCURVE('',#1298,#3692);
#3692 = DEFINITIONAL_REPRESENTATION('',(#3693),#3697);
#3693 = LINE('',#3694,#3695);
#3694 = CARTESIAN_POINT('',(6.28318530718,-0.));
#3695 = VECTOR('',#3696,1.);
#3696 = DIRECTION('',(0.,1.));
#3697 = ( GEOMETRIC_REPRESENTATION_CONTEXT(2) 
PARAMETRIC_REPRESENTATION_CONTEXT() REPRESENTATION_CONTEXT('2D SPACE',''
  ) );
#3698 = PCURVE('',#1298,#3699);
#3699 = DEFINITIONAL_REPRESENTATION('',(#3700),#3704);
#3700 = LINE('',#3701,#3702);
#3701 = CARTESIAN_POINT('',(0.,-0.));
#3702 = VECTOR('',#3703,1.);
#3703 = DIRECTION('',(0.,1.));
#3704 = ( GEOMETRIC_REPRESENTATION_CONTEXT(2) 
PARAMETRIC_REPRESENTATION_CONTEXT() REPRESENTATION_CONTEXT('2D SPACE',''
  ) );
#3705 = ORIENTED_EDGE('',*,*,#3706,.T.);
#3706 = EDGE_CURVE('',#3684,#3684,#3707,.T.);
#3707 = SURFACE_CURVE('',#3708,(#3713,#3720),.PCURVE_S1.);
#3708 = CIRCLE('',#3709,5.);
#3709 = AXIS2_PLACEMENT_3D('',#3710,#3711,#3712);
#3710 = CARTESIAN_POINT('',(54.,0.,0.));
#3711 = DIRECTION('',(0.,0.,1.));
#3712 = DIRECTION('',(1.,0.,-0.));
#3713 = PCURVE('',#1298,#3714);
#3714 = DEFINITIONAL_REPRESENTATION('',(#3715),#3719);
#3715 = LINE('',#3716,#3717);
#3716 = CARTESIAN_POINT('',(0.,1.));
#3717 = VECTOR('',#3718,1.);
#3718 = DIRECTION('',(1.,0.));
#3719 = ( GEOMETRIC_REPRESENTATION_CONTEXT(2) 
PARAMETRIC_REPRESENTATION_CONTEXT() REPRESENTATION_CONTEXT('2D SPACE',''
  ) );
#3720 = PCURVE('',#1786,#3721);
#3721 = DEFINITIONAL_REPRESENTATION('',(#3722),#3726);
#3722 = CIRCLE('',#3723,5.);
#3723 = AXIS2_PLACEMENT_2D('',#3724,#3725);
#3724 = CARTESIAN_POINT('',(54.,0.));
#3725 = DIRECTION('',(1.,0.));
#3726 = ( GEOMETRIC_REPRESENTATION_CONTEXT(2) 
PARAMETRIC_REPRESENTATION_CONTEXT() REPRESENTATION_CONTEXT('2D SPACE',''
  ) );
#3727 = ORIENTED_EDGE('',*,*,#3683,.T.);
#3728 = ADVANCED_FACE('',(#3729),#1329,.F.);
#3729 = FACE_BOUND('',#3730,.F.);
#3730 = EDGE_LOOP('',(#3731,#3732,#3755,#3777));
#3731 = ORIENTED_EDGE('',*,*,#1312,.F.);
#3732 = ORIENTED_EDGE('',*,*,#3733,.F.);
#3733 = EDGE_CURVE('',#3734,#1313,#3736,.T.);
#3734 = VERTEX_POINT('',#3735);
#3735 = CARTESIAN_POINT('',(55.943575034635,31.,0.));
#3736 = SEAM_CURVE('',#3737,(#3741,#3748),.PCURVE_S1.);
#3737 = LINE('',#3738,#3739);
#3738 = CARTESIAN_POINT('',(55.943575034635,31.,-1.));
#3739 = VECTOR('',#3740,1.);
#3740 = DIRECTION('',(0.,0.,1.));
#3741 = PCURVE('',#1329,#3742);
#3742 = DEFINITIONAL_REPRESENTATION('',(#3743),#3747);
#3743 = LINE('',#3744,#3745);
#3744 = CARTESIAN_POINT('',(6.28318530718,-0.));
#3745 = VECTOR('',#3746,1.);
#3746 = DIRECTION('',(0.,1.));
#3747 = ( GEOMETRIC_REPRESENTATION_CONTEXT(2) 
PARAMETRIC_REPRESENTATION_CONTEXT() REPRESENTATION_CONTEXT('2D SPACE',''
  ) );
#3748 = PCURVE('',#1329,#3749);
#3749 = DEFINITIONAL_REPRESENTATION('',(#3750),#3754);
#3750 = LINE('',#3751,#3752);
#3751 = CARTESIAN_POINT('',(0.,-0.));
#3752 = VECTOR('',#3753,1.);
#3753 = DIRECTION('',(0.,1.));
#3754 = ( GEOMETRIC_REPRESENTATION_CONTEXT(2) 
PARAMETRIC_REPRESENTATION_CONTEXT() REPRESENTATION_CONTEXT('2D SPACE',''
  ) );
#3755 = ORIENTED_EDGE('',*,*,#3756,.T.);
#3756 = EDGE_CURVE('',#3734,#3734,#3757,.T.);
#3757 = SURFACE_CURVE('',#3758,(#3763,#3770),.PCURVE_S1.);
#3758 = CIRCLE('',#3759,2.25);
#3759 = AXIS2_PLACEMENT_3D('',#3760,#3761,#3762);
#3760 = CARTESIAN_POINT('',(53.693575034635,31.,0.));
#3761 = DIRECTION('',(0.,0.,1.));
#3762 = DIRECTION('',(1.,0.,-0.));
#3763 = PCURVE('',#1329,#3764);
#3764 = DEFINITIONAL_REPRESENTATION('',(#3765),#3769);
#3765 = LINE('',#3766,#3767);
#3766 = CARTESIAN_POINT('',(0.,1.));
#3767 = VECTOR('',#3768,1.);
#3768 = DIRECTION('',(1.,0.));
#3769 = ( GEOMETRIC_REPRESENTATION_CONTEXT(2) 
PARAMETRIC_REPRESENTATION_CONTEXT() REPRESENTATION_CONTEXT('2D SPACE',''
  ) );
#3770 = PCURVE('',#1786,#3771);
#3771 = DEFINITIONAL_REPRESENTATION('',(#3772),#3776);
#3772 = CIRCLE('',#3773,2.25);
#3773 = AXIS2_PLACEMENT_2D('',#3774,#3775);
#3774 = CARTESIAN_POINT('',(53.693575034635,31.));
#3775 = DIRECTION('',(1.,0.));
#3776 = ( GEOMETRIC_REPRESENTATION_CONTEXT(2) 
PARAMETRIC_REPRESENTATION_CONTEXT() REPRESENTATION_CONTEXT('2D SPACE',''
  ) );
#3777 = ORIENTED_EDGE('',*,*,#3733,.T.);
#3778 = ADVANCED_FACE('',(#3779),#1436,.F.);
#3779 = FACE_BOUND('',#3780,.F.);
#3780 = EDGE_LOOP('',(#3781,#3782,#3803,#3804));
#3781 = ORIENTED_EDGE('',*,*,#1419,.F.);
#3782 = ORIENTED_EDGE('',*,*,#3783,.F.);
#3783 = EDGE_CURVE('',#1641,#1420,#3784,.T.);
#3784 = SEAM_CURVE('',#3785,(#3789,#3796),.PCURVE_S1.);
#3785 = LINE('',#3786,#3787);
#3786 = CARTESIAN_POINT('',(78.2881043089,25.,0.571700204477));
#3787 = VECTOR('',#3788,1.);
#3788 = DIRECTION('',(-0.819152044289,0.,0.573576436351));
#3789 = PCURVE('',#1436,#3790);
#3790 = DEFINITIONAL_REPRESENTATION('',(#3791),#3795);
#3791 = LINE('',#3792,#3793);
#3792 = CARTESIAN_POINT('',(6.28318530718,-0.));
#3793 = VECTOR('',#3794,1.);
#3794 = DIRECTION('',(0.,1.));
#3795 = ( GEOMETRIC_REPRESENTATION_CONTEXT(2) 
PARAMETRIC_REPRESENTATION_CONTEXT() REPRESENTATION_CONTEXT('2D SPACE',''
  ) );
#3796 = PCURVE('',#1436,#3797);
#3797 = DEFINITIONAL_REPRESENTATION('',(#3798),#3802);
#3798 = LINE('',#3799,#3800);
#3799 = CARTESIAN_POINT('',(0.,-0.));
#3800 = VECTOR('',#3801,1.);
#3801 = DIRECTION('',(0.,1.));
#3802 = ( GEOMETRIC_REPRESENTATION_CONTEXT(2) 
PARAMETRIC_REPRESENTATION_CONTEXT() REPRESENTATION_CONTEXT('2D SPACE',''
  ) );
#3803 = ORIENTED_EDGE('',*,*,#1640,.F.);
#3804 = ORIENTED_EDGE('',*,*,#3783,.T.);
#3805 = ADVANCED_FACE('',(#3806),#1493,.F.);
#3806 = FACE_BOUND('',#3807,.F.);
#3807 = EDGE_LOOP('',(#3808,#3809,#3830,#3831));
#3808 = ORIENTED_EDGE('',*,*,#1476,.F.);
#3809 = ORIENTED_EDGE('',*,*,#3810,.F.);
#3810 = EDGE_CURVE('',#1694,#1477,#3811,.T.);
#3811 = SEAM_CURVE('',#3812,(#3816,#3823),.PCURVE_S1.);
#3812 = LINE('',#3813,#3814);
#3813 = CARTESIAN_POINT('',(78.2881043089,-25.,0.571700204477));
#3814 = VECTOR('',#3815,1.);
#3815 = DIRECTION('',(-0.819152044289,0.,0.573576436351));
#3816 = PCURVE('',#1493,#3817);
#3817 = DEFINITIONAL_REPRESENTATION('',(#3818),#3822);
#3818 = LINE('',#3819,#3820);
#3819 = CARTESIAN_POINT('',(6.28318530718,-0.));
#3820 = VECTOR('',#3821,1.);
#3821 = DIRECTION('',(0.,1.));
#3822 = ( GEOMETRIC_REPRESENTATION_CONTEXT(2) 
PARAMETRIC_REPRESENTATION_CONTEXT() REPRESENTATION_CONTEXT('2D SPACE',''
  ) );
#3823 = PCURVE('',#1493,#3824);
#3824 = DEFINITIONAL_REPRESENTATION('',(#3825),#3829);
#3825 = LINE('',#3826,#3827);
#3826 = CARTESIAN_POINT('',(0.,-0.));
#3827 = VECTOR('',#3828,1.);
#3828 = DIRECTION('',(0.,1.));
#3829 = ( GEOMETRIC_REPRESENTATION_CONTEXT(2) 
PARAMETRIC_REPRESENTATION_CONTEXT() REPRESENTATION_CONTEXT('2D SPACE',''
  ) );
#3830 = ORIENTED_EDGE('',*,*,#1693,.F.);
#3831 = ORIENTED_EDGE('',*,*,#3810,.T.);
#3832 = ADVANCED_FACE('',(#3833,#3836,#3839,#3842,#3845,#3848,#3851,
    #3854,#3857,#3860,#3863,#3866,#3869,#3872,#3875,#3878),#1786,.F.);
#3833 = FACE_BOUND('',#3834,.F.);
#3834 = EDGE_LOOP('',(#3835));
#3835 = ORIENTED_EDGE('',*,*,#1771,.T.);
#3836 = FACE_BOUND('',#3837,.F.);
#3837 = EDGE_LOOP('',(#3838));
#3838 = ORIENTED_EDGE('',*,*,#1826,.F.);
#3839 = FACE_BOUND('',#3840,.F.);
#3840 = EDGE_LOOP('',(#3841));
#3841 = ORIENTED_EDGE('',*,*,#2667,.F.);
#3842 = FACE_BOUND('',#3843,.F.);
#3843 = EDGE_LOOP('',(#3844));
#3844 = ORIENTED_EDGE('',*,*,#1876,.F.);
#3845 = FACE_BOUND('',#3846,.F.);
#3846 = EDGE_LOOP('',(#3847));
#3847 = ORIENTED_EDGE('',*,*,#1926,.F.);
#3848 = FACE_BOUND('',#3849,.F.);
#3849 = EDGE_LOOP('',(#3850));
#3850 = ORIENTED_EDGE('',*,*,#2465,.F.);
#3851 = FACE_BOUND('',#3852,.F.);
#3852 = EDGE_LOOP('',(#3853));
#3853 = ORIENTED_EDGE('',*,*,#3544,.F.);
#3854 = FACE_BOUND('',#3855,.F.);
#3855 = EDGE_LOOP('',(#3856));
#3856 = ORIENTED_EDGE('',*,*,#2747,.F.);
#3857 = FACE_BOUND('',#3858,.F.);
#3858 = EDGE_LOOP('',(#3859));
#3859 = ORIENTED_EDGE('',*,*,#2797,.F.);
#3860 = FACE_BOUND('',#3861,.F.);
#3861 = EDGE_LOOP('',(#3862));
#3862 = ORIENTED_EDGE('',*,*,#3363,.F.);
#3863 = FACE_BOUND('',#3864,.F.);
#3864 = EDGE_LOOP('',(#3865));
#3865 = ORIENTED_EDGE('',*,*,#3444,.F.);
#3866 = FACE_BOUND('',#3867,.F.);
#3867 = EDGE_LOOP('',(#3868));
#3868 = ORIENTED_EDGE('',*,*,#3183,.F.);
#3869 = FACE_BOUND('',#3870,.F.);
#3870 = EDGE_LOOP('',(#3871));
#3871 = ORIENTED_EDGE('',*,*,#3494,.F.);
#3872 = FACE_BOUND('',#3873,.F.);
#3873 = EDGE_LOOP('',(#3874));
#3874 = ORIENTED_EDGE('',*,*,#3706,.F.);
#3875 = FACE_BOUND('',#3876,.F.);
#3876 = EDGE_LOOP('',(#3877));
#3877 = ORIENTED_EDGE('',*,*,#3625,.F.);
#3878 = FACE_BOUND('',#3879,.F.);
#3879 = EDGE_LOOP('',(#3880));
#3880 = ORIENTED_EDGE('',*,*,#3756,.F.);
#3881 = ADVANCED_FACE('',(#3882,#3888,#3914,#3917,#3943),#2215,.T.);
#3882 = FACE_BOUND('',#3883,.T.);
#3883 = EDGE_LOOP('',(#3884,#3885,#3886,#3887));
#3884 = ORIENTED_EDGE('',*,*,#2201,.T.);
#3885 = ORIENTED_EDGE('',*,*,#2573,.T.);
#3886 = ORIENTED_EDGE('',*,*,#2522,.F.);
#3887 = ORIENTED_EDGE('',*,*,#2371,.F.);
#3888 = FACE_BOUND('',#3889,.T.);
#3889 = EDGE_LOOP('',(#3890));
#3890 = ORIENTED_EDGE('',*,*,#3891,.F.);
#3891 = EDGE_CURVE('',#3892,#3892,#3894,.T.);
#3892 = VERTEX_POINT('',#3893);
#3893 = CARTESIAN_POINT('',(2.569541131031,-46.46108454169,
    31.565845339835));
#3894 = SURFACE_CURVE('',#3895,(#3900,#3907),.PCURVE_S1.);
#3895 = CIRCLE('',#3896,1.45);
#3896 = AXIS2_PLACEMENT_3D('',#3897,#3898,#3899);
#3897 = CARTESIAN_POINT('',(2.569541131031,-45.54942420891,
    30.438292486248));
#3898 = DIRECTION('',(0.409576022144,0.709406479916,0.573576436351));
#3899 = DIRECTION('',(0.,-0.628731263987,0.777622657646));
#3900 = PCURVE('',#2215,#3901);
#3901 = DEFINITIONAL_REPRESENTATION('',(#3902),#3906);
#3902 = CIRCLE('',#3903,1.45);
#3903 = AXIS2_PLACEMENT_2D('',#3904,#3905);
#3904 = CARTESIAN_POINT('',(13.664808343074,-54.));
#3905 = DIRECTION('',(-0.9493019801,-0.314365631994));
#3906 = ( GEOMETRIC_REPRESENTATION_CONTEXT(2) 
PARAMETRIC_REPRESENTATION_CONTEXT() REPRESENTATION_CONTEXT('2D SPACE',''
  ) );
#3907 = PCURVE('',#2246,#3908);
#3908 = DEFINITIONAL_REPRESENTATION('',(#3909),#3913);
#3909 = LINE('',#3910,#3911);
#3910 = CARTESIAN_POINT('',(0.,50.));
#3911 = VECTOR('',#3912,1.);
#3912 = DIRECTION('',(1.,0.));
#3913 = ( GEOMETRIC_REPRESENTATION_CONTEXT(2) 
PARAMETRIC_REPRESENTATION_CONTEXT() REPRESENTATION_CONTEXT('2D SPACE',''
  ) );
#3914 = FACE_BOUND('',#3915,.T.);
#3915 = EDGE_LOOP('',(#3916));
#3916 = ORIENTED_EDGE('',*,*,#2597,.F.);
#3917 = FACE_BOUND('',#3918,.T.);
#3918 = EDGE_LOOP('',(#3919));
#3919 = ORIENTED_EDGE('',*,*,#3920,.F.);
#3920 = EDGE_CURVE('',#3921,#3921,#3923,.T.);
#3921 = VERTEX_POINT('',#3922);
#3922 = CARTESIAN_POINT('',(-40.73172905819,-21.46108454169,
    31.565845339835));
#3923 = SURFACE_CURVE('',#3924,(#3929,#3936),.PCURVE_S1.);
#3924 = CIRCLE('',#3925,1.45);
#3925 = AXIS2_PLACEMENT_3D('',#3926,#3927,#3928);
#3926 = CARTESIAN_POINT('',(-40.73172905819,-20.54942420891,
    30.438292486248));
#3927 = DIRECTION('',(0.409576022144,0.709406479916,0.573576436351));
#3928 = DIRECTION('',(0.,-0.628731263987,0.777622657646));
#3929 = PCURVE('',#2215,#3930);
#3930 = DEFINITIONAL_REPRESENTATION('',(#3931),#3935);
#3931 = CIRCLE('',#3932,1.45);
#3932 = AXIS2_PLACEMENT_2D('',#3933,#3934);
#3933 = CARTESIAN_POINT('',(13.664808343074,-4.));
#3934 = DIRECTION('',(-0.9493019801,-0.314365631994));
#3935 = ( GEOMETRIC_REPRESENTATION_CONTEXT(2) 
PARAMETRIC_REPRESENTATION_CONTEXT() REPRESENTATION_CONTEXT('2D SPACE',''
  ) );
#3936 = PCURVE('',#2304,#3937);
#3937 = DEFINITIONAL_REPRESENTATION('',(#3938),#3942);
#3938 = LINE('',#3939,#3940);
#3939 = CARTESIAN_POINT('',(0.,50.));
#3940 = VECTOR('',#3941,1.);
#3941 = DIRECTION('',(1.,0.));
#3942 = ( GEOMETRIC_REPRESENTATION_CONTEXT(2) 
PARAMETRIC_REPRESENTATION_CONTEXT() REPRESENTATION_CONTEXT('2D SPACE',''
  ) );
#3943 = FACE_BOUND('',#3944,.T.);
#3944 = EDGE_LOOP('',(#3945));
#3945 = ORIENTED_EDGE('',*,*,#2395,.F.);
#3946 = ADVANCED_FACE('',(#3947),#2246,.F.);
#3947 = FACE_BOUND('',#3948,.F.);
#3948 = EDGE_LOOP('',(#3949,#3950,#3971,#3972));
#3949 = ORIENTED_EDGE('',*,*,#3891,.F.);
#3950 = ORIENTED_EDGE('',*,*,#3951,.F.);
#3951 = EDGE_CURVE('',#2230,#3892,#3952,.T.);
#3952 = SEAM_CURVE('',#3953,(#3957,#3964),.PCURVE_S1.);
#3953 = LINE('',#3954,#3955);
#3954 = CARTESIAN_POINT('',(-17.90925997619,-81.9314085375,
    2.887023522283));
#3955 = VECTOR('',#3956,1.);
#3956 = DIRECTION('',(0.409576022144,0.709406479916,0.573576436351));
#3957 = PCURVE('',#2246,#3958);
#3958 = DEFINITIONAL_REPRESENTATION('',(#3959),#3963);
#3959 = LINE('',#3960,#3961);
#3960 = CARTESIAN_POINT('',(6.28318530718,-0.));
#3961 = VECTOR('',#3962,1.);
#3962 = DIRECTION('',(0.,1.));
#3963 = ( GEOMETRIC_REPRESENTATION_CONTEXT(2) 
PARAMETRIC_REPRESENTATION_CONTEXT() REPRESENTATION_CONTEXT('2D SPACE',''
  ) );
#3964 = PCURVE('',#2246,#3965);
#3965 = DEFINITIONAL_REPRESENTATION('',(#3966),#3970);
#3966 = LINE('',#3967,#3968);
#3967 = CARTESIAN_POINT('',(0.,-0.));
#3968 = VECTOR('',#3969,1.);
#3969 = DIRECTION('',(0.,1.));
#3970 = ( GEOMETRIC_REPRESENTATION_CONTEXT(2) 
PARAMETRIC_REPRESENTATION_CONTEXT() REPRESENTATION_CONTEXT('2D SPACE',''
  ) );
#3971 = ORIENTED_EDGE('',*,*,#2229,.F.);
#3972 = ORIENTED_EDGE('',*,*,#3951,.T.);
#3973 = ADVANCED_FACE('',(#3974),#2304,.F.);
#3974 = FACE_BOUND('',#3975,.F.);
#3975 = EDGE_LOOP('',(#3976,#3977,#3998,#3999));
#3976 = ORIENTED_EDGE('',*,*,#3920,.F.);
#3977 = ORIENTED_EDGE('',*,*,#3978,.F.);
#3978 = EDGE_CURVE('',#2288,#3921,#3979,.T.);
#3979 = SEAM_CURVE('',#3980,(#3984,#3991),.PCURVE_S1.);
#3980 = LINE('',#3981,#3982);
#3981 = CARTESIAN_POINT('',(-61.21053016541,-56.9314085375,
    2.887023522283));
#3982 = VECTOR('',#3983,1.);
#3983 = DIRECTION('',(0.409576022144,0.709406479916,0.573576436351));
#3984 = PCURVE('',#2304,#3985);
#3985 = DEFINITIONAL_REPRESENTATION('',(#3986),#3990);
#3986 = LINE('',#3987,#3988);
#3987 = CARTESIAN_POINT('',(6.28318530718,-0.));
#3988 = VECTOR('',#3989,1.);
#3989 = DIRECTION('',(0.,1.));
#3990 = ( GEOMETRIC_REPRESENTATION_CONTEXT(2) 
PARAMETRIC_REPRESENTATION_CONTEXT() REPRESENTATION_CONTEXT('2D SPACE',''
  ) );
#3991 = PCURVE('',#2304,#3992);
#3992 = DEFINITIONAL_REPRESENTATION('',(#3993),#3997);
#3993 = LINE('',#3994,#3995);
#3994 = CARTESIAN_POINT('',(0.,-0.));
#3995 = VECTOR('',#3996,1.);
#3996 = DIRECTION('',(0.,1.));
#3997 = ( GEOMETRIC_REPRESENTATION_CONTEXT(2) 
PARAMETRIC_REPRESENTATION_CONTEXT() REPRESENTATION_CONTEXT('2D SPACE',''
  ) );
#3998 = ORIENTED_EDGE('',*,*,#2287,.F.);
#3999 = ORIENTED_EDGE('',*,*,#3978,.T.);
#4000 = ADVANCED_FACE('',(#4001,#4007,#4033,#4036,#4062),#2970,.T.);
#4001 = FACE_BOUND('',#4002,.T.);
#4002 = EDGE_LOOP('',(#4003,#4004,#4005,#4006));
#4003 = ORIENTED_EDGE('',*,*,#2956,.T.);
#4004 = ORIENTED_EDGE('',*,*,#3292,.T.);
#4005 = ORIENTED_EDGE('',*,*,#3241,.F.);
#4006 = ORIENTED_EDGE('',*,*,#3112,.F.);
#4007 = FACE_BOUND('',#4008,.T.);
#4008 = EDGE_LOOP('',(#4009));
#4009 = ORIENTED_EDGE('',*,*,#4010,.F.);
#4010 = EDGE_CURVE('',#4011,#4011,#4013,.T.);
#4011 = VERTEX_POINT('',#4012);
#4012 = CARTESIAN_POINT('',(-40.73172905819,19.637763876134,
    29.310739632661));
#4013 = SURFACE_CURVE('',#4014,(#4019,#4026),.PCURVE_S1.);
#4014 = CIRCLE('',#4015,1.45);
#4015 = AXIS2_PLACEMENT_3D('',#4016,#4017,#4018);
#4016 = CARTESIAN_POINT('',(-40.73172905819,20.549424208916,
    30.438292486248));
#4017 = DIRECTION('',(0.409576022144,-0.709406479916,0.573576436351));
#4018 = DIRECTION('',(0.,-0.628731263987,-0.777622657646));
#4019 = PCURVE('',#2970,#4020);
#4020 = DEFINITIONAL_REPRESENTATION('',(#4021),#4025);
#4021 = CIRCLE('',#4022,1.45);
#4022 = AXIS2_PLACEMENT_2D('',#4023,#4024);
#4023 = CARTESIAN_POINT('',(13.664808343074,-54.));
#4024 = DIRECTION('',(0.9493019801,-0.314365631994));
#4025 = ( GEOMETRIC_REPRESENTATION_CONTEXT(2) 
PARAMETRIC_REPRESENTATION_CONTEXT() REPRESENTATION_CONTEXT('2D SPACE',''
  ) );
#4026 = PCURVE('',#3001,#4027);
#4027 = DEFINITIONAL_REPRESENTATION('',(#4028),#4032);
#4028 = LINE('',#4029,#4030);
#4029 = CARTESIAN_POINT('',(1.144391699631E-16,50.));
#4030 = VECTOR('',#4031,1.);
#4031 = DIRECTION('',(1.,0.));
#4032 = ( GEOMETRIC_REPRESENTATION_CONTEXT(2) 
PARAMETRIC_REPRESENTATION_CONTEXT() REPRESENTATION_CONTEXT('2D SPACE',''
  ) );
#4033 = FACE_BOUND('',#4034,.T.);
#4034 = EDGE_LOOP('',(#4035));
#4035 = ORIENTED_EDGE('',*,*,#3316,.F.);
#4036 = FACE_BOUND('',#4037,.T.);
#4037 = EDGE_LOOP('',(#4038));
#4038 = ORIENTED_EDGE('',*,*,#4039,.F.);
#4039 = EDGE_CURVE('',#4040,#4040,#4042,.T.);
#4040 = VERTEX_POINT('',#4041);
#4041 = CARTESIAN_POINT('',(2.569541131031,44.637763876134,
    29.310739632661));
#4042 = SURFACE_CURVE('',#4043,(#4048,#4055),.PCURVE_S1.);
#4043 = CIRCLE('',#4044,1.45);
#4044 = AXIS2_PLACEMENT_3D('',#4045,#4046,#4047);
#4045 = CARTESIAN_POINT('',(2.569541131031,45.549424208916,
    30.438292486248));
#4046 = DIRECTION('',(0.409576022144,-0.709406479916,0.573576436351));
#4047 = DIRECTION('',(0.,-0.628731263987,-0.777622657646));
#4048 = PCURVE('',#2970,#4049);
#4049 = DEFINITIONAL_REPRESENTATION('',(#4050),#4054);
#4050 = CIRCLE('',#4051,1.45);
#4051 = AXIS2_PLACEMENT_2D('',#4052,#4053);
#4052 = CARTESIAN_POINT('',(13.664808343074,-4.));
#4053 = DIRECTION('',(0.9493019801,-0.314365631994));
#4054 = ( GEOMETRIC_REPRESENTATION_CONTEXT(2) 
PARAMETRIC_REPRESENTATION_CONTEXT() REPRESENTATION_CONTEXT('2D SPACE',''
  ) );
#4055 = PCURVE('',#3052,#4056);
#4056 = DEFINITIONAL_REPRESENTATION('',(#4057),#4061);
#4057 = LINE('',#4058,#4059);
#4058 = CARTESIAN_POINT('',(1.144391699631E-16,50.));
#4059 = VECTOR('',#4060,1.);
#4060 = DIRECTION('',(1.,0.));
#4061 = ( GEOMETRIC_REPRESENTATION_CONTEXT(2) 
PARAMETRIC_REPRESENTATION_CONTEXT() REPRESENTATION_CONTEXT('2D SPACE',''
  ) );
#4062 = FACE_BOUND('',#4063,.T.);
#4063 = EDGE_LOOP('',(#4064));
#4064 = ORIENTED_EDGE('',*,*,#3136,.F.);
#4065 = ADVANCED_FACE('',(#4066),#3001,.F.);
#4066 = FACE_BOUND('',#4067,.F.);
#4067 = EDGE_LOOP('',(#4068,#4069,#4090,#4091));
#4068 = ORIENTED_EDGE('',*,*,#4010,.F.);
#4069 = ORIENTED_EDGE('',*,*,#4070,.F.);
#4070 = EDGE_CURVE('',#2985,#4011,#4071,.T.);
#4071 = SEAM_CURVE('',#4072,(#4076,#4083),.PCURVE_S1.);
#4072 = LINE('',#4073,#4074);
#4073 = CARTESIAN_POINT('',(-61.21053016541,55.108087871945,
    0.631917815109));
#4074 = VECTOR('',#4075,1.);
#4075 = DIRECTION('',(0.409576022144,-0.709406479916,0.573576436351));
#4076 = PCURVE('',#3001,#4077);
#4077 = DEFINITIONAL_REPRESENTATION('',(#4078),#4082);
#4078 = LINE('',#4079,#4080);
#4079 = CARTESIAN_POINT('',(6.28318530718,-0.));
#4080 = VECTOR('',#4081,1.);
#4081 = DIRECTION('',(0.,1.));
#4082 = ( GEOMETRIC_REPRESENTATION_CONTEXT(2) 
PARAMETRIC_REPRESENTATION_CONTEXT() REPRESENTATION_CONTEXT('2D SPACE',''
  ) );
#4083 = PCURVE('',#3001,#4084);
#4084 = DEFINITIONAL_REPRESENTATION('',(#4085),#4089);
#4085 = LINE('',#4086,#4087);
#4086 = CARTESIAN_POINT('',(0.,-0.));
#4087 = VECTOR('',#4088,1.);
#4088 = DIRECTION('',(0.,1.));
#4089 = ( GEOMETRIC_REPRESENTATION_CONTEXT(2) 
PARAMETRIC_REPRESENTATION_CONTEXT() REPRESENTATION_CONTEXT('2D SPACE',''
  ) );
#4090 = ORIENTED_EDGE('',*,*,#2984,.F.);
#4091 = ORIENTED_EDGE('',*,*,#4070,.T.);
#4092 = ADVANCED_FACE('',(#4093),#3052,.F.);
#4093 = FACE_BOUND('',#4094,.F.);
#4094 = EDGE_LOOP('',(#4095,#4096,#4117,#4118));
#4095 = ORIENTED_EDGE('',*,*,#4039,.F.);
#4096 = ORIENTED_EDGE('',*,*,#4097,.F.);
#4097 = EDGE_CURVE('',#3036,#4040,#4098,.T.);
#4098 = SEAM_CURVE('',#4099,(#4103,#4110),.PCURVE_S1.);
#4099 = LINE('',#4100,#4101);
#4100 = CARTESIAN_POINT('',(-17.90925997619,80.108087871945,
    0.631917815109));
#4101 = VECTOR('',#4102,1.);
#4102 = DIRECTION('',(0.409576022144,-0.709406479916,0.573576436351));
#4103 = PCURVE('',#3052,#4104);
#4104 = DEFINITIONAL_REPRESENTATION('',(#4105),#4109);
#4105 = LINE('',#4106,#4107);
#4106 = CARTESIAN_POINT('',(6.28318530718,-0.));
#4107 = VECTOR('',#4108,1.);
#4108 = DIRECTION('',(0.,1.));
#4109 = ( GEOMETRIC_REPRESENTATION_CONTEXT(2) 
PARAMETRIC_REPRESENTATION_CONTEXT() REPRESENTATION_CONTEXT('2D SPACE',''
  ) );
#4110 = PCURVE('',#3052,#4111);
#4111 = DEFINITIONAL_REPRESENTATION('',(#4112),#4116);
#4112 = LINE('',#4113,#4114);
#4113 = CARTESIAN_POINT('',(0.,-0.));
#4114 = VECTOR('',#4115,1.);
#4115 = DIRECTION('',(0.,1.));
#4116 = ( GEOMETRIC_REPRESENTATION_CONTEXT(2) 
PARAMETRIC_REPRESENTATION_CONTEXT() REPRESENTATION_CONTEXT('2D SPACE',''
  ) );
#4117 = ORIENTED_EDGE('',*,*,#3035,.F.);
#4118 = ORIENTED_EDGE('',*,*,#4097,.T.);
#4119 = ( GEOMETRIC_REPRESENTATION_CONTEXT(3) 
GLOBAL_UNCERTAINTY_ASSIGNED_CONTEXT((#4123)) 
GLOBAL_UNIT_ASSIGNED_CONTEXT((#4120,#4121,#4122)) REPRESENTATION_CONTEXT
('Context #1','3D Context with UNIT and UNCERTAINTY') );
#4120 = ( LENGTH_UNIT() NAMED_UNIT(*) SI_UNIT(.MILLI.,.METRE.) );
#4121 = ( NAMED_UNIT(*) PLANE_ANGLE_UNIT() SI_UNIT($,.RADIAN.) );
#4122 = ( NAMED_UNIT(*) SI_UNIT($,.STERADIAN.) SOLID_ANGLE_UNIT() );
#4123 = UNCERTAINTY_MEASURE_WITH_UNIT(LENGTH_MEASURE(1.E-07),#4120,
  'distance_accuracy_value','confusion accuracy');
#4124 = PRODUCT_RELATED_PRODUCT_CATEGORY('part',$,(#7));
ENDSEC;
END-ISO-10303-21;
